part_id,alt_vendor_id,region,country,lead_time_weeks,unit_cost_delta_pct,ppap_weeks,capacity_available_pct,margin_delta_pt
P-000001,V-00230,APAC-SE,Vietnam,7,15.3,8,95,-0.06
P-000001,V-00463,SA,Argentina,8,10,0,25,-0.04
P-000003,V-00203,NA-US,United States,7,18.4,0,84,-0.07
P-000003,V-00346,EMEA-E,Poland,3,21,0,93,-0.08
P-000004,V-00410,APAC-SE,Malaysia,2,17.4,8,70,-0.07
P-000004,V-00432,NA-US,United States,4,-3.4,6,96,0.01
P-000004,V-00789,SA,Argentina,3,9.4,4,88,-0.04
P-000006,V-00671,SA,Argentina,4,8.9,12,46,-0.04
P-000006,V-00292,NA-MX,Mexico,5,9.3,12,53,-0.04
P-000006,V-00693,NA-US,United States,6,21,8,68,-0.08
P-000007,V-00392,NA-US,United States,6,21.1,6,48,-0.23
P-000007,V-00754,NA-MX,Mexico,5,21.5,4,49,-0.24
P-000008,V-00230,APAC-SE,Vietnam,5,4.9,12,58,-0.02
P-000008,V-00259,APAC-NE,China,5,2.3,8,95,-0.01
P-000008,V-00044,NA-US,United States,3,-4.2,12,81,0.02
P-000011,V-00651,SA,Brazil,5,3.7,8,25,-0.01
P-000011,V-00322,EMEA-E,Poland,5,12.2,12,62,-0.05
P-000012,V-00358,APAC-NE,Japan,3,17.1,8,99,-0.07
P-000013,V-00575,EMEA-W,France,5,4.5,6,18,-0.05
P-000013,V-00466,EMEA-W,Italy,6,2.9,0,95,-0.03
P-000013,V-00271,APAC-NE,China,7,12,12,94,-0.13
P-000016,V-00614,SA,Brazil,6,20.7,4,48,-0.23
P-000018,V-00544,APAC-IN,India,2,16,8,35,-0.06
P-000018,V-00666,APAC-SE,Indonesia,4,0.8,6,34,0
P-000018,V-00695,NA-MX,Mexico,4,13.3,6,80,-0.05
P-000019,V-00357,SA,Brazil,8,14.2,12,57,-0.06
P-000020,V-01129,EMEA-E,Czechia,8,11.5,0,88,-0.13
P-000020,V-00733,EMEA-W,Spain,7,-5.5,12,97,0.06
P-000021,V-00532,APAC-SE,Thailand,6,13.3,0,18,-0.05
P-000021,V-00498,EMEA-W,France,6,18.5,0,49,-0.07
P-000025,V-00406,EMEA-W,Spain,8,3.7,8,61,-0.04
P-000025,V-00700,NA-US,United States,6,0.2,12,16,0
P-000026,V-00486,NA-MX,Mexico,7,14.1,0,52,-0.06
P-000026,V-00128,SA,Brazil,7,6.2,0,34,-0.02
P-000027,V-00593,APAC-IN,India,7,-0.4,4,17,0
P-000027,V-00004,APAC-NE,Japan,2,18.3,12,39,-0.07
P-000028,V-00823,NA-US,United States,3,16.9,12,91,-0.07
P-000028,V-00562,APAC-IN,India,4,-1.8,0,51,0.01
P-000029,V-00554,NA-US,United States,4,-2.4,8,69,0.01
P-000029,V-00499,NA-US,United States,3,12.6,0,94,-0.05
P-000029,V-00385,SA,Brazil,8,21.3,0,26,-0.09
P-000032,V-00087,APAC-NE,Japan,7,0.4,6,25,0
P-000033,V-00230,APAC-SE,Vietnam,5,11.5,4,100,-0.05
P-000033,V-00571,EMEA-E,Czechia,6,-4.5,8,60,0.02
P-000034,V-00272,SA,Argentina,4,-2.3,0,69,0.01
P-000034,V-00734,EMEA-E,Poland,5,5.5,12,93,-0.02
P-000035,V-00077,NA-US,United States,4,8.6,4,58,-0.09
P-000035,V-00964,EMEA-W,Germany,8,-3.1,0,90,0.03
P-000035,V-00328,NA-MX,Mexico,7,-0.2,12,83,0
P-000036,V-00340,NA-US,United States,2,9,0,47,-0.04
P-000036,V-00107,SA,Brazil,2,15.4,0,84,-0.06
P-000036,V-00659,EMEA-E,Poland,4,1.7,0,79,-0.01
P-000037,V-00128,SA,Brazil,6,-4.4,4,85,0.02
P-000037,V-00263,EMEA-E,Czechia,9,15,6,35,-0.06
P-000037,V-00644,EMEA-E,Turkey,5,10,8,65,-0.04
P-000040,V-00662,APAC-IN,India,5,17.4,0,40,-0.19
P-000040,V-00608,EMEA-W,Germany,7,2,4,68,-0.02
P-000042,V-00450,APAC-IN,India,6,12.9,8,88,-0.05
P-000042,V-00337,EMEA-W,France,4,0.4,0,77,0
P-000043,V-00652,SA,Argentina,8,15.3,8,25,-0.06
P-000043,V-00464,EMEA-W,Spain,7,15.7,8,23,-0.06
P-000044,V-00246,NA-MX,Mexico,8,9.1,8,45,-0.04
P-000048,V-00476,EMEA-E,Romania,8,18.8,12,62,-0.08
P-000048,V-00059,EMEA-E,Czechia,3,-5.9,4,92,0.02
P-000048,V-00216,EMEA-W,Italy,2,19,6,46,-0.08
P-000049,V-00108,NA-US,United States,6,-2.7,0,89,0.03
P-000049,V-00122,APAC-SE,Malaysia,5,10.7,8,60,-0.12
P-000050,V-00019,APAC-NE,Taiwan,4,2.5,4,36,-0.01
P-000050,V-00160,EMEA-E,Czechia,4,5.5,0,53,-0.02
P-000051,V-00262,EMEA-E,Poland,7,10.1,12,72,-0.11
P-000051,V-00974,NA-MX,Mexico,7,3.1,0,97,-0.03
P-000051,V-00946,NA-MX,Mexico,2,11.1,4,85,-0.12
P-000052,V-00050,NA-US,United States,3,10.6,12,53,-0.04
P-000053,V-00516,EMEA-W,Italy,2,20.2,0,61,-0.08
P-000053,V-00732,EMEA-E,Turkey,5,0.9,0,38,0
P-000054,V-00666,APAC-SE,Indonesia,6,13.4,12,54,-0.05
P-000054,V-00831,APAC-SE,Thailand,3,19.1,0,58,-0.08
P-000055,V-00221,APAC-NE,South Korea,8,-2.1,0,58,0.02
P-000056,V-00198,EMEA-W,Spain,5,18.3,12,99,-0.07
P-000056,V-00450,APAC-IN,India,7,8,0,41,-0.03
P-000057,V-00120,APAC-IN,India,4,6.8,0,94,-0.03
P-000057,V-00577,EMEA-E,Czechia,3,8.6,0,83,-0.03
P-000058,V-00269,APAC-IN,India,6,-0.6,0,36,0
P-000059,V-00655,APAC-NE,South Korea,8,17,6,33,-0.07
P-000060,V-00850,APAC-NE,Japan,8,0.2,0,59,0
P-000061,V-00067,EMEA-W,France,4,4.2,4,90,-0.02
P-000061,V-00812,NA-MX,Mexico,4,21,0,44,-0.08
P-000061,V-00649,EMEA-W,France,6,2.8,12,79,-0.01
P-000062,V-00392,NA-US,United States,3,5.4,0,93,-0.06
P-000062,V-00754,NA-MX,Mexico,5,13.7,0,21,-0.15
P-000064,V-00327,SA,Brazil,5,-1.3,0,45,0.01
P-000064,V-00569,APAC-IN,India,7,18.4,0,68,-0.07
P-000064,V-00291,APAC-NE,South Korea,8,-5.7,8,35,0.02
P-000065,V-00442,NA-MX,Mexico,3,11.6,6,80,-0.13
P-000066,V-00822,NA-US,United States,6,8.9,4,80,-0.04
P-000066,V-00174,EMEA-E,Turkey,4,13.9,6,67,-0.06
P-000067,V-00116,APAC-IN,India,9,21.3,4,54,-0.09
P-000067,V-00492,APAC-IN,India,7,0.8,12,36,0
P-000067,V-00267,NA-MX,Mexico,5,9.1,12,58,-0.04
P-000068,V-00224,NA-US,United States,2,-2.6,12,63,0.01
P-000068,V-00198,EMEA-W,Spain,7,0.4,8,53,0
P-000068,V-00041,NA-US,United States,9,1.4,4,82,-0.01
P-000069,V-00294,NA-US,United States,4,-1,4,31,0
P-000069,V-00465,APAC-NE,South Korea,8,4.5,0,88,-0.02
P-000070,V-00906,EMEA-E,Poland,9,-1.6,0,73,0.01
P-000070,V-00890,APAC-IN,India,4,8.5,0,85,-0.03
P-000070,V-00821,NA-US,United States,7,16.5,8,88,-0.07
P-000071,V-00450,APAC-IN,India,8,6.3,0,48,-0.03
P-000071,V-00743,EMEA-E,Czechia,5,13.9,12,34,-0.06
P-000072,V-00443,NA-US,United States,3,8.7,6,37,-0.03
P-000072,V-00460,NA-US,United States,5,-1.3,4,37,0.01
P-000072,V-00530,SA,Brazil,8,-1.4,12,87,0.01
P-000074,V-00728,NA-US,United States,4,-3.1,4,27,0.03
P-000076,V-00139,EMEA-E,Poland,2,-2.6,0,19,0.01
P-000076,V-00664,APAC-NE,Taiwan,8,-6,8,75,0.02
P-000076,V-00573,NA-MX,Mexico,5,1.8,0,80,-0.01
P-000077,V-00037,SA,Brazil,8,20.6,8,73,-0.08
P-000077,V-00487,APAC-IN,India,4,0,6,71,0
P-000077,V-00050,NA-US,United States,4,18.5,0,25,-0.07
P-000078,V-00134,APAC-SE,Indonesia,4,15.2,0,52,-0.06
P-000078,V-00115,APAC-NE,Taiwan,4,7.4,6,34,-0.03
P-000078,V-00854,NA-US,United States,6,0.9,8,38,0
P-000079,V-00602,APAC-SE,Thailand,4,2.4,0,58,-0.01
P-000079,V-00049,NA-MX,Mexico,9,10.7,8,78,-0.04
P-000079,V-00129,APAC-NE,Japan,4,4.7,6,82,-0.02
P-000080,V-00131,EMEA-E,Czechia,9,0.2,6,27,0
P-000081,V-00183,EMEA-W,Germany,7,-5.7,0,55,0.06
P-000083,V-00602,APAC-SE,Thailand,3,1.9,12,31,-0.01
P-000083,V-00367,EMEA-W,France,6,3.3,4,24,-0.01
P-000084,V-00361,NA-MX,Mexico,4,21,6,97,-0.23
P-000084,V-00274,EMEA-W,Spain,3,3.7,6,26,-0.04
P-000084,V-00274,EMEA-W,Spain,5,10.2,6,49,-0.11
P-000085,V-00356,NA-MX,Mexico,8,10.5,8,33,-0.04
P-000085,V-00872,NA-US,United States,5,8.9,0,42,-0.04
P-000085,V-00038,APAC-IN,India,5,12.5,4,94,-0.05
P-000086,V-00147,APAC-SE,Malaysia,4,16.3,4,71,-0.18
P-000086,V-00390,EMEA-E,Poland,8,9.5,4,76,-0.1
P-000087,V-00462,NA-MX,Mexico,4,0.5,0,98,0
P-000090,V-00631,NA-MX,Mexico,4,19.9,8,57,-0.08
P-000090,V-00621,SA,Brazil,3,-0.6,0,66,0
P-000090,V-00051,NA-MX,Mexico,6,18.2,8,68,-0.07
P-000091,V-00041,NA-US,United States,6,19.2,0,22,-0.08
P-000091,V-00208,EMEA-W,France,8,15.9,8,32,-0.06
P-000091,V-00345,EMEA-E,Poland,6,18,6,89,-0.07
P-000092,V-00153,SA,Argentina,3,0,4,71,0
P-000092,V-00357,SA,Brazil,8,8.7,12,100,-0.03
P-000092,V-00247,NA-US,United States,6,14.8,12,65,-0.06
P-000093,V-00523,EMEA-W,France,3,12.2,6,43,-0.13
P-000093,V-00569,APAC-IN,India,6,19.2,12,47,-0.21
P-000093,V-00503,APAC-SE,Vietnam,6,-3.9,8,82,0.04
P-000094,V-00671,SA,Argentina,5,5.5,6,88,-0.02
P-000094,V-00256,APAC-NE,Taiwan,3,16.8,6,28,-0.07
P-000095,V-00797,APAC-IN,India,3,-3.5,0,35,0.04
P-000097,V-00460,NA-US,United States,6,16.7,4,29,-0.07
P-000097,V-00117,NA-US,United States,5,19.9,6,78,-0.08
P-000097,V-00460,NA-US,United States,5,-5.5,0,79,0.02
P-000098,V-00078,APAC-NE,China,3,8.1,12,36,-0.03
P-000098,V-00289,EMEA-E,Turkey,4,-1.7,6,22,0.01
P-000098,V-00814,APAC-IN,India,3,11.2,4,63,-0.04
P-000099,V-00450,APAC-IN,India,6,2.2,0,73,-0.01
P-000099,V-00198,EMEA-W,Spain,6,-0.3,0,68,0
P-000099,V-00751,APAC-SE,Indonesia,8,-5.1,8,66,0.02
P-000100,V-00882,APAC-NE,South Korea,6,9.5,0,22,-0.04
P-000100,V-00099,SA,Brazil,5,-3.9,0,26,0.02
P-000100,V-00770,EMEA-E,Turkey,8,8.8,0,32,-0.04
P-000102,V-00096,EMEA-W,Spain,4,-2.3,6,17,0.01
P-000103,V-00344,NA-MX,Mexico,8,16,8,21,-0.18
P-000103,V-00181,APAC-NE,Taiwan,8,5.7,0,72,-0.06
P-000103,V-00723,EMEA-E,Poland,3,-5.1,6,96,0.06
P-000105,V-00316,NA-MX,Mexico,5,0,8,22,0
P-000105,V-00882,APAC-NE,South Korea,7,14.1,0,73,-0.16
P-000105,V-00537,SA,Brazil,9,4,6,75,-0.04
P-000107,V-00794,APAC-IN,India,2,16.2,6,93,-0.06
P-000107,V-00444,APAC-SE,Vietnam,7,3.8,4,15,-0.02
P-000109,V-00566,APAC-NE,South Korea,3,14.2,0,24,-0.06
P-000109,V-00878,EMEA-W,France,6,9.7,0,52,-0.04
P-000109,V-00070,EMEA-E,Turkey,8,15.7,8,27,-0.06
P-000111,V-00964,EMEA-W,Germany,9,-4.2,12,63,0.02
P-000111,V-00819,APAC-NE,Taiwan,4,10,0,74,-0.04
P-000111,V-00819,APAC-NE,Taiwan,3,-1.3,12,72,0.01
P-000112,V-00526,APAC-IN,India,3,0.7,0,48,0
P-000114,V-00643,APAC-IN,India,7,-0.1,8,22,0
P-000115,V-00462,NA-MX,Mexico,5,18.5,0,17,-0.07
P-000115,V-00293,APAC-NE,Taiwan,3,20.1,0,100,-0.08
P-000115,V-00462,NA-MX,Mexico,6,9.7,12,34,-0.04
P-000116,V-00641,NA-US,United States,6,15.3,0,83,-0.06
P-000116,V-00562,APAC-IN,India,3,12,0,20,-0.05
P-000116,V-00370,EMEA-E,Poland,6,-0.7,4,46,0
P-000117,V-00505,SA,Argentina,6,4,6,89,-0.04
P-000117,V-00372,NA-MX,Mexico,3,18,12,91,-0.2
P-000119,V-00824,SA,Argentina,9,9.3,0,63,-0.1
P-000119,V-00260,APAC-IN,India,4,3,12,35,-0.03
P-000121,V-00203,NA-US,United States,7,15.1,12,21,-0.06
P-000121,V-00063,APAC-NE,Japan,4,9.8,12,31,-0.04
P-000121,V-00203,NA-US,United States,8,-0.7,8,62,0
P-000123,V-00587,APAC-NE,Taiwan,5,16.2,0,39,-0.06
P-000123,V-00369,EMEA-E,Romania,3,21,6,77,-0.08
P-000123,V-00330,NA-MX,Mexico,6,-2.9,8,51,0.01
P-000125,V-00336,EMEA-W,Germany,8,-0.5,8,78,0
P-000125,V-00033,EMEA-E,Romania,4,13.4,4,34,-0.05
P-000125,V-00258,NA-US,United States,6,21,0,84,-0.08
P-000126,V-00410,APAC-SE,Malaysia,4,-2.9,8,73,0.01
P-000127,V-00137,SA,Brazil,7,-0.3,0,50,0
P-000128,V-00130,NA-US,United States,8,9.3,0,15,-0.1
P-000130,V-00543,NA-US,United States,6,17.3,0,19,-0.19
P-000131,V-00850,APAC-NE,Japan,8,21.4,8,47,-0.09
P-000131,V-00042,APAC-IN,India,7,7.9,4,82,-0.03
P-000132,V-00133,EMEA-E,Turkey,3,16.2,4,66,-0.06
P-000133,V-00748,NA-US,United States,4,12.5,6,99,-0.05
P-000133,V-00527,NA-MX,Mexico,4,8.4,0,53,-0.03
P-000133,V-00674,NA-MX,Mexico,6,12.9,12,33,-0.05
P-000134,V-00232,NA-US,United States,2,7.2,0,48,-0.08
P-000134,V-00501,APAC-NE,China,5,16.8,0,25,-0.18
P-000135,V-00807,EMEA-E,Turkey,7,3.1,0,87,-0.03
P-000135,V-00083,SA,Brazil,9,3.8,0,71,-0.04
P-000139,V-00125,EMEA-W,France,7,5.5,4,78,-0.02
P-000139,V-00696,APAC-SE,Indonesia,9,1.3,0,84,-0.01
P-000140,V-00021,SA,Argentina,7,-4.4,0,15,0.02
P-000140,V-00261,NA-US,United States,5,-2.9,0,48,0.01
P-000141,V-00649,EMEA-W,France,3,-3.6,8,83,0.01
P-000141,V-00501,APAC-NE,China,5,-0.6,8,42,0
P-000141,V-00577,EMEA-E,Czechia,5,1.6,6,31,-0.01
P-000142,V-00306,EMEA-E,Turkey,7,21.2,6,74,-0.08
P-000142,V-00325,EMEA-W,France,4,18.6,6,39,-0.07
P-000142,V-00552,EMEA-W,France,5,8.6,12,77,-0.03
P-000143,V-00167,APAC-IN,India,7,1,12,72,0
P-000144,V-00369,EMEA-E,Romania,1,10.4,6,45,-0.04
P-000144,V-00306,EMEA-E,Turkey,6,13.4,0,47,-0.05
P-000145,V-00771,NA-MX,Mexico,7,15.4,0,24,-0.06
P-000145,V-00684,APAC-NE,Japan,7,-1.5,0,78,0.01
P-000146,V-00536,SA,Brazil,7,-1.5,8,16,0.01
P-000146,V-00071,EMEA-E,Turkey,4,-3.9,4,64,0.02
P-000147,V-00345,EMEA-E,Poland,5,1.7,4,54,-0.01
P-000147,V-00555,APAC-IN,India,6,-0.4,8,42,0
P-000149,V-00068,EMEA-E,Romania,7,6.8,12,45,-0.03
P-000149,V-00350,NA-US,United States,7,2.4,12,50,-0.01
P-000150,V-00214,EMEA-W,France,5,12.4,12,31,-0.05
P-000152,V-00404,EMEA-E,Romania,3,-4.5,0,85,0.02
P-000152,V-00307,SA,Brazil,6,2.9,4,16,-0.01
P-000155,V-00053,APAC-IN,India,4,0.4,8,50,0
P-000155,V-00600,APAC-IN,India,5,-3.8,4,97,0.02
P-000156,V-00822,NA-US,United States,7,13.4,6,97,-0.05
P-000156,V-00818,APAC-NE,South Korea,8,5.3,0,43,-0.02
P-000156,V-00042,APAC-IN,India,5,13.4,0,56,-0.05
P-000157,V-00590,APAC-IN,India,8,9.1,0,55,-0.04
P-000157,V-00790,APAC-SE,Malaysia,7,-0.9,4,22,0
P-000157,V-00567,EMEA-E,Romania,2,20.4,4,76,-0.08
P-000158,V-00281,APAC-IN,India,7,7.5,0,34,-0.03
P-000158,V-00817,APAC-IN,India,2,10.6,0,71,-0.04
P-000158,V-00521,NA-US,United States,6,-2.9,0,48,0.01
P-000159,V-00555,APAC-IN,India,6,18.8,12,93,-0.21
P-000161,V-00769,EMEA-W,Spain,7,6.9,12,94,-0.03
P-000163,V-00136,APAC-SE,Indonesia,7,2.3,4,80,-0.03
P-000164,V-00643,APAC-IN,India,5,21.2,8,60,-0.08
P-000164,V-00580,NA-MX,Mexico,3,18.1,4,18,-0.07
P-000165,V-00120,APAC-IN,India,4,12.7,12,75,-0.05
P-000165,V-00289,EMEA-E,Turkey,4,7,8,61,-0.03
P-000165,V-00121,SA,Argentina,6,20.2,8,96,-0.08
P-000166,V-00737,APAC-SE,Indonesia,7,-3.7,8,34,0.01
P-000166,V-00847,APAC-NE,Japan,5,2,0,97,-0.01
P-000166,V-00196,APAC-NE,Taiwan,6,9.5,4,23,-0.04
P-000167,V-00764,EMEA-W,Italy,7,2.3,0,42,-0.01
P-000169,V-00236,SA,Brazil,5,17.3,0,33,-0.19
P-000170,V-00562,APAC-IN,India,3,18.9,4,56,-0.08
P-000170,V-00855,NA-MX,Mexico,7,2.8,12,96,-0.01
P-000171,V-00048,NA-US,United States,7,9.3,6,57,-0.04
P-000172,V-00788,NA-MX,Mexico,4,3.2,0,50,-0.01
P-000172,V-00669,APAC-SE,Vietnam,7,18.4,4,76,-0.07
P-000172,V-00342,SA,Argentina,5,6.6,12,26,-0.03
P-000173,V-00615,EMEA-E,Romania,5,-5.9,8,88,0.02
P-000173,V-00283,EMEA-W,France,6,-6,4,95,0.02
P-000174,V-00245,NA-US,United States,5,17.7,4,29,-0.07
P-000174,V-00225,NA-MX,Mexico,7,8.7,6,83,-0.03
P-000176,V-00527,NA-MX,Mexico,2,14.5,0,83,-0.06
P-000177,V-00364,APAC-SE,Malaysia,8,-1.6,6,37,0.01
P-000177,V-00300,APAC-NE,Japan,6,-4.4,0,91,0.02
P-000177,V-00604,EMEA-E,Czechia,7,-5.6,0,56,0.02
P-000179,V-00292,NA-MX,Mexico,4,5.7,12,78,-0.02
P-000179,V-00610,SA,Brazil,8,3,0,65,-0.01
P-000179,V-00459,EMEA-E,Turkey,4,14,6,74,-0.06
P-000180,V-00436,NA-US,United States,6,10.5,6,73,-0.04
P-000180,V-00532,APAC-SE,Thailand,6,-2.6,0,81,0.01
P-000180,V-00885,NA-MX,Mexico,7,0.6,8,57,0
P-000181,V-00698,APAC-SE,Indonesia,7,19.2,6,66,-0.08
P-000181,V-00160,EMEA-E,Czechia,4,-0.9,12,80,0
P-000181,V-00752,NA-US,United States,8,8.1,8,19,-0.03
P-000182,V-00089,NA-US,United States,8,-2.8,4,69,0.01
P-000182,V-00203,NA-US,United States,6,7.7,0,90,-0.03
P-000182,V-00065,EMEA-E,Romania,6,-1.9,6,80,0.01
P-000185,V-00215,APAC-SE,Indonesia,2,-2,6,45,0.01
P-000185,V-00077,NA-US,United States,5,11.4,6,22,-0.05
P-000187,V-00464,EMEA-W,Spain,6,-5,4,72,0.06
P-000187,V-00762,NA-US,United States,4,-0.1,0,49,0
P-000188,V-00351,APAC-NE,Japan,7,-1.3,8,48,0.01
P-000188,V-00076,APAC-IN,India,5,12.7,0,36,-0.14
P-000189,V-00829,APAC-NE,Japan,3,-0.1,0,46,0
P-000189,V-00969,NA-MX,Mexico,5,-3.2,12,92,0.01
P-000190,V-00216,EMEA-W,Italy,4,0.1,12,94,0
P-000190,V-00616,APAC-SE,Malaysia,3,7.5,4,86,-0.03
P-000190,V-00447,NA-MX,Mexico,6,0.4,0,76,0
P-000191,V-00507,APAC-NE,Taiwan,4,8,6,58,-0.03
P-000191,V-00756,APAC-IN,India,5,15.2,8,75,-0.06
P-000191,V-00575,EMEA-W,France,4,-4.3,8,47,0.02
P-000192,V-00273,NA-MX,Mexico,5,3.5,8,64,-0.01
P-000192,V-00314,SA,Brazil,7,17.6,6,83,-0.07
P-000194,V-00390,EMEA-E,Poland,7,17,0,60,-0.19
P-000194,V-00306,EMEA-E,Turkey,7,-2.6,12,75,0.03
P-000194,V-00043,APAC-NE,Taiwan,5,5.7,4,48,-0.06
P-000195,V-00002,APAC-NE,China,4,3,12,45,-0.01
P-000195,V-00103,APAC-SE,Indonesia,6,18.3,8,96,-0.07
P-000195,V-00607,APAC-NE,Taiwan,7,-3,12,23,0.01
P-000196,V-00286,SA,Argentina,7,21.3,8,63,-0.09
P-000196,V-00191,EMEA-E,Turkey,4,11.8,12,85,-0.05
P-000196,V-00179,APAC-SE,Thailand,4,2.6,8,66,-0.01
P-000199,V-00163,APAC-NE,Taiwan,7,1.6,8,99,-0.01
P-000201,V-00674,NA-MX,Mexico,8,16.4,6,46,-0.07
P-000201,V-00292,NA-MX,Mexico,5,-1.6,0,42,0.01
P-000202,V-00364,APAC-SE,Malaysia,7,-1.7,0,29,0.01
P-000202,V-00274,EMEA-W,Spain,3,-5.7,0,92,0.02
P-000202,V-00438,EMEA-E,Poland,4,20.9,6,24,-0.08
P-000204,V-00489,SA,Brazil,7,17,6,34,-0.19
P-000204,V-00235,APAC-NE,Japan,4,9.5,0,49,-0.1
P-000205,V-00369,EMEA-E,Romania,3,18.8,6,63,-0.21
P-000205,V-00406,EMEA-W,Spain,9,18.3,12,78,-0.2
P-000205,V-00085,NA-MX,Mexico,3,4.2,8,35,-0.05
P-000206,V-00097,SA,Brazil,3,17.6,8,30,-0.07
P-000206,V-00819,APAC-NE,Taiwan,5,19.5,0,89,-0.08
P-000208,V-00638,EMEA-W,Germany,7,7.3,8,45,-0.03
P-000208,V-00275,EMEA-E,Turkey,3,5.6,6,49,-0.02
P-000208,V-00258,NA-US,United States,6,-2,0,98,0.01
P-000209,V-00615,EMEA-E,Romania,2,15.9,0,79,-0.06
P-000210,V-00674,NA-MX,Mexico,6,11.8,4,54,-0.13
P-000210,V-00185,APAC-IN,India,6,-0.8,4,94,0.01
P-000210,V-00674,NA-MX,Mexico,5,10.8,8,71,-0.12
P-000214,V-00600,APAC-IN,India,7,6.5,0,22,-0.03
P-000216,V-00222,NA-US,United States,5,8.2,12,61,-0.03
P-000217,V-00122,APAC-SE,Malaysia,5,15.5,6,74,-0.06
P-000217,V-00405,NA-MX,Mexico,2,3.3,12,95,-0.01
P-000217,V-00418,APAC-NE,Taiwan,4,-1.5,0,96,0.01
P-000218,V-00435,NA-US,United States,3,20.3,0,81,-0.08
P-000219,V-00925,NA-MX,Mexico,5,-0.7,4,71,0
P-000219,V-00393,APAC-NE,China,4,17.9,4,96,-0.07
P-000219,V-00728,NA-US,United States,5,3.6,0,40,-0.01
P-000221,V-00679,APAC-NE,South Korea,7,3.5,8,43,-0.01
P-000221,V-00415,APAC-NE,Taiwan,2,11.8,0,66,-0.05
P-000221,V-00490,APAC-IN,India,3,7,12,32,-0.03
P-000222,V-00243,APAC-IN,India,4,12.1,0,35,-0.05
P-000222,V-00672,EMEA-E,Romania,4,5.9,0,87,-0.02
P-000224,V-00135,NA-MX,Mexico,5,18,8,98,-0.07
P-000224,V-00223,NA-MX,Mexico,8,9.1,12,88,-0.04
P-000224,V-00223,NA-MX,Mexico,6,12.2,0,61,-0.05
P-000225,V-00411,EMEA-E,Turkey,6,16.8,8,28,-0.18
P-000225,V-00363,APAC-IN,India,8,17.3,6,22,-0.19
P-000225,V-00084,NA-MX,Mexico,7,3.8,8,61,-0.04
P-000226,V-00585,SA,Brazil,7,19.6,6,28,-0.08
P-000226,V-00234,APAC-NE,Japan,4,-3.9,8,46,0.02
P-000226,V-00164,EMEA-W,Spain,7,16.5,4,42,-0.07
P-000227,V-00785,SA,Argentina,6,0.5,4,98,0
P-000228,V-00205,NA-MX,Mexico,3,-5.2,12,62,0.02
P-000229,V-00014,APAC-NE,South Korea,7,-3,0,34,0.03
P-000229,V-00501,APAC-NE,China,5,3.1,4,80,-0.03
P-000229,V-00289,EMEA-E,Turkey,5,11,0,66,-0.12
P-000230,V-01000,EMEA-W,Spain,2,8.1,4,96,-0.03
P-000231,V-00490,APAC-IN,India,5,-3.1,12,56,0.01
P-000231,V-00647,APAC-SE,Vietnam,4,4.3,8,21,-0.02
P-000231,V-00252,APAC-NE,China,3,13.4,12,25,-0.05
P-000232,V-00539,EMEA-E,Turkey,7,5.8,0,82,-0.02
P-000232,V-00187,APAC-NE,South Korea,5,17.1,0,78,-0.07
P-000233,V-00100,APAC-NE,Taiwan,2,9,4,32,-0.04
P-000233,V-00407,EMEA-E,Poland,5,0.2,4,72,0
P-000233,V-00303,APAC-SE,Vietnam,7,17.9,6,57,-0.07
P-000234,V-00458,APAC-SE,Indonesia,3,21.4,8,40,-0.09
P-000234,V-00302,NA-US,United States,3,1,0,30,0
P-000234,V-00617,EMEA-W,Spain,5,12.3,6,32,-0.05
P-000235,V-00514,APAC-NE,Japan,6,14.3,0,39,-0.06
P-000235,V-00372,NA-MX,Mexico,4,17.3,0,18,-0.07
P-000236,V-00483,EMEA-W,Germany,6,1,8,52,0
P-000237,V-00115,APAC-NE,Taiwan,4,8.8,0,31,-0.04
P-000239,V-00353,APAC-SE,Thailand,7,-4.8,4,28,0.02
P-000239,V-00195,APAC-NE,Taiwan,5,12.5,12,78,-0.05
P-000239,V-00027,APAC-IN,India,7,9.7,6,40,-0.04
P-000240,V-00007,SA,Brazil,3,13.6,6,54,-0.15
P-000240,V-00224,NA-US,United States,4,-0.4,12,90,0
P-000241,V-00065,EMEA-E,Romania,6,14.9,6,16,-0.06
P-000241,V-00028,APAC-IN,India,4,17.2,4,23,-0.07
P-000241,V-00063,APAC-NE,Japan,4,-2,0,73,0.01
P-000242,V-00629,NA-MX,Mexico,4,21.1,8,96,-0.23
P-000242,V-00492,APAC-IN,India,5,5.3,0,30,-0.06
P-000242,V-00505,SA,Argentina,6,5.4,4,81,-0.06
P-000243,V-00670,EMEA-E,Czechia,3,8.7,4,96,-0.03
P-000243,V-00974,NA-MX,Mexico,7,15.7,4,28,-0.06
P-000243,V-00070,EMEA-E,Turkey,7,20.4,4,46,-0.08
P-000244,V-00790,APAC-SE,Malaysia,7,13.9,12,96,-0.06
P-000244,V-00313,APAC-SE,Malaysia,5,12,8,90,-0.05
P-000244,V-00854,NA-US,United States,5,1.1,8,20,0
P-000246,V-00286,SA,Argentina,5,19,4,25,-0.08
P-000246,V-00487,APAC-IN,India,5,16,0,32,-0.06
P-000246,V-00294,NA-US,United States,4,15.6,4,81,-0.06
P-000250,V-00557,EMEA-W,Germany,3,8.7,4,42,-0.03
P-000250,V-00106,NA-MX,Mexico,4,4.5,12,72,-0.02
P-000250,V-00371,APAC-SE,Indonesia,5,11.8,12,17,-0.05
P-000254,V-00553,EMEA-E,Romania,3,7.9,12,50,-0.03
P-000255,V-00321,APAC-SE,Malaysia,4,20.6,0,47,-0.23
P-000255,V-00769,EMEA-W,Spain,7,5.1,6,45,-0.06
P-000258,V-00228,SA,Brazil,6,-0.1,0,28,0
P-000258,V-00913,SA,Brazil,3,-0.6,8,93,0
P-000259,V-00243,APAC-IN,India,3,2.4,6,92,-0.03
P-000262,V-00006,APAC-SE,Indonesia,4,8.3,4,95,-0.03
P-000262,V-00368,NA-US,United States,8,14.6,12,85,-0.06
P-000262,V-00849,APAC-SE,Vietnam,9,7.7,12,89,-0.03
P-000264,V-00194,APAC-IN,India,3,8.1,0,41,-0.03
P-000266,V-00174,EMEA-E,Turkey,4,12.4,8,52,-0.05
P-000267,V-00693,NA-US,United States,6,5.7,0,30,-0.02
P-000267,V-00674,NA-MX,Mexico,6,7.5,8,86,-0.03
P-000268,V-00374,APAC-SE,Thailand,4,21.8,12,53,-0.09
P-000270,V-00388,EMEA-W,Spain,5,-5,4,48,0.02
P-000271,V-00693,NA-US,United States,5,4.3,6,17,-0.02
P-000271,V-00674,NA-MX,Mexico,8,10.1,6,71,-0.04
P-000272,V-00225,NA-MX,Mexico,6,17.7,6,70,-0.07
P-000272,V-00442,NA-MX,Mexico,2,15.9,8,42,-0.06
P-000276,V-00040,APAC-NE,China,8,6.3,0,46,-0.03
P-000276,V-00271,APAC-NE,China,5,18.1,12,70,-0.07
P-000276,V-00047,APAC-SE,Vietnam,4,7.8,4,82,-0.03
P-000277,V-00594,APAC-NE,China,7,17.8,8,58,-0.07
P-000277,V-00591,SA,Brazil,9,17.2,12,39,-0.07
P-000278,V-00078,APAC-NE,China,2,10.2,4,25,-0.04
P-000278,V-00127,NA-MX,Mexico,2,13.3,4,17,-0.05
P-000279,V-00063,APAC-NE,Japan,2,6.8,0,39,-0.03
P-000279,V-00280,APAC-IN,India,3,6.3,4,85,-0.03
P-000279,V-00050,NA-US,United States,3,15.2,8,59,-0.06
P-000280,V-00746,EMEA-W,Spain,4,16,8,93,-0.18
P-000280,V-00093,APAC-SE,Indonesia,4,2.5,0,93,-0.03
P-000280,V-00551,EMEA-E,Czechia,4,8.3,0,25,-0.09
P-000281,V-00731,EMEA-W,Spain,3,11.3,0,91,-0.05
P-000281,V-00003,NA-MX,Mexico,8,14.9,12,30,-0.06
P-000281,V-00731,EMEA-W,Spain,2,-2.3,0,48,0.01
P-000283,V-00676,NA-US,United States,4,11.7,8,74,-0.05
P-000284,V-00015,EMEA-E,Turkey,6,18.8,12,46,-0.08
P-000285,V-00246,NA-MX,Mexico,8,9,8,51,-0.1
P-000285,V-00361,NA-MX,Mexico,4,-4.7,0,74,0.05
P-000285,V-00574,APAC-SE,Malaysia,6,-0.6,0,46,0.01
P-000286,V-00096,EMEA-W,Spain,2,6.1,6,85,-0.02
P-000286,V-00688,NA-US,United States,2,-0.2,4,47,0
P-000288,V-00601,EMEA-W,France,6,5,0,72,-0.02
P-000288,V-00595,SA,Brazil,2,3.1,0,16,-0.01
P-000289,V-00639,EMEA-E,Turkey,5,-0.4,0,71,0
P-000289,V-00448,EMEA-E,Poland,5,21.3,0,68,-0.09
P-000289,V-00296,NA-MX,Mexico,3,19,6,38,-0.08
P-000292,V-00173,APAC-NE,South Korea,5,20.5,12,64,-0.08
P-000292,V-00607,APAC-NE,Taiwan,6,17.6,8,65,-0.07
P-000292,V-00325,EMEA-W,France,4,15.1,12,39,-0.06
P-000293,V-00448,EMEA-E,Poland,7,-1.6,0,31,0.02
P-000293,V-00474,NA-US,United States,2,-5.6,6,52,0.06
P-000294,V-00286,SA,Argentina,5,13.8,0,54,-0.15
P-000294,V-00367,EMEA-W,France,7,1.8,8,66,-0.02
P-000295,V-00213,NA-US,United States,4,5.8,12,29,-0.02
P-000295,V-00504,NA-US,United States,7,-2.2,6,67,0.01
P-000295,V-00376,SA,Brazil,4,19,6,20,-0.08
P-000296,V-00007,SA,Brazil,4,21.6,4,81,-0.09
P-000296,V-00531,NA-MX,Mexico,6,19.1,4,25,-0.08
P-000297,V-00062,NA-US,United States,6,15.7,0,25,-0.06
P-000297,V-00781,NA-MX,Mexico,3,16.3,12,94,-0.07
P-000298,V-00655,APAC-NE,South Korea,7,-1.9,6,78,0.01
P-000299,V-00324,NA-US,United States,7,21.6,8,26,-0.09
P-000299,V-00185,APAC-IN,India,6,3.7,0,38,-0.01
P-000299,V-00529,APAC-IN,India,4,-1.8,12,45,0.01
P-000301,V-00062,NA-US,United States,6,21.8,8,95,-0.09
P-000301,V-00568,APAC-IN,India,5,9.7,6,66,-0.04
P-000301,V-00494,APAC-IN,India,7,-2,12,27,0.01
P-000302,V-00225,NA-MX,Mexico,6,1.6,0,73,-0.02
P-000302,V-00633,NA-MX,Mexico,5,-2.7,4,36,0.03
P-000303,V-00205,NA-MX,Mexico,4,21.8,0,65,-0.09
P-000303,V-00572,EMEA-W,Spain,5,-0.3,0,76,0
P-000305,V-00535,EMEA-W,France,4,-5.2,12,23,0.02
P-000306,V-00303,APAC-SE,Vietnam,6,18.2,6,64,-0.07
P-000306,V-00351,APAC-NE,Japan,8,9.7,6,31,-0.04
P-000306,V-00031,APAC-NE,China,4,18.6,6,47,-0.07
P-000307,V-00123,EMEA-W,Spain,7,15.4,0,59,-0.06
P-000307,V-00118,SA,Brazil,6,-3.4,4,22,0.01
P-000308,V-00425,NA-US,United States,5,-3.3,6,92,0.04
P-000308,V-00703,NA-MX,Mexico,4,4.3,4,68,-0.05
P-000308,V-00797,APAC-IN,India,3,0.9,4,22,-0.01
P-000309,V-00512,NA-US,United States,6,10.4,6,38,-0.04
P-000309,V-00221,APAC-NE,South Korea,6,4.7,0,46,-0.02
P-000309,V-00293,APAC-NE,Taiwan,3,11,0,57,-0.04
P-000310,V-00208,EMEA-W,France,7,1.4,0,53,-0.01
P-000311,V-00482,APAC-NE,Taiwan,4,0.2,0,61,0
P-000311,V-00249,APAC-SE,Indonesia,4,3.6,0,29,-0.01
P-000314,V-00459,EMEA-E,Turkey,3,-0.9,0,15,0
P-000315,V-00974,NA-MX,Mexico,7,0.7,12,41,-0.01
P-000315,V-00363,APAC-IN,India,7,-2.2,0,68,0.02
P-000315,V-00974,NA-MX,Mexico,8,2.5,12,29,-0.03
P-000316,V-00339,SA,Argentina,4,10.2,12,37,-0.04
P-000316,V-00449,NA-US,United States,3,-2.5,0,49,0.01
P-000317,V-00388,EMEA-W,Spain,5,9,0,72,-0.04
P-000317,V-00129,APAC-NE,Japan,3,-1.4,4,84,0.01
P-000317,V-00338,APAC-SE,Vietnam,5,5.9,4,65,-0.02
P-000323,V-00065,EMEA-E,Romania,7,-3,4,94,0.01
P-000323,V-00431,APAC-SE,Thailand,4,19.4,8,81,-0.08
P-000325,V-00653,EMEA-E,Czechia,5,-3.7,0,37,0.04
P-000325,V-00489,SA,Brazil,6,-1.8,0,99,0.02
P-000327,V-00289,EMEA-E,Turkey,5,12.1,4,98,-0.05
P-000327,V-00679,APAC-NE,South Korea,7,11.7,8,82,-0.05
P-000330,V-00859,NA-US,United States,4,12.5,8,55,-0.05
P-000330,V-00087,APAC-NE,Japan,4,-4.3,8,78,0.02
P-000331,V-00282,APAC-IN,India,8,-1,8,16,0
P-000331,V-00310,EMEA-E,Czechia,9,9.4,12,58,-0.04
P-000331,V-00770,EMEA-E,Turkey,9,-0.5,0,100,0
P-000333,V-00321,APAC-SE,Malaysia,3,20.7,4,75,-0.08
P-000333,V-00573,NA-MX,Mexico,7,16.4,0,84,-0.07
P-000334,V-00569,APAC-IN,India,6,9.2,0,50,-0.04
P-000335,V-00241,APAC-IN,India,4,5,0,20,-0.02
P-000335,V-00844,SA,Brazil,7,7.5,4,90,-0.03
P-000335,V-00183,EMEA-W,Germany,4,15,12,54,-0.06
P-000336,V-00007,SA,Brazil,5,3.3,4,67,-0.01
P-000337,V-00177,APAC-IN,India,3,20.5,4,60,-0.08
P-000339,V-00475,APAC-SE,Thailand,6,10.8,0,31,-0.12
P-000339,V-00305,APAC-SE,Vietnam,2,11.7,4,69,-0.13
P-000340,V-00024,NA-US,United States,5,7.5,0,67,-0.03
P-000340,V-00003,NA-MX,Mexico,6,5.9,4,56,-0.02
P-000340,V-00442,NA-MX,Mexico,3,9.5,6,16,-0.04
P-000341,V-00106,NA-MX,Mexico,4,-2.6,12,35,0.01
P-000341,V-00512,NA-US,United States,6,15.6,12,50,-0.06
P-000341,V-00274,EMEA-W,Spain,5,6.6,0,74,-0.03
P-000343,V-00006,APAC-SE,Indonesia,3,-5.3,12,84,0.02
P-000344,V-00013,SA,Argentina,3,11.7,6,77,-0.05
P-000344,V-00450,APAC-IN,India,7,-2.6,0,85,0.01
P-000346,V-00851,SA,Argentina,4,20,0,93,-0.22
P-000346,V-00319,NA-MX,Mexico,7,9.5,6,60,-0.1
P-000346,V-00165,SA,Brazil,4,-1,4,61,0.01
P-000347,V-00300,APAC-NE,Japan,4,12.5,12,19,-0.05
P-000347,V-00300,APAC-NE,Japan,4,15.6,0,35,-0.06
P-000347,V-00126,APAC-SE,Indonesia,3,-0.3,6,83,0
P-000348,V-00230,APAC-SE,Vietnam,5,-3.8,0,23,0.02
P-000349,V-00376,SA,Brazil,5,9.3,4,100,-0.04
P-000349,V-00384,EMEA-W,Italy,6,-1.9,0,84,0.01
P-000349,V-00344,NA-MX,Mexico,5,17.4,6,93,-0.07
P-000350,V-00571,EMEA-E,Czechia,6,-1.7,8,57,0.02
P-000350,V-00378,NA-MX,Mexico,7,14.7,12,48,-0.16
P-000351,V-00557,EMEA-W,Germany,4,19.1,8,65,-0.08
P-000351,V-00268,APAC-NE,South Korea,2,9.4,6,87,-0.04
P-000351,V-00585,SA,Brazil,5,-5.6,4,58,0.02
P-000352,V-00154,APAC-SE,Malaysia,7,12,12,28,-0.05
P-000352,V-00732,EMEA-E,Turkey,6,2.3,0,72,-0.01
P-000352,V-00797,APAC-IN,India,2,21.7,0,22,-0.09
P-000353,V-00616,APAC-SE,Malaysia,5,4.7,0,76,-0.02
P-000354,V-00688,NA-US,United States,3,-0.1,4,89,0
P-000354,V-00255,EMEA-E,Czechia,5,10.9,0,68,-0.04
P-000354,V-00460,NA-US,United States,6,1.4,8,94,-0.01
P-000356,V-00563,APAC-SE,Thailand,3,16.3,6,76,-0.07
P-000356,V-00324,NA-US,United States,9,19.5,0,61,-0.08
P-000356,V-00568,APAC-IN,India,6,4.7,0,40,-0.02
P-000357,V-00232,NA-US,United States,2,10.1,8,25,-0.04
P-000357,V-00647,APAC-SE,Vietnam,2,17.3,6,43,-0.07
P-000358,V-00731,EMEA-W,Spain,3,-5.4,4,22,0.02
P-000358,V-00344,NA-MX,Mexico,5,15.9,4,81,-0.06
P-000361,V-00125,EMEA-W,France,6,2.9,4,74,-0.01
P-000362,V-00286,SA,Argentina,4,1.5,8,17,-0.01
P-000363,V-00314,SA,Brazil,7,5.2,12,61,-0.02
P-000363,V-00756,APAC-IN,India,7,19.9,4,45,-0.08
P-000364,V-00538,APAC-IN,India,6,21.5,6,72,-0.24
P-000364,V-00353,APAC-SE,Thailand,8,5.7,12,64,-0.06
P-000364,V-00531,NA-MX,Mexico,3,9.1,4,72,-0.1
P-000365,V-00554,NA-US,United States,5,-5.9,4,76,0.02
P-000365,V-00103,APAC-SE,Indonesia,6,18.5,6,24,-0.07
P-000366,V-01032,APAC-SE,Indonesia,7,-3.6,6,82,0.04
P-000366,V-01032,APAC-SE,Indonesia,7,0.6,0,98,-0.01
P-000366,V-00493,EMEA-E,Romania,6,11.6,0,60,-0.13
P-000367,V-00214,EMEA-W,France,6,3.9,4,76,-0.02
P-000368,V-00383,APAC-NE,Taiwan,9,8.1,6,25,-0.09
P-000369,V-00674,NA-MX,Mexico,6,11.4,12,23,-0.05
P-000369,V-00527,NA-MX,Mexico,4,10.3,6,91,-0.04
P-000371,V-00736,NA-US,United States,5,0.9,0,71,-0.01
P-000371,V-00580,NA-MX,Mexico,4,0.6,8,58,-0.01
P-000371,V-00197,APAC-SE,Indonesia,5,12.5,6,43,-0.14
P-000374,V-00149,NA-US,United States,6,0,0,47,0
P-000375,V-00739,SA,Brazil,4,17,0,64,-0.07
P-000375,V-00458,APAC-SE,Indonesia,2,1.7,0,95,-0.01
P-000376,V-00307,SA,Brazil,6,5,0,95,-0.02
P-000377,V-00379,APAC-NE,South Korea,1,9.4,6,20,-0.04
P-000377,V-00668,APAC-NE,Taiwan,3,-2.9,6,23,0.01
P-000382,V-00168,APAC-SE,Vietnam,2,5.5,8,51,-0.02
P-000382,V-00773,SA,Brazil,3,10.3,0,21,-0.04
P-000382,V-00634,EMEA-E,Czechia,3,4.9,8,15,-0.02
P-000384,V-00501,APAC-NE,China,4,2.8,4,99,-0.01
P-000386,V-00105,APAC-SE,Thailand,5,21.3,0,67,-0.09
P-000386,V-00207,APAC-SE,Indonesia,5,-3.5,4,93,0.01
P-000386,V-00592,EMEA-W,Germany,7,19.5,6,37,-0.08
P-000387,V-00621,SA,Brazil,3,15.7,12,73,-0.06
P-000387,V-00923,NA-MX,Mexico,5,9.9,6,73,-0.04
P-000387,V-00829,APAC-NE,Japan,4,19,6,16,-0.08
P-000388,V-00313,APAC-SE,Malaysia,4,19.1,8,42,-0.21
P-000388,V-00057,NA-MX,Mexico,6,20.3,12,88,-0.22
P-000388,V-00368,NA-US,United States,8,-2,0,66,0.02
P-000390,V-00078,APAC-NE,China,4,-5.3,0,68,0.02
P-000390,V-00812,NA-MX,Mexico,7,10.5,8,79,-0.04
P-000390,V-00679,APAC-NE,South Korea,9,19.2,12,55,-0.08
P-000391,V-00282,APAC-IN,India,8,14.9,0,23,-0.06
P-000395,V-00082,SA,Argentina,6,-2.9,8,71,0.01
P-000396,V-00583,APAC-NE,Japan,5,6.5,12,60,-0.03
P-000396,V-00111,NA-MX,Mexico,6,16.3,4,73,-0.07
P-000396,V-00567,EMEA-E,Romania,3,21.2,12,15,-0.08
P-000397,V-00461,SA,Brazil,6,14.6,4,24,-0.06
P-000397,V-00461,SA,Brazil,7,5.1,4,59,-0.02
P-000397,V-00499,NA-US,United States,4,11.3,12,19,-0.05
P-000398,V-00229,EMEA-E,Czechia,2,-4.2,0,46,0.02
P-000398,V-00304,NA-US,United States,3,20.9,0,70,-0.08
P-000398,V-00100,APAC-NE,Taiwan,3,5.8,6,95,-0.02
P-000399,V-00127,NA-MX,Mexico,5,-2.1,0,32,0.01
P-000399,V-00211,EMEA-E,Turkey,5,-0.3,0,61,0
P-000400,V-00009,APAC-SE,Indonesia,4,16.2,6,32,-0.18
P-000402,V-00597,NA-US,United States,2,9.9,8,95,-0.04
P-000403,V-00086,EMEA-E,Czechia,6,2.8,6,76,-0.01
P-000404,V-00111,NA-MX,Mexico,7,8.7,0,15,-0.03
P-000404,V-00163,APAC-NE,Taiwan,8,2.9,12,98,-0.01
P-000405,V-00507,APAC-NE,Taiwan,3,4.9,0,24,-0.05
P-000407,V-00294,NA-US,United States,2,-4.3,12,31,0.02
P-000408,V-00494,APAC-IN,India,5,14.7,0,89,-0.06
P-000408,V-00185,APAC-IN,India,6,18.4,0,77,-0.07
P-000408,V-00665,APAC-SE,Vietnam,3,-1.9,4,62,0.01
P-000411,V-00376,SA,Brazil,5,4.8,4,61,-0.02
P-000411,V-00445,EMEA-W,France,4,6.6,12,18,-0.03
P-000413,V-00885,NA-MX,Mexico,6,-3.3,0,15,0.01
P-000413,V-00243,APAC-IN,India,5,0,0,73,0
P-000414,V-00269,APAC-IN,India,6,20.7,6,20,-0.08
P-000416,V-00162,EMEA-W,Italy,6,20.6,0,69,-0.08
P-000416,V-00323,EMEA-E,Czechia,4,-6,0,67,0.02
P-000419,V-00698,APAC-SE,Indonesia,8,16.3,0,25,-0.18
P-000419,V-00748,NA-US,United States,4,6.5,8,66,-0.07
P-000419,V-00529,APAC-IN,India,3,16.4,0,78,-0.18
P-000421,V-00108,NA-US,United States,8,15.9,8,59,-0.17
P-000421,V-00405,NA-MX,Mexico,3,12.8,8,59,-0.14
P-000422,V-00788,NA-MX,Mexico,4,0.7,8,96,0
P-000422,V-00264,APAC-IN,India,6,12.1,0,61,-0.05
P-000422,V-00150,EMEA-E,Poland,4,1.9,8,55,-0.01
P-000423,V-00701,EMEA-W,Italy,3,6,12,24,-0.02
P-000423,V-00443,NA-US,United States,2,10.7,0,42,-0.04
P-000424,V-00415,APAC-NE,Taiwan,3,3.7,6,87,-0.01
P-000424,V-00603,SA,Argentina,2,1.1,6,15,0
P-000424,V-00803,EMEA-E,Czechia,6,-1,4,54,0
P-000426,V-00512,NA-US,United States,7,18.9,4,31,-0.08
P-000427,V-00288,NA-MX,Mexico,6,17.4,12,82,-0.07
P-000428,V-00959,SA,Argentina,8,-4.6,12,57,0.05
P-000428,V-00622,APAC-NE,China,5,15,8,35,-0.17
P-000429,V-00279,EMEA-E,Czechia,7,2,0,87,-0.01
P-000430,V-00566,APAC-NE,South Korea,3,3.2,0,77,-0.01
P-000430,V-00064,NA-MX,Mexico,5,-4.2,6,35,0.02
P-000431,V-00193,NA-US,United States,7,10.4,0,43,-0.04
P-000432,V-00410,APAC-SE,Malaysia,3,11.7,8,29,-0.05
P-000432,V-00410,APAC-SE,Malaysia,3,0.2,8,26,0
P-000436,V-00378,NA-MX,Mexico,7,13.1,12,74,-0.05
P-000436,V-00506,SA,Argentina,4,13.9,0,24,-0.06
P-000437,V-00475,APAC-SE,Thailand,4,18.4,0,48,-0.07
P-000437,V-00588,APAC-NE,China,6,12.1,0,22,-0.05
P-000437,V-00489,SA,Brazil,8,18.8,0,39,-0.08
P-000438,V-00573,NA-MX,Mexico,7,8.7,0,69,-0.03
P-000438,V-00314,SA,Brazil,9,18.5,0,29,-0.07
P-000438,V-00606,APAC-SE,Malaysia,8,5.8,12,93,-0.02
P-000439,V-00802,EMEA-W,Italy,5,8.7,4,75,-0.03
P-000439,V-00070,EMEA-E,Turkey,7,4.2,0,46,-0.02
P-000440,V-00415,APAC-NE,Taiwan,2,-5.7,6,94,0.02
P-000442,V-00013,SA,Argentina,3,-1.9,0,22,0.01
P-000442,V-00771,NA-MX,Mexico,7,0,0,79,0
P-000442,V-00538,APAC-IN,India,5,0.7,8,59,0
P-000443,V-00745,APAC-SE,Malaysia,4,13,12,98,-0.05
P-000445,V-00309,APAC-NE,China,5,-5.3,8,22,0.02
P-000446,V-00227,APAC-SE,Indonesia,6,-0.6,8,92,0.01
P-000447,V-00439,APAC-NE,China,3,20.5,12,16,-0.08
P-000448,V-00532,APAC-SE,Thailand,4,12.7,6,24,-0.05
P-000448,V-00682,NA-US,United States,3,-3.2,8,47,0.01
P-000448,V-00342,SA,Argentina,5,11.7,12,39,-0.05
P-000449,V-00607,APAC-NE,Taiwan,7,0.3,0,68,0
P-000449,V-00026,APAC-NE,China,5,2,6,69,-0.01
P-000449,V-00495,SA,Brazil,7,14.6,8,71,-0.06
P-000451,V-00464,EMEA-W,Spain,5,1.6,4,69,-0.01
P-000451,V-00069,APAC-SE,Vietnam,4,18.7,4,66,-0.07
P-000451,V-00342,SA,Argentina,4,17.9,0,69,-0.07
P-000453,V-00444,APAC-SE,Vietnam,7,7,0,33,-0.03
P-000453,V-00549,EMEA-W,Italy,6,-4.8,8,33,0.02
P-000454,V-00262,EMEA-E,Poland,8,5.6,4,98,-0.02
P-000454,V-01000,EMEA-W,Spain,2,-2.9,12,69,0.01
P-000454,V-00974,NA-MX,Mexico,8,20.9,12,54,-0.08
P-000455,V-00396,APAC-NE,China,8,13.8,12,39,-0.06
P-000455,V-00030,SA,Brazil,2,6,4,17,-0.02
P-000455,V-00389,APAC-NE,Japan,3,-2,4,62,0.01
P-000457,V-00854,NA-US,United States,6,3.3,12,17,-0.04
P-000458,V-00172,EMEA-W,Germany,2,12,0,17,-0.05
P-000459,V-00710,EMEA-W,France,5,9.8,6,69,-0.04
P-000459,V-00370,EMEA-E,Poland,5,-1.4,12,79,0.01
P-000459,V-00818,APAC-NE,South Korea,7,9.5,6,52,-0.04
P-000460,V-00227,APAC-SE,Indonesia,7,14.6,12,66,-0.06
P-000460,V-00349,NA-US,United States,4,6.5,0,47,-0.03
P-000461,V-00046,NA-MX,Mexico,6,4.1,12,64,-0.05
P-000461,V-00571,EMEA-E,Czechia,5,-3.6,0,91,0.04
P-000461,V-00230,APAC-SE,Vietnam,7,6.3,0,32,-0.07
P-000463,V-00691,APAC-IN,India,7,21.4,6,90,-0.09
P-000464,V-00495,SA,Brazil,4,16.8,6,24,-0.07
P-000465,V-00593,APAC-IN,India,7,0.2,8,52,0
P-000465,V-00522,APAC-IN,India,5,1.2,4,87,0
P-000465,V-00352,SA,Brazil,7,8.6,0,68,-0.03
P-000467,V-00621,SA,Brazil,5,-1.5,12,30,0.01
P-000467,V-00621,SA,Brazil,3,19.4,0,68,-0.08
P-000467,V-00946,NA-MX,Mexico,4,5.6,12,68,-0.02
P-000468,V-00005,EMEA-E,Turkey,3,3.2,12,30,-0.01
P-000468,V-00189,EMEA-W,Spain,9,16.4,0,83,-0.07
P-000469,V-00621,SA,Brazil,4,6.4,4,30,-0.03
P-000472,V-00046,NA-MX,Mexico,4,8.8,0,59,-0.04
P-000474,V-00225,NA-MX,Mexico,6,3.8,8,28,-0.02
P-000474,V-00230,APAC-SE,Vietnam,5,19.3,4,79,-0.08
P-000475,V-00357,SA,Brazil,6,17.4,12,84,-0.07
P-000475,V-00778,NA-US,United States,5,1.7,0,16,-0.01
P-000477,V-00925,NA-MX,Mexico,7,6.6,8,30,-0.03
P-000477,V-00655,APAC-NE,South Korea,8,2.4,4,31,-0.01
P-000477,V-00925,NA-MX,Mexico,5,15.3,6,87,-0.06
P-000478,V-00628,APAC-SE,Indonesia,8,-5,8,40,0.02
P-000479,V-00324,NA-US,United States,8,11.6,0,49,-0.05
P-000480,V-00488,APAC-IN,India,6,12.9,12,69,-0.05
P-000480,V-00198,EMEA-W,Spain,7,14.8,6,20,-0.06
P-000481,V-00222,NA-US,United States,6,4.6,0,85,-0.02
P-000483,V-00588,APAC-NE,China,5,-1.5,8,31,0.02
P-000483,V-00676,NA-US,United States,3,19.3,4,32,-0.21
P-000483,V-00305,APAC-SE,Vietnam,3,11,8,38,-0.12
P-000485,V-00264,APAC-IN,India,6,14.2,12,35,-0.06
P-000485,V-00885,NA-MX,Mexico,5,0.1,0,93,0
P-000487,V-00361,NA-MX,Mexico,3,4.4,0,40,-0.05
P-000488,V-00234,APAC-NE,Japan,3,21.5,8,15,-0.09
P-000488,V-00035,SA,Argentina,7,19.6,4,63,-0.08
P-000489,V-00440,EMEA-E,Turkey,8,14.5,6,97,-0.16
P-000489,V-00261,NA-US,United States,3,5,4,69,-0.06
P-000490,V-00516,EMEA-W,Italy,2,11.2,0,57,-0.04
P-000491,V-00268,APAC-NE,South Korea,3,6.7,12,68,-0.03
P-000491,V-00030,SA,Brazil,3,-5.7,6,86,0.02
P-000493,V-00509,APAC-IN,India,4,16.2,0,43,-0.06
P-000494,V-00047,APAC-SE,Vietnam,5,-4.2,6,61,0.02
P-000496,V-00453,SA,Brazil,5,5.7,6,71,-0.06
P-000496,V-00576,NA-MX,Mexico,2,18.7,0,74,-0.21
P-000496,V-00723,EMEA-E,Poland,2,-3.7,0,91,0.04
P-000497,V-00288,NA-MX,Mexico,5,13.9,4,79,-0.06
P-000497,V-00196,APAC-NE,Taiwan,6,12.6,12,62,-0.05
P-000497,V-00560,NA-US,United States,8,3.1,4,90,-0.01
P-000501,V-00789,SA,Argentina,5,7.5,12,67,-0.03
P-000503,V-00307,SA,Brazil,6,4.8,12,33,-0.02
P-000503,V-00400,SA,Argentina,3,20.1,0,90,-0.08
P-000503,V-00400,SA,Argentina,6,-2.7,12,93,0.01
P-000504,V-00068,EMEA-E,Romania,7,1.9,0,60,-0.01
P-000504,V-00559,SA,Brazil,4,14.6,8,63,-0.06
P-000504,V-00269,APAC-IN,India,7,7.8,12,93,-0.03
P-000505,V-00736,NA-US,United States,5,16.4,8,17,-0.07
P-000505,V-00380,APAC-SE,Vietnam,6,15.7,8,30,-0.06
P-000505,V-00180,APAC-IN,India,6,11.2,4,52,-0.04
P-000508,V-00788,NA-MX,Mexico,5,11.4,6,62,-0.05
P-000508,V-00532,APAC-SE,Thailand,5,18.4,6,36,-0.07
P-000508,V-00891,EMEA-E,Poland,5,10.9,8,64,-0.04
P-000509,V-00036,APAC-SE,Vietnam,2,10.6,0,78,-0.04
P-000510,V-00182,SA,Argentina,6,2,4,87,-0.01
P-000510,V-00498,EMEA-W,France,7,12.2,0,90,-0.05
P-000512,V-00205,NA-MX,Mexico,6,18.7,0,51,-0.07
P-000512,V-00396,APAC-NE,China,6,19.3,0,20,-0.08
P-000512,V-00364,APAC-SE,Malaysia,6,10.2,12,76,-0.04
P-000513,V-00010,EMEA-E,Romania,7,-4.5,12,46,0.02
P-000513,V-00550,SA,Argentina,3,3.7,0,57,-0.01
P-000516,V-00705,NA-US,United States,4,2.2,4,18,-0.01
P-000516,V-00330,NA-MX,Mexico,7,6.3,8,24,-0.03
P-000516,V-00161,SA,Argentina,2,18.6,4,80,-0.07
P-000517,V-00038,APAC-IN,India,4,16.4,4,69,-0.07
P-000517,V-00913,SA,Brazil,2,-2.3,0,87,0.01
P-000518,V-00299,NA-MX,Mexico,6,8.1,0,79,-0.03
P-000519,V-00346,EMEA-E,Poland,4,19.4,8,94,-0.08
P-000519,V-00482,APAC-NE,Taiwan,3,-1.7,0,83,0.01
P-000519,V-00338,APAC-SE,Vietnam,8,12.2,0,36,-0.05
P-000520,V-00161,SA,Argentina,2,8.4,8,74,-0.09
P-000521,V-00605,APAC-NE,Taiwan,8,-0.3,4,55,0
P-000521,V-00831,APAC-SE,Thailand,4,6.2,8,47,-0.02
P-000521,V-00807,EMEA-E,Turkey,9,5.8,4,97,-0.02
P-000522,V-00557,EMEA-W,Germany,4,0.6,0,59,0
P-000524,V-00439,APAC-NE,China,4,3.9,8,44,-0.02
P-000525,V-00624,NA-US,United States,4,16.2,0,68,-0.18
P-000526,V-00476,EMEA-E,Romania,8,-3,0,69,0.01
P-000526,V-00441,APAC-SE,Malaysia,3,12.9,0,84,-0.05
P-000526,V-00644,EMEA-E,Turkey,4,18.9,0,87,-0.08
P-000527,V-00496,NA-US,United States,3,-4.4,6,100,0.02
P-000527,V-00031,APAC-NE,China,6,16.6,8,59,-0.07
P-000530,V-00436,NA-US,United States,5,3.7,8,94,-0.01
P-000530,V-00039,EMEA-E,Romania,5,5.3,0,47,-0.02
P-000530,V-00281,APAC-IN,India,7,-2.4,8,76,0.01
P-000531,V-00428,NA-MX,Mexico,5,-3.5,8,36,0.01
P-000532,V-00163,APAC-NE,Taiwan,7,21.2,6,67,-0.08
P-000532,V-00854,NA-US,United States,6,17.9,8,63,-0.07
P-000533,V-00592,EMEA-W,Germany,7,14.5,0,63,-0.06
P-000533,V-00771,NA-MX,Mexico,7,5.7,8,76,-0.02
P-000534,V-00240,NA-US,United States,4,5.4,6,89,-0.02
P-000536,V-00054,NA-MX,Mexico,3,-5.2,4,22,0.02
P-000536,V-00418,APAC-NE,Taiwan,2,21.4,4,33,-0.09
P-000538,V-00432,NA-US,United States,3,13.6,6,47,-0.15
P-000538,V-00141,APAC-SE,Malaysia,5,2.1,12,49,-0.02
P-000538,V-00207,APAC-SE,Indonesia,8,15,4,87,-0.17
P-000539,V-00415,APAC-NE,Taiwan,3,9,8,31,-0.04
P-000540,V-00375,SA,Brazil,5,18.2,4,34,-0.07
P-000540,V-00399,APAC-NE,South Korea,6,18.1,4,16,-0.07
P-000542,V-00306,EMEA-E,Turkey,8,4.3,0,83,-0.02
P-000542,V-00306,EMEA-E,Turkey,6,-3.6,0,69,0.01
P-000542,V-00406,EMEA-W,Spain,9,0.9,6,29,0
P-000543,V-00163,APAC-NE,Taiwan,7,-5.2,0,41,0.02
P-000543,V-00452,APAC-IN,India,6,8.6,8,67,-0.03
P-000543,V-00906,EMEA-E,Poland,7,21.4,0,21,-0.09
P-000546,V-00042,APAC-IN,India,6,16,4,70,-0.06
P-000547,V-00048,NA-US,United States,7,-3.1,0,74,0.01
P-000547,V-00661,APAC-SE,Vietnam,2,6.2,4,92,-0.02
P-000550,V-00666,APAC-SE,Indonesia,4,-3.3,8,34,0.01
P-000550,V-00537,SA,Brazil,9,7.6,8,57,-0.03
P-000552,V-00603,SA,Argentina,3,13.5,4,46,-0.05
P-000552,V-00812,NA-MX,Mexico,4,17.7,12,21,-0.07
P-000552,V-00792,EMEA-E,Romania,7,9.8,6,25,-0.04
P-000553,V-00116,APAC-IN,India,9,-5.1,6,29,0.02
P-000554,V-00639,EMEA-E,Turkey,5,10.5,6,80,-0.04
P-000555,V-00037,SA,Brazil,8,17.8,6,63,-0.07
P-000555,V-00138,EMEA-W,France,5,1.6,8,51,-0.01
P-000558,V-00506,SA,Argentina,4,17,12,75,-0.07
P-000559,V-00088,APAC-SE,Vietnam,3,4.2,4,49,-0.05
P-000559,V-00945,APAC-IN,India,5,1.7,4,82,-0.02
P-000559,V-00914,EMEA-W,Italy,1,19.6,8,31,-0.22
P-000564,V-00403,NA-MX,Mexico,1,20.5,12,39,-0.08
P-000564,V-00405,NA-MX,Mexico,2,16.4,0,47,-0.07
P-000565,V-00274,EMEA-W,Spain,3,17.5,4,94,-0.07
P-000566,V-00816,EMEA-E,Poland,4,8.5,0,22,-0.03
P-000566,V-00555,APAC-IN,India,6,-3,4,76,0.01
P-000567,V-00288,NA-MX,Mexico,5,12.6,0,91,-0.14
P-000567,V-00498,EMEA-W,France,7,5.7,6,92,-0.06
P-000567,V-00669,APAC-SE,Vietnam,6,16.4,6,45,-0.18
P-000568,V-00097,SA,Brazil,3,3.6,12,47,-0.01
P-000568,V-00819,APAC-NE,Taiwan,4,8.4,8,82,-0.03
P-000570,V-00583,APAC-NE,Japan,3,-3.4,8,94,0.01
P-000570,V-00849,APAC-SE,Vietnam,7,14.7,0,91,-0.06
P-000571,V-00032,APAC-IN,India,7,-5.1,8,41,0.02
P-000571,V-00332,APAC-IN,India,2,13.7,4,54,-0.05
P-000571,V-00542,SA,Argentina,6,19,8,16,-0.08
P-000572,V-00189,EMEA-W,Spain,8,10.6,0,85,-0.04
P-000577,V-00685,APAC-SE,Vietnam,2,13.3,8,77,-0.05
P-000578,V-00656,SA,Brazil,4,17.6,4,27,-0.19
P-000581,V-00854,NA-US,United States,6,7.6,6,96,-0.08
P-000581,V-00821,NA-US,United States,8,10.8,6,94,-0.12
P-000583,V-00191,EMEA-E,Turkey,6,-5.4,6,50,0.02
P-000583,V-00487,APAC-IN,India,4,-2.9,0,41,0.01
P-000585,V-00389,APAC-NE,Japan,3,0.1,0,87,0
P-000585,V-00420,APAC-SE,Malaysia,5,0.3,12,69,0
P-000585,V-00124,EMEA-W,France,6,10.5,0,27,-0.04
P-000587,V-00082,SA,Argentina,4,4.7,0,42,-0.02
P-000587,V-00125,EMEA-W,France,5,21,4,78,-0.08
P-000588,V-00124,EMEA-W,France,7,8.4,6,34,-0.03
P-000588,V-00205,NA-MX,Mexico,6,-2.9,0,90,0.01
P-000589,V-00632,EMEA-W,Germany,5,17.7,8,75,-0.07
P-000589,V-00643,APAC-IN,India,5,4.7,12,43,-0.02
P-000589,V-00691,APAC-IN,India,5,9.4,6,62,-0.04
P-000590,V-00557,EMEA-W,Germany,3,2,12,21,-0.01
P-000590,V-00030,SA,Brazil,3,9.9,8,25,-0.04
P-000590,V-00293,APAC-NE,Taiwan,5,11,12,100,-0.04
P-000592,V-00624,NA-US,United States,4,0.3,6,78,0
P-000593,V-00842,EMEA-E,Romania,8,20.1,8,92,-0.08
P-000594,V-00211,EMEA-E,Turkey,3,0.7,0,83,-0.01
P-000595,V-00051,NA-MX,Mexico,6,-1.4,8,25,0.01
P-000595,V-00546,NA-MX,Mexico,6,14.1,0,88,-0.06
P-000595,V-00051,NA-MX,Mexico,7,-0.9,0,82,0
P-000596,V-00195,APAC-NE,Taiwan,5,7.6,8,22,-0.03
P-000598,V-00207,APAC-SE,Indonesia,7,13,6,17,-0.14
P-000598,V-00315,NA-US,United States,2,5.4,8,48,-0.06
P-000599,V-00112,NA-US,United States,8,7.3,12,85,-0.03
P-000599,V-00715,EMEA-E,Turkey,3,9.8,6,97,-0.04
P-000600,V-00684,APAC-NE,Japan,6,0.9,0,50,0
P-000600,V-00450,APAC-IN,India,6,4.6,6,23,-0.02
P-000600,V-00186,EMEA-E,Romania,7,13.9,0,22,-0.06
P-000602,V-00111,NA-MX,Mexico,6,11.6,0,48,-0.05
P-000602,V-00549,EMEA-W,Italy,6,4.8,0,29,-0.02
P-000602,V-00115,APAC-NE,Taiwan,2,3.6,0,73,-0.01
P-000604,V-00347,APAC-SE,Malaysia,6,14,0,71,-0.06
P-000605,V-00744,SA,Brazil,4,11.8,12,33,-0.05
P-000605,V-00052,EMEA-E,Turkey,5,-4.8,0,38,0.02
P-000605,V-00771,NA-MX,Mexico,7,15.3,4,15,-0.06
P-000606,V-00155,SA,Argentina,8,8.2,12,91,-0.03
P-000606,V-00807,EMEA-E,Turkey,6,20.5,8,94,-0.08
P-000606,V-00130,NA-US,United States,8,2.1,6,47,-0.01
P-000607,V-00838,NA-US,United States,8,1.7,6,41,-0.01
P-000607,V-00365,APAC-IN,India,6,6.1,0,41,-0.02
P-000607,V-00297,APAC-NE,Taiwan,5,2,12,48,-0.01
P-000609,V-00150,EMEA-E,Poland,1,3.3,8,20,-0.01
P-000611,V-00850,APAC-NE,Japan,6,1.8,12,28,-0.01
P-000611,V-00562,APAC-IN,India,3,6.7,4,86,-0.03
P-000611,V-00710,EMEA-W,France,4,5.7,4,78,-0.02
P-000613,V-00088,APAC-SE,Vietnam,5,20.1,8,82,-0.08
P-000613,V-00732,EMEA-E,Turkey,5,2,0,70,-0.01
P-000613,V-00516,EMEA-W,Italy,5,13.2,4,44,-0.05
P-000614,V-00602,APAC-SE,Thailand,3,19.6,8,52,-0.08
P-000614,V-00131,EMEA-E,Czechia,7,2.9,6,43,-0.01
P-000614,V-00048,NA-US,United States,7,19.4,6,99,-0.08
P-000616,V-00579,NA-US,United States,7,5.7,8,55,-0.02
P-000616,V-00266,SA,Brazil,7,21.4,6,84,-0.09
P-000617,V-00433,SA,Brazil,6,15.4,6,82,-0.06
P-000617,V-00260,APAC-IN,India,3,9.2,4,93,-0.04
P-000618,V-00778,NA-US,United States,5,-0.2,8,83,0
P-000618,V-00273,NA-MX,Mexico,5,-0.3,6,32,0
P-000619,V-00688,NA-US,United States,3,20,4,21,-0.08
P-000621,V-00671,SA,Argentina,3,21.9,4,15,-0.09
P-000621,V-00019,APAC-NE,Taiwan,2,15.8,8,48,-0.06
P-000622,V-00472,APAC-SE,Vietnam,6,12.1,8,34,-0.05
P-000623,V-00392,NA-US,United States,3,-5,6,54,0.02
P-000623,V-00392,NA-US,United States,5,-1.3,0,82,0.01
P-000624,V-00495,SA,Brazil,5,16.3,0,95,-0.07
P-000625,V-00521,NA-US,United States,4,18,12,80,-0.07
P-000625,V-00788,NA-MX,Mexico,5,21.3,6,88,-0.09
P-000629,V-00027,APAC-IN,India,7,1.3,6,96,-0.01
P-000629,V-00141,APAC-SE,Malaysia,6,-4.6,0,47,0.02
P-000629,V-00816,EMEA-E,Poland,3,19.3,12,46,-0.08
P-000630,V-00436,NA-US,United States,6,-1.6,0,19,0.01
P-000631,V-00451,NA-MX,Mexico,4,16.5,4,78,-0.07
P-000632,V-00646,APAC-SE,Malaysia,4,7.2,8,93,-0.03
P-000632,V-00332,APAC-IN,India,4,15.3,0,87,-0.06
P-000633,V-00542,SA,Argentina,7,-0.2,12,51,0
P-000633,V-00087,APAC-NE,Japan,7,7.5,4,68,-0.03
P-000633,V-00734,EMEA-E,Poland,7,-1.1,12,66,0
P-000636,V-00842,EMEA-E,Romania,7,0.5,0,78,0
P-000636,V-00440,EMEA-E,Turkey,8,11,4,96,-0.04
P-000637,V-00349,NA-US,United States,3,12,8,68,-0.13
P-000637,V-00360,EMEA-E,Czechia,5,19.5,8,21,-0.21
P-000637,V-00400,SA,Argentina,5,1.7,0,100,-0.02
P-000638,V-00565,SA,Argentina,4,4.1,4,38,-0.05
P-000640,V-00106,NA-MX,Mexico,6,4.4,0,40,-0.02
P-000640,V-00221,APAC-NE,South Korea,9,2.2,4,87,-0.01
P-000640,V-00462,NA-MX,Mexico,5,21,4,71,-0.08
P-000641,V-00352,SA,Brazil,5,-4.3,0,68,0.02
P-000641,V-00872,NA-US,United States,6,14.4,0,18,-0.06
P-000641,V-00852,EMEA-W,Italy,4,-3,0,15,0.01
P-000642,V-00171,EMEA-E,Turkey,2,21.3,12,90,-0.09
P-000642,V-01000,EMEA-W,Spain,1,-0.5,0,78,0
P-000642,V-01073,EMEA-W,Spain,7,7.1,0,67,-0.03
P-000643,V-00295,NA-US,United States,4,10,6,67,-0.04
P-000644,V-00676,NA-US,United States,4,21.8,12,49,-0.09
P-000645,V-00480,APAC-NE,Taiwan,8,-3.9,4,56,0.02
P-000645,V-00649,EMEA-W,France,4,4.8,0,23,-0.02
P-000645,V-00232,NA-US,United States,2,8.1,0,33,-0.03
P-000646,V-00642,EMEA-E,Czechia,6,16.1,4,72,-0.18
P-000648,V-00249,APAC-SE,Indonesia,4,19.6,6,62,-0.22
P-000649,V-00422,EMEA-E,Turkey,7,-4,0,57,0.02
P-000652,V-00362,SA,Brazil,3,-1.9,6,89,0.01
P-000652,V-00097,SA,Brazil,4,17.7,8,81,-0.07
P-000654,V-00193,NA-US,United States,9,16.5,6,99,-0.07
P-000654,V-00844,SA,Brazil,6,-4.5,6,42,0.02
P-000654,V-00850,APAC-NE,Japan,9,19.9,0,56,-0.08
P-000655,V-00427,NA-US,United States,4,13.7,0,69,-0.05
P-000655,V-00525,EMEA-E,Poland,4,10.6,8,18,-0.04
P-000655,V-00091,APAC-NE,South Korea,4,11,0,41,-0.04
P-000656,V-00352,SA,Brazil,5,18.9,12,95,-0.08
P-000657,V-00439,APAC-NE,China,4,-3.2,12,93,0.01
P-000657,V-00774,EMEA-E,Romania,7,-2.7,6,25,0.01
P-000657,V-00872,NA-US,United States,4,-5,0,28,0.02
P-000660,V-00671,SA,Argentina,2,9.5,8,19,-0.04
P-000660,V-00292,NA-MX,Mexico,4,-1,8,86,0
P-000660,V-00674,NA-MX,Mexico,8,4.2,0,40,-0.02
P-000662,V-00300,APAC-NE,Japan,6,18.5,8,25,-0.07
P-000663,V-00370,EMEA-E,Poland,6,14.3,0,79,-0.06
P-000663,V-00761,SA,Brazil,7,4.7,8,57,-0.02
P-000663,V-00857,APAC-NE,Japan,5,2.1,0,99,-0.01
P-000664,V-00779,APAC-SE,Malaysia,6,15.6,8,18,-0.17
P-000664,V-00432,NA-US,United States,4,5.2,8,24,-0.06
P-000664,V-00450,APAC-IN,India,8,17.1,12,95,-0.19
P-000666,V-00061,NA-MX,Mexico,2,3.9,0,68,-0.02
P-000668,V-00498,EMEA-W,France,6,11.2,6,98,-0.04
P-000670,V-00075,APAC-IN,India,5,7.7,8,87,-0.03
P-000670,V-00595,SA,Brazil,3,-2.9,12,29,0.01
P-000670,V-00527,NA-MX,Mexico,4,-1.9,6,19,0.01
P-000671,V-00222,NA-US,United States,4,15,8,24,-0.06
P-000672,V-00184,SA,Argentina,4,10.3,6,17,-0.04
P-000674,V-00399,APAC-NE,South Korea,6,12.9,4,71,-0.05
P-000675,V-00750,EMEA-E,Poland,5,20,12,86,-0.08
P-000675,V-00269,APAC-IN,India,7,14.7,6,30,-0.06
P-000676,V-00347,APAC-SE,Malaysia,5,-0.3,12,59,0
P-000676,V-00695,NA-MX,Mexico,3,11.5,6,79,-0.05
P-000678,V-00115,APAC-NE,Taiwan,2,13.7,6,53,-0.05
P-000678,V-00365,APAC-IN,India,5,8.6,0,66,-0.03
P-000678,V-00849,APAC-SE,Vietnam,8,20.1,6,80,-0.08
P-000680,V-00264,APAC-IN,India,8,6,6,50,-0.02
P-000680,V-00261,NA-US,United States,3,-4.9,12,92,0.02
P-000680,V-00672,EMEA-E,Romania,3,18.8,0,65,-0.08
P-000682,V-00595,SA,Brazil,1,21.9,0,78,-0.24
P-000682,V-00768,APAC-SE,Indonesia,4,17.5,0,57,-0.19
P-000682,V-00324,NA-US,United States,7,9.8,0,81,-0.11
P-000683,V-00399,APAC-NE,South Korea,5,13.2,0,39,-0.15
P-000683,V-00607,APAC-NE,Taiwan,5,14.5,12,93,-0.16
P-000684,V-00108,NA-US,United States,6,4.4,12,35,-0.02
P-000684,V-00525,EMEA-E,Poland,4,10.5,12,34,-0.04
P-000686,V-00771,NA-MX,Mexico,7,7.2,4,90,-0.08
P-000687,V-00025,NA-US,United States,6,8.3,0,73,-0.09
P-000687,V-00566,APAC-NE,South Korea,3,0.9,4,45,-0.01
P-000687,V-00084,NA-MX,Mexico,8,21.6,4,91,-0.24
P-000689,V-00525,EMEA-E,Poland,3,-3.2,0,66,0.01
P-000690,V-00045,NA-US,United States,4,3.9,6,48,-0.02
P-000690,V-00234,APAC-NE,Japan,4,5.3,0,26,-0.02
P-000690,V-00035,SA,Argentina,6,-5.8,0,99,0.02
P-000691,V-00459,EMEA-E,Turkey,2,5.6,4,21,-0.02
P-000691,V-00019,APAC-NE,Taiwan,4,5,0,88,-0.02
P-000694,V-00643,APAC-IN,India,5,2,4,96,-0.01
P-000694,V-00414,NA-US,United States,8,14,4,52,-0.06
P-000694,V-00646,APAC-SE,Malaysia,4,18.7,0,60,-0.07
P-000696,V-00005,EMEA-E,Turkey,3,21.7,8,68,-0.09
P-000696,V-00248,APAC-SE,Indonesia,5,8.9,0,35,-0.04
P-000699,V-00028,APAC-IN,India,2,-3,0,85,0.01
P-000699,V-00029,APAC-IN,India,3,16.5,0,43,-0.07
P-000702,V-00285,NA-US,United States,5,14.1,0,18,-0.06
P-000703,V-00446,EMEA-W,France,8,-1,6,61,0
P-000704,V-00829,APAC-NE,Japan,5,-5.1,4,31,0.02
P-000705,V-00068,EMEA-E,Romania,7,10.1,4,89,-0.04
P-000705,V-00061,NA-MX,Mexico,4,-0.5,8,34,0
P-000705,V-00168,APAC-SE,Vietnam,2,-3.8,6,95,0.02
P-000706,V-00561,APAC-NE,Japan,7,0.4,8,51,0
P-000708,V-00239,NA-MX,Mexico,7,13.4,12,95,-0.05
P-000708,V-00506,SA,Argentina,6,18,4,99,-0.07
P-000708,V-00442,NA-MX,Mexico,4,3,0,96,-0.01
P-000709,V-00422,EMEA-E,Turkey,6,21,0,80,-0.23
P-000709,V-00049,NA-MX,Mexico,8,1.6,8,90,-0.02
P-000709,V-00037,SA,Brazil,6,10.8,0,49,-0.12
P-000710,V-00357,SA,Brazil,7,6.3,8,79,-0.03
P-000714,V-00423,NA-US,United States,4,2.6,12,83,-0.01
P-000715,V-00327,SA,Brazil,6,18.6,0,17,-0.07
P-000715,V-00192,APAC-SE,Malaysia,2,15.7,6,33,-0.06
P-000715,V-00158,NA-US,United States,3,11.4,4,52,-0.05
P-000716,V-00026,APAC-NE,China,4,13,12,91,-0.05
P-000716,V-00043,APAC-NE,Taiwan,3,19,8,68,-0.08
P-000718,V-00044,NA-US,United States,3,11.1,4,78,-0.04
P-000718,V-00309,APAC-NE,China,5,13,0,62,-0.05
P-000719,V-00025,NA-US,United States,7,5.7,12,36,-0.06
P-000719,V-00102,APAC-IN,India,5,8.4,0,32,-0.09
P-000719,V-00631,NA-MX,Mexico,4,9.7,0,39,-0.11
P-000721,V-00724,EMEA-E,Turkey,6,4.8,0,64,-0.05
P-000721,V-00819,APAC-NE,Taiwan,5,0.9,8,59,-0.01
P-000721,V-00650,APAC-IN,India,5,21.1,12,29,-0.23
P-000723,V-00266,SA,Brazil,6,18.1,8,83,-0.07
P-000724,V-00106,NA-MX,Mexico,6,19.1,12,35,-0.08
P-000724,V-00234,APAC-NE,Japan,3,21.5,0,98,-0.09
P-000726,V-00377,EMEA-W,Spain,2,-5.5,0,93,0.02
P-000726,V-00414,NA-US,United States,6,19.4,6,43,-0.08
P-000728,V-00315,NA-US,United States,3,-3.7,0,89,0.01
P-000728,V-00531,NA-MX,Mexico,3,2,6,98,-0.01
P-000728,V-00105,APAC-SE,Thailand,6,6.5,4,84,-0.03
P-000729,V-00168,APAC-SE,Vietnam,4,13.4,0,86,-0.05
P-000729,V-00654,NA-US,United States,5,-5.4,4,85,0.02
P-000729,V-00617,EMEA-W,Spain,6,20.2,8,24,-0.08
P-000732,V-00122,APAC-SE,Malaysia,7,1.6,0,88,-0.01
P-000733,V-00541,APAC-SE,Malaysia,8,-3.2,4,40,0.01
P-000733,V-00074,SA,Argentina,4,-4.3,4,15,0.02
P-000733,V-00496,NA-US,United States,5,11.6,12,95,-0.05
P-000736,V-00430,EMEA-W,Italy,6,9.5,6,15,-0.04
P-000736,V-00611,NA-MX,Mexico,8,1.8,4,49,-0.01
P-000737,V-00814,APAC-IN,India,4,5.2,12,28,-0.02
P-000737,V-00792,EMEA-E,Romania,5,19.5,0,82,-0.08
P-000738,V-00239,NA-MX,Mexico,8,12.3,0,70,-0.05
P-000738,V-00506,SA,Argentina,3,16.2,4,93,-0.06
P-000739,V-00307,SA,Brazil,7,-6,12,65,0.02
P-000739,V-00090,APAC-SE,Thailand,6,18.5,8,71,-0.07
P-000742,V-00087,APAC-NE,Japan,5,10.7,0,81,-0.04
P-000742,V-00433,SA,Brazil,9,-5.4,0,64,0.02
P-000742,V-00414,NA-US,United States,8,20.3,12,35,-0.08
P-000744,V-00282,APAC-IN,India,7,-2.4,0,45,0.03
P-000745,V-00125,EMEA-W,France,4,16.9,4,24,-0.19
P-000745,V-00163,APAC-NE,Taiwan,5,5.7,12,20,-0.06
P-000745,V-00082,SA,Argentina,4,8.4,8,27,-0.09
P-000746,V-00534,APAC-NE,Japan,3,21.6,12,83,-0.09
P-000747,V-00535,EMEA-W,France,6,20.2,6,51,-0.08
P-000747,V-00520,SA,Brazil,5,-3.2,0,57,0.01
P-000748,V-00089,NA-US,United States,8,7,8,50,-0.08
P-000748,V-00065,EMEA-E,Romania,7,-1.5,4,45,0.02
P-000748,V-00482,APAC-NE,Taiwan,3,5.1,4,26,-0.06
P-000749,V-00307,SA,Brazil,5,21.9,8,46,-0.09
P-000751,V-00254,SA,Argentina,3,19.1,4,86,-0.08
P-000753,V-00514,APAC-NE,Japan,5,1.1,4,88,0
P-000754,V-00294,NA-US,United States,3,21.9,8,63,-0.24
P-000754,V-00131,EMEA-E,Czechia,7,2.4,0,75,-0.03
P-000754,V-00294,NA-US,United States,2,11.3,6,81,-0.12
P-000755,V-00570,APAC-NE,Japan,6,14.8,8,49,-0.16
P-000755,V-00419,SA,Argentina,5,-1.4,4,29,0.02
P-000755,V-00309,APAC-NE,China,4,5.6,12,20,-0.06
P-000758,V-00445,EMEA-W,France,4,19.1,6,70,-0.21
P-000758,V-00374,APAC-SE,Thailand,5,4.2,6,72,-0.05
P-000758,V-00576,NA-MX,Mexico,3,5.1,6,66,-0.06
P-000760,V-00746,EMEA-W,Spain,3,-2.2,0,78,0.01
P-000760,V-00746,EMEA-W,Spain,2,5.9,0,80,-0.02
P-000761,V-00058,NA-US,United States,9,-4.9,8,89,0.05
P-000761,V-00206,APAC-NE,South Korea,3,4.2,8,31,-0.05
P-000762,V-00601,EMEA-W,France,5,6.2,0,61,-0.02
P-000762,V-00563,APAC-SE,Thailand,3,19.2,6,72,-0.08
P-000762,V-00156,SA,Argentina,6,0,4,20,0
P-000764,V-00008,NA-US,United States,6,15.5,6,63,-0.06
P-000764,V-00372,NA-MX,Mexico,2,19.2,0,88,-0.08
P-000764,V-00054,NA-MX,Mexico,5,-4.8,0,73,0.02
P-000765,V-00504,NA-US,United States,5,16.4,0,20,-0.07
P-000765,V-00225,NA-MX,Mexico,7,19.2,8,43,-0.08
P-000768,V-00068,EMEA-E,Romania,8,-2.1,0,84,0.02
P-000768,V-00244,EMEA-E,Czechia,3,14,12,19,-0.15
P-000768,V-00061,NA-MX,Mexico,3,10.7,6,97,-0.12
P-000770,V-00452,APAC-IN,India,5,2.3,4,60,-0.03
P-000770,V-00297,APAC-NE,Taiwan,6,13,8,72,-0.14
P-000771,V-00437,EMEA-W,Germany,8,-3.4,0,96,0.01
P-000771,V-00600,APAC-IN,India,6,18.9,0,23,-0.08
P-000776,V-00718,APAC-IN,India,3,12,8,69,-0.13
P-000776,V-00541,APAC-SE,Malaysia,6,13.8,8,45,-0.15
P-000776,V-00305,APAC-SE,Vietnam,1,1.7,0,44,-0.02
P-000777,V-00872,NA-US,United States,5,8.8,12,54,-0.04
P-000779,V-00038,APAC-IN,India,5,12.5,6,82,-0.05
P-000780,V-00098,EMEA-E,Turkey,3,3.3,0,16,-0.01
P-000780,V-00652,SA,Argentina,7,-1.6,4,20,0.01
P-000780,V-00788,NA-MX,Mexico,4,7.9,8,61,-0.03
P-000781,V-00278,APAC-IN,India,6,17.1,12,67,-0.07
P-000781,V-00119,APAC-SE,Malaysia,5,18.6,0,71,-0.07
P-000781,V-00119,APAC-SE,Malaysia,4,20.4,0,76,-0.08
P-000783,V-00585,SA,Brazil,7,19.5,0,95,-0.08
P-000784,V-00473,NA-MX,Mexico,7,-4.3,8,30,0.02
P-000784,V-00543,NA-US,United States,5,3.1,4,91,-0.01
P-000784,V-00078,APAC-NE,China,2,16.1,4,81,-0.06
P-000786,V-00906,EMEA-E,Poland,7,13.2,4,49,-0.05
P-000786,V-00849,APAC-SE,Vietnam,8,0.5,6,60,0
P-000787,V-00709,NA-MX,Mexico,8,21.4,0,99,-0.09
P-000787,V-00289,EMEA-E,Turkey,5,-0.6,4,39,0
P-000788,V-00006,APAC-SE,Indonesia,6,0.6,0,96,0
P-000789,V-00649,EMEA-W,France,4,6.1,0,20,-0.02
P-000789,V-00060,APAC-SE,Indonesia,4,14.5,0,47,-0.06
P-000790,V-00591,SA,Brazil,6,2.1,0,61,-0.01
P-000791,V-00642,EMEA-E,Czechia,5,21.3,4,70,-0.23
P-000791,V-00642,EMEA-E,Czechia,5,16.1,0,36,-0.18
P-000792,V-00750,EMEA-E,Poland,5,17.2,0,33,-0.19
P-000792,V-00706,APAC-IN,India,2,-3.2,4,38,0.04
P-000795,V-00930,EMEA-W,France,2,6.7,0,93,-0.03
P-000795,V-00316,NA-MX,Mexico,6,15.5,4,29,-0.06
P-000796,V-00559,SA,Brazil,4,17.9,0,49,-0.07
P-000796,V-00140,APAC-NE,Taiwan,4,2,0,92,-0.01
P-000797,V-00008,NA-US,United States,6,19,0,52,-0.21
P-000797,V-00403,NA-MX,Mexico,3,9.4,0,91,-0.1
P-000798,V-00246,NA-MX,Mexico,9,4.7,4,84,-0.02
P-000798,V-00017,APAC-NE,China,3,7.4,0,52,-0.03
P-000799,V-00382,APAC-NE,South Korea,6,-0.6,12,70,0
P-000799,V-00855,NA-MX,Mexico,8,8.5,12,68,-0.03
P-000800,V-00748,NA-US,United States,4,16.5,12,48,-0.07
P-000800,V-00674,NA-MX,Mexico,8,19.2,6,93,-0.08
P-000800,V-00665,APAC-SE,Vietnam,3,-3.7,0,51,0.01
P-000802,V-00508,SA,Brazil,5,1.4,8,22,-0.02
P-000802,V-00219,NA-US,United States,4,-1.5,0,81,0.02
P-000802,V-00227,APAC-SE,Indonesia,4,8.6,12,90,-0.09
P-000804,V-00379,APAC-NE,South Korea,4,0.7,4,55,-0.01
P-000804,V-00580,NA-MX,Mexico,4,10.4,0,78,-0.11
P-000805,V-00155,SA,Argentina,6,7,12,21,-0.03
P-000805,V-00534,APAC-NE,Japan,2,7.6,0,21,-0.03
P-000805,V-00347,APAC-SE,Malaysia,6,20.8,8,88,-0.08
P-000806,V-00172,EMEA-W,Germany,4,2.5,8,85,-0.03
P-000807,V-00080,EMEA-W,France,4,18.3,0,51,-0.07
P-000807,V-00401,SA,Brazil,7,-0.7,8,32,0
P-000807,V-00359,NA-MX,Mexico,7,10.4,6,30,-0.04
P-000810,V-00049,NA-MX,Mexico,9,-2.1,6,26,0.01
P-000811,V-00604,EMEA-E,Czechia,9,15.1,6,64,-0.06
P-000811,V-00293,APAC-NE,Taiwan,5,13.6,4,19,-0.05
P-000812,V-00585,SA,Brazil,5,4.1,0,15,-0.05
P-000813,V-00561,APAC-NE,Japan,7,0.4,0,99,0
P-000814,V-00516,EMEA-W,Italy,4,3.6,6,84,-0.01
P-000814,V-00383,APAC-NE,Taiwan,8,15.8,12,15,-0.06
P-000814,V-00732,EMEA-E,Turkey,6,18.4,4,80,-0.07
P-000815,V-00374,APAC-SE,Thailand,4,11.3,0,47,-0.05
P-000815,V-00374,APAC-SE,Thailand,5,12.7,0,89,-0.05
P-000815,V-00123,EMEA-W,Spain,8,16.8,6,82,-0.07
P-000816,V-00469,APAC-SE,Indonesia,6,0.3,8,99,0
P-000817,V-00468,NA-US,United States,6,-3.2,6,89,0.01
P-000817,V-00468,NA-US,United States,8,3.1,6,99,-0.01
P-000817,V-00185,APAC-IN,India,6,-5.6,0,87,0.02
P-000819,V-00823,NA-US,United States,5,4.3,6,55,-0.02
P-000819,V-00818,APAC-NE,South Korea,7,-5,4,80,0.02
P-000820,V-00754,NA-MX,Mexico,5,11.4,6,78,-0.05
P-000821,V-00237,EMEA-W,Italy,1,4.2,12,86,-0.05
P-000821,V-00155,SA,Argentina,9,-1.5,0,55,0.02
P-000821,V-00237,EMEA-W,Italy,2,12.5,12,58,-0.14
P-000822,V-00437,EMEA-W,Germany,6,19.9,6,29,-0.08
P-000822,V-00653,EMEA-E,Czechia,4,-2.1,0,73,0.01
P-000822,V-00305,APAC-SE,Vietnam,1,3.9,4,98,-0.02
P-000824,V-00404,EMEA-E,Romania,3,21.3,0,38,-0.23
P-000825,V-00591,SA,Brazil,6,1.4,4,68,-0.01
P-000825,V-00403,NA-MX,Mexico,1,20,12,40,-0.08
P-000826,V-00084,NA-MX,Mexico,7,-4.7,12,32,0.02
P-000826,V-00670,EMEA-E,Czechia,3,11.7,8,51,-0.05
P-000826,V-00969,NA-MX,Mexico,3,7.1,6,69,-0.03
P-000829,V-00732,EMEA-E,Turkey,7,5.9,0,71,-0.06
P-000829,V-00797,APAC-IN,India,2,-2.6,0,44,0.03
P-000830,V-00160,EMEA-E,Czechia,3,15.9,12,67,-0.06
P-000830,V-00563,APAC-SE,Thailand,4,19.3,0,89,-0.08
P-000834,V-00077,NA-US,United States,6,-3.6,0,88,0.01
P-000834,V-00143,APAC-SE,Vietnam,4,-1.4,0,27,0.01
P-000834,V-00248,APAC-SE,Indonesia,6,10.3,12,89,-0.04
P-000835,V-00375,SA,Brazil,5,7.2,12,40,-0.03
P-000835,V-00173,APAC-NE,South Korea,5,14,12,86,-0.06
P-000837,V-00497,APAC-NE,Taiwan,7,-2.2,8,66,0.01
P-000838,V-00061,NA-MX,Mexico,4,13,0,83,-0.05
P-000838,V-00678,NA-MX,Mexico,2,-4.2,8,30,0.02
P-000838,V-00269,APAC-IN,India,8,3,0,80,-0.01
P-000840,V-00779,APAC-SE,Malaysia,4,20.8,4,71,-0.08
P-000840,V-00198,EMEA-W,Spain,7,15.6,0,17,-0.06
P-000840,V-00410,APAC-SE,Malaysia,3,15.4,12,90,-0.06
P-000841,V-00008,NA-US,United States,8,14.3,8,69,-0.16
P-000842,V-00761,SA,Brazil,7,16.5,4,89,-0.18
P-000843,V-00124,EMEA-W,France,7,-1.2,0,38,0
P-000844,V-00086,EMEA-E,Czechia,7,-5.5,0,63,0.02
P-000844,V-00588,APAC-NE,China,7,19.6,12,18,-0.08
P-000845,V-00549,EMEA-W,Italy,5,18.4,6,78,-0.07
P-000846,V-00262,EMEA-E,Poland,7,16.2,6,93,-0.18
P-000847,V-00338,APAC-SE,Vietnam,7,1.8,8,87,-0.01
P-000847,V-00397,NA-MX,Mexico,2,-0.2,4,67,0
P-000848,V-00568,APAC-IN,India,6,13.4,8,97,-0.15
P-000850,V-00521,NA-US,United States,4,4.1,4,95,-0.05
P-000850,V-00264,APAC-IN,India,8,7.9,6,39,-0.09
P-000854,V-00777,EMEA-W,Germany,3,-5.2,0,18,0.02
P-000854,V-00009,APAC-SE,Indonesia,3,9.8,0,36,-0.04
P-000854,V-00291,APAC-NE,South Korea,6,18.9,4,58,-0.08
P-000855,V-00361,NA-MX,Mexico,6,0.2,8,27,0
P-000855,V-00124,EMEA-W,France,7,3.1,4,58,-0.01
P-000855,V-00126,APAC-SE,Indonesia,3,-2.1,12,47,0.01
P-000856,V-00044,NA-US,United States,5,-2.1,0,61,0.01
P-000856,V-00142,EMEA-W,Italy,4,-4.1,4,36,0.02
P-000858,V-00210,APAC-IN,India,2,5.5,0,56,-0.02
P-000858,V-00260,APAC-IN,India,3,21.1,0,58,-0.08
P-000860,V-00728,NA-US,United States,3,3.8,6,59,-0.02
P-000860,V-00502,SA,Argentina,1,8.3,6,54,-0.03
P-000861,V-00259,APAC-NE,China,6,-3.2,0,97,0.01
P-000861,V-00225,NA-MX,Mexico,7,11,0,55,-0.04
P-000861,V-00230,APAC-SE,Vietnam,6,1.5,4,74,-0.01
P-000862,V-00428,NA-MX,Mexico,6,9.3,6,71,-0.04
P-000862,V-00320,APAC-IN,India,4,10.8,4,77,-0.04
P-000862,V-00302,NA-US,United States,4,11.2,0,67,-0.04
P-000863,V-00049,NA-MX,Mexico,9,5.4,12,26,-0.02
P-000863,V-00029,APAC-IN,India,4,13.9,0,36,-0.06
P-000863,V-00222,NA-US,United States,3,8,6,57,-0.03
P-000865,V-00273,NA-MX,Mexico,5,0.8,0,94,-0.01
P-000865,V-00321,APAC-SE,Malaysia,4,7.5,12,84,-0.08
P-000865,V-00681,EMEA-E,Turkey,4,10.7,0,83,-0.12
P-000866,V-00649,EMEA-W,France,6,5.4,0,97,-0.02
P-000866,V-00144,SA,Brazil,4,7,0,75,-0.03
P-000866,V-00717,SA,Argentina,8,-3.5,0,92,0.01
P-000868,V-00882,APAC-NE,South Korea,8,17,0,78,-0.07
P-000868,V-00561,APAC-NE,Japan,7,17.6,0,63,-0.07
P-000870,V-00695,NA-MX,Mexico,4,-4.8,4,94,0.05
P-000871,V-00457,NA-MX,Mexico,5,21.9,4,40,-0.09
P-000871,V-00267,NA-MX,Mexico,5,-3,6,75,0.01
P-000871,V-00054,NA-MX,Mexico,5,-5.2,12,100,0.02
P-000872,V-00142,EMEA-W,Italy,5,4.3,8,78,-0.02
P-000872,V-00118,SA,Brazil,7,18.8,8,84,-0.08
P-000872,V-00265,SA,Brazil,8,3.8,4,61,-0.02
P-000874,V-00406,EMEA-W,Spain,8,-5.6,0,60,0.02
P-000874,V-00330,NA-MX,Mexico,7,11.4,0,83,-0.05
P-000874,V-00700,NA-US,United States,5,11.1,6,82,-0.04
P-000875,V-00281,APAC-IN,India,7,4.1,0,58,-0.02
P-000875,V-00451,NA-MX,Mexico,3,15.4,4,37,-0.06
P-000876,V-00604,EMEA-E,Czechia,8,14.7,0,73,-0.06
P-000876,V-00511,EMEA-W,France,9,9.7,4,66,-0.04
P-000877,V-00632,EMEA-W,Germany,7,11.9,4,24,-0.13
P-000877,V-00210,APAC-IN,India,3,0.3,12,48,0
P-000878,V-00476,EMEA-E,Romania,6,5.4,0,62,-0.02
P-000879,V-00890,APAC-IN,India,5,-3.5,8,65,0.01
P-000879,V-00134,APAC-SE,Indonesia,2,18.1,0,51,-0.07
P-000879,V-00854,NA-US,United States,5,21.7,12,80,-0.09
P-000881,V-00230,APAC-SE,Vietnam,5,12.2,6,99,-0.05
P-000881,V-00003,NA-MX,Mexico,6,12.7,8,35,-0.05
P-000883,V-00348,EMEA-W,Spain,5,5.2,12,100,-0.02
P-000883,V-00318,EMEA-W,France,5,7.1,6,40,-0.03
P-000886,V-00452,APAC-IN,India,8,6.7,0,46,-0.03
P-000886,V-00134,APAC-SE,Indonesia,3,-2.3,12,57,0.01
P-000886,V-00759,EMEA-W,Italy,6,11.7,12,15,-0.05
P-000888,V-00528,SA,Brazil,5,9.6,4,92,-0.04
P-000889,V-00824,SA,Argentina,7,2.8,12,49,-0.01
P-000889,V-00542,SA,Argentina,5,-4.8,6,82,0.02
P-000889,V-00251,SA,Argentina,2,3.3,0,15,-0.01
P-000890,V-00130,NA-US,United States,7,20.1,0,22,-0.08
P-000890,V-00066,EMEA-E,Turkey,7,7.6,0,71,-0.03
P-000892,V-00138,EMEA-W,France,4,4.3,0,22,-0.02
P-000892,V-00222,NA-US,United States,3,21.1,0,51,-0.08
P-000892,V-00294,NA-US,United States,2,1.8,0,50,-0.01
P-000893,V-00095,APAC-NE,China,8,-4.5,12,90,0.02
P-000893,V-00672,EMEA-E,Romania,3,20.3,0,81,-0.08
P-000893,V-00196,APAC-NE,Taiwan,6,14.5,12,68,-0.06
P-000894,V-00187,APAC-NE,South Korea,5,9.4,12,95,-0.04
P-000894,V-00539,EMEA-E,Turkey,8,20.6,0,24,-0.08
P-000894,V-00330,NA-MX,Mexico,6,11,6,28,-0.04
P-000896,V-00069,APAC-SE,Vietnam,4,7.1,8,21,-0.03
P-000896,V-00151,APAC-IN,India,5,-1,12,52,0
P-000896,V-00498,EMEA-W,France,5,7,6,38,-0.03
P-000898,V-00433,SA,Brazil,8,7.2,12,30,-0.03
P-000900,V-00445,EMEA-W,France,4,13.9,6,81,-0.06
P-000900,V-00723,EMEA-E,Poland,3,15.8,12,23,-0.06
P-000900,V-00046,NA-MX,Mexico,4,13.4,6,38,-0.05
P-000901,V-00570,APAC-NE,Japan,3,17.6,0,28,-0.07
P-000901,V-00731,EMEA-W,Spain,3,-4.6,4,42,0.02
P-000902,V-00600,APAC-IN,India,7,13.6,8,70,-0.05
P-000902,V-00086,EMEA-E,Czechia,6,7.2,12,86,-0.03
P-000903,V-00608,EMEA-W,Germany,8,20.9,12,74,-0.23
P-000903,V-00257,SA,Brazil,5,17.1,4,97,-0.19
P-000903,V-00326,NA-US,United States,5,21.1,4,70,-0.23
P-000904,V-00333,APAC-IN,India,3,11.1,6,95,-0.04
P-000904,V-00186,EMEA-E,Romania,8,-4.3,12,69,0.02
P-000905,V-00450,APAC-IN,India,6,18.1,4,32,-0.2
P-000907,V-00142,EMEA-W,Italy,6,8.3,0,97,-0.03
P-000907,V-00419,SA,Argentina,5,6.6,12,64,-0.03
P-000907,V-00570,APAC-NE,Japan,5,-5.8,0,69,0.02
P-000908,V-00120,APAC-IN,India,5,12.4,0,44,-0.14
P-000909,V-00378,NA-MX,Mexico,5,1.2,0,24,-0.01
P-000909,V-00123,EMEA-W,Spain,7,19.8,8,89,-0.22
P-000910,V-00392,NA-US,United States,5,21.5,6,63,-0.24
P-000911,V-00155,SA,Argentina,8,-0.3,6,91,0
P-000911,V-00237,EMEA-W,Italy,3,-0.3,4,52,0
P-000912,V-00203,NA-US,United States,7,1.9,0,69,-0.01
P-000912,V-00249,APAC-SE,Indonesia,4,3.6,12,80,-0.01
P-000912,V-00422,EMEA-E,Turkey,7,20.9,0,27,-0.08
P-000914,V-00237,EMEA-W,Italy,3,19.9,0,34,-0.22
P-000914,V-00355,NA-MX,Mexico,6,8,0,73,-0.09
P-000915,V-00638,EMEA-W,Germany,9,20.3,12,39,-0.08
P-000915,V-00218,APAC-SE,Indonesia,3,-5.4,12,51,0.02
P-000915,V-00255,EMEA-E,Czechia,5,-6,4,30,0.02
P-000917,V-00597,NA-US,United States,2,-4.9,0,86,0.05
P-000917,V-00818,APAC-NE,South Korea,7,11.4,12,26,-0.13
P-000918,V-00084,NA-MX,Mexico,6,21.8,0,94,-0.24
P-000918,V-00686,APAC-NE,South Korea,4,17,6,60,-0.19
P-000920,V-00086,EMEA-E,Czechia,7,20.4,0,66,-0.08
P-000920,V-00600,APAC-IN,India,7,12.9,0,37,-0.05
P-000921,V-00849,APAC-SE,Vietnam,7,4.5,6,72,-0.02
P-000921,V-00472,APAC-SE,Vietnam,8,6.4,12,77,-0.03
P-000921,V-00110,EMEA-E,Poland,4,10.3,6,29,-0.04
P-000923,V-00685,APAC-SE,Vietnam,4,-0.9,8,67,0
P-000923,V-00685,APAC-SE,Vietnam,4,10.9,8,50,-0.04
P-000923,V-00099,SA,Brazil,6,6.6,6,23,-0.03
P-000924,V-00673,NA-US,United States,6,18.2,6,71,-0.2
P-000924,V-00517,NA-MX,Mexico,9,19.7,8,34,-0.22
P-000925,V-00071,EMEA-E,Turkey,5,0.5,0,92,0
P-000925,V-00524,APAC-SE,Thailand,7,17,12,74,-0.07
P-000927,V-00374,APAC-SE,Thailand,6,10.6,0,21,-0.04
P-000928,V-00530,SA,Brazil,7,20.1,4,87,-0.08
P-000929,V-00016,SA,Brazil,5,7.5,0,86,-0.03
P-000929,V-00205,NA-MX,Mexico,5,-2.8,4,38,0.01
P-000929,V-00221,APAC-NE,South Korea,6,17.7,8,93,-0.07
P-000931,V-00093,APAC-SE,Indonesia,5,16.8,8,58,-0.07
P-000931,V-00908,NA-MX,Mexico,8,-2.2,8,47,0.01
P-000932,V-00467,APAC-SE,Malaysia,4,14.2,12,68,-0.06
P-000933,V-00240,NA-US,United States,4,-5.9,4,27,0.02
P-000933,V-00096,EMEA-W,Spain,3,20.6,0,55,-0.08
P-000933,V-00638,EMEA-W,Germany,8,6.9,6,86,-0.03
P-000934,V-00303,APAC-SE,Vietnam,7,5.9,12,85,-0.02
P-000934,V-00653,EMEA-E,Czechia,5,20.1,0,18,-0.08
P-000934,V-00689,NA-US,United States,4,16.3,4,59,-0.07
P-000937,V-00286,SA,Argentina,4,16.1,0,21,-0.18
P-000937,V-00191,EMEA-E,Turkey,5,21.1,12,79,-0.23
P-000938,V-00001,NA-US,United States,6,4.2,8,78,-0.02
P-000938,V-00710,EMEA-W,France,3,1.2,6,49,0
P-000940,V-00048,NA-US,United States,7,-4.1,12,27,0.02
P-000941,V-00049,NA-MX,Mexico,8,7.6,0,75,-0.03
P-000943,V-00094,APAC-NE,China,3,13.3,8,67,-0.05
P-000944,V-00196,APAC-NE,Taiwan,6,15.8,6,84,-0.06
P-000944,V-00451,NA-MX,Mexico,3,15.7,12,24,-0.06
P-000945,V-00116,APAC-IN,India,7,21.7,8,21,-0.09
P-000946,V-00467,APAC-SE,Malaysia,5,1.4,6,87,-0.01
P-000946,V-00308,APAC-SE,Indonesia,7,9.6,12,50,-0.04
P-000947,V-00410,APAC-SE,Malaysia,4,2.9,8,51,-0.01
P-000947,V-00301,APAC-SE,Vietnam,4,20.9,12,17,-0.08
P-000948,V-00136,APAC-SE,Indonesia,7,4.1,12,66,-0.02
P-000948,V-00321,APAC-SE,Malaysia,3,6.1,0,95,-0.02
P-000948,V-00725,EMEA-W,France,7,9.8,6,60,-0.04
P-000949,V-00063,APAC-NE,Japan,2,-5.1,6,67,0.02
P-000950,V-00040,APAC-NE,China,8,15.6,6,18,-0.06
P-000951,V-00134,APAC-SE,Indonesia,3,5.4,0,90,-0.02
P-000951,V-00838,NA-US,United States,8,16.8,8,49,-0.07
P-000953,V-00530,SA,Brazil,7,0.6,0,27,0
P-000953,V-00476,EMEA-E,Romania,9,6,6,71,-0.02
P-000956,V-00182,SA,Argentina,6,-3.6,0,46,0.01
P-000957,V-00617,EMEA-W,Spain,6,12.5,0,26,-0.05
P-000958,V-00150,EMEA-E,Poland,2,18.9,0,90,-0.21
P-000958,V-00281,APAC-IN,India,6,-1.6,0,79,0.02
P-000958,V-00509,APAC-IN,India,4,5.5,8,74,-0.06
P-000960,V-00759,EMEA-W,Italy,3,9.8,4,60,-0.04
P-000960,V-00368,NA-US,United States,8,4.2,0,23,-0.02
P-000965,V-00706,APAC-IN,India,2,15,0,97,-0.06
P-000966,V-00129,APAC-NE,Japan,4,-4.6,0,61,0.02
P-000966,V-00029,APAC-IN,India,3,9.6,6,44,-0.04
P-000966,V-00081,EMEA-E,Romania,7,-4.1,12,33,0.02
P-000967,V-00071,EMEA-E,Turkey,5,11.3,4,94,-0.12
P-000970,V-00788,NA-MX,Mexico,3,18,0,54,-0.07
P-000971,V-00619,EMEA-E,Poland,5,-0.6,0,41,0
P-000971,V-00300,APAC-NE,Japan,4,11.3,0,62,-0.05
P-000971,V-00396,APAC-NE,China,7,8.7,4,27,-0.03
P-000975,V-00425,NA-US,United States,4,14.3,4,97,-0.06
P-000975,V-00215,APAC-SE,Indonesia,4,15.4,12,83,-0.06
P-000975,V-00248,APAC-SE,Indonesia,4,20,4,67,-0.08
P-000976,V-00276,APAC-NE,Taiwan,3,12.7,8,63,-0.14
P-000976,V-00188,EMEA-W,France,5,14.3,4,37,-0.16
P-000977,V-00388,EMEA-W,Spain,4,3.4,8,97,-0.01
P-000977,V-00081,EMEA-E,Romania,9,11.1,0,32,-0.04
P-000978,V-00397,NA-MX,Mexico,2,-5.5,0,96,0.06
P-000978,V-00048,NA-US,United States,6,-2.2,12,37,0.02
P-000978,V-00202,APAC-NE,China,7,21.5,0,21,-0.24
P-000979,V-00439,APAC-NE,China,4,19.6,6,44,-0.08
P-000979,V-00872,NA-US,United States,4,12.3,12,89,-0.05
P-000980,V-00521,NA-US,United States,5,20.8,8,58,-0.08
P-000981,V-00609,APAC-NE,Japan,4,2.7,8,31,-0.01
P-000981,V-00427,NA-US,United States,4,3.2,12,83,-0.01
P-000983,V-00143,APAC-SE,Vietnam,3,-4.9,8,89,0.02
P-000985,V-00001,NA-US,United States,8,1.9,12,55,-0.01
P-000986,V-00089,NA-US,United States,7,-3,0,58,0.03
P-000986,V-00331,NA-MX,Mexico,3,12.6,12,86,-0.14
P-000986,V-00202,APAC-NE,China,4,-0.9,6,36,0.01
P-000987,V-00012,APAC-NE,Taiwan,6,0.6,0,85,0
P-000988,V-00185,APAC-IN,India,6,9.5,0,42,-0.04
P-000990,V-00691,APAC-IN,India,6,14.4,8,86,-0.16
P-000990,V-00272,SA,Argentina,1,1.6,12,72,-0.02
P-000992,V-00124,EMEA-W,France,8,1.5,4,89,-0.01
P-000992,V-00619,EMEA-E,Poland,3,19.1,6,47,-0.08
P-000992,V-00106,NA-MX,Mexico,5,1,4,62,0
P-000993,V-00024,NA-US,United States,6,12.7,6,15,-0.05
P-000994,V-00549,EMEA-W,Italy,5,0.1,6,58,0
P-000994,V-00906,EMEA-E,Poland,6,0.2,0,33,0
P-000994,V-00452,APAC-IN,India,6,-3,0,73,0.01
P-000995,V-00221,APAC-NE,South Korea,8,-2,0,88,0.01
P-000996,V-00262,EMEA-E,Poland,9,5.2,6,31,-0.02
P-000996,V-00624,NA-US,United States,2,-3.4,0,37,0.01
P-000996,V-00070,EMEA-E,Turkey,9,11.4,0,96,-0.05
P-000997,V-00176,NA-US,United States,7,18.6,0,34,-0.07
P-000997,V-00133,EMEA-E,Turkey,3,7.8,0,100,-0.03
P-000997,V-00259,APAC-NE,China,5,3.3,0,96,-0.01
P-000998,V-00850,APAC-NE,Japan,9,5.4,0,42,-0.06
P-000998,V-00101,EMEA-W,Spain,4,-4.1,12,61,0.05
P-000999,V-00314,SA,Brazil,8,10.8,12,16,-0.04
P-000999,V-00681,EMEA-E,Turkey,5,12.2,0,41,-0.05
P-001000,V-00178,APAC-IN,India,4,14.4,0,53,-0.06
P-001001,V-00570,APAC-NE,Japan,5,2.4,4,30,-0.03
P-001001,V-00133,EMEA-E,Turkey,5,3.3,12,52,-0.04
P-001002,V-00380,APAC-SE,Vietnam,5,2,0,92,-0.02
P-001002,V-00824,SA,Argentina,8,-0.4,0,60,0
P-001002,V-00251,SA,Argentina,2,14.8,12,80,-0.16
P-001003,V-00689,NA-US,United States,5,12.7,0,55,-0.05
P-001003,V-00235,APAC-NE,Japan,3,-4.2,4,16,0.02
P-001003,V-00053,APAC-IN,India,4,15.4,0,77,-0.06
P-001005,V-00696,APAC-SE,Indonesia,7,10.4,0,64,-0.04
P-001005,V-00111,NA-MX,Mexico,4,0.6,0,34,0
P-001007,V-00181,APAC-NE,Taiwan,6,19.7,6,25,-0.08
P-001008,V-00785,SA,Argentina,7,-5,0,79,0.02
P-001009,V-00599,APAC-IN,India,3,11,0,44,-0.12
P-001009,V-00170,EMEA-W,Germany,9,-3.8,4,79,0.04
P-001010,V-00470,SA,Brazil,5,10.6,6,97,-0.04
P-001010,V-00518,APAC-SE,Vietnam,1,5.1,4,75,-0.02
P-001012,V-00552,EMEA-W,France,3,7.7,12,25,-0.03
P-001012,V-00587,APAC-NE,Taiwan,4,11.5,0,22,-0.05
P-001012,V-00499,NA-US,United States,5,11.6,0,63,-0.05
P-001013,V-00263,EMEA-E,Czechia,8,9.6,0,17,-0.04
P-001013,V-00336,EMEA-W,Germany,6,11,4,59,-0.04
P-001014,V-00778,NA-US,United States,5,3.5,0,25,-0.01
P-001016,V-00180,APAC-IN,India,7,21,4,19,-0.08
P-001016,V-00433,SA,Brazil,9,20.4,0,73,-0.08
P-001016,V-00433,SA,Brazil,8,6,0,75,-0.02
P-001017,V-00392,NA-US,United States,4,8.8,12,69,-0.04
P-001017,V-00626,NA-MX,Mexico,8,16.6,0,52,-0.07
P-001018,V-00174,EMEA-E,Turkey,3,15.5,0,78,-0.06
P-001020,V-00056,APAC-SE,Malaysia,8,21.9,12,76,-0.24
P-001021,V-00445,EMEA-W,France,3,9.3,0,82,-0.04
P-001021,V-00633,NA-MX,Mexico,4,0.4,4,63,0
P-001023,V-00339,SA,Argentina,3,4.4,0,36,-0.02
P-001023,V-00850,APAC-NE,Japan,7,3.6,6,51,-0.01
P-001024,V-00468,NA-US,United States,6,16,4,39,-0.06
P-001024,V-00527,NA-MX,Mexico,2,-2,8,52,0.01
P-001024,V-00674,NA-MX,Mexico,7,6.4,0,20,-0.03
P-001026,V-00717,SA,Argentina,8,9.1,6,81,-0.1
P-001026,V-00812,NA-MX,Mexico,4,14.6,6,43,-0.16
P-001027,V-00357,SA,Brazil,6,-3.7,12,39,0.01
P-001027,V-00545,EMEA-W,France,4,14.7,0,62,-0.06
P-001027,V-00613,EMEA-W,Spain,9,14.2,0,46,-0.06
P-001029,V-00314,SA,Brazil,9,5.7,0,77,-0.02
P-001032,V-00103,APAC-SE,Indonesia,5,14.8,12,36,-0.06
P-001032,V-00026,APAC-NE,China,5,-5.5,12,45,0.02
P-001033,V-00103,APAC-SE,Indonesia,6,-0.5,4,91,0
P-001034,V-00656,SA,Brazil,3,10.2,4,23,-0.04
P-001034,V-00327,SA,Brazil,5,6.1,6,16,-0.02
P-001034,V-00654,NA-US,United States,5,2,0,74,-0.01
P-001036,V-00408,NA-US,United States,4,-2.7,0,95,0.01
P-001036,V-00209,SA,Brazil,4,5.9,8,61,-0.02
P-001036,V-00209,SA,Brazil,4,10.9,4,50,-0.04
P-001037,V-00344,NA-MX,Mexico,6,22,12,29,-0.24
P-001038,V-00586,NA-MX,Mexico,4,8,0,31,-0.03
P-001039,V-00249,APAC-SE,Indonesia,3,-2.9,6,72,0.03
P-001039,V-00346,EMEA-E,Poland,4,18.2,12,26,-0.2
P-001041,V-00289,EMEA-E,Turkey,4,13,4,16,-0.05
P-001041,V-00473,NA-MX,Mexico,6,9.1,8,32,-0.04
P-001041,V-00647,APAC-SE,Vietnam,3,9.4,6,30,-0.04
P-001042,V-00183,EMEA-W,Germany,6,4.1,0,45,-0.02
P-001042,V-00277,NA-US,United States,6,-0.8,8,44,0
P-001042,V-00818,APAC-NE,South Korea,8,3.8,0,78,-0.02
P-001043,V-00032,APAC-IN,India,4,10.9,12,51,-0.12
P-001043,V-00426,APAC-SE,Malaysia,7,-4.3,0,65,0.05
P-001045,V-00467,APAC-SE,Malaysia,6,-0.8,4,99,0
P-001049,V-00220,EMEA-W,Spain,7,3.6,8,63,-0.01
P-001049,V-00367,EMEA-W,France,4,15.2,0,76,-0.06
P-001050,V-00854,NA-US,United States,7,15.7,4,22,-0.06
P-001052,V-00028,APAC-IN,India,3,0,6,97,0
P-001052,V-00343,NA-MX,Mexico,4,-6,6,93,0.02
P-001052,V-00431,APAC-SE,Thailand,4,-1.5,8,35,0.01
P-001054,V-00033,EMEA-E,Romania,6,-3.3,8,69,0.04
P-001054,V-00216,EMEA-W,Italy,4,18,8,19,-0.2
P-001054,V-00638,EMEA-W,Germany,7,17.6,0,46,-0.19
P-001056,V-00225,NA-MX,Mexico,7,15,0,93,-0.06
P-001056,V-00239,NA-MX,Mexico,7,-5,0,19,0.02
P-001056,V-00442,NA-MX,Mexico,3,0.8,8,91,0
P-001057,V-00012,APAC-NE,Taiwan,8,-0.3,0,18,0
P-001058,V-00362,SA,Brazil,4,-1.3,8,82,0.01
P-001058,V-00819,APAC-NE,Taiwan,4,15.4,4,98,-0.06
P-001059,V-00136,APAC-SE,Indonesia,8,3.3,0,55,-0.01
P-001060,V-00366,NA-MX,Mexico,5,13.5,6,94,-0.05
P-001060,V-00430,EMEA-W,Italy,6,10.9,12,73,-0.04
P-001062,V-00552,EMEA-W,France,4,18.7,4,87,-0.07
P-001063,V-00022,APAC-IN,India,3,-0.1,6,22,0
P-001063,V-00626,NA-MX,Mexico,8,4.7,8,74,-0.02
P-001063,V-00400,SA,Argentina,3,-3.3,0,86,0.01
P-001065,V-00598,APAC-IN,India,8,19.4,12,73,-0.08
P-001065,V-00224,NA-US,United States,4,21.8,12,64,-0.09
P-001066,V-00410,APAC-SE,Malaysia,4,13.9,0,68,-0.15
P-001067,V-00145,NA-MX,Mexico,4,6.4,8,27,-0.03
P-001067,V-00231,APAC-SE,Vietnam,6,6.2,12,78,-0.02
P-001067,V-00477,APAC-IN,India,6,15.4,0,47,-0.06
P-001068,V-00633,NA-MX,Mexico,5,11.7,6,30,-0.05
P-001068,V-00804,SA,Brazil,2,0.9,0,27,0
P-001068,V-00374,APAC-SE,Thailand,3,-2,12,74,0.01
P-001069,V-00096,EMEA-W,Spain,4,11.9,0,27,-0.05
P-001069,V-00644,EMEA-E,Turkey,4,13.5,6,54,-0.05
P-001069,V-00275,EMEA-E,Turkey,2,8.5,6,29,-0.03
P-001071,V-00356,NA-MX,Mexico,8,8.9,8,29,-0.04
P-001071,V-00846,NA-MX,Mexico,1,8.3,0,86,-0.03
P-001073,V-00697,NA-US,United States,3,10.2,0,79,-0.11
P-001073,V-00497,APAC-NE,Taiwan,9,15.5,6,18,-0.17
P-001073,V-00665,APAC-SE,Vietnam,3,1.1,6,38,-0.01
P-001074,V-00305,APAC-SE,Vietnam,4,19.9,4,83,-0.08
P-001074,V-00229,EMEA-E,Czechia,4,9.8,0,95,-0.04
P-001074,V-00600,APAC-IN,India,6,14.2,0,24,-0.06
P-001076,V-00397,NA-MX,Mexico,4,0.1,8,56,0
P-001076,V-00179,APAC-SE,Thailand,6,-0.2,12,89,0
P-001077,V-00127,NA-MX,Mexico,2,10.1,0,55,-0.04
P-001078,V-00723,EMEA-E,Poland,1,19.8,12,40,-0.22
P-001078,V-00445,EMEA-W,France,4,20,0,77,-0.22
P-001078,V-00506,SA,Argentina,5,3.7,4,54,-0.04
P-001080,V-00094,APAC-NE,China,3,-4.2,0,65,0.02
P-001080,V-00646,APAC-SE,Malaysia,5,10.9,0,94,-0.04
P-001080,V-00859,NA-US,United States,4,6.6,4,83,-0.03
P-001081,V-00345,EMEA-E,Poland,6,8.6,8,95,-0.03
P-001081,V-00488,APAC-IN,India,5,18.4,12,28,-0.07
P-001081,V-00555,APAC-IN,India,4,-5.8,8,31,0.02
P-001082,V-00250,APAC-NE,Japan,3,-1.6,6,52,0.02
P-001082,V-00494,APAC-IN,India,6,9.1,6,35,-0.1
P-001082,V-00019,APAC-NE,Taiwan,3,19.9,12,55,-0.22
P-001084,V-00146,NA-MX,Mexico,3,10.3,6,28,-0.04
P-001084,V-00347,APAC-SE,Malaysia,6,14.1,4,24,-0.06
P-001084,V-00831,APAC-SE,Thailand,3,20.2,6,40,-0.08
P-001085,V-00252,APAC-NE,China,4,18.7,6,27,-0.07
P-001086,V-00456,APAC-SE,Malaysia,4,11.8,0,93,-0.05
P-001086,V-00307,SA,Brazil,7,2.2,8,63,-0.01
P-001087,V-00019,APAC-NE,Taiwan,3,20.3,0,67,-0.08
P-001087,V-00697,NA-US,United States,5,3.8,0,96,-0.02
P-001088,V-00134,APAC-SE,Indonesia,3,14.5,0,69,-0.16
P-001088,V-00006,APAC-SE,Indonesia,5,15.6,6,40,-0.17
P-001088,V-00614,SA,Brazil,4,13.4,8,66,-0.15
P-001089,V-00395,NA-US,United States,2,19.5,8,18,-0.08
P-001089,V-00271,APAC-NE,China,6,1.5,0,38,-0.01
P-001089,V-00247,NA-US,United States,7,19.1,4,25,-0.08
P-001090,V-00405,NA-MX,Mexico,3,-5.6,0,52,0.02
P-001092,V-00553,EMEA-E,Romania,3,16.8,8,84,-0.18
P-001093,V-00061,NA-MX,Mexico,1,5.1,8,45,-0.02
P-001093,V-00350,NA-US,United States,5,9.4,0,60,-0.04
P-001093,V-00061,NA-MX,Mexico,4,5.4,12,30,-0.02
P-001095,V-00249,APAC-SE,Indonesia,4,-4.4,12,95,0.02
P-001095,V-00220,EMEA-W,Spain,6,17,8,50,-0.07
P-001095,V-00294,NA-US,United States,4,1.4,12,89,-0.01
P-001097,V-00349,NA-US,United States,4,14.8,8,24,-0.06
P-001098,V-00535,EMEA-W,France,5,15.9,12,46,-0.06
P-001099,V-00748,NA-US,United States,5,13.9,0,100,-0.06
P-001099,V-00748,NA-US,United States,5,11.4,12,82,-0.05
P-001100,V-00695,NA-MX,Mexico,4,7.9,6,93,-0.03
P-001100,V-00930,EMEA-W,France,4,-0.7,8,54,0
P-001102,V-00623,APAC-NE,South Korea,8,19.3,0,96,-0.08
P-001105,V-00573,NA-MX,Mexico,7,17.1,8,48,-0.07
P-001105,V-00694,APAC-NE,China,9,19.8,0,51,-0.08
P-001105,V-00725,EMEA-W,France,7,-5.1,4,90,0.02
P-001106,V-00495,SA,Brazil,6,15.8,8,17,-0.06
P-001108,V-00509,APAC-IN,India,4,15.1,4,46,-0.17
P-001108,V-00281,APAC-IN,India,7,-4.8,4,64,0.05
P-001108,V-00868,SA,Brazil,9,6.5,8,32,-0.07
P-001109,V-00046,NA-MX,Mexico,4,17.4,6,96,-0.07
P-001109,V-00571,EMEA-E,Czechia,6,15.3,8,62,-0.06
P-001112,V-00660,EMEA-W,Germany,5,-1.3,4,73,0.01
P-001112,V-00265,SA,Brazil,9,5.5,12,35,-0.02
P-001112,V-00376,SA,Brazil,4,-5.3,4,85,0.02
P-001114,V-00144,SA,Brazil,3,-2.3,6,94,0.01
P-001114,V-00812,NA-MX,Mexico,4,20.3,4,59,-0.08
P-001114,V-00543,NA-US,United States,6,-3.6,12,51,0.01
P-001115,V-00575,EMEA-W,France,5,19.9,8,78,-0.08
P-001115,V-00424,NA-US,United States,7,-5.8,0,46,0.02
P-001115,V-00395,NA-US,United States,3,-2,6,86,0.01
P-001116,V-00599,APAC-IN,India,3,19.7,6,50,-0.08
P-001116,V-00184,SA,Argentina,4,8.2,0,65,-0.03
P-001116,V-00184,SA,Argentina,4,3,8,83,-0.01
P-001117,V-00033,EMEA-E,Romania,5,2.7,0,60,-0.01
P-001117,V-00441,APAC-SE,Malaysia,5,19.8,0,93,-0.08
P-001118,V-00215,APAC-SE,Indonesia,3,-2.6,0,89,0.03
P-001118,V-00119,APAC-SE,Malaysia,5,13.4,6,35,-0.15
P-001118,V-00093,APAC-SE,Indonesia,4,2.7,0,98,-0.03
P-001119,V-00111,NA-MX,Mexico,6,19.7,4,100,-0.08
P-001119,V-00297,APAC-NE,Taiwan,8,11.9,8,90,-0.05
P-001119,V-00082,SA,Argentina,6,-5.8,12,80,0.02
P-001120,V-00461,SA,Brazil,7,0.8,0,36,0
P-001120,V-00085,NA-MX,Mexico,3,10.1,8,61,-0.04
P-001121,V-00407,EMEA-E,Poland,4,19.1,0,54,-0.08
P-001121,V-00653,EMEA-E,Czechia,3,8.5,0,37,-0.03
P-001121,V-00317,APAC-IN,India,7,21.9,4,90,-0.09
P-001124,V-00271,APAC-NE,China,6,14,8,42,-0.06
P-001124,V-00575,EMEA-W,France,6,7.3,8,26,-0.03
P-001126,V-00412,APAC-SE,Vietnam,9,20.4,8,84,-0.08
P-001126,V-00580,NA-MX,Mexico,5,2.2,4,49,-0.01
P-001128,V-00626,NA-MX,Mexico,6,14.7,0,55,-0.16
P-001128,V-00381,APAC-SE,Vietnam,2,13.2,0,25,-0.15
P-001128,V-00090,APAC-SE,Thailand,4,3.9,8,91,-0.04
P-001130,V-00374,APAC-SE,Thailand,4,0.7,0,82,0
P-001130,V-00046,NA-MX,Mexico,6,11.7,4,76,-0.05
P-001130,V-00142,EMEA-W,Italy,4,6.7,0,79,-0.03
P-001131,V-00349,NA-US,United States,6,9.6,0,45,-0.04
P-001131,V-00319,NA-MX,Mexico,4,3.5,0,50,-0.01
P-001132,V-00298,APAC-SE,Thailand,5,9.3,0,80,-0.04
P-001132,V-00808,APAC-SE,Thailand,6,-2.2,6,41,0.01
P-001133,V-00471,APAC-NE,Japan,4,1.3,12,97,-0.01
P-001138,V-00599,APAC-IN,India,4,14.3,6,45,-0.06
P-001138,V-00172,EMEA-W,Germany,3,7,0,98,-0.03
P-001138,V-00574,APAC-SE,Malaysia,5,20.2,12,52,-0.08
P-001139,V-00598,APAC-IN,India,7,-0.7,0,61,0
P-001141,V-00511,EMEA-W,France,9,7.8,6,35,-0.03
P-001141,V-00585,SA,Brazil,6,10.6,12,100,-0.04
P-001141,V-00149,NA-US,United States,4,-2.3,12,41,0.01
P-001142,V-00809,SA,Brazil,8,3.4,6,45,-0.01
P-001142,V-00908,NA-MX,Mexico,5,-5.5,4,45,0.02
P-001142,V-00206,APAC-NE,South Korea,2,3.3,12,20,-0.01
P-001145,V-00217,EMEA-W,Spain,2,3.2,8,18,-0.01
P-001145,V-00365,APAC-IN,India,7,1.7,0,41,-0.01
P-001146,V-00038,APAC-IN,India,4,5.3,4,73,-0.02
P-001146,V-00446,EMEA-W,France,9,-5.5,0,31,0.02
P-001147,V-00665,APAC-SE,Vietnam,3,5.6,0,25,-0.02
P-001148,V-00392,NA-US,United States,4,13.3,0,24,-0.05
P-001149,V-00821,NA-US,United States,6,5.3,0,75,-0.02
P-001149,V-00209,SA,Brazil,4,-2.6,12,61,0.01
P-001149,V-00368,NA-US,United States,7,12.4,0,95,-0.05
P-001150,V-00076,APAC-IN,India,4,3.1,4,73,-0.01
P-001152,V-00275,EMEA-E,Turkey,1,10.8,8,54,-0.12
P-001153,V-00621,SA,Brazil,3,21.1,12,20,-0.08
P-001153,V-00670,EMEA-E,Czechia,4,-3.3,6,93,0.01
P-001153,V-00621,SA,Brazil,4,14.4,4,76,-0.06
P-001154,V-00170,EMEA-W,Germany,7,19,4,48,-0.08
P-001154,V-00438,EMEA-E,Poland,4,1.6,8,28,-0.01
P-001154,V-00420,APAC-SE,Malaysia,5,-2.2,6,92,0.01
P-001157,V-00315,NA-US,United States,4,5.6,4,41,-0.06
P-001158,V-00152,APAC-SE,Indonesia,2,8.2,6,35,-0.09
P-001158,V-00977,NA-MX,Mexico,3,14.5,12,74,-0.16
P-001159,V-00273,NA-MX,Mexico,5,1.8,6,55,-0.01
P-001159,V-00047,APAC-SE,Vietnam,4,18.8,12,34,-0.08
P-001159,V-00047,APAC-SE,Vietnam,3,8.5,12,79,-0.03
P-001160,V-00328,NA-MX,Mexico,6,1.3,0,30,-0.01
P-001160,V-00964,EMEA-W,Germany,8,17.5,6,59,-0.19
P-001162,V-00118,SA,Brazil,7,-5.3,12,50,0.06
P-001163,V-00237,EMEA-W,Italy,2,9.7,0,77,-0.11
P-001164,V-00137,SA,Brazil,7,5.2,4,81,-0.02
P-001164,V-00350,NA-US,United States,5,-3.9,8,53,0.02
P-001165,V-00407,EMEA-E,Poland,4,9.4,8,97,-0.1
P-001166,V-00491,APAC-SE,Malaysia,9,18.3,0,54,-0.07
P-001168,V-00153,SA,Argentina,3,18.8,12,38,-0.08
P-001169,V-00060,APAC-SE,Indonesia,5,1.8,0,57,-0.01
P-001170,V-00926,EMEA-E,Czechia,2,-5.8,4,71,0.02
P-001171,V-00176,NA-US,United States,7,-4.9,4,49,0.02
P-001171,V-00344,NA-MX,Mexico,8,-1.8,4,55,0.01
P-001171,V-00633,NA-MX,Mexico,4,10.4,6,53,-0.04
P-001172,V-00852,EMEA-W,Italy,5,20.9,6,28,-0.08
P-001172,V-00926,EMEA-E,Czechia,2,6,0,20,-0.02
P-001172,V-00470,SA,Brazil,5,7.7,8,17,-0.03
P-001173,V-00839,EMEA-E,Czechia,6,21.7,6,86,-0.09
P-001173,V-00209,SA,Brazil,1,-5.2,6,59,0.02
P-001175,V-00442,NA-MX,Mexico,3,11.6,4,33,-0.13
P-001175,V-00046,NA-MX,Mexico,4,16.1,0,43,-0.18
P-001176,V-00215,APAC-SE,Indonesia,4,10.6,12,45,-0.12
P-001176,V-00732,EMEA-E,Turkey,5,10.6,4,60,-0.12
P-001176,V-00797,APAC-IN,India,5,13.9,0,30,-0.15
P-001177,V-00135,NA-MX,Mexico,5,1.6,6,26,-0.02
P-001177,V-00135,NA-MX,Mexico,4,4.8,0,93,-0.05
P-001177,V-00586,NA-MX,Mexico,5,-1.6,12,39,0.02
P-001179,V-00891,EMEA-E,Poland,5,10.6,0,90,-0.04
P-001179,V-00885,NA-MX,Mexico,7,6,8,45,-0.02
P-001179,V-00842,EMEA-E,Romania,8,-0.2,4,41,0
P-001180,V-00149,NA-US,United States,6,16.3,6,98,-0.07
P-001181,V-00476,EMEA-E,Romania,6,4.8,4,46,-0.02
P-001182,V-00479,APAC-IN,India,5,-1.4,8,100,0.01
P-001182,V-00655,APAC-NE,South Korea,8,0.9,4,41,0
P-001182,V-00423,NA-US,United States,3,4.3,0,70,-0.02
P-001183,V-00250,APAC-NE,Japan,1,16,6,24,-0.06
P-001183,V-00062,NA-US,United States,8,16.8,0,92,-0.07
P-001183,V-00693,NA-US,United States,6,6,0,63,-0.02
P-001184,V-00294,NA-US,United States,3,3,6,78,-0.01
P-001184,V-00081,EMEA-E,Romania,8,7.2,0,86,-0.03
P-001184,V-00048,NA-US,United States,7,21.1,8,97,-0.08
P-001185,V-00347,APAC-SE,Malaysia,6,20.3,6,63,-0.08
P-001185,V-00099,SA,Brazil,6,0.7,8,46,0
P-001185,V-00708,EMEA-W,Spain,4,-5.3,12,94,0.02
P-001186,V-00116,APAC-IN,India,7,0.6,0,74,0
P-001187,V-00457,NA-MX,Mexico,4,-4,6,22,0.02
P-001189,V-00610,SA,Brazil,9,19.6,4,97,-0.08
P-001189,V-00292,NA-MX,Mexico,2,13.5,0,87,-0.05
P-001189,V-00719,NA-US,United States,4,-1.7,8,43,0.01
P-001191,V-00518,APAC-SE,Vietnam,2,-0.7,4,96,0
P-001193,V-00022,APAC-IN,India,3,-5.4,4,22,0.06
P-001194,V-00395,NA-US,United States,2,12.8,12,99,-0.14
P-001197,V-00004,APAC-NE,Japan,1,-1.4,6,72,0.01
P-001197,V-00754,NA-MX,Mexico,4,19.4,0,37,-0.08
P-001198,V-00450,APAC-IN,India,8,17.1,0,56,-0.07
P-001200,V-00063,APAC-NE,Japan,3,5.4,12,100,-0.02
P-001200,V-00398,EMEA-E,Czechia,7,10.6,0,55,-0.04
P-001200,V-00222,NA-US,United States,4,21.9,12,88,-0.09
P-001201,V-00762,NA-US,United States,3,16.7,4,45,-0.07
P-001201,V-00281,APAC-IN,India,4,8.6,0,37,-0.03
P-001204,V-00632,EMEA-W,Germany,6,5.2,0,75,-0.02
P-001204,V-00434,APAC-NE,Japan,4,6.2,0,70,-0.02
P-001204,V-00542,SA,Argentina,7,11.7,4,33,-0.05
P-001205,V-00403,NA-MX,Mexico,3,12.5,0,92,-0.05
P-001205,V-00589,NA-MX,Mexico,6,20.7,0,74,-0.08
P-001206,V-00389,APAC-NE,Japan,4,18.8,0,72,-0.08
P-001208,V-00338,APAC-SE,Vietnam,7,3.1,6,39,-0.03
P-001208,V-00131,EMEA-E,Czechia,8,1.6,0,99,-0.02
P-001209,V-00959,SA,Argentina,7,-4.4,8,91,0.05
P-001209,V-00328,NA-MX,Mexico,5,-2.3,12,93,0.03
P-001211,V-00788,NA-MX,Mexico,5,2.3,8,94,-0.01
P-001211,V-00114,APAC-NE,Taiwan,7,21.4,0,72,-0.09
P-001212,V-00102,APAC-IN,India,6,4.6,12,43,-0.02
P-001212,V-00733,EMEA-W,Spain,8,18.7,6,100,-0.07
P-001212,V-01098,EMEA-W,Germany,7,14.3,0,20,-0.06
P-001213,V-00006,APAC-SE,Indonesia,5,15.9,0,24,-0.06
P-001214,V-00230,APAC-SE,Vietnam,4,18.1,4,98,-0.07
P-001215,V-00457,NA-MX,Mexico,6,-4.7,6,45,0.05
P-001216,V-00696,APAC-SE,Indonesia,9,2.1,12,18,-0.01
P-001216,V-00794,APAC-IN,India,4,-1,8,87,0
P-001217,V-00816,EMEA-E,Poland,3,5.1,8,16,-0.02
P-001220,V-00509,APAC-IN,India,4,11.5,8,45,-0.05
P-001220,V-00281,APAC-IN,India,6,12,0,84,-0.05
P-001221,V-00287,EMEA-W,France,3,8,4,43,-0.03
P-001222,V-00116,APAC-IN,India,9,9.3,6,56,-0.04
P-001222,V-00515,EMEA-E,Turkey,8,19.5,4,92,-0.08
P-001223,V-00075,APAC-IN,India,5,7.8,4,49,-0.03
P-001223,V-00075,APAC-IN,India,6,-1.7,6,45,0.01
P-001223,V-00563,APAC-SE,Thailand,2,21.4,0,54,-0.09
P-001225,V-00355,NA-MX,Mexico,8,8.3,0,42,-0.03
P-001225,V-00807,EMEA-E,Turkey,7,0.9,4,69,0
P-001226,V-00207,APAC-SE,Indonesia,7,10.1,0,19,-0.04
P-001226,V-00337,EMEA-W,France,2,-5.1,0,84,0.02
P-001226,V-00592,EMEA-W,Germany,6,-0.9,12,44,0
P-001231,V-00324,NA-US,United States,8,-0.4,4,59,0
P-001231,V-00250,APAC-NE,Japan,2,6.5,4,64,-0.07
P-001231,V-00092,APAC-IN,India,5,13,0,46,-0.14
P-001233,V-00101,EMEA-W,Spain,6,6,4,66,-0.02
P-001234,V-00065,EMEA-E,Romania,4,10.7,0,38,-0.04
P-001234,V-00465,APAC-NE,South Korea,7,18.4,0,42,-0.07
P-001236,V-00030,SA,Brazil,2,11.5,0,83,-0.05
P-001236,V-00462,NA-MX,Mexico,5,21.4,6,51,-0.09
P-001237,V-00212,NA-MX,Mexico,4,16.7,0,42,-0.07
P-001238,V-00817,APAC-IN,India,2,16.1,0,50,-0.18
P-001238,V-00868,SA,Brazil,7,13.6,0,93,-0.15
P-001239,V-00665,APAC-SE,Vietnam,4,19.4,0,58,-0.21
P-001239,V-00256,APAC-NE,Taiwan,4,-5.9,6,19,0.06
P-001240,V-00071,EMEA-E,Turkey,5,16.4,6,17,-0.07
P-001245,V-00501,APAC-NE,China,6,12.5,0,96,-0.05
P-001245,V-00717,SA,Argentina,7,10.5,8,52,-0.04
P-001246,V-00475,APAC-SE,Thailand,6,12,12,68,-0.13
P-001246,V-00704,SA,Argentina,9,6.7,0,87,-0.07
P-001246,V-00391,SA,Argentina,7,-5,12,44,0.06
P-001247,V-00378,NA-MX,Mexico,7,9.2,0,39,-0.04
P-001247,V-00259,APAC-NE,China,7,-5.9,0,22,0.02
P-001247,V-00571,EMEA-E,Czechia,7,20.9,6,69,-0.08
P-001248,V-00717,SA,Argentina,9,18.9,6,78,-0.08
P-001248,V-00474,NA-US,United States,2,19.5,12,38,-0.08
P-001249,V-00231,APAC-SE,Vietnam,4,-4.9,8,63,0.02
P-001250,V-00148,NA-US,United States,3,9.1,0,38,-0.04
P-001250,V-00491,APAC-SE,Malaysia,8,13.6,8,34,-0.05
P-001257,V-00744,SA,Brazil,7,19.1,6,76,-0.21
P-001257,V-00751,APAC-SE,Indonesia,7,20.8,6,25,-0.23
P-001257,V-00450,APAC-IN,India,8,17,12,80,-0.19
P-001258,V-00007,SA,Brazil,3,-1.1,0,39,0
P-001258,V-00353,APAC-SE,Thailand,7,3.1,12,89,-0.01
P-001260,V-00435,NA-US,United States,4,3,4,45,-0.01
P-001260,V-00003,NA-MX,Mexico,6,3,12,75,-0.01
P-001262,V-00597,NA-US,United States,2,-2,6,43,0.01
P-001262,V-00651,SA,Brazil,6,10.1,4,49,-0.04
P-001262,V-00673,NA-US,United States,6,3.7,0,24,-0.01
P-001265,V-00037,SA,Brazil,8,-1.3,4,21,0.01
P-001265,V-00431,APAC-SE,Thailand,4,16,0,75,-0.06
P-001265,V-00131,EMEA-E,Czechia,9,8.9,6,93,-0.04
P-001266,V-00119,APAC-SE,Malaysia,5,4.8,8,74,-0.05
P-001266,V-00077,NA-US,United States,6,-2,0,46,0.02
P-001266,V-00622,APAC-NE,China,4,9.7,12,51,-0.11
P-001270,V-00214,EMEA-W,France,7,2.6,6,18,-0.03
P-001273,V-00136,APAC-SE,Indonesia,7,6.2,0,21,-0.07
P-001274,V-00724,EMEA-E,Turkey,8,21.4,4,57,-0.24
P-001277,V-00434,APAC-NE,Japan,5,2.7,6,61,-0.01
P-001277,V-00643,APAC-IN,India,5,10.4,0,62,-0.04
P-001277,V-00467,APAC-SE,Malaysia,4,19.1,12,47,-0.08
P-001280,V-00415,APAC-NE,Taiwan,1,-3.6,12,45,0.01
P-001282,V-00193,NA-US,United States,8,17.5,6,71,-0.07
P-001283,V-00475,APAC-SE,Thailand,6,20.2,12,38,-0.08
P-001284,V-00405,NA-MX,Mexico,3,10.4,8,26,-0.04
P-001284,V-00358,APAC-NE,Japan,3,-5.5,4,86,0.02
P-001286,V-00855,NA-MX,Mexico,8,-2.3,0,75,0.03
P-001286,V-00241,APAC-IN,India,4,13.9,12,92,-0.15
P-001286,V-00370,EMEA-E,Poland,5,3.5,12,58,-0.04
P-001287,V-00632,EMEA-W,Germany,7,9.8,6,99,-0.04
P-001287,V-00414,NA-US,United States,8,13.3,0,65,-0.05
P-001288,V-00774,EMEA-E,Romania,8,-2.3,8,74,0.01
P-001289,V-00143,APAC-SE,Vietnam,3,8.9,0,22,-0.04
P-001289,V-00214,EMEA-W,France,5,17.4,8,41,-0.07
P-001289,V-00119,APAC-SE,Malaysia,3,9.9,12,50,-0.04
P-001290,V-00047,APAC-SE,Vietnam,6,-2.8,4,40,0.01
P-001290,V-00573,NA-MX,Mexico,7,0.9,4,66,0
P-001290,V-00136,APAC-SE,Indonesia,8,12.9,0,68,-0.05
P-001291,V-00294,NA-US,United States,2,15.6,6,22,-0.17
P-001291,V-00294,NA-US,United States,4,1.2,6,76,-0.01
P-001291,V-00487,APAC-IN,India,5,11.9,12,81,-0.13
P-001292,V-00163,APAC-NE,Taiwan,6,19.1,0,56,-0.21
P-001293,V-00118,SA,Brazil,7,10,0,50,-0.11
P-001293,V-00504,NA-US,United States,5,7.2,0,29,-0.08
P-001294,V-00475,APAC-SE,Thailand,4,12.2,0,66,-0.13
P-001294,V-00145,NA-MX,Mexico,4,13.3,4,21,-0.15
P-001295,V-00552,EMEA-W,France,5,2.1,0,83,-0.01
P-001295,V-00375,SA,Brazil,6,4.5,0,17,-0.02
P-001295,V-00026,APAC-NE,China,4,10,8,68,-0.04
P-001298,V-00710,EMEA-W,France,4,9.4,12,80,-0.04
P-001298,V-00823,NA-US,United States,3,19.2,4,48,-0.08
P-001300,V-00189,EMEA-W,Spain,7,0.4,8,21,0
P-001302,V-00412,APAC-SE,Vietnam,8,-5.1,0,88,0.02
P-001302,V-00272,SA,Argentina,2,4.7,0,38,-0.02
P-001303,V-00286,SA,Argentina,5,17,4,92,-0.07
P-001304,V-00623,APAC-NE,South Korea,8,-5.2,6,86,0.02
P-001304,V-00609,APAC-NE,Japan,2,7.5,0,87,-0.03
P-001306,V-00208,EMEA-W,France,7,-2.3,8,64,0.01
P-001306,V-00175,NA-US,United States,4,15.2,6,42,-0.06
P-001307,V-00632,EMEA-W,Germany,6,4.6,8,48,-0.02
P-001307,V-00308,APAC-SE,Indonesia,5,-1.6,4,95,0.01
P-001307,V-00020,APAC-NE,Japan,6,1.6,0,45,-0.01
P-001308,V-00182,SA,Argentina,6,-4.2,4,100,0.02
P-001308,V-00440,EMEA-E,Turkey,6,9.5,12,98,-0.04
P-001308,V-00288,NA-MX,Mexico,6,-2.3,6,50,0.01
P-001310,V-00855,NA-MX,Mexico,6,-1.3,4,93,0.01
P-001310,V-00597,NA-US,United States,3,15,8,16,-0.06
P-001310,V-00710,EMEA-W,France,5,12.2,0,96,-0.05
P-001311,V-00464,EMEA-W,Spain,5,17.3,0,84,-0.07
P-001311,V-00509,APAC-IN,India,3,7.3,6,97,-0.03
P-001312,V-00548,EMEA-W,Italy,8,-4.6,4,50,0.02
P-001312,V-00666,APAC-SE,Indonesia,6,18.7,4,45,-0.07
P-001313,V-00227,APAC-SE,Indonesia,4,-4.7,12,70,0.02
P-001313,V-00022,APAC-IN,India,3,-4.9,6,81,0.02
P-001314,V-00710,EMEA-W,France,4,12.6,8,52,-0.05
P-001314,V-00855,NA-MX,Mexico,9,0.8,8,53,0
P-001314,V-00183,EMEA-W,Germany,5,9.6,4,56,-0.04
P-001315,V-00213,NA-US,United States,4,-1.3,0,68,0.01
P-001315,V-00504,NA-US,United States,6,17.7,8,36,-0.19
P-001319,V-00274,EMEA-W,Spain,4,-3.6,8,77,0.04
P-001319,V-00246,NA-MX,Mexico,8,21.6,8,72,-0.24
P-001320,V-00460,NA-US,United States,6,-4.8,6,81,0.02
P-001320,V-00447,NA-MX,Mexico,7,11.8,8,43,-0.05
P-001320,V-00059,EMEA-E,Czechia,4,18.1,0,86,-0.07
P-001321,V-00642,EMEA-E,Czechia,5,0.7,6,57,0
P-001321,V-00832,APAC-NE,Taiwan,4,9.6,0,25,-0.04
P-001322,V-00641,NA-US,United States,8,8,0,46,-0.03
P-001322,V-00073,NA-MX,Mexico,4,0.5,0,46,0
P-001322,V-00478,APAC-SE,Vietnam,5,-2.5,0,53,0.01
P-001323,V-00553,EMEA-E,Romania,2,21,0,32,-0.23
P-001323,V-00528,SA,Brazil,4,-3.2,0,100,0.04
P-001324,V-00634,EMEA-E,Czechia,4,-4.3,12,84,0.02
P-001324,V-00519,APAC-NE,Taiwan,6,20.5,0,85,-0.08
P-001326,V-00797,APAC-IN,India,4,3.3,0,34,-0.01
P-001327,V-00256,APAC-NE,Taiwan,4,4.6,8,69,-0.02
P-001327,V-00062,NA-US,United States,7,20.6,8,51,-0.08
P-001327,V-00359,NA-MX,Mexico,7,-4.7,8,98,0.02
P-001329,V-00043,APAC-NE,Taiwan,4,7.5,8,82,-0.03
P-001330,V-00535,EMEA-W,France,4,9.6,12,36,-0.11
P-001334,V-00633,NA-MX,Mexico,5,11.2,0,60,-0.04
P-001334,V-00731,EMEA-W,Spain,4,5.9,6,71,-0.02
P-001337,V-00383,APAC-NE,Taiwan,7,14.2,12,37,-0.16
P-001338,V-00107,SA,Brazil,4,-5.5,8,72,0.02
P-001340,V-00082,SA,Argentina,4,12.4,8,45,-0.05
P-001340,V-00368,NA-US,United States,7,14.4,12,22,-0.06
P-001341,V-00279,EMEA-E,Czechia,7,-4.2,0,85,0.05
P-001342,V-00232,NA-US,United States,2,12.1,12,79,-0.05
P-001344,V-00141,APAC-SE,Malaysia,4,15.4,6,86,-0.06
P-001345,V-00365,APAC-IN,India,5,-5.8,4,44,0.02
P-001345,V-00472,APAC-SE,Vietnam,6,0.2,0,44,0
P-001345,V-00163,APAC-NE,Taiwan,8,4.3,0,56,-0.02
P-001347,V-00308,APAC-SE,Indonesia,5,-0.9,8,91,0
P-001347,V-00785,SA,Argentina,6,1.2,12,58,0
P-001347,V-00380,APAC-SE,Vietnam,3,20.3,6,91,-0.08
P-001348,V-00442,NA-MX,Mexico,3,-1.7,6,95,0.01
P-001348,V-00633,NA-MX,Mexico,4,-3.5,0,88,0.01
P-001348,V-00239,NA-MX,Mexico,8,9,6,88,-0.04
P-001349,V-00641,NA-US,United States,9,8.2,12,34,-0.03
P-001349,V-00761,SA,Brazil,6,9.1,12,17,-0.04
P-001349,V-00818,APAC-NE,South Korea,8,-5,12,79,0.02
P-001350,V-00231,APAC-SE,Vietnam,4,20.2,0,24,-0.08
P-001350,V-00541,APAC-SE,Malaysia,7,8.7,12,26,-0.03
P-001351,V-00180,APAC-IN,India,5,18.5,8,95,-0.07
P-001351,V-00434,APAC-NE,Japan,5,16.4,4,64,-0.07
P-001351,V-00238,SA,Argentina,5,20.4,12,21,-0.08
P-001352,V-00589,NA-MX,Mexico,5,0.2,12,19,0
P-001354,V-00818,APAC-NE,South Korea,6,-2,8,29,0.01
P-001354,V-00382,APAC-NE,South Korea,6,14.4,0,50,-0.06
P-001354,V-00169,NA-MX,Mexico,8,-2.2,0,50,0.01
P-001355,V-00625,APAC-SE,Malaysia,5,-0.3,12,45,0
P-001355,V-00301,APAC-SE,Vietnam,5,19.3,4,69,-0.08
P-001355,V-00315,NA-US,United States,3,4.8,0,37,-0.02
P-001362,V-00185,APAC-IN,India,7,-1.5,6,51,0.01
P-001362,V-00671,SA,Argentina,4,16.9,12,100,-0.07
P-001362,V-00610,SA,Brazil,6,9.5,6,36,-0.04
P-001365,V-00570,APAC-NE,Japan,6,20,4,71,-0.08
P-001365,V-00576,NA-MX,Mexico,3,14.8,0,52,-0.06
P-001367,V-00288,NA-MX,Mexico,4,0.8,12,95,0
P-001367,V-00196,APAC-NE,Taiwan,6,-0.1,6,87,0
P-001367,V-00560,NA-US,United States,8,-0.3,6,66,0
P-001369,V-00288,NA-MX,Mexico,7,0.6,0,25,0
P-001369,V-00847,APAC-NE,Japan,4,20.6,6,90,-0.08
P-001371,V-00087,APAC-NE,Japan,4,1.8,12,49,-0.01
P-001371,V-00032,APAC-IN,India,4,18.9,12,48,-0.08
P-001371,V-00210,APAC-IN,India,1,4.9,0,57,-0.02
P-001372,V-00392,NA-US,United States,5,5.7,8,62,-0.02
P-001372,V-00626,NA-MX,Mexico,8,-1.8,4,45,0.01
P-001373,V-00358,APAC-NE,Japan,4,-2,8,66,0.01
P-001373,V-00036,APAC-SE,Vietnam,3,-3.4,6,59,0.01
P-001373,V-00091,APAC-NE,South Korea,5,20.1,0,23,-0.08
P-001374,V-00583,APAC-NE,Japan,5,15.7,12,94,-0.17
P-001374,V-00549,EMEA-W,Italy,5,12.3,12,92,-0.14
P-001376,V-00807,EMEA-E,Turkey,9,11.6,4,22,-0.05
P-001376,V-00832,APAC-NE,Taiwan,6,7.1,4,16,-0.03
P-001378,V-00473,NA-MX,Mexico,5,21.9,6,97,-0.24
P-001378,V-00014,APAC-NE,South Korea,7,-2.7,12,73,0.03
P-001378,V-00144,SA,Brazil,4,15.1,6,27,-0.17
P-001381,V-00302,NA-US,United States,4,12.4,8,45,-0.05
P-001381,V-00569,APAC-IN,India,6,15,8,70,-0.06
P-001381,V-00291,APAC-NE,South Korea,8,8.9,6,95,-0.04
P-001383,V-00790,APAC-SE,Malaysia,5,20.4,0,29,-0.08
P-001384,V-00282,APAC-IN,India,6,18.7,6,20,-0.07
P-001384,V-00270,APAC-IN,India,7,-5.8,8,35,0.02
P-001384,V-00500,SA,Argentina,4,19.9,4,16,-0.08
P-001385,V-00855,NA-MX,Mexico,8,-5.3,0,58,0.06
P-001385,V-00339,SA,Argentina,3,4.6,8,85,-0.05
P-001386,V-00364,APAC-SE,Malaysia,6,2.7,0,32,-0.01
P-001387,V-00616,APAC-SE,Malaysia,4,5.6,6,82,-0.06
P-001387,V-00486,NA-MX,Mexico,7,3.4,4,76,-0.04
P-001387,V-00616,APAC-SE,Malaysia,2,2.8,6,58,-0.03
P-001388,V-00439,APAC-NE,China,2,5.6,4,97,-0.06
P-001389,V-00318,EMEA-W,France,4,18.4,0,76,-0.2
P-001389,V-00273,NA-MX,Mexico,6,12.8,8,36,-0.14
P-001392,V-00513,APAC-NE,Taiwan,8,-4.4,0,90,0.02
P-001393,V-00632,EMEA-W,Germany,7,8.6,12,29,-0.09
P-001393,V-00426,APAC-SE,Malaysia,9,21.6,8,52,-0.24
P-001393,V-00251,SA,Argentina,2,20.2,8,100,-0.22
P-001394,V-00293,APAC-NE,Taiwan,4,9.1,6,97,-0.04
P-001394,V-00149,NA-US,United States,6,12.9,0,69,-0.05
P-001396,V-00524,APAC-SE,Thailand,7,13.1,12,41,-0.14
P-001396,V-00778,NA-US,United States,7,-0.3,0,77,0
P-001396,V-00613,EMEA-W,Spain,8,0.4,0,51,0
P-001397,V-00583,APAC-NE,Japan,5,8.3,6,74,-0.03
P-001398,V-00472,APAC-SE,Vietnam,7,15.6,0,71,-0.06
P-001398,V-00790,APAC-SE,Malaysia,8,15.4,0,40,-0.06
P-001398,V-00285,NA-US,United States,3,18.9,0,70,-0.08
P-001399,V-00311,EMEA-W,Spain,5,-5.4,12,24,0.02
P-001399,V-00674,NA-MX,Mexico,6,3,8,39,-0.01
P-001402,V-00395,NA-US,United States,4,9.6,4,36,-0.11
P-001402,V-00613,EMEA-W,Spain,8,15.6,6,76,-0.17
P-001402,V-00536,SA,Brazil,6,11.1,0,79,-0.12
P-001403,V-00555,APAC-IN,India,6,15.4,0,63,-0.17
P-001404,V-00829,APAC-NE,Japan,4,-1.3,0,86,0.01
P-001404,V-00084,NA-MX,Mexico,7,3.3,12,98,-0.01
P-001404,V-00493,EMEA-E,Romania,8,-3.2,0,55,0.01
P-001405,V-00762,NA-US,United States,4,8.4,12,41,-0.09
P-001406,V-00153,SA,Argentina,5,12.4,0,48,-0.05
P-001407,V-00592,EMEA-W,Germany,9,-1.5,0,31,0.01
P-001407,V-00555,APAC-IN,India,7,5.5,0,42,-0.02
P-001409,V-00156,SA,Argentina,5,15,0,36,-0.06
P-001409,V-00494,APAC-IN,India,6,3.8,0,73,-0.02
P-001410,V-00774,EMEA-E,Romania,5,10.4,0,49,-0.04
P-001411,V-00246,NA-MX,Mexico,9,22,6,39,-0.09
P-001412,V-00198,EMEA-W,Spain,6,21.5,0,53,-0.09
P-001412,V-00744,SA,Brazil,4,6.8,0,32,-0.03
P-001412,V-00301,APAC-SE,Vietnam,3,0.4,4,58,0
P-001413,V-00681,EMEA-E,Turkey,7,6.2,0,100,-0.02
P-001413,V-00395,NA-US,United States,4,12.5,8,63,-0.05
P-001413,V-00034,APAC-IN,India,3,10.8,4,66,-0.04
P-001414,V-00098,EMEA-E,Turkey,6,-5.7,6,93,0.02
P-001415,V-00046,NA-MX,Mexico,4,0.7,12,40,0
P-001415,V-00570,APAC-NE,Japan,4,9.5,0,68,-0.04
P-001415,V-00374,APAC-SE,Thailand,6,21.9,8,86,-0.09
P-001416,V-00618,APAC-NE,South Korea,5,19.1,12,28,-0.08
P-001417,V-00568,APAC-IN,India,4,12,8,44,-0.13
P-001417,V-00092,APAC-IN,India,6,-5.9,12,64,0.06
P-001419,V-00854,NA-US,United States,8,0.7,8,34,-0.01
P-001419,V-00082,SA,Argentina,4,11.4,0,70,-0.13
P-001419,V-00696,APAC-SE,Indonesia,7,13.9,6,97,-0.15
P-001420,V-00036,APAC-SE,Vietnam,4,15.1,8,99,-0.06
P-001420,V-00279,EMEA-E,Czechia,8,16.9,8,50,-0.07
P-001420,V-00405,NA-MX,Mexico,3,13,8,83,-0.05
P-001421,V-00225,NA-MX,Mexico,5,-2.5,6,97,0.03
P-001421,V-00378,NA-MX,Mexico,7,11.7,6,24,-0.13
P-001423,V-00310,EMEA-E,Czechia,9,10.1,6,33,-0.04
P-001425,V-00846,NA-MX,Mexico,2,8.7,6,27,-0.03
P-001425,V-00352,SA,Brazil,6,11.1,8,58,-0.04
P-001426,V-00621,SA,Brazil,4,12,6,96,-0.05
P-001426,V-00974,NA-MX,Mexico,6,1.2,6,65,0
P-001426,V-00923,NA-MX,Mexico,5,-2.1,6,36,0.01
P-001427,V-00288,NA-MX,Mexico,4,-2.4,4,60,0.03
P-001429,V-00635,SA,Argentina,9,3.2,0,36,-0.01
P-001429,V-00717,SA,Argentina,7,1.4,4,95,-0.01
P-001430,V-00664,APAC-NE,Taiwan,7,-0.2,0,61,0
P-001430,V-00321,APAC-SE,Malaysia,3,1.9,4,56,-0.01
P-001432,V-00523,EMEA-W,France,2,4.2,8,79,-0.02
P-001432,V-00168,APAC-SE,Vietnam,3,19.8,0,72,-0.08
P-001433,V-00088,APAC-SE,Vietnam,2,2.4,12,25,-0.01
P-001433,V-00214,EMEA-W,France,5,1.9,0,32,-0.01
P-001433,V-00362,SA,Brazil,2,15.8,4,42,-0.06
P-001434,V-00041,NA-US,United States,7,-1.8,8,44,0.01
P-001434,V-00027,APAC-IN,India,6,15.4,4,29,-0.06
P-001434,V-00684,APAC-NE,Japan,5,3.4,8,26,-0.01
P-001435,V-00397,NA-MX,Mexico,4,2.1,8,31,-0.01
P-001435,V-00138,EMEA-W,France,2,15.5,0,81,-0.06
P-001437,V-00794,APAC-IN,India,5,7.1,8,55,-0.03
P-001438,V-00482,APAC-NE,Taiwan,1,2.8,0,83,-0.01
P-001438,V-00202,APAC-NE,China,5,9.2,4,39,-0.04
P-001438,V-00431,APAC-SE,Thailand,3,13.2,0,54,-0.05
P-001441,V-00719,NA-US,United States,3,14.1,4,44,-0.06
P-001441,V-00256,APAC-NE,Taiwan,4,7,0,100,-0.03
P-001441,V-00290,APAC-SE,Indonesia,8,3.8,0,42,-0.02
P-001442,V-00077,NA-US,United States,4,4.7,0,49,-0.02
P-001442,V-00945,APAC-IN,India,4,10,4,21,-0.04
P-001444,V-00759,EMEA-W,Italy,4,18.9,12,58,-0.08
P-001444,V-00023,NA-MX,Mexico,7,8.5,6,41,-0.03
P-001444,V-00444,APAC-SE,Vietnam,6,19.8,0,64,-0.08
P-001446,V-00505,SA,Argentina,6,-3.4,6,34,0.01
P-001446,V-00018,NA-US,United States,4,13,6,65,-0.05
P-001446,V-00514,APAC-NE,Japan,4,-1.7,4,95,0.01
P-001449,V-00183,EMEA-W,Germany,5,4.5,12,75,-0.02
P-001451,V-00533,APAC-IN,India,4,12.7,0,18,-0.05
P-001452,V-00514,APAC-NE,Japan,5,17.7,12,97,-0.07
P-001452,V-00427,NA-US,United States,3,-1.2,8,39,0
P-001452,V-00457,NA-MX,Mexico,4,6.5,6,43,-0.03
P-001453,V-00198,EMEA-W,Spain,6,16.3,4,91,-0.07
P-001455,V-00145,NA-MX,Mexico,7,10.5,12,67,-0.04
P-001456,V-00319,NA-MX,Mexico,5,-0.4,0,92,0
P-001457,V-00463,SA,Argentina,7,-5.6,8,23,0.02
P-001457,V-00445,EMEA-W,France,4,-1.6,0,86,0.01
P-001458,V-00444,APAC-SE,Vietnam,5,18.1,4,35,-0.2
P-001458,V-00790,APAC-SE,Malaysia,8,21.5,0,45,-0.24
P-001458,V-00386,APAC-NE,South Korea,4,3.6,0,34,-0.04
P-001460,V-00312,NA-US,United States,8,1.7,8,75,-0.01
P-001460,V-00654,NA-US,United States,4,-3.7,6,41,0.01
P-001460,V-00458,APAC-SE,Indonesia,1,15,6,92,-0.06
P-001461,V-00977,NA-MX,Mexico,3,-4.6,0,86,0.02
P-001461,V-00724,EMEA-E,Turkey,9,17.6,6,53,-0.07
P-001461,V-00154,APAC-SE,Malaysia,6,-1.2,12,60,0
P-001463,V-00413,APAC-NE,South Korea,3,15.9,6,61,-0.06
P-001463,V-00762,NA-US,United States,4,3.5,6,76,-0.01
P-001463,V-00264,APAC-IN,India,6,18,4,53,-0.07
P-001464,V-00238,SA,Argentina,4,11.2,12,85,-0.04
P-001464,V-00632,EMEA-W,Germany,5,5.3,6,68,-0.02
P-001467,V-00566,APAC-NE,South Korea,2,-2.3,0,81,0.01
P-001469,V-00678,NA-MX,Mexico,4,12.4,0,33,-0.05
P-001469,V-00312,NA-US,United States,7,21.4,6,29,-0.09
P-001470,V-00386,APAC-NE,South Korea,6,9.9,8,29,-0.04
P-001470,V-00365,APAC-IN,India,6,3.9,0,32,-0.02
P-001470,V-00408,NA-US,United States,4,13.2,0,53,-0.05
P-001471,V-00254,SA,Argentina,5,19.3,12,53,-0.21
P-001471,V-00148,NA-US,United States,2,-2.8,6,21,0.03
P-001472,V-00296,NA-MX,Mexico,4,21.5,12,15,-0.09
P-001474,V-00694,APAC-NE,China,9,9.2,0,47,-0.04
P-001474,V-00573,NA-MX,Mexico,7,3,8,69,-0.01
P-001474,V-00664,APAC-NE,Taiwan,6,-5.1,12,90,0.02
P-001476,V-00464,EMEA-W,Spain,5,12.3,0,29,-0.05
P-001476,V-00436,NA-US,United States,6,4.7,4,55,-0.02
P-001479,V-00698,APAC-SE,Indonesia,7,17,0,43,-0.07
P-001479,V-00693,NA-US,United States,7,2.9,12,79,-0.01
P-001481,V-00284,EMEA-E,Romania,4,21.6,12,93,-0.09
P-001483,V-00633,NA-MX,Mexico,5,20.4,8,19,-0.08
P-001483,V-00504,NA-US,United States,7,20.1,0,46,-0.08
P-001483,V-00044,NA-US,United States,4,8.5,0,84,-0.03
P-001486,V-00029,APAC-IN,India,4,11.9,6,75,-0.13
P-001486,V-00028,APAC-IN,India,3,21.9,8,68,-0.24
P-001494,V-00245,NA-US,United States,5,9.7,0,81,-0.11
P-001495,V-00601,EMEA-W,France,8,-2.6,12,80,0.01
P-001497,V-00118,SA,Brazil,7,-1.1,4,62,0
P-001499,V-00752,NA-US,United States,7,13.7,8,50,-0.15
P-001499,V-00160,EMEA-E,Czechia,3,9.2,8,31,-0.1
P-001500,V-00106,NA-MX,Mexico,4,18.3,0,24,-0.07
P-001500,V-00246,NA-MX,Mexico,8,2.2,6,96,-0.01
P-001500,V-00389,APAC-NE,Japan,3,20.9,8,99,-0.08
P-001502,V-00091,APAC-NE,South Korea,5,4.5,6,86,-0.02
P-001504,V-00399,APAC-NE,South Korea,5,-0.8,0,89,0
P-001504,V-00390,EMEA-E,Poland,7,3.5,12,92,-0.01
P-001504,V-00607,APAC-NE,Taiwan,6,20.5,6,18,-0.08
P-001505,V-00571,EMEA-E,Czechia,6,13.3,8,30,-0.05
P-001508,V-00085,NA-MX,Mexico,2,6.6,8,54,-0.07
P-001508,V-00194,APAC-IN,India,2,-2.2,0,82,0.02
P-001509,V-00385,SA,Brazil,7,-0.1,12,54,0
P-001509,V-00491,APAC-SE,Malaysia,7,12.8,6,72,-0.05
P-001509,V-00085,NA-MX,Mexico,3,12.5,8,45,-0.05
P-001511,V-00329,SA,Argentina,5,19.7,4,38,-0.08
P-001511,V-00432,NA-US,United States,4,12.2,0,62,-0.05
P-001511,V-00625,APAC-SE,Malaysia,6,-2.5,8,97,0.01
P-001513,V-00048,NA-US,United States,8,20.5,0,40,-0.23
P-001513,V-00294,NA-US,United States,1,21.2,12,38,-0.23
P-001514,V-00302,NA-US,United States,4,20.3,0,68,-0.22
P-001514,V-00485,EMEA-E,Czechia,4,-1.6,4,17,0.02
P-001516,V-00023,NA-MX,Mexico,5,13.7,6,20,-0.05
P-001518,V-00652,SA,Argentina,7,19.9,0,63,-0.08
P-001520,V-00492,APAC-IN,India,5,17.6,8,48,-0.19
P-001520,V-00054,NA-MX,Mexico,4,-3.5,12,45,0.04
P-001520,V-00525,EMEA-E,Poland,5,7.6,0,93,-0.08
P-001521,V-00380,APAC-SE,Vietnam,4,11.6,12,46,-0.05
P-001521,V-00859,NA-US,United States,6,11.7,8,26,-0.05
P-001522,V-00155,SA,Argentina,6,18.3,0,51,-0.2
P-001523,V-00725,EMEA-W,France,6,-3.1,12,25,0.01
P-001524,V-00076,APAC-IN,India,3,2.5,12,27,-0.01
P-001524,V-00266,SA,Brazil,5,10.3,6,17,-0.04
P-001527,V-00011,APAC-SE,Indonesia,5,2.9,4,51,-0.01
P-001527,V-00618,APAC-NE,South Korea,5,-4.4,0,61,0.02
P-001529,V-00239,NA-MX,Mexico,7,5.1,8,41,-0.02
P-001529,V-00118,SA,Brazil,5,9.4,4,78,-0.04
P-001530,V-00075,APAC-IN,India,5,18.8,12,46,-0.08
P-001531,V-00458,APAC-SE,Indonesia,1,15.2,8,76,-0.17
P-001532,V-00297,APAC-NE,Taiwan,6,11.2,6,37,-0.04
P-001532,V-00365,APAC-IN,India,6,19.6,0,18,-0.08
P-001533,V-00103,APAC-SE,Indonesia,8,19.3,6,28,-0.21
P-001533,V-00325,EMEA-W,France,4,13.1,0,18,-0.14
P-001536,V-00443,NA-US,United States,3,19.5,0,92,-0.08
P-001536,V-00059,EMEA-E,Czechia,4,1.2,12,18,0
P-001536,V-00216,EMEA-W,Italy,2,13.3,0,33,-0.05
P-001538,V-00644,EMEA-E,Turkey,5,18.6,6,59,-0.07
P-001538,V-00128,SA,Brazil,7,15.2,6,43,-0.06
P-001539,V-00808,APAC-SE,Thailand,7,-2.3,12,18,0.01
P-001540,V-00773,SA,Brazil,3,-1.5,0,29,0.01
P-001540,V-00773,SA,Brazil,4,-2.4,0,45,0.01
P-001541,V-00544,APAC-IN,India,2,21.8,6,64,-0.24
P-001542,V-00457,NA-MX,Mexico,6,8.9,6,15,-0.04
P-001542,V-00091,APAC-NE,South Korea,3,8.9,4,19,-0.04
P-001542,V-00409,APAC-SE,Indonesia,7,-4.4,0,50,0.02
P-001544,V-00160,EMEA-E,Czechia,3,21.5,0,62,-0.09
P-001545,V-00660,EMEA-W,Germany,5,-5.1,6,89,0.02
P-001545,V-00384,EMEA-W,Italy,7,3.1,8,29,-0.01
P-001546,V-00174,EMEA-E,Turkey,5,12,12,74,-0.05
P-001547,V-00419,SA,Argentina,6,1.2,4,79,0
P-001547,V-00239,NA-MX,Mexico,6,2.2,8,52,-0.01
P-001549,V-00381,APAC-SE,Vietnam,3,7.9,0,94,-0.09
P-001549,V-00227,APAC-SE,Indonesia,7,15.1,8,56,-0.17
P-001549,V-00360,EMEA-E,Czechia,6,0.9,4,64,-0.01
P-001551,V-00334,NA-US,United States,2,6.1,0,28,-0.02
P-001552,V-00524,APAC-SE,Thailand,9,8.9,4,60,-0.04
P-001552,V-00725,EMEA-W,France,6,-1,4,97,0
P-001552,V-00575,EMEA-W,France,6,8.5,0,46,-0.03
P-001556,V-00625,APAC-SE,Malaysia,5,2.6,8,61,-0.01
P-001556,V-00531,NA-MX,Mexico,5,-5.8,6,42,0.02
P-001556,V-00555,APAC-IN,India,6,-0.9,12,33,0
P-001558,V-00546,NA-MX,Mexico,3,16.6,8,32,-0.07
P-001559,V-00842,EMEA-E,Romania,9,10.3,4,38,-0.04
P-001559,V-00762,NA-US,United States,5,0.7,6,61,0
P-001560,V-00536,SA,Brazil,6,6,4,96,-0.02
P-001560,V-00167,APAC-IN,India,6,14.7,6,46,-0.06
P-001561,V-00288,NA-MX,Mexico,6,-0.7,0,35,0
P-001561,V-00868,SA,Brazil,7,21.3,0,88,-0.09
P-001561,V-00012,APAC-NE,Taiwan,8,0.3,12,65,0
P-001563,V-00764,EMEA-W,Italy,8,0.8,8,63,0
P-001563,V-00617,EMEA-W,Spain,5,-1.4,6,74,0.01
P-001565,V-00386,APAC-NE,South Korea,5,6.3,0,61,-0.03
P-001565,V-00111,NA-MX,Mexico,6,-3.6,12,82,0.01
P-001568,V-00672,EMEA-E,Romania,3,20.2,4,80,-0.08
P-001572,V-01139,EMEA-E,Czechia,4,-0.7,8,53,0
P-001572,V-00051,NA-MX,Mexico,4,-5.3,6,21,0.02
P-001573,V-00524,APAC-SE,Thailand,8,-1.5,4,46,0.02
P-001574,V-00366,NA-MX,Mexico,3,-0.5,8,59,0
P-001574,V-00100,APAC-NE,Taiwan,4,5.5,0,26,-0.02
P-001576,V-00078,APAC-NE,China,2,-5.6,6,72,0.02
P-001576,V-00127,NA-MX,Mexico,3,17.5,12,80,-0.07
P-001576,V-00679,APAC-NE,South Korea,8,0.1,6,41,0
P-001577,V-00476,EMEA-E,Romania,8,1.7,6,66,-0.02
P-001577,V-00109,NA-US,United States,5,-0.8,4,24,0.01
P-001579,V-00060,APAC-SE,Indonesia,5,-5.2,8,15,0.02
P-001580,V-00579,NA-US,United States,6,8.1,6,81,-0.03
P-001581,V-00636,NA-US,United States,5,17.6,8,76,-0.07
P-001581,V-00605,APAC-NE,Taiwan,8,7.7,0,35,-0.03
P-001583,V-00115,APAC-NE,Taiwan,3,7.6,6,58,-0.03
P-001586,V-00807,EMEA-E,Turkey,9,15.9,0,45,-0.06
P-001586,V-00544,APAC-IN,India,3,4.7,4,69,-0.02
P-001587,V-00633,NA-MX,Mexico,4,11.2,0,93,-0.04
P-001587,V-00571,EMEA-E,Czechia,5,-1.1,8,36,0
P-001587,V-00378,NA-MX,Mexico,7,11.2,4,51,-0.04
P-001588,V-00535,EMEA-W,France,5,15.5,6,29,-0.06
P-001590,V-00529,APAC-IN,India,4,8.9,6,59,-0.1
P-001592,V-00341,NA-US,United States,7,-3.5,0,47,0.01
P-001592,V-00688,NA-US,United States,4,-3.2,0,25,0.01
P-001592,V-00441,APAC-SE,Malaysia,4,18.5,12,27,-0.07
P-001593,V-00262,EMEA-E,Poland,7,3,12,59,-0.01
P-001593,V-00631,NA-MX,Mexico,4,6.7,0,67,-0.03
P-001593,V-00493,EMEA-E,Romania,8,-1,0,91,0
P-001594,V-00202,APAC-NE,China,4,6.8,4,40,-0.03
P-001595,V-00408,NA-US,United States,4,14,0,81,-0.06
P-001595,V-00408,NA-US,United States,5,19.4,0,24,-0.08
P-001596,V-00275,EMEA-E,Turkey,2,6.2,0,42,-0.07
P-001596,V-00530,SA,Brazil,6,12.1,0,31,-0.13
P-001597,V-00187,APAC-NE,South Korea,6,5.5,8,57,-0.02
P-001597,V-00539,EMEA-E,Turkey,7,4.9,0,30,-0.02
P-001597,V-00375,SA,Brazil,4,0.4,0,38,0
P-001598,V-00628,APAC-SE,Indonesia,6,4.7,8,71,-0.05
P-001598,V-00330,NA-MX,Mexico,7,18.7,12,33,-0.21
P-001599,V-00509,APAC-IN,India,3,9.9,0,65,-0.04
P-001599,V-00178,APAC-IN,India,5,7.4,0,65,-0.03
P-001599,V-00817,APAC-IN,India,2,19.6,6,31,-0.08
P-001601,V-00283,EMEA-W,France,4,-0.5,8,16,0
P-001601,V-00541,APAC-SE,Malaysia,8,14.9,6,21,-0.06
P-001601,V-00475,APAC-SE,Thailand,5,11.2,4,86,-0.04
P-001602,V-00078,APAC-NE,China,3,17.6,0,77,-0.07
P-001602,V-00157,APAC-IN,India,3,17.7,6,45,-0.07
P-001603,V-00166,APAC-IN,India,7,16.8,0,96,-0.07
P-001603,V-00335,EMEA-E,Czechia,3,16.1,6,71,-0.06
P-001603,V-00486,NA-MX,Mexico,6,5.8,8,94,-0.02
P-001604,V-00818,APAC-NE,South Korea,8,15.5,6,92,-0.17
P-001604,V-00562,APAC-IN,India,2,-4.4,0,93,0.05
P-001604,V-00855,NA-MX,Mexico,6,14.2,0,22,-0.16
P-001605,V-00645,NA-MX,Mexico,8,0.7,12,37,0
P-001606,V-00307,SA,Brazil,7,-3.5,4,95,0.04
P-001606,V-00456,APAC-SE,Malaysia,6,-5.8,0,39,0.06
P-001607,V-00240,NA-US,United States,3,15.8,0,45,-0.06
P-001608,V-00608,EMEA-W,Germany,7,8,0,80,-0.03
P-001609,V-00008,NA-US,United States,7,0.8,4,32,-0.01
P-001609,V-00403,NA-MX,Mexico,2,-5.6,12,92,0.06
P-001610,V-00193,NA-US,United States,7,2.4,8,44,-0.03
P-001610,V-00683,NA-US,United States,4,-3,0,15,0.03
P-001610,V-00174,EMEA-E,Turkey,4,13.2,8,77,-0.15
P-001611,V-00491,APAC-SE,Malaysia,7,13.4,8,48,-0.05
P-001612,V-00565,SA,Argentina,5,12.2,0,28,-0.05
P-001612,V-00057,NA-MX,Mexico,6,-2.7,4,89,0.01
P-001612,V-00444,APAC-SE,Vietnam,5,18.1,0,45,-0.07
P-001613,V-00768,APAC-SE,Indonesia,6,16.4,8,46,-0.07
P-001615,V-00809,SA,Brazil,8,13,0,34,-0.05
P-001615,V-00650,APAC-IN,India,4,12.9,4,56,-0.05
P-001615,V-00945,APAC-IN,India,4,-1.5,4,96,0.01
P-001616,V-00401,SA,Brazil,6,10.1,0,91,-0.04
P-001616,V-00156,SA,Argentina,5,-3.5,8,59,0.01
P-001616,V-00019,APAC-NE,Taiwan,4,-1.1,0,80,0
P-001617,V-00153,SA,Argentina,2,4.5,4,61,-0.02
P-001617,V-00357,SA,Brazil,7,12.5,8,37,-0.05
P-001618,V-00165,SA,Brazil,5,10.6,12,41,-0.04
P-001619,V-00180,APAC-IN,India,5,12.2,0,77,-0.05
P-001619,V-00542,SA,Argentina,7,-0.8,8,52,0
P-001619,V-00180,APAC-IN,India,6,-3.5,4,20,0.01
P-001620,V-00650,APAC-IN,India,3,-3.9,0,16,0.04
P-001621,V-00373,NA-MX,Mexico,5,5.3,4,23,-0.02
P-001622,V-00842,EMEA-E,Romania,8,8.3,8,40,-0.09
P-001622,V-00669,APAC-SE,Vietnam,5,20.2,6,71,-0.22
P-001623,V-00419,SA,Argentina,6,10.7,0,86,-0.12
P-001623,V-00044,NA-US,United States,4,7.5,8,67,-0.08
P-001624,V-00455,NA-US,United States,4,17.8,0,83,-0.07
P-001624,V-00392,NA-US,United States,5,-4.6,12,40,0.02
P-001626,V-00297,APAC-NE,Taiwan,7,-4.8,0,81,0.02
P-001626,V-00115,APAC-NE,Taiwan,3,-1.7,12,37,0.01
P-001628,V-00543,NA-US,United States,6,14.9,8,37,-0.06
P-001628,V-00490,APAC-IN,India,4,4.8,0,54,-0.02
P-001629,V-00857,APAC-NE,Japan,7,10.7,0,95,-0.04
P-001630,V-00321,APAC-SE,Malaysia,4,-2.3,0,21,0.01
P-001630,V-00034,APAC-IN,India,1,0,4,95,0
P-001630,V-00357,SA,Brazil,7,-2.3,4,20,0.01
P-001632,V-00019,APAC-NE,Taiwan,4,16.2,0,17,-0.06
P-001632,V-00290,APAC-SE,Indonesia,7,0.9,8,71,0
P-001632,V-00160,EMEA-E,Czechia,4,-3.5,4,55,0.01
P-001633,V-00181,APAC-NE,Taiwan,6,9.1,4,26,-0.04
P-001633,V-00453,SA,Brazil,4,17.3,0,15,-0.07
P-001633,V-00633,NA-MX,Mexico,3,-1.1,12,37,0
P-001634,V-00513,APAC-NE,Taiwan,6,-2.6,8,26,0.03
P-001634,V-00121,SA,Argentina,4,8.7,0,75,-0.1
P-001636,V-00444,APAC-SE,Vietnam,5,8.1,0,79,-0.03
P-001636,V-00111,NA-MX,Mexico,6,15.9,6,37,-0.06
P-001638,V-00133,EMEA-E,Turkey,4,-5.6,6,97,0.02
P-001638,V-00118,SA,Brazil,6,-3.9,12,82,0.02
P-001638,V-00660,EMEA-W,Germany,6,14.5,6,88,-0.06
P-001639,V-00086,EMEA-E,Czechia,7,4.8,8,54,-0.02
P-001639,V-00266,SA,Brazil,5,11.4,0,38,-0.05
P-001640,V-00065,EMEA-E,Romania,5,-3.5,0,48,0.01
P-001640,V-00343,NA-MX,Mexico,4,-4.4,6,64,0.02
P-001640,V-00431,APAC-SE,Thailand,6,18.5,12,39,-0.07
P-001641,V-00532,APAC-SE,Thailand,6,-3.2,6,25,0.01
P-001641,V-00288,NA-MX,Mexico,6,10.7,8,97,-0.04
P-001641,V-00532,APAC-SE,Thailand,6,-0.5,0,52,0
P-001644,V-00725,EMEA-W,France,6,16.6,0,87,-0.07
P-001644,V-00314,SA,Brazil,9,-1.2,0,93,0
P-001645,V-00475,APAC-SE,Thailand,6,19.2,12,70,-0.08
P-001645,V-00303,APAC-SE,Vietnam,9,5.6,0,18,-0.02
P-001645,V-00407,EMEA-E,Poland,3,-5.6,6,98,0.02
P-001646,V-00424,NA-US,United States,7,11.2,8,34,-0.12
P-001646,V-00162,EMEA-W,Italy,7,4.4,6,95,-0.05
P-001646,V-00323,EMEA-E,Czechia,3,10.1,4,24,-0.11
P-001647,V-00768,APAC-SE,Indonesia,4,12.4,12,91,-0.05
P-001647,V-00468,NA-US,United States,7,3.8,8,46,-0.02
P-001648,V-00186,EMEA-E,Romania,7,8.6,6,37,-0.03
P-001649,V-00613,EMEA-W,Spain,6,14.5,0,81,-0.06
P-001649,V-00545,EMEA-W,France,5,18.6,4,94,-0.07
P-001649,V-00318,EMEA-W,France,6,14.1,8,95,-0.06
P-001650,V-00492,APAC-IN,India,6,18.3,4,75,-0.07
P-001650,V-00036,APAC-SE,Vietnam,5,-2.7,12,58,0.01
P-001651,V-00227,APAC-SE,Indonesia,4,16.1,12,73,-0.06
P-001651,V-00626,NA-MX,Mexico,6,7.1,4,31,-0.03
P-001651,V-00852,EMEA-W,Italy,6,-1.4,4,25,0.01
P-001652,V-00370,EMEA-E,Poland,4,1.6,0,44,-0.01
P-001653,V-00187,APAC-NE,South Korea,6,1.4,12,61,-0.01
P-001654,V-00208,EMEA-W,France,5,-3.6,12,30,0.01
P-001654,V-00345,EMEA-E,Poland,5,-3.1,0,68,0.01
P-001658,V-00807,EMEA-E,Turkey,7,1.3,0,85,-0.01
P-001658,V-00605,APAC-NE,Taiwan,8,5.7,8,90,-0.02
P-001658,V-00831,APAC-SE,Thailand,3,-1.3,0,45,0.01
P-001660,V-00013,SA,Argentina,2,16.8,12,89,-0.07
P-001660,V-00212,NA-MX,Mexico,3,-1.1,8,85,0
P-001660,V-00345,EMEA-E,Poland,5,6.6,6,23,-0.03
P-001663,V-00796,NA-MX,Mexico,7,-4,0,26,0.04
P-001664,V-00348,EMEA-W,Spain,5,13.9,4,77,-0.06
P-001664,V-00136,APAC-SE,Indonesia,7,-4.6,8,77,0.02
P-001666,V-00015,EMEA-E,Turkey,6,19.1,12,16,-0.08
P-001667,V-00280,APAC-IN,India,3,-4,0,55,0.02
P-001668,V-00183,EMEA-W,Germany,6,3.8,0,32,-0.02
P-001668,V-00183,EMEA-W,Germany,4,-3.1,0,22,0.01
P-001669,V-00696,APAC-SE,Indonesia,8,16.7,0,55,-0.07
P-001671,V-00412,APAC-SE,Vietnam,8,-0.5,4,93,0
P-001671,V-00402,EMEA-W,France,5,19.4,0,51,-0.08
P-001674,V-00299,NA-MX,Mexico,5,9.5,6,94,-0.04
P-001675,V-00693,NA-US,United States,5,14.2,4,19,-0.06
P-001675,V-00290,APAC-SE,Indonesia,8,-3.9,0,21,0.02
P-001675,V-00665,APAC-SE,Vietnam,1,19.2,12,28,-0.08
P-001676,V-00220,EMEA-W,Spain,6,17.9,8,15,-0.07
P-001677,V-01000,EMEA-W,Spain,3,-1.5,4,94,0.01
P-001677,V-00393,APAC-NE,China,2,8.1,6,96,-0.03
P-001677,V-00566,APAC-NE,South Korea,2,16.3,0,50,-0.07
P-001679,V-00654,NA-US,United States,6,17.5,0,16,-0.07
P-001679,V-00327,SA,Brazil,6,15.4,0,85,-0.06
P-001680,V-00515,EMEA-E,Turkey,7,-2.2,8,67,0.02
P-001681,V-00696,APAC-SE,Indonesia,8,7.5,0,64,-0.08
P-001682,V-00323,EMEA-E,Czechia,3,16.3,12,99,-0.07
P-001682,V-00040,APAC-NE,China,7,19.8,6,27,-0.08
P-001683,V-00604,EMEA-E,Czechia,7,17.3,8,23,-0.07
P-001683,V-00361,NA-MX,Mexico,4,4,6,78,-0.02
P-001685,V-00335,EMEA-E,Czechia,3,19.5,4,35,-0.21
P-001685,V-00335,EMEA-E,Czechia,4,-1.6,4,41,0.02
P-001686,V-00226,SA,Brazil,7,19.7,8,48,-0.08
P-001686,V-00534,APAC-NE,Japan,2,21.4,12,69,-0.09
P-001687,V-00086,EMEA-E,Czechia,8,7.6,12,76,-0.08
P-001689,V-00039,EMEA-E,Romania,7,21.4,0,46,-0.09
P-001689,V-00151,APAC-IN,India,5,16,4,34,-0.06
P-001690,V-00354,NA-MX,Mexico,3,15,0,95,-0.06
P-001690,V-00478,APAC-SE,Vietnam,2,0.4,6,97,0
P-001692,V-00617,EMEA-W,Spain,7,18.2,6,49,-0.07
P-001692,V-00617,EMEA-W,Spain,6,0,6,87,0
P-001692,V-00777,EMEA-W,Germany,6,1,8,55,0
P-001696,V-00789,SA,Argentina,4,11,8,83,-0.12
P-001696,V-00052,EMEA-E,Turkey,4,10.8,12,29,-0.12
P-001697,V-00451,NA-MX,Mexico,3,15.4,8,89,-0.06
P-001699,V-00688,NA-US,United States,2,0.7,12,41,-0.01
P-001699,V-00581,NA-MX,Mexico,7,5.8,12,81,-0.06
P-001699,V-00233,NA-MX,Mexico,5,-1,8,67,0.01
P-001700,V-00681,EMEA-E,Turkey,6,10.8,12,50,-0.04
P-001700,V-00613,EMEA-W,Spain,8,-1,6,95,0
P-001700,V-00778,NA-US,United States,6,1.3,6,91,-0.01
P-001702,V-00481,EMEA-W,Italy,9,1.7,12,74,-0.02
P-001704,V-00093,APAC-SE,Indonesia,4,17.9,8,57,-0.2
P-001706,V-00327,SA,Brazil,5,11.3,0,70,-0.05
P-001706,V-00140,APAC-NE,Taiwan,4,-1.4,6,16,0.01
P-001707,V-00191,EMEA-E,Turkey,6,16.4,6,84,-0.07
P-001707,V-00138,EMEA-W,France,2,6.2,0,43,-0.02
P-001707,V-00280,APAC-IN,India,3,11.7,0,70,-0.05
P-001710,V-00646,APAC-SE,Malaysia,5,10.8,12,87,-0.12
P-001713,V-00036,APAC-SE,Vietnam,3,1.5,4,37,-0.01
P-001713,V-00629,NA-MX,Mexico,4,8.7,0,29,-0.03
P-001713,V-00505,SA,Argentina,7,0.6,0,71,0
P-001714,V-00183,EMEA-W,Germany,6,-0.6,8,60,0
P-001714,V-00417,APAC-IN,India,5,6.6,8,87,-0.03
P-001716,V-00039,EMEA-E,Romania,6,0.9,0,53,0
P-001717,V-00159,EMEA-W,Italy,5,4,4,94,-0.02
P-001717,V-00179,APAC-SE,Thailand,4,17.9,0,40,-0.07
P-001717,V-00029,APAC-IN,India,5,-4,4,49,0.02
P-001718,V-00812,NA-MX,Mexico,5,11.8,12,80,-0.05
P-001718,V-00603,SA,Argentina,4,20.7,0,54,-0.08
P-001718,V-00144,SA,Brazil,4,-4.1,4,38,0.02
P-001720,V-00149,NA-US,United States,4,2.8,12,30,-0.01
P-001722,V-00819,APAC-NE,Taiwan,5,13.6,12,15,-0.05
P-001722,V-00214,EMEA-W,France,5,17.1,4,88,-0.07
P-001722,V-00005,EMEA-E,Turkey,4,21.4,0,54,-0.09
P-001724,V-00253,APAC-NE,Taiwan,7,6.5,4,54,-0.03
P-001727,V-00964,EMEA-W,Germany,7,8.3,8,60,-0.03
P-001727,V-00582,NA-US,United States,6,19.9,0,71,-0.08
P-001728,V-00410,APAC-SE,Malaysia,2,-3.6,0,26,0.04
P-001728,V-00105,APAC-SE,Thailand,6,11.2,0,52,-0.12
P-001730,V-00276,APAC-NE,Taiwan,4,0.7,0,37,0
P-001730,V-00276,APAC-NE,Taiwan,5,11.4,0,38,-0.05
P-001731,V-00362,SA,Brazil,4,4.6,0,33,-0.02
P-001731,V-00383,APAC-NE,Taiwan,9,4.2,6,28,-0.02
P-001732,V-00464,EMEA-W,Spain,7,18.6,0,84,-0.07
P-001732,V-00521,NA-US,United States,4,12.3,0,56,-0.05
P-001732,V-00012,APAC-NE,Taiwan,8,9.3,6,58,-0.04
P-001733,V-00499,NA-US,United States,5,14.7,8,24,-0.06
P-001733,V-00399,APAC-NE,South Korea,6,18.7,6,48,-0.07
P-001733,V-00495,SA,Brazil,5,-2.3,4,69,0.01
P-001734,V-00338,APAC-SE,Vietnam,8,0.7,8,99,0
P-001735,V-00743,EMEA-E,Czechia,4,16.6,6,68,-0.07
P-001735,V-00212,NA-MX,Mexico,3,-0.3,12,84,0
P-001735,V-00751,APAC-SE,Indonesia,7,10.1,4,97,-0.04
P-001739,V-00484,EMEA-E,Romania,4,4,12,76,-0.02
P-001740,V-00014,APAC-NE,South Korea,5,20.7,4,45,-0.23
P-001741,V-00564,EMEA-W,Italy,6,14,6,70,-0.06
P-001741,V-00206,APAC-NE,South Korea,1,3.9,6,97,-0.02
P-001741,V-00093,APAC-SE,Indonesia,3,8.9,6,40,-0.04
P-001742,V-00144,SA,Brazil,4,19.7,6,24,-0.22
P-001742,V-00078,APAC-NE,China,2,13.6,12,61,-0.15
P-001743,V-00596,EMEA-E,Turkey,2,19.7,0,59,-0.08
P-001743,V-00582,NA-US,United States,8,1,8,99,0
P-001745,V-00872,NA-US,United States,6,-4.2,8,40,0.02
P-001745,V-00022,APAC-IN,India,3,14.8,0,39,-0.06
P-001745,V-00508,SA,Brazil,3,18.8,4,43,-0.08
P-001746,V-00302,NA-US,United States,4,-5,0,87,0.02
P-001746,V-00140,APAC-NE,Taiwan,3,-2,4,24,0.01
P-001746,V-00011,APAC-SE,Indonesia,5,-2.9,0,62,0.01
P-001747,V-00073,NA-MX,Mexico,5,17.6,4,77,-0.07
P-001750,V-00182,SA,Argentina,4,8.5,4,84,-0.03
P-001751,V-00230,APAC-SE,Vietnam,6,-2.3,8,29,0.01
P-001751,V-00723,EMEA-E,Poland,4,5.7,12,26,-0.02
P-001756,V-00020,APAC-NE,Japan,6,20.2,6,55,-0.08
P-001756,V-00535,EMEA-W,France,5,5.8,6,39,-0.02
P-001757,V-00230,APAC-SE,Vietnam,5,0.4,8,32,0
P-001757,V-00804,SA,Brazil,2,5.7,6,60,-0.02
P-001758,V-00704,SA,Argentina,8,16.9,8,58,-0.07
P-001758,V-00611,NA-MX,Mexico,6,-0.2,12,19,0
P-001758,V-00676,NA-US,United States,4,17.3,4,83,-0.07
P-001759,V-00751,APAC-SE,Indonesia,8,2.6,0,21,-0.01
P-001759,V-00779,APAC-SE,Malaysia,5,2.2,12,36,-0.01
P-001760,V-00664,APAC-NE,Taiwan,7,17.4,4,77,-0.07
P-001760,V-00573,NA-MX,Mexico,6,19.9,8,58,-0.08
P-001761,V-00867,NA-US,United States,5,21.6,12,52,-0.09
P-001761,V-00232,NA-US,United States,3,9,6,72,-0.04
P-001761,V-00157,APAC-IN,India,4,2.9,4,96,-0.01
P-001762,V-00606,APAC-SE,Malaysia,7,-0.6,6,77,0
P-001764,V-00725,EMEA-W,France,6,4.4,12,36,-0.02
P-001764,V-00167,APAC-IN,India,7,9.5,8,36,-0.04
P-001764,V-00765,EMEA-E,Poland,7,13.3,6,46,-0.05
P-001768,V-00023,NA-MX,Mexico,5,15.4,0,35,-0.06
P-001769,V-00190,NA-MX,Mexico,3,15.3,6,25,-0.06
P-001769,V-00507,APAC-NE,Taiwan,3,-1.4,8,35,0.01
P-001770,V-00021,SA,Argentina,8,14.1,0,74,-0.06
P-001770,V-00762,NA-US,United States,5,0,8,43,0
P-001770,V-00868,SA,Brazil,8,17.1,4,71,-0.07
P-001771,V-00736,NA-US,United States,5,-0.9,0,22,0
P-001772,V-00560,NA-US,United States,8,-4.9,0,90,0.02
P-001772,V-00498,EMEA-W,France,5,13,0,80,-0.05
P-001773,V-00495,SA,Brazil,5,-5.6,0,33,0.02
P-001774,V-00119,APAC-SE,Malaysia,4,10.1,0,82,-0.11
P-001774,V-00248,APAC-SE,Indonesia,7,2.9,6,50,-0.03
P-001774,V-00959,SA,Argentina,8,14.8,4,88,-0.16
P-001776,V-00606,APAC-SE,Malaysia,7,21.9,4,71,-0.09
P-001777,V-00207,APAC-SE,Indonesia,5,5.8,6,67,-0.02
P-001777,V-00315,NA-US,United States,1,-5.7,0,81,0.02
P-001777,V-00771,NA-MX,Mexico,7,16.1,0,24,-0.06
P-001778,V-00672,EMEA-E,Romania,4,-3.2,6,56,0.01
P-001778,V-00288,NA-MX,Mexico,5,3.4,6,24,-0.01
P-001779,V-00584,APAC-IN,India,7,2.6,6,35,-0.01
P-001779,V-00417,APAC-IN,India,6,1.9,0,19,-0.01
P-001781,V-00420,APAC-SE,Malaysia,5,19.1,6,15,-0.08
P-001781,V-00268,APAC-NE,South Korea,3,-5.9,12,74,0.02
P-001782,V-00377,EMEA-W,Spain,3,19.9,12,47,-0.08
P-001782,V-00580,NA-MX,Mexico,6,16.2,8,70,-0.06
P-001783,V-00606,APAC-SE,Malaysia,8,5.5,6,22,-0.02
P-001783,V-00136,APAC-SE,Indonesia,9,10.8,6,76,-0.04
P-001784,V-00569,APAC-IN,India,6,19,12,26,-0.08
P-001785,V-00218,APAC-SE,Indonesia,4,14.2,4,46,-0.06
P-001785,V-00117,NA-US,United States,6,-5.9,12,91,0.02
P-001785,V-00486,NA-MX,Mexico,6,16,12,22,-0.06
P-001786,V-00267,NA-MX,Mexico,6,16.1,0,84,-0.18
P-001786,V-00589,NA-MX,Mexico,3,19.7,12,68,-0.22
P-001786,V-00594,APAC-NE,China,4,8.2,0,77,-0.09
P-001787,V-00333,APAC-IN,India,5,5.3,12,59,-0.02
P-001788,V-00829,APAC-NE,Japan,5,15.2,4,98,-0.06
P-001788,V-00102,APAC-IN,India,3,2.6,4,82,-0.01
P-001789,V-00342,SA,Argentina,4,6.8,0,66,-0.03
P-001789,V-00682,NA-US,United States,5,16,4,78,-0.06
P-001789,V-00885,NA-MX,Mexico,5,-4.8,0,34,0.02
P-001793,V-00566,APAC-NE,South Korea,2,18.8,6,32,-0.08
P-001793,V-00775,NA-US,United States,3,11.8,0,65,-0.05
P-001794,V-00298,APAC-SE,Thailand,6,9.9,6,79,-0.04
P-001794,V-00101,EMEA-W,Spain,4,2.1,12,87,-0.01
P-001794,V-00822,NA-US,United States,8,5.1,0,47,-0.02
P-001795,V-00762,NA-US,United States,4,-4.9,0,88,0.02
P-001795,V-00509,APAC-IN,India,4,15.2,0,57,-0.06
P-001795,V-00440,EMEA-E,Turkey,7,13.7,8,68,-0.05
P-001797,V-00109,NA-US,United States,5,-4,6,39,0.02
P-001797,V-00218,APAC-SE,Indonesia,5,10.6,0,20,-0.04
P-001800,V-00032,APAC-IN,India,6,11.6,8,74,-0.05
P-001800,V-00238,SA,Argentina,3,16.2,4,45,-0.06
P-001800,V-00836,SA,Argentina,4,3.1,8,36,-0.01
P-001802,V-00285,NA-US,United States,4,0.8,6,20,0
P-001802,V-00110,EMEA-E,Poland,3,17.1,6,90,-0.07
P-001802,V-00849,APAC-SE,Vietnam,9,14.8,0,41,-0.06
P-001804,V-00737,APAC-SE,Indonesia,7,21.4,0,99,-0.09
P-001805,V-00414,NA-US,United States,9,7.6,6,51,-0.03
P-001806,V-00447,NA-MX,Mexico,7,4.4,6,78,-0.05
P-001806,V-00113,APAC-NE,China,7,10.3,4,91,-0.11
P-001807,V-00595,SA,Brazil,2,17.8,12,21,-0.07
P-001809,V-00593,APAC-IN,India,5,5.5,0,84,-0.06
P-001809,V-00439,APAC-NE,China,3,17.8,4,51,-0.2
P-001810,V-00105,APAC-SE,Thailand,5,-4.4,0,65,0.02
P-001812,V-00682,NA-US,United States,4,17.2,6,32,-0.19
P-001812,V-00669,APAC-SE,Vietnam,5,15.6,4,44,-0.17
P-001813,V-00591,SA,Brazil,8,14.9,0,42,-0.06
P-001813,V-00122,APAC-SE,Malaysia,5,14.6,6,41,-0.06
P-001813,V-00658,SA,Brazil,7,-3.5,8,56,0.01
P-001814,V-00003,NA-MX,Mexico,6,1.4,0,68,-0.01
P-001815,V-00480,APAC-NE,Taiwan,8,18.2,8,92,-0.2
P-001816,V-00685,APAC-SE,Vietnam,4,19.2,0,62,-0.08
P-001816,V-00270,APAC-IN,India,6,4.7,6,82,-0.02
P-001816,V-00713,APAC-IN,India,7,18,0,50,-0.07
P-001817,V-00049,NA-MX,Mexico,9,16.5,8,81,-0.07
P-001817,V-00220,EMEA-W,Spain,5,16.4,6,41,-0.07
P-001817,V-00159,EMEA-W,Italy,5,10.7,6,51,-0.04
P-001818,V-00371,APAC-SE,Indonesia,6,3.4,4,90,-0.01
P-001818,V-00557,EMEA-W,Germany,5,8.4,8,62,-0.03
P-001818,V-00361,NA-MX,Mexico,4,11.5,0,18,-0.05
P-001819,V-00274,EMEA-W,Spain,4,12.6,12,88,-0.14
P-001819,V-00274,EMEA-W,Spain,5,15.2,6,73,-0.17
P-001819,V-00106,NA-MX,Mexico,6,20.6,0,58,-0.23
P-001820,V-00143,APAC-SE,Vietnam,1,2.7,12,71,-0.01
P-001821,V-00752,NA-US,United States,7,-2.2,12,53,0.01
P-001822,V-00278,APAC-IN,India,7,13.6,8,99,-0.05
P-001822,V-00732,EMEA-E,Turkey,6,-4.4,0,51,0.02
P-001825,V-00061,NA-MX,Mexico,3,9.3,4,76,-0.04
P-001825,V-00569,APAC-IN,India,8,0.8,6,84,0
P-001825,V-00519,APAC-NE,Taiwan,3,14.5,8,32,-0.06
P-001826,V-00668,APAC-NE,Taiwan,3,-2.4,4,35,0.01
P-001826,V-00020,APAC-NE,Japan,5,6.3,6,92,-0.03
P-001826,V-00210,APAC-IN,India,2,8.9,6,51,-0.04
P-001828,V-00145,NA-MX,Mexico,5,8.1,0,61,-0.03
P-001828,V-00541,APAC-SE,Malaysia,7,1.3,12,97,-0.01
P-001828,V-00718,APAC-IN,India,4,0,4,42,0
P-001829,V-00196,APAC-NE,Taiwan,6,17.7,8,29,-0.07
P-001829,V-00842,EMEA-E,Romania,9,8.6,6,71,-0.03
P-001830,V-00145,NA-MX,Mexico,6,16.1,12,81,-0.06
P-001830,V-00100,APAC-NE,Taiwan,2,9.9,12,63,-0.04
P-001830,V-00477,APAC-IN,India,6,2.3,0,40,-0.01
P-001832,V-00063,APAC-NE,Japan,4,14.4,4,92,-0.06
P-001832,V-00487,APAC-IN,India,5,13.4,0,45,-0.05
P-001832,V-00220,EMEA-W,Spain,5,10.2,8,15,-0.04
P-001833,V-00770,EMEA-E,Turkey,6,12.8,0,88,-0.05
P-001834,V-00353,APAC-SE,Thailand,6,9.3,4,67,-0.04
P-001834,V-00027,APAC-IN,India,7,14.3,12,82,-0.06
P-001835,V-00402,EMEA-W,France,4,18.9,6,90,-0.08
P-001836,V-00778,NA-US,United States,7,9.3,0,53,-0.04
P-001836,V-00681,EMEA-E,Turkey,6,20.7,8,36,-0.08
P-001836,V-00765,EMEA-E,Poland,8,20.5,0,89,-0.08
P-001837,V-00397,NA-MX,Mexico,2,21.8,6,29,-0.09
P-001837,V-00220,EMEA-W,Spain,6,10.9,0,81,-0.04
P-001840,V-00859,NA-US,United States,4,1.2,4,61,-0.01
P-001840,V-00785,SA,Argentina,7,-2.9,6,28,0.03
P-001841,V-00326,NA-US,United States,7,3.6,4,39,-0.01
P-001842,V-00405,NA-MX,Mexico,3,-3.4,8,51,0.01
P-001842,V-00589,NA-MX,Mexico,5,14.6,8,94,-0.06
P-001842,V-00658,SA,Brazil,5,-3.5,4,57,0.01
P-001843,V-00352,SA,Brazil,7,21.7,6,48,-0.09
P-001843,V-00352,SA,Brazil,7,14.2,12,31,-0.06
P-001843,V-00356,NA-MX,Mexico,8,-4.9,4,33,0.02
P-001844,V-00350,NA-US,United States,7,20.9,4,32,-0.08
P-001845,V-00686,APAC-NE,South Korea,5,14.9,8,78,-0.06
P-001845,V-01000,EMEA-W,Spain,2,8.5,4,44,-0.03
P-001845,V-00493,EMEA-E,Romania,7,16.9,4,67,-0.07
P-001846,V-00462,NA-MX,Mexico,6,11.8,0,81,-0.05
P-001847,V-00167,APAC-IN,India,6,14.8,0,15,-0.06
P-001849,V-00002,APAC-NE,China,5,6.8,6,49,-0.07
P-001850,V-00401,SA,Brazil,6,1.6,0,53,-0.01
P-001851,V-00501,APAC-NE,China,4,6.6,12,70,-0.03
P-001851,V-00679,APAC-NE,South Korea,9,11.1,6,64,-0.04
P-001857,V-00412,APAC-SE,Vietnam,7,11.6,6,37,-0.13
P-001857,V-00738,APAC-IN,India,8,17.3,6,30,-0.19
P-001858,V-00790,APAC-SE,Malaysia,6,3.1,0,31,-0.01
P-001859,V-00974,NA-MX,Mexico,8,8.2,6,62,-0.03
P-001863,V-00025,NA-US,United States,8,14.3,6,82,-0.06
P-001863,V-00923,NA-MX,Mexico,5,12.2,8,26,-0.05
P-001864,V-00723,EMEA-E,Poland,4,16.6,0,76,-0.07
P-001865,V-00471,APAC-NE,Japan,6,9.5,6,31,-0.04
P-001865,V-00030,SA,Brazil,4,0.2,0,62,0
P-001865,V-00124,EMEA-W,France,7,10.1,12,95,-0.04
P-001866,V-00166,APAC-IN,India,6,4.7,4,43,-0.05
P-001868,V-00389,APAC-NE,Japan,2,15.9,6,38,-0.06
P-001871,V-00105,APAC-SE,Thailand,5,6.5,0,96,-0.03
P-001872,V-00644,EMEA-E,Turkey,5,18.6,8,95,-0.07
P-001872,V-00128,SA,Brazil,5,-3.4,0,87,0.01
P-001872,V-00255,EMEA-E,Czechia,4,7,0,47,-0.03
P-001875,V-00589,NA-MX,Mexico,4,8.6,4,59,-0.03
P-001875,V-00135,NA-MX,Mexico,4,6.6,12,44,-0.03
P-001875,V-00015,EMEA-E,Turkey,6,7.9,4,55,-0.03
P-001876,V-00044,NA-US,United States,3,-2.2,0,89,0.01
P-001876,V-00176,NA-US,United States,8,21.9,6,93,-0.09
P-001878,V-00669,APAC-SE,Vietnam,5,16.7,6,35,-0.07
P-001878,V-00114,APAC-NE,Taiwan,7,14,0,31,-0.06
P-001878,V-00182,SA,Argentina,5,-0.6,4,27,0
P-001883,V-00605,APAC-NE,Taiwan,7,12.5,4,64,-0.05
P-001883,V-00500,SA,Argentina,5,-1.1,6,57,0
P-001885,V-00437,EMEA-W,Germany,8,10.4,6,83,-0.04
P-001886,V-00466,EMEA-W,Italy,5,19,6,20,-0.08
P-001886,V-00612,EMEA-W,Italy,1,13,4,75,-0.05
P-001886,V-00040,APAC-NE,China,7,21.8,12,88,-0.09
P-001887,V-00280,APAC-IN,India,4,15,12,28,-0.06
P-001887,V-00465,APAC-NE,South Korea,7,18.7,6,72,-0.07
P-001889,V-00577,EMEA-E,Czechia,4,9,0,72,-0.04
P-001891,V-00565,SA,Argentina,5,5.6,6,71,-0.02
P-001892,V-00171,EMEA-E,Turkey,3,6.8,12,48,-0.03
P-001892,V-01129,EMEA-E,Czechia,8,10,8,21,-0.04
P-001892,V-00393,APAC-NE,China,3,3.8,0,21,-0.02
P-001893,V-00775,NA-US,United States,3,-2.6,8,40,0.01
P-001893,V-00624,NA-US,United States,3,-3.1,6,31,0.01
P-001895,V-00068,EMEA-E,Romania,9,-3.6,0,80,0.01
P-001895,V-00137,SA,Brazil,4,5.2,0,73,-0.02
P-001895,V-00656,SA,Brazil,2,-3.1,4,93,0.01
P-001896,V-00566,APAC-NE,South Korea,2,4.7,12,79,-0.02
P-001896,V-00502,SA,Argentina,3,20.1,4,51,-0.08
P-001896,V-00621,SA,Brazil,3,20.2,0,34,-0.08
P-001900,V-00216,EMEA-W,Italy,4,18.3,8,53,-0.2
P-001900,V-00616,APAC-SE,Malaysia,2,13.9,8,37,-0.15
P-001901,V-00447,NA-MX,Mexico,7,-3.6,0,39,0.01
P-001901,V-00113,APAC-NE,China,9,5.2,4,100,-0.02
P-001901,V-00263,EMEA-E,Czechia,8,-3,6,34,0.01
P-001906,V-00330,NA-MX,Mexico,7,14.6,12,17,-0.06
P-001906,V-00550,SA,Argentina,3,20.5,8,72,-0.08
P-001906,V-00375,SA,Brazil,5,11.9,8,93,-0.05
P-001907,V-00574,APAC-SE,Malaysia,5,0.5,6,74,0
P-001907,V-00334,NA-US,United States,3,-1.4,0,98,0.01
P-001908,V-00736,NA-US,United States,6,-0.7,6,96,0
P-001908,V-00734,EMEA-E,Poland,7,-3,0,22,0.01
P-001908,V-00412,APAC-SE,Vietnam,6,2.4,0,37,-0.01
P-001909,V-00945,APAC-IN,India,6,9.1,6,57,-0.04
P-001909,V-00959,SA,Argentina,7,6.3,12,99,-0.03
P-001909,V-00819,APAC-NE,Taiwan,4,12.3,0,97,-0.05
P-001911,V-00009,APAC-SE,Indonesia,2,8.5,8,76,-0.03
P-001911,V-00578,EMEA-E,Turkey,4,15,4,83,-0.06
P-001911,V-00764,EMEA-W,Italy,8,16.9,0,91,-0.07
P-001912,V-00446,EMEA-W,France,9,6.8,12,47,-0.03
P-001912,V-00392,NA-US,United States,4,2.5,8,94,-0.01
P-001914,V-00430,EMEA-W,Italy,7,12.4,12,17,-0.05
P-001914,V-00086,EMEA-E,Czechia,6,7.6,4,51,-0.03
P-001914,V-00317,APAC-IN,India,6,4.4,4,100,-0.02
P-001916,V-00113,APAC-NE,China,8,18.3,6,23,-0.2
P-001919,V-00622,APAC-NE,China,3,9.5,0,19,-0.1
P-001919,V-00097,SA,Brazil,5,16.2,0,78,-0.18
P-001919,V-00362,SA,Brazil,5,8.2,0,79,-0.09
P-001920,V-00065,EMEA-E,Romania,6,-5.9,8,79,0.06
P-001920,V-00346,EMEA-E,Poland,2,20.5,0,81,-0.23
P-001921,V-00030,SA,Brazil,2,19.2,4,96,-0.21
P-001921,V-00511,EMEA-W,France,8,-4.2,6,28,0.05
P-001921,V-00124,EMEA-W,France,5,19.6,6,74,-0.22
P-001923,V-00654,NA-US,United States,6,21.3,0,63,-0.09
P-001923,V-00656,SA,Brazil,5,12.2,4,33,-0.05
P-001925,V-00002,APAC-NE,China,2,12.5,6,50,-0.05
P-001925,V-00550,SA,Argentina,4,7.7,12,17,-0.03
P-001925,V-00002,APAC-NE,China,5,15,4,94,-0.06
P-001926,V-00445,EMEA-W,France,3,11.5,0,42,-0.05
P-001926,V-00419,SA,Argentina,5,11.4,4,52,-0.05
P-001929,V-00015,EMEA-E,Turkey,6,-2.2,6,27,0.01
P-001929,V-00591,SA,Brazil,6,14.7,4,49,-0.06
P-001930,V-00337,EMEA-W,France,2,5.4,4,50,-0.02
P-001930,V-00052,EMEA-E,Turkey,4,20,12,32,-0.08
P-001930,V-00329,SA,Argentina,3,17.6,0,30,-0.07
P-001931,V-00356,NA-MX,Mexico,6,5.3,6,18,-0.02
P-001931,V-00219,NA-US,United States,6,3.3,0,33,-0.01
P-001932,V-00201,APAC-IN,India,4,3.4,6,86,-0.01
P-001932,V-00128,SA,Brazil,5,15.1,0,100,-0.06
P-001932,V-00581,NA-MX,Mexico,8,10.8,12,93,-0.04
P-001933,V-00309,APAC-NE,China,4,19.6,8,81,-0.08
P-001935,V-00284,EMEA-E,Romania,5,-3.8,8,24,0.02
P-001937,V-00579,NA-US,United States,7,10.8,6,25,-0.04
P-001937,V-00689,NA-US,United States,6,2.7,4,69,-0.01
P-001939,V-00310,EMEA-E,Czechia,7,13.6,12,74,-0.05
P-001939,V-00155,SA,Argentina,8,18.6,6,94,-0.07
P-001940,V-00139,EMEA-E,Poland,3,4,6,22,-0.04
P-001940,V-00139,EMEA-E,Poland,2,2.4,12,46,-0.03
P-001942,V-00001,NA-US,United States,7,-4.1,12,57,0.02
P-001942,V-00844,SA,Brazil,8,18.7,8,22,-0.07
P-001942,V-00823,NA-US,United States,4,10.9,12,89,-0.04
P-001943,V-00417,APAC-IN,India,4,16.5,12,33,-0.07
P-001944,V-00908,NA-MX,Mexico,6,1.2,4,29,0
P-001944,V-00152,APAC-SE,Indonesia,3,5.5,4,22,-0.02
P-001945,V-00057,NA-MX,Mexico,6,4,0,68,-0.02
P-001945,V-00006,APAC-SE,Indonesia,3,18,0,66,-0.07
P-001946,V-00290,APAC-SE,Indonesia,8,9.6,0,15,-0.04
P-001948,V-00065,EMEA-E,Romania,6,0.7,12,75,-0.01
P-001948,V-00029,APAC-IN,India,3,10.6,0,37,-0.12
P-001949,V-00425,NA-US,United States,4,2.9,6,90,-0.01
P-001949,V-00093,APAC-SE,Indonesia,3,1.7,12,71,-0.01
P-001949,V-00058,NA-US,United States,7,1.2,8,67,0
P-001950,V-00080,EMEA-W,France,6,2.9,12,15,-0.01
P-001950,V-00665,APAC-SE,Vietnam,2,12.4,0,64,-0.05
P-001950,V-00062,NA-US,United States,6,16.4,4,58,-0.07
P-001954,V-00640,SA,Argentina,4,5.6,0,58,-0.02
P-001954,V-00370,EMEA-E,Poland,4,19.6,8,56,-0.08
P-001954,V-00449,NA-US,United States,4,13.8,0,50,-0.06
P-001956,V-00193,NA-US,United States,8,7.2,6,62,-0.03
P-001957,V-00295,NA-US,United States,4,17.9,0,22,-0.07
P-001959,V-00240,NA-US,United States,4,10,6,75,-0.04
P-001959,V-00441,APAC-SE,Malaysia,5,13.9,6,54,-0.06
P-001960,V-00059,EMEA-E,Czechia,3,-0.1,4,41,0
P-001960,V-00166,APAC-IN,India,7,-5.8,8,45,0.02
P-001963,V-00481,EMEA-W,Italy,6,3.3,12,73,-0.01
P-001966,V-00467,APAC-SE,Malaysia,5,20.8,0,48,-0.08
P-001966,V-00535,EMEA-W,France,5,3.4,0,61,-0.01
P-001966,V-00535,EMEA-W,France,5,4,4,19,-0.02
P-001967,V-00646,APAC-SE,Malaysia,5,6.7,4,43,-0.03
P-001967,V-00824,SA,Argentina,8,-5.1,4,57,0.02
P-001967,V-00238,SA,Argentina,5,-1.3,4,44,0.01
P-001968,V-00123,EMEA-W,Spain,5,20.7,12,77,-0.08
P-001968,V-00416,APAC-SE,Indonesia,6,3.2,4,79,-0.01
P-001969,V-00790,APAC-SE,Malaysia,6,-5.2,0,41,0.02
P-001969,V-00365,APAC-IN,India,7,16.8,8,88,-0.07
P-001969,V-00111,NA-MX,Mexico,4,18.5,12,17,-0.07
P-001972,V-00208,EMEA-W,France,7,-4.9,0,39,0.02
P-001973,V-00679,APAC-NE,South Korea,7,10.2,6,34,-0.04
P-001973,V-00448,EMEA-E,Poland,8,5.7,0,36,-0.02
P-001974,V-00779,APAC-SE,Malaysia,6,6.1,0,81,-0.02
P-001974,V-00744,SA,Brazil,4,-1.9,8,90,0.01
P-001974,V-00315,NA-US,United States,1,13.8,0,83,-0.06
P-001975,V-00194,APAC-IN,India,4,11.3,8,88,-0.05
P-001975,V-00491,APAC-SE,Malaysia,7,12.4,0,56,-0.05
P-001976,V-00490,APAC-IN,India,5,16.9,12,23,-0.07
P-001978,V-00607,APAC-NE,Taiwan,6,9.1,0,98,-0.04
P-001978,V-00010,EMEA-E,Romania,6,11.1,12,69,-0.04
P-001978,V-00552,EMEA-W,France,5,12,6,55,-0.05
P-001981,V-00413,APAC-NE,South Korea,4,-0.3,4,87,0
P-001981,V-00532,APAC-SE,Thailand,6,7.3,0,82,-0.03
P-001982,V-00749,NA-US,United States,6,5.7,0,39,-0.02
P-001983,V-00688,NA-US,United States,5,11.4,6,39,-0.05
P-001983,V-00335,EMEA-E,Czechia,3,19,8,41,-0.08
P-001983,V-00688,NA-US,United States,2,0.3,6,82,0
P-001985,V-00232,NA-US,United States,3,6,8,80,-0.02
P-001985,V-00501,APAC-NE,China,6,16.7,0,27,-0.07
P-001987,V-00802,EMEA-W,Italy,6,8.7,12,51,-0.03
P-001988,V-00822,NA-US,United States,8,13.5,4,51,-0.05
P-001989,V-00330,NA-MX,Mexico,7,15.4,6,94,-0.06
P-001989,V-00662,APAC-IN,India,4,6.8,0,67,-0.03
P-001989,V-00330,NA-MX,Mexico,5,12.3,0,46,-0.05
P-001990,V-00654,NA-US,United States,7,15,8,62,-0.06
P-001991,V-00216,EMEA-W,Italy,5,0.3,4,66,0
P-001991,V-00688,NA-US,United States,3,19.9,0,98,-0.08
P-001991,V-00112,NA-US,United States,7,-5.9,4,42,0.02
P-001993,V-00182,SA,Argentina,5,1.3,0,90,-0.01
P-001994,V-00461,SA,Brazil,7,8.8,0,82,-0.1
P-001994,V-00495,SA,Brazil,5,12.2,12,28,-0.13
P-001995,V-00010,EMEA-E,Romania,6,8.1,0,35,-0.09
P-001995,V-00554,NA-US,United States,7,17.3,12,20,-0.19
P-001996,V-00761,SA,Brazil,8,0.5,12,25,0
P-001996,V-00844,SA,Brazil,6,4.2,4,52,-0.02
P-001997,V-00964,EMEA-W,Germany,7,11.7,4,18,-0.13
P-001997,V-00077,NA-US,United States,3,8.8,0,47,-0.1
P-001998,V-00487,APAC-IN,India,4,8,4,90,-0.03
P-001998,V-00220,EMEA-W,Spain,6,17.5,12,68,-0.07
P-001998,V-00081,EMEA-E,Romania,6,-1.8,4,52,0.01
P-001999,V-00547,EMEA-W,Spain,4,10,4,65,-0.04
P-002000,V-00426,APAC-SE,Malaysia,8,13.3,4,27,-0.15
P-002000,V-00426,APAC-SE,Malaysia,8,2.4,6,50,-0.03
P-002000,V-00643,APAC-IN,India,6,11.2,0,25,-0.12
P-002001,V-00243,APAC-IN,India,2,8.1,0,93,-0.03
P-002003,V-00524,APAC-SE,Thailand,6,-2.1,4,94,0.01
P-002004,V-00351,APAC-NE,Japan,8,12.8,6,16,-0.05
P-002005,V-00247,NA-US,United States,8,18,12,25,-0.07
P-002005,V-00725,EMEA-W,France,6,9,0,36,-0.04
P-002005,V-00040,APAC-NE,China,7,0.3,8,66,0
P-002007,V-00323,EMEA-E,Czechia,2,14.3,6,26,-0.16
P-002008,V-00367,EMEA-W,France,4,13,0,18,-0.05
P-002008,V-00422,EMEA-E,Turkey,5,21.1,0,80,-0.08
P-002008,V-00602,APAC-SE,Thailand,3,18.3,8,83,-0.07
P-002009,V-00139,EMEA-E,Poland,4,10.4,4,36,-0.04
P-002009,V-00424,NA-US,United States,9,1.5,12,15,-0.01
P-002010,V-00204,NA-MX,Mexico,4,-4.5,4,82,0.02
P-002010,V-00240,NA-US,United States,4,16,0,86,-0.06
P-002010,V-00240,NA-US,United States,2,18.2,0,100,-0.07
P-002013,V-00465,APAC-NE,South Korea,6,6.7,8,35,-0.03
P-002013,V-00469,APAC-SE,Indonesia,4,4.8,0,96,-0.02
P-002013,V-00220,EMEA-W,Spain,5,15.5,4,85,-0.06
P-002014,V-00197,APAC-SE,Indonesia,7,-2.5,6,37,0.01
P-002014,V-00414,NA-US,United States,9,17,0,44,-0.07
P-002014,V-00434,APAC-NE,Japan,5,4.1,4,93,-0.02
P-002015,V-00613,EMEA-W,Spain,6,-0.8,0,44,0
P-002015,V-00321,APAC-SE,Malaysia,3,12.8,12,72,-0.05
P-002016,V-00216,EMEA-W,Italy,3,20.8,0,78,-0.08
P-002016,V-00233,NA-MX,Mexico,5,11.9,0,24,-0.05
P-002016,V-00109,NA-US,United States,4,16.6,0,100,-0.07
P-002017,V-00638,EMEA-W,Germany,7,-5.5,0,21,0.02
P-002018,V-00724,EMEA-E,Turkey,8,10.9,0,98,-0.04
P-002019,V-00107,SA,Brazil,2,12.8,6,85,-0.05
P-002020,V-00341,NA-US,United States,7,-3.4,8,84,0.01
P-002020,V-00079,APAC-IN,India,6,2.6,0,84,-0.01
P-002020,V-00109,NA-US,United States,6,17.5,6,35,-0.07
P-002021,V-00646,APAC-SE,Malaysia,3,16.8,0,31,-0.07
P-002024,V-00353,APAC-SE,Thailand,9,1.6,0,37,-0.01
P-002024,V-00027,APAC-IN,India,7,11,8,69,-0.04
P-002026,V-00480,APAC-NE,Taiwan,8,9.8,8,74,-0.04
P-002028,V-00305,APAC-SE,Vietnam,2,2.2,6,95,-0.02
P-002028,V-00299,NA-MX,Mexico,6,14.6,12,45,-0.16
P-002030,V-00609,APAC-NE,Japan,4,7.1,12,44,-0.03
P-002031,V-00487,APAC-IN,India,3,-5.2,0,95,0.02
P-002031,V-00202,APAC-NE,China,4,15.1,6,32,-0.06
P-002031,V-00398,EMEA-E,Czechia,7,21.1,4,35,-0.08
P-002032,V-00364,APAC-SE,Malaysia,7,19.9,0,65,-0.22
P-002032,V-00017,APAC-NE,China,5,5.2,8,85,-0.06
P-002035,V-00617,EMEA-W,Spain,6,18.4,12,86,-0.07
P-002035,V-00068,EMEA-E,Romania,7,11.9,0,88,-0.05
P-002035,V-00519,APAC-NE,Taiwan,4,15.9,12,80,-0.06
P-002037,V-00600,APAC-IN,India,5,4.4,0,15,-0.05
P-002037,V-00299,NA-MX,Mexico,4,4.1,8,45,-0.05
P-002039,V-00586,NA-MX,Mexico,4,0.1,4,53,0
P-002039,V-00623,APAC-NE,South Korea,9,17.5,12,78,-0.07
P-002039,V-00586,NA-MX,Mexico,4,9.5,12,20,-0.04
P-002040,V-00618,APAC-NE,South Korea,7,14,8,73,-0.06
P-002040,V-00617,EMEA-W,Spain,7,-2.5,12,46,0.01
P-002042,V-00559,SA,Brazil,4,9.5,4,83,-0.04
P-002043,V-00230,APAC-SE,Vietnam,7,-0.6,4,15,0.01
P-002045,V-00223,NA-MX,Mexico,8,-2.5,0,23,0.03
P-002047,V-00293,APAC-NE,Taiwan,6,10.3,6,92,-0.04
P-002047,V-00585,SA,Brazil,5,7.4,4,78,-0.03
P-002047,V-00234,APAC-NE,Japan,5,-3.6,0,37,0.01
P-002049,V-00534,APAC-NE,Japan,3,12.5,4,24,-0.05
P-002049,V-00770,EMEA-E,Turkey,6,20.8,0,46,-0.08
P-002049,V-00666,APAC-SE,Indonesia,4,-1.3,4,88,0.01
P-002050,V-00505,SA,Argentina,6,18.9,4,88,-0.08
P-002050,V-00199,NA-MX,Mexico,4,9.6,12,78,-0.04
P-002052,V-00821,NA-US,United States,8,-1.9,6,25,0.01
P-002052,V-00006,APAC-SE,Indonesia,4,-2.5,0,81,0.01
P-002052,V-00567,EMEA-E,Romania,3,12.9,0,84,-0.05
P-002055,V-00109,NA-US,United States,4,6.7,0,86,-0.03
P-002055,V-00335,EMEA-E,Czechia,3,5,4,81,-0.02
P-002055,V-00218,APAC-SE,Indonesia,4,19.3,4,33,-0.08
P-002057,V-00645,NA-MX,Mexico,5,15.4,6,78,-0.17
P-002057,V-00708,EMEA-W,Spain,4,0.9,0,18,-0.01
P-002057,V-00226,SA,Brazil,7,14.9,4,57,-0.16
P-002058,V-00372,NA-MX,Mexico,4,0.9,0,53,0
P-002058,V-00409,APAC-SE,Indonesia,7,5.6,12,93,-0.02
P-002058,V-00340,NA-US,United States,5,0.3,6,50,0
P-002059,V-00095,APAC-NE,China,6,2.2,6,53,-0.01
P-002059,V-00498,EMEA-W,France,6,15.4,0,63,-0.06
P-002059,V-00560,NA-US,United States,9,19.3,12,44,-0.08
P-002061,V-00547,EMEA-W,Spain,5,16.9,0,35,-0.19
P-002061,V-00352,SA,Brazil,5,0.2,8,89,0
P-002062,V-00541,APAC-SE,Malaysia,7,-2.2,0,94,0.01
P-002062,V-00235,APAC-NE,Japan,4,3.4,0,71,-0.01
P-002062,V-00235,APAC-NE,Japan,5,4.5,12,48,-0.02
P-002063,V-00147,APAC-SE,Malaysia,3,1.4,0,65,-0.02
P-002063,V-00499,NA-US,United States,5,-0.5,6,47,0.01
P-002067,V-00179,APAC-SE,Thailand,5,14.5,6,22,-0.06
P-002068,V-00486,NA-MX,Mexico,7,17.6,12,36,-0.07
P-002069,V-00041,NA-US,United States,7,12.5,0,44,-0.14
P-002069,V-00598,APAC-IN,India,8,11.1,8,59,-0.12
P-002070,V-00258,NA-US,United States,4,16.4,4,93,-0.07
P-002070,V-00216,EMEA-W,Italy,2,18.6,6,95,-0.07
P-002070,V-00335,EMEA-E,Czechia,1,20.1,6,30,-0.08
P-002071,V-00329,SA,Argentina,4,10.4,8,69,-0.04
P-002071,V-00625,APAC-SE,Malaysia,5,4.7,0,93,-0.02
P-002073,V-00216,EMEA-W,Italy,4,20.3,8,90,-0.22
P-002074,V-00313,APAC-SE,Malaysia,5,4,12,82,-0.04
P-002075,V-00122,APAC-SE,Malaysia,5,-0.1,6,67,0
P-002075,V-00267,NA-MX,Mexico,5,1.6,8,76,-0.01
P-002076,V-00070,EMEA-E,Turkey,8,1.5,6,66,-0.01
P-002080,V-00466,EMEA-W,Italy,6,1.6,8,60,-0.01
P-002080,V-00072,APAC-SE,Vietnam,6,0.9,0,33,0
P-002083,V-00057,NA-MX,Mexico,6,-2.9,0,43,0.03
P-002083,V-00821,NA-US,United States,8,16.8,0,86,-0.18
P-002083,V-00567,EMEA-E,Romania,4,18.9,8,61,-0.21
P-002084,V-00526,APAC-IN,India,2,-4.9,4,28,0.02
P-002084,V-00586,NA-MX,Mexico,7,17.2,0,72,-0.07
P-002084,V-00267,NA-MX,Mexico,5,20.5,6,44,-0.08
P-002085,V-00479,APAC-IN,India,4,14.8,6,22,-0.06
P-002086,V-00186,EMEA-E,Romania,9,-1.1,12,51,0
P-002086,V-00410,APAC-SE,Malaysia,4,19.6,12,78,-0.08
P-002086,V-00224,NA-US,United States,2,-5.7,6,42,0.02
P-002087,V-00111,NA-MX,Mexico,6,20.3,0,17,-0.08
P-002088,V-00651,SA,Brazil,5,14.4,6,100,-0.06
P-002088,V-00822,NA-US,United States,6,21.7,0,92,-0.09
P-002090,V-00479,APAC-IN,India,6,-0.3,0,60,0
P-002092,V-00379,APAC-NE,South Korea,3,-3.3,6,60,0.01
P-002093,V-00430,EMEA-W,Italy,4,-1.9,8,45,0.01
P-002093,V-00317,APAC-IN,India,5,12.4,4,63,-0.05
P-002094,V-00746,EMEA-W,Spain,1,0.4,0,58,0
P-002094,V-00214,EMEA-W,France,8,2.8,6,94,-0.01
P-002094,V-00077,NA-US,United States,4,0,6,55,0
P-002096,V-00304,NA-US,United States,2,12.1,0,94,-0.05
P-002096,V-00541,APAC-SE,Malaysia,9,-5.7,0,45,0.02
P-002096,V-00489,SA,Brazil,6,3.5,4,81,-0.01
P-002097,V-00533,APAC-IN,India,3,2.2,8,85,-0.01
P-002098,V-00618,APAC-NE,South Korea,7,1.7,0,77,-0.01
P-002098,V-00158,NA-US,United States,5,2.2,12,69,-0.01
P-002098,V-00312,NA-US,United States,6,-3,4,80,0.01
P-002099,V-00790,APAC-SE,Malaysia,8,19.5,0,48,-0.21
P-002099,V-00549,EMEA-W,Italy,6,13.2,0,53,-0.15
P-002099,V-00549,EMEA-W,Italy,5,4.1,6,21,-0.05
P-002100,V-00319,NA-MX,Mexico,5,-0.2,12,90,0
P-002100,V-00219,NA-US,United States,6,4.3,12,42,-0.05
P-002101,V-00306,EMEA-E,Turkey,7,6.2,8,66,-0.02
P-002104,V-00490,APAC-IN,India,6,4.6,6,22,-0.02
P-002104,V-00211,EMEA-E,Turkey,5,2,4,73,-0.01
P-002105,V-00316,NA-MX,Mexico,5,-5.4,6,31,0.02
P-002105,V-00130,NA-US,United States,7,2.9,0,19,-0.01
P-002106,V-00540,NA-US,United States,4,3.5,0,35,-0.01
P-002106,V-00304,NA-US,United States,3,19.9,0,60,-0.08
P-002106,V-00231,APAC-SE,Vietnam,6,2.2,0,54,-0.01
P-002108,V-00202,APAC-NE,China,5,19.2,6,73,-0.08
P-002108,V-00081,EMEA-E,Romania,7,8.6,0,30,-0.03
P-002108,V-00331,NA-MX,Mexico,4,10.9,4,98,-0.04
P-002110,V-00612,EMEA-W,Italy,4,19.8,0,89,-0.08
P-002110,V-00395,NA-US,United States,2,10.5,12,79,-0.04
P-002110,V-00545,EMEA-W,France,4,12.1,4,72,-0.05
P-002111,V-00282,APAC-IN,India,7,-1.7,4,98,0.02
P-002114,V-00218,APAC-SE,Indonesia,3,11.5,12,71,-0.05
P-002115,V-00256,APAC-NE,Taiwan,5,8.6,0,36,-0.03
P-002115,V-00595,SA,Brazil,1,5.6,0,83,-0.02
P-002115,V-00062,NA-US,United States,8,13.7,4,21,-0.05
P-002117,V-00701,EMEA-W,Italy,4,2.2,12,55,-0.02
P-002117,V-00657,SA,Argentina,2,10.7,6,57,-0.12
P-002118,V-00511,EMEA-W,France,9,17.4,0,16,-0.07
P-002118,V-00234,APAC-NE,Japan,3,15.4,12,53,-0.06
P-002119,V-00264,APAC-IN,India,7,0,0,55,0
P-002120,V-00529,APAC-IN,India,4,4.5,6,86,-0.02
P-002120,V-00292,NA-MX,Mexico,4,11.4,0,25,-0.05
P-002121,V-00021,SA,Argentina,7,3.5,8,67,-0.01
P-002121,V-00532,APAC-SE,Thailand,5,16.1,12,70,-0.06
P-002121,V-00264,APAC-IN,India,7,20.4,12,72,-0.08
P-002122,V-00275,EMEA-E,Turkey,2,12.6,8,30,-0.14
P-002122,V-00109,NA-US,United States,5,14.6,0,93,-0.16
P-002123,V-00486,NA-MX,Mexico,6,15.4,0,39,-0.17
P-002123,V-00218,APAC-SE,Indonesia,3,17.5,6,31,-0.19
P-002125,V-00412,APAC-SE,Vietnam,7,11.6,0,66,-0.05
P-002125,V-00412,APAC-SE,Vietnam,6,10.1,0,44,-0.04
P-002127,V-00118,SA,Brazil,6,11.7,4,75,-0.05
P-002127,V-00225,NA-MX,Mexico,7,1.7,12,19,-0.01
P-002128,V-00197,APAC-SE,Indonesia,7,15.4,0,48,-0.06
P-002128,V-00434,APAC-NE,Japan,5,1.1,6,44,0
P-002128,V-00308,APAC-SE,Indonesia,6,7.2,4,41,-0.03
P-002129,V-00132,APAC-NE,Taiwan,6,21.4,12,82,-0.09
P-002129,V-00671,SA,Argentina,4,11.7,6,66,-0.05
P-002129,V-00160,EMEA-E,Czechia,5,7.1,0,85,-0.03
P-002130,V-00310,EMEA-E,Czechia,6,7,0,80,-0.08
P-002130,V-00528,SA,Brazil,6,-2.1,8,88,0.02
P-002130,V-00083,SA,Brazil,7,18.5,8,72,-0.2
P-002132,V-00217,EMEA-W,Spain,4,4.4,8,18,-0.02
P-002132,V-00565,SA,Argentina,5,-5.8,4,73,0.02
P-002133,V-00142,EMEA-W,Italy,5,1.1,4,20,-0.01
P-002133,V-00571,EMEA-E,Czechia,5,0.4,4,23,0
P-002134,V-00563,APAC-SE,Thailand,5,8.3,12,65,-0.03
P-002134,V-00160,EMEA-E,Czechia,5,-1.4,0,44,0.01
P-002135,V-00512,NA-US,United States,5,19.3,0,93,-0.08
P-002135,V-00471,APAC-NE,Japan,5,4.4,4,80,-0.02
P-002136,V-00172,EMEA-W,Germany,3,-5.6,4,19,0.06
P-002136,V-00030,SA,Brazil,1,3.7,0,69,-0.04
P-002137,V-00588,APAC-NE,China,6,1.6,0,100,-0.01
P-002137,V-00086,EMEA-E,Czechia,8,14.3,12,43,-0.06
P-002137,V-00437,EMEA-W,Germany,6,10.2,6,66,-0.04
P-002139,V-00617,EMEA-W,Spain,5,-3.7,0,17,0.04
P-002140,V-00190,NA-MX,Mexico,3,-2.8,0,69,0.03
P-002141,V-00337,EMEA-W,France,4,3.2,12,85,-0.01
P-002142,V-00301,APAC-SE,Vietnam,4,8.7,6,19,-0.1
P-002145,V-00298,APAC-SE,Thailand,4,1.1,0,80,0
P-002145,V-00241,APAC-IN,India,3,15.9,6,94,-0.06
P-002147,V-00090,APAC-SE,Thailand,5,-0.9,6,50,0
P-002149,V-00105,APAC-SE,Thailand,5,3.7,12,87,-0.01
P-002149,V-00175,NA-US,United States,3,-1.3,0,65,0.01
P-002149,V-00598,APAC-IN,India,6,13.5,8,75,-0.05
P-002150,V-00366,NA-MX,Mexico,6,13.1,0,56,-0.05
P-002151,V-00087,APAC-NE,Japan,6,-4.2,6,81,0.02
P-002152,V-00453,SA,Brazil,4,-1.1,6,32,0
P-002152,V-00024,NA-US,United States,4,1.6,0,36,-0.01
P-002152,V-00133,EMEA-E,Turkey,5,20.4,6,63,-0.08
P-002153,V-00509,APAC-IN,India,2,17.4,0,31,-0.07
P-002153,V-00098,EMEA-E,Turkey,5,12.5,0,36,-0.05
P-002153,V-00114,APAC-NE,Taiwan,5,-0.8,0,29,0
P-002154,V-00131,EMEA-E,Czechia,8,15.2,8,54,-0.06
P-002155,V-00083,SA,Brazil,7,4.5,8,97,-0.02
P-002156,V-00505,SA,Argentina,7,7.9,4,46,-0.03
P-002158,V-00067,EMEA-W,France,2,14.5,6,56,-0.06
P-002158,V-00635,SA,Argentina,8,21.2,0,96,-0.08
P-002158,V-00188,EMEA-W,France,4,10.1,8,55,-0.04
P-002159,V-00737,APAC-SE,Indonesia,9,-5.1,8,26,0.02
P-002159,V-00817,APAC-IN,India,4,10.5,12,23,-0.04
P-002159,V-00652,SA,Argentina,7,-2.9,12,15,0.01
P-002161,V-00086,EMEA-E,Czechia,6,19.6,0,35,-0.08
P-002161,V-00477,APAC-IN,India,6,17.4,6,16,-0.07
P-002161,V-00266,SA,Brazil,6,21,8,33,-0.08
P-002165,V-00300,APAC-NE,Japan,4,22,0,96,-0.09
P-002166,V-00684,APAC-NE,Japan,7,-3.9,12,41,0.04
P-002167,V-00375,SA,Brazil,5,1.3,0,40,-0.01
P-002167,V-00147,APAC-SE,Malaysia,4,19.4,12,58,-0.08
P-002168,V-00295,NA-US,United States,5,11.6,8,66,-0.13
P-002168,V-00381,APAC-SE,Vietnam,1,4.1,0,29,-0.05
P-002169,V-00831,APAC-SE,Thailand,3,9.4,0,53,-0.1
P-002170,V-00602,APAC-SE,Thailand,2,11.6,0,20,-0.13
P-002170,V-00081,EMEA-E,Romania,7,5.5,4,79,-0.06
P-002171,V-00299,NA-MX,Mexico,6,3.7,4,58,-0.01
P-002172,V-00632,EMEA-W,Germany,5,18.7,6,95,-0.21
P-002172,V-00210,APAC-IN,India,4,9.8,12,82,-0.11
P-002172,V-00402,EMEA-W,France,7,3.1,0,68,-0.03
P-002175,V-00832,APAC-NE,Taiwan,7,11.1,6,47,-0.04
P-002175,V-00537,SA,Brazil,9,-1.2,4,37,0
P-002175,V-00930,EMEA-W,France,4,15.1,6,50,-0.06
P-002176,V-00300,APAC-NE,Japan,6,2.3,4,49,-0.03
P-002176,V-00045,NA-US,United States,5,-2.5,4,72,0.03
P-002176,V-00511,EMEA-W,France,8,8.5,4,56,-0.09
P-002177,V-00642,EMEA-E,Czechia,4,10.5,6,18,-0.04
P-002177,V-00500,SA,Argentina,5,15.6,0,59,-0.06
P-002178,V-00457,NA-MX,Mexico,4,10.9,0,58,-0.04
P-002178,V-00223,NA-MX,Mexico,6,-5.5,6,34,0.02
P-002179,V-00708,EMEA-W,Spain,7,14.8,0,30,-0.06
P-002180,V-00169,NA-MX,Mexico,7,2,0,19,-0.01
P-002181,V-00454,EMEA-W,Germany,6,11.2,6,62,-0.04
P-002182,V-00016,SA,Brazil,4,11.4,12,21,-0.05
P-002182,V-00371,APAC-SE,Indonesia,5,-2.1,0,99,0.01
P-002183,V-00099,SA,Brazil,4,20.8,0,72,-0.08
P-002184,V-00265,SA,Brazil,8,0.4,12,39,0
P-002184,V-00660,EMEA-W,Germany,6,0.1,6,60,0
P-002185,V-00807,EMEA-E,Turkey,6,8.3,8,100,-0.03
P-002186,V-00408,NA-US,United States,5,-5.2,4,48,0.02
P-002186,V-00368,NA-US,United States,8,2.6,0,58,-0.01
P-002186,V-00297,APAC-NE,Taiwan,5,11.9,6,42,-0.05
P-002187,V-00145,NA-MX,Mexico,7,18.9,8,33,-0.08
P-002187,V-00283,EMEA-W,France,5,11.4,8,69,-0.05
P-002187,V-00391,SA,Argentina,7,19.3,8,69,-0.08
P-002188,V-00018,NA-US,United States,3,4.8,8,94,-0.02
P-002189,V-00611,NA-MX,Mexico,8,19.8,4,33,-0.08
P-002189,V-00086,EMEA-E,Czechia,9,1.9,8,93,-0.01
P-002190,V-00222,NA-US,United States,5,16.2,4,78,-0.06
P-002191,V-00072,APAC-SE,Vietnam,5,10.5,4,82,-0.04
P-002191,V-00271,APAC-NE,China,7,-0.1,8,74,0
P-002191,V-00769,EMEA-W,Spain,6,9.8,6,18,-0.04
P-002192,V-00435,NA-US,United States,3,13.3,12,19,-0.05
P-002192,V-00416,APAC-SE,Indonesia,4,14.5,0,79,-0.06
P-002193,V-00468,NA-US,United States,7,1.9,12,41,-0.01
P-002193,V-00292,NA-MX,Mexico,5,-2,4,57,0.01
P-002195,V-00210,APAC-IN,India,3,1.2,6,29,-0.01
P-002195,V-00580,NA-MX,Mexico,6,15,0,52,-0.17
P-002196,V-00285,NA-US,United States,5,-1.2,6,38,0.01
P-002196,V-00082,SA,Argentina,6,12.2,6,92,-0.13
P-002198,V-00653,EMEA-E,Czechia,3,4,0,36,-0.02
P-002198,V-00588,APAC-NE,China,5,-3.9,8,15,0.02
P-002198,V-00437,EMEA-W,Germany,6,17.6,12,75,-0.07
P-002200,V-00588,APAC-NE,China,5,5.6,6,74,-0.02
P-002201,V-00432,NA-US,United States,5,11.4,0,94,-0.05
P-002201,V-00625,APAC-SE,Malaysia,5,18.4,0,77,-0.07
P-002202,V-00349,NA-US,United States,4,1,8,85,0
P-002202,V-00626,NA-MX,Mexico,8,0.2,8,37,0
P-002202,V-00352,SA,Brazil,8,12,4,74,-0.05
P-002204,V-00566,APAC-NE,South Korea,4,-3.1,8,69,0.03
P-002204,V-00631,NA-MX,Mexico,4,0,8,69,0
P-002204,V-00728,NA-US,United States,3,-3.8,0,50,0.04
P-002205,V-00222,NA-US,United States,5,2.6,12,25,-0.01
P-002208,V-00596,EMEA-E,Turkey,4,8.9,8,29,-0.04
P-002208,V-00945,APAC-IN,India,7,13.7,0,93,-0.05
P-002208,V-00977,NA-MX,Mexico,5,7.8,0,17,-0.03
P-002210,V-00694,APAC-NE,China,7,7.5,6,98,-0.03
P-002210,V-00153,SA,Argentina,3,19.7,8,83,-0.08
P-002210,V-00040,APAC-NE,China,5,-4.6,12,68,0.02
P-002212,V-00203,NA-US,United States,6,0.2,0,89,0
P-002212,V-00089,NA-US,United States,7,20.7,6,61,-0.08
P-002212,V-00048,NA-US,United States,6,17.2,0,73,-0.07
P-002213,V-00352,SA,Brazil,5,5.8,0,54,-0.02
P-002213,V-00404,EMEA-E,Romania,3,19.3,4,66,-0.08
P-002214,V-00292,NA-MX,Mexico,3,15.9,12,96,-0.06
P-002215,V-00077,NA-US,United States,4,0.8,12,22,-0.01
P-002216,V-00399,APAC-NE,South Korea,6,7.9,4,37,-0.03
P-002216,V-00483,EMEA-W,Germany,6,21.5,12,19,-0.09
P-002218,V-00715,EMEA-E,Turkey,1,0.9,4,35,0
P-002221,V-00459,EMEA-E,Turkey,4,13,6,23,-0.05
P-002222,V-00014,APAC-NE,South Korea,6,15.6,6,25,-0.06
P-002223,V-00676,NA-US,United States,4,10.8,0,78,-0.04
P-002225,V-00410,APAC-SE,Malaysia,4,14.3,8,65,-0.06
P-002225,V-00186,EMEA-E,Romania,9,10.5,12,71,-0.04
P-002225,V-00538,APAC-IN,India,7,3.6,0,82,-0.01
P-002227,V-00913,SA,Brazil,2,10.2,6,85,-0.04
P-002227,V-00349,NA-US,United States,4,18.6,8,60,-0.07
P-002230,V-00204,NA-MX,Mexico,5,21.8,8,87,-0.24
P-002230,V-00275,EMEA-E,Turkey,3,19.6,12,69,-0.22
P-002230,V-00530,SA,Brazil,9,10.6,12,28,-0.12
P-002232,V-00762,NA-US,United States,3,20.3,0,64,-0.08
P-002232,V-00150,EMEA-E,Poland,1,9.7,12,62,-0.04
P-002233,V-00418,APAC-NE,Taiwan,2,-2.6,4,67,0.01
P-002234,V-00485,EMEA-E,Czechia,6,9.5,0,82,-0.04
P-002235,V-00115,APAC-NE,Taiwan,2,13.8,4,17,-0.15
P-002236,V-00489,SA,Brazil,8,2.4,4,78,-0.03
P-002236,V-00676,NA-US,United States,4,-0.3,8,41,0
P-002238,V-00132,APAC-NE,Taiwan,9,11.4,12,81,-0.05
P-002238,V-00748,NA-US,United States,3,5.6,4,84,-0.02
P-002239,V-00195,APAC-NE,Taiwan,6,14.8,8,46,-0.06
P-002240,V-00407,EMEA-E,Poland,5,-4.5,0,78,0.02
P-002240,V-00053,APAC-IN,India,4,11.5,4,80,-0.05
P-002241,V-00107,SA,Brazil,4,15.3,12,60,-0.06
P-002241,V-00279,EMEA-E,Czechia,7,8.5,0,37,-0.03
P-002241,V-00358,APAC-NE,Japan,4,3,0,94,-0.01
P-002242,V-00091,APAC-NE,South Korea,5,2,4,61,-0.01
P-002242,V-00223,NA-MX,Mexico,7,20,8,19,-0.08
P-002242,V-00340,NA-US,United States,2,-3.5,0,46,0.01
P-002244,V-00923,NA-MX,Mexico,4,20.8,8,65,-0.23
P-002244,V-00064,NA-MX,Mexico,8,16.4,6,97,-0.18
P-002244,V-00546,NA-MX,Mexico,4,21.3,0,84,-0.23
P-002245,V-00302,NA-US,United States,3,7,12,31,-0.03
P-002245,V-00140,APAC-NE,Taiwan,3,13.6,6,76,-0.05
P-002246,V-00102,APAC-IN,India,3,21,6,16,-0.08
P-002246,V-01032,APAC-SE,Indonesia,8,19.7,0,46,-0.08
P-002249,V-00491,APAC-SE,Malaysia,7,15.2,0,33,-0.17
P-002249,V-00254,SA,Argentina,3,0.3,8,93,0
P-002250,V-00333,APAC-IN,India,3,18.7,0,54,-0.07
P-002250,V-00538,APAC-IN,India,7,18.6,12,75,-0.07
P-002251,V-00042,APAC-IN,India,6,12.3,6,15,-0.05
P-002251,V-00562,APAC-IN,India,2,14.1,8,47,-0.06
P-002252,V-00671,SA,Argentina,2,19.9,8,45,-0.08
P-002252,V-00062,NA-US,United States,6,4.1,12,72,-0.02
P-002253,V-00478,APAC-SE,Vietnam,4,4.3,4,20,-0.05
P-002253,V-00241,APAC-IN,India,4,13.7,12,53,-0.15
P-002254,V-00797,APAC-IN,India,4,10.5,4,34,-0.04
P-002254,V-00189,EMEA-W,Spain,7,-2.9,8,88,0.01
P-002254,V-00914,EMEA-W,Italy,1,-0.2,12,69,0
P-002255,V-00664,APAC-NE,Taiwan,7,-0.1,6,39,0
P-002255,V-00040,APAC-NE,China,8,15.9,12,67,-0.06
P-002255,V-00756,APAC-IN,India,7,-0.1,4,80,0
P-002256,V-00639,EMEA-E,Turkey,3,4.9,0,45,-0.02
P-002257,V-00959,SA,Argentina,9,-4.9,6,38,0.02
P-002257,V-00005,EMEA-E,Turkey,4,10.4,6,93,-0.04
P-002259,V-00503,APAC-SE,Vietnam,5,9.2,0,96,-0.04
P-002259,V-00350,NA-US,United States,5,-0.4,0,34,0
P-002260,V-00505,SA,Argentina,5,-1.1,0,86,0
P-002260,V-00525,EMEA-E,Poland,4,-4.3,12,27,0.02
P-002260,V-00091,APAC-NE,South Korea,4,11,4,50,-0.04
P-002261,V-00120,APAC-IN,India,7,10,6,86,-0.04
P-002262,V-00926,EMEA-E,Czechia,2,7.9,4,98,-0.03
P-002263,V-00039,EMEA-E,Romania,7,5.9,4,97,-0.02
P-002263,V-00413,APAC-NE,South Korea,4,6.3,0,95,-0.03
P-002264,V-00373,NA-MX,Mexico,5,4.1,8,45,-0.02
P-002264,V-00335,EMEA-E,Czechia,2,18.8,0,36,-0.08
P-002266,V-00530,SA,Brazil,6,8,6,21,-0.03
P-002266,V-00460,NA-US,United States,6,-1.7,12,74,0.01
P-002266,V-00109,NA-US,United States,3,13.3,8,45,-0.05
P-002267,V-00750,EMEA-E,Poland,8,-1.5,0,88,0.01
P-002267,V-00654,NA-US,United States,6,6.8,0,71,-0.03
P-002267,V-00327,SA,Brazil,7,12.9,4,34,-0.05
P-002268,V-00626,NA-MX,Mexico,7,-2.4,4,96,0.01
P-002269,V-00223,NA-MX,Mexico,7,2.8,4,86,-0.03
P-002270,V-00116,APAC-IN,India,7,6.4,4,32,-0.03
P-002270,V-00591,SA,Brazil,9,1.2,6,65,0
P-002270,V-00505,SA,Argentina,7,-0.7,0,51,0
P-002272,V-00531,NA-MX,Mexico,5,5.1,4,81,-0.06
P-002272,V-00329,SA,Argentina,5,13.9,0,44,-0.15
P-002273,V-00522,APAC-IN,India,4,3.1,4,62,-0.03
P-002273,V-00307,SA,Brazil,7,4.4,6,83,-0.05
P-002273,V-00522,APAC-IN,India,4,12.9,8,45,-0.14
P-002274,V-00783,APAC-IN,India,4,21.9,6,52,-0.09
P-002274,V-00426,APAC-SE,Malaysia,7,12,12,48,-0.05
P-002276,V-00705,NA-US,United States,3,12.4,0,50,-0.05
P-002277,V-00632,EMEA-W,Germany,7,18.7,12,76,-0.07
P-002278,V-00015,EMEA-E,Turkey,9,-4.3,6,67,0.02
P-002278,V-00372,NA-MX,Mexico,4,13,12,63,-0.05
P-002278,V-00108,NA-US,United States,9,5.1,0,64,-0.02
P-002279,V-00337,EMEA-W,France,2,11.6,4,15,-0.05
P-002281,V-00462,NA-MX,Mexico,6,3.3,12,47,-0.01
P-002281,V-00334,NA-US,United States,2,-1.2,6,89,0
P-002281,V-00512,NA-US,United States,6,19.4,8,47,-0.08
P-002282,V-00575,EMEA-W,France,4,21.9,0,15,-0.09
P-002282,V-00071,EMEA-E,Turkey,6,18.3,4,31,-0.07
P-002283,V-00207,APAC-SE,Indonesia,6,8.4,4,43,-0.03
P-002283,V-00315,NA-US,United States,2,7.2,4,26,-0.03
P-002283,V-00637,NA-MX,Mexico,3,-5.8,0,73,0.02
P-002286,V-00639,EMEA-E,Turkey,4,21.8,0,18,-0.24
P-002286,V-00709,NA-MX,Mexico,7,3.7,4,22,-0.04
P-002286,V-00276,APAC-NE,Taiwan,2,5.4,8,19,-0.06
P-002288,V-00458,APAC-SE,Indonesia,4,-2.7,12,83,0.01
P-002288,V-00168,APAC-SE,Vietnam,2,-4.8,6,19,0.02
P-002289,V-00682,NA-US,United States,5,19.7,0,36,-0.08
P-002289,V-00069,APAC-SE,Vietnam,2,13.8,0,64,-0.06
P-002289,V-00682,NA-US,United States,6,11.2,12,48,-0.04
P-002290,V-00076,APAC-IN,India,5,18.8,8,33,-0.21
P-002290,V-00351,APAC-NE,Japan,8,-1,12,38,0.01
P-002291,V-00629,NA-MX,Mexico,3,10.3,6,19,-0.11
P-002292,V-00754,NA-MX,Mexico,5,-4.4,4,78,0.02
P-002292,V-00219,NA-US,United States,7,7.6,4,20,-0.03
P-002292,V-00295,NA-US,United States,4,18.7,0,82,-0.07
P-002295,V-00492,APAC-IN,India,6,21.2,8,18,-0.08
P-002295,V-00267,NA-MX,Mexico,3,16.6,12,87,-0.07
P-002295,V-00526,APAC-IN,India,4,6.9,8,79,-0.03
P-002296,V-00488,APAC-IN,India,4,6.4,0,15,-0.03
P-002296,V-00186,EMEA-E,Romania,7,-0.1,0,76,0
P-002296,V-00592,EMEA-W,Germany,8,-3.5,8,60,0.01
P-002297,V-00395,NA-US,United States,2,15.4,12,77,-0.06
P-002297,V-00273,NA-MX,Mexico,4,14.1,8,31,-0.06
P-002301,V-00713,APAC-IN,India,7,11.2,12,71,-0.12
P-002301,V-00807,EMEA-E,Turkey,7,12.7,6,43,-0.14
P-002302,V-00195,APAC-NE,Taiwan,4,0.9,6,79,0
P-002302,V-00198,EMEA-W,Spain,8,17.1,4,72,-0.07
P-002302,V-00105,APAC-SE,Thailand,7,14.3,0,62,-0.06
P-002303,V-00321,APAC-SE,Malaysia,4,12.9,8,18,-0.05
P-002303,V-00314,SA,Brazil,6,19.7,0,39,-0.08
P-002305,V-00369,EMEA-E,Romania,4,-4.3,12,92,0.05
P-002306,V-00045,NA-US,United States,4,-4.9,6,61,0.02
P-002306,V-00557,EMEA-W,Germany,4,21.4,0,28,-0.09
P-002306,V-00172,EMEA-W,Germany,4,-1.3,0,46,0.01
P-002307,V-00748,NA-US,United States,5,20.4,0,26,-0.08
P-002307,V-00132,APAC-NE,Taiwan,8,19.5,12,88,-0.08
P-002309,V-00575,EMEA-W,France,5,19.2,4,77,-0.21
P-002309,V-00395,NA-US,United States,2,15.6,12,32,-0.17
P-002309,V-00136,APAC-SE,Indonesia,8,14.2,6,72,-0.16
P-002310,V-00266,SA,Brazil,6,5.7,12,45,-0.06
P-002311,V-00244,EMEA-E,Czechia,5,21,12,15,-0.08
P-002311,V-00777,EMEA-W,Germany,5,6.1,8,64,-0.02
P-002311,V-00287,EMEA-W,France,3,8.7,6,85,-0.03
P-002312,V-00267,NA-MX,Mexico,6,-0.3,12,62,0
P-002312,V-00526,APAC-IN,India,3,1.8,8,38,-0.01
P-002314,V-00053,APAC-IN,India,4,20.7,4,21,-0.08
P-002315,V-00672,EMEA-E,Romania,4,7,6,99,-0.03
P-002315,V-00436,NA-US,United States,5,11.9,0,66,-0.05
P-002317,V-00559,SA,Brazil,2,-1.5,0,60,0.02
P-002319,V-00583,APAC-NE,Japan,3,-5.6,0,56,0.02
P-002320,V-00322,EMEA-E,Poland,5,9.6,4,45,-0.04
P-002321,V-00651,SA,Brazil,5,10.2,12,38,-0.04
P-002321,V-00562,APAC-IN,India,2,5,4,82,-0.02
P-002322,V-00337,EMEA-W,France,2,2.2,0,84,-0.01
P-002322,V-00345,EMEA-E,Poland,5,10.4,6,31,-0.04
P-002323,V-00057,NA-MX,Mexico,6,-3.7,8,92,0.01
P-002323,V-00421,NA-US,United States,5,5.3,6,98,-0.02
P-002325,V-00738,APAC-IN,India,9,-5.1,0,93,0.02
P-002328,V-00629,NA-MX,Mexico,3,-2.6,8,72,0.03
P-002328,V-00427,NA-US,United States,4,0.9,0,57,-0.01
P-002330,V-00410,APAC-SE,Malaysia,4,5.3,6,99,-0.06
P-002332,V-00572,EMEA-W,Spain,5,5.8,4,93,-0.06
P-002333,V-00529,APAC-IN,India,4,21.4,0,98,-0.09
P-002335,V-00486,NA-MX,Mexico,5,2.6,0,89,-0.03
P-002335,V-00335,EMEA-E,Czechia,2,-5,6,95,0.06
P-002336,V-00227,APAC-SE,Indonesia,7,0.8,4,25,0
P-002336,V-00593,APAC-IN,India,7,15.3,6,100,-0.06
P-002336,V-00319,NA-MX,Mexico,4,13.7,4,53,-0.05
P-002338,V-00671,SA,Argentina,5,-1.5,0,71,0.02
P-002338,V-00132,APAC-NE,Taiwan,6,9,0,15,-0.1
P-002340,V-00643,APAC-IN,India,6,1.2,4,54,0
P-002340,V-00691,APAC-IN,India,6,13.5,8,58,-0.05
P-002342,V-00286,SA,Argentina,4,-2,4,61,0.01
P-002342,V-00050,NA-US,United States,4,7.1,6,76,-0.03
P-002342,V-00063,APAC-NE,Japan,4,13,4,34,-0.05
P-002343,V-00185,APAC-IN,India,6,5.3,6,94,-0.02
P-002344,V-00383,APAC-NE,Taiwan,8,-0.4,4,98,0
P-002344,V-00278,APAC-IN,India,8,19.5,12,71,-0.08
P-002344,V-00564,EMEA-W,Italy,7,10.8,6,77,-0.04
P-002345,V-00110,EMEA-E,Poland,4,0.6,8,74,0
P-002346,V-00151,APAC-IN,India,4,-1.4,0,41,0.01
P-002347,V-00814,APAC-IN,India,4,0.5,6,57,0
P-002350,V-00113,APAC-NE,China,9,20.5,0,70,-0.08
P-002350,V-00218,APAC-SE,Indonesia,3,8.4,6,15,-0.03
P-002352,V-00511,EMEA-W,France,7,18,4,61,-0.07
P-002353,V-00264,APAC-IN,India,9,13,0,89,-0.05
P-002353,V-00532,APAC-SE,Thailand,3,9.8,8,46,-0.04
P-002354,V-00161,SA,Argentina,2,15.1,12,37,-0.06
P-002354,V-00257,SA,Brazil,7,19.5,4,30,-0.08
P-002357,V-00693,NA-US,United States,5,-4.2,8,26,0.02
P-002357,V-00468,NA-US,United States,6,13.2,8,64,-0.05
P-002357,V-00674,NA-MX,Mexico,6,11.3,6,98,-0.05
P-002358,V-00651,SA,Brazil,5,2.5,0,48,-0.01
P-002359,V-00229,EMEA-E,Czechia,5,11.2,8,87,-0.04
P-002359,V-00266,SA,Brazil,8,16.9,0,56,-0.07
P-002359,V-00366,NA-MX,Mexico,3,15.2,8,87,-0.06
P-002360,V-00442,NA-MX,Mexico,3,16.9,6,97,-0.07
P-002360,V-00660,EMEA-W,Germany,4,11,0,91,-0.04
P-002362,V-00250,APAC-NE,Japan,1,-3.6,8,94,0.01
P-002362,V-00510,APAC-SE,Vietnam,4,1.9,0,28,-0.01
P-002363,V-00709,NA-MX,Mexico,6,-1.9,0,61,0.02
P-002363,V-00252,APAC-NE,China,2,19,0,90,-0.21
P-002364,V-00316,NA-MX,Mexico,5,-2.8,8,74,0.03
P-002364,V-00556,EMEA-E,Romania,4,19.9,0,35,-0.22
P-002366,V-00279,EMEA-E,Czechia,7,11.6,8,58,-0.05
P-002366,V-00107,SA,Brazil,4,18.7,0,35,-0.07
P-002367,V-00581,NA-MX,Mexico,6,18.5,0,44,-0.07
P-002367,V-00113,APAC-NE,China,9,9.3,0,82,-0.04
P-002368,V-00264,APAC-IN,India,8,-5,6,19,0.02
P-002368,V-00652,SA,Argentina,9,-2.1,6,31,0.01
P-002369,V-00456,APAC-SE,Malaysia,5,-3.7,12,21,0.01
P-002369,V-00319,NA-MX,Mexico,6,21.9,8,40,-0.09
P-002369,V-00004,APAC-NE,Japan,2,-5.6,0,65,0.02
P-002370,V-00036,APAC-SE,Vietnam,4,7.5,0,20,-0.03
P-002372,V-00348,EMEA-W,Spain,5,-1,6,39,0
P-002373,V-00216,EMEA-W,Italy,2,-4.4,12,22,0.02
P-002373,V-00336,EMEA-W,Germany,8,-4.8,4,31,0.02
P-002373,V-00166,APAC-IN,India,7,0.6,0,100,0
P-002374,V-00235,APAC-NE,Japan,6,-1.2,0,100,0
P-002376,V-00036,APAC-SE,Vietnam,2,-0.2,0,84,0
P-002376,V-00609,APAC-NE,Japan,4,1.4,0,74,-0.01
P-002376,V-00372,NA-MX,Mexico,3,-2.5,0,79,0.01
P-002377,V-00471,APAC-NE,Japan,6,-5.3,6,24,0.02
P-002377,V-00126,APAC-SE,Indonesia,3,-1.2,4,80,0
P-002377,V-00364,APAC-SE,Malaysia,8,-4.5,0,95,0.02
P-002378,V-00885,NA-MX,Mexico,6,1.9,8,33,-0.01
P-002378,V-00509,APAC-IN,India,3,-0.6,0,54,0
P-002379,V-00126,APAC-SE,Indonesia,3,15.5,8,56,-0.06
P-002379,V-00371,APAC-SE,Indonesia,4,-5.5,4,86,0.02
P-002379,V-00300,APAC-NE,Japan,4,20.6,12,72,-0.08
P-002380,V-00526,APAC-IN,India,3,18.7,6,35,-0.07
P-002380,V-00018,NA-US,United States,4,-1.5,12,100,0.01
P-002383,V-00192,APAC-SE,Malaysia,5,20.7,8,15,-0.08
P-002383,V-00302,NA-US,United States,4,-5.8,6,27,0.02
P-002383,V-00236,SA,Brazil,7,7.3,12,84,-0.03
P-002384,V-00538,APAC-IN,India,7,21.4,0,42,-0.09
P-002384,V-00333,APAC-IN,India,4,19.8,8,52,-0.08
P-002384,V-00743,EMEA-E,Czechia,4,-0.6,0,88,0
P-002387,V-00102,APAC-IN,India,3,7.6,0,50,-0.03
P-002388,V-00676,NA-US,United States,3,3.7,8,63,-0.01
P-002388,V-00541,APAC-SE,Malaysia,8,15.9,8,65,-0.06
P-002388,V-00283,EMEA-W,France,5,21.1,0,57,-0.08
P-002389,V-00080,EMEA-W,France,6,9.1,12,17,-0.04
P-002389,V-00292,NA-MX,Mexico,2,14.1,0,42,-0.06
P-002389,V-00693,NA-US,United States,4,17.4,4,51,-0.07
P-002390,V-00265,SA,Brazil,7,5.5,6,62,-0.02
P-002391,V-00137,SA,Brazil,4,16.1,6,47,-0.18
P-002391,V-00569,APAC-IN,India,6,-1.7,0,89,0.02
P-002391,V-00618,APAC-NE,South Korea,6,0.1,12,70,0
P-002392,V-00923,NA-MX,Mexico,5,3,0,84,-0.01
P-002392,V-00969,NA-MX,Mexico,5,-4.6,0,97,0.02
P-002392,V-00733,EMEA-W,Spain,8,0.6,0,73,0
P-002393,V-00650,APAC-IN,India,5,13.5,4,64,-0.05
P-002394,V-00492,APAC-IN,India,7,17.8,0,74,-0.07
P-002394,V-00107,SA,Brazil,3,15.7,6,33,-0.06
P-002396,V-00209,SA,Brazil,2,-2.6,0,51,0.01
P-002396,V-00794,APAC-IN,India,4,19.3,12,91,-0.08
P-002397,V-00435,NA-US,United States,2,14.4,4,78,-0.06
P-002397,V-00259,APAC-NE,China,7,11.4,8,78,-0.05
P-002397,V-00376,SA,Brazil,5,19.9,8,63,-0.08
P-002398,V-00974,NA-MX,Mexico,8,3.3,6,100,-0.04
P-002398,V-00655,APAC-NE,South Korea,9,-2.4,12,91,0.03
P-002398,V-00423,NA-US,United States,1,10.4,6,72,-0.11
P-002400,V-00792,EMEA-E,Romania,7,8.2,0,90,-0.03
P-002400,V-00649,EMEA-W,France,6,-3.5,0,94,0.01
P-002400,V-00513,APAC-NE,Taiwan,7,8.2,0,50,-0.03
P-002401,V-00606,APAC-SE,Malaysia,9,-3.8,0,68,0.02
P-002402,V-00056,APAC-SE,Malaysia,7,2.2,12,21,-0.02
P-002403,V-00418,APAC-NE,Taiwan,3,4.2,0,82,-0.05
P-002404,V-00704,SA,Argentina,6,0.8,0,32,-0.01
P-002404,V-00541,APAC-SE,Malaysia,6,4.7,0,50,-0.05
P-002405,V-00829,APAC-NE,Japan,5,13,12,64,-0.14
P-002405,V-00025,NA-US,United States,6,11.6,0,98,-0.13
P-002405,V-00411,EMEA-E,Turkey,4,8,8,93,-0.09
P-002407,V-00313,APAC-SE,Malaysia,5,17.4,0,55,-0.07
P-002408,V-00274,EMEA-W,Spain,4,5.7,4,98,-0.02
P-002409,V-00561,APAC-NE,Japan,7,16.8,12,45,-0.07
P-002409,V-00791,APAC-SE,Vietnam,6,19,12,74,-0.08
P-002411,V-00890,APAC-IN,India,4,1.8,12,51,-0.01
P-002411,V-00794,APAC-IN,India,4,4,4,31,-0.02
P-002412,V-00725,EMEA-W,France,5,-2.9,0,70,0.01
P-002413,V-00750,EMEA-E,Poland,7,2.8,6,68,-0.03
P-002413,V-00656,SA,Brazil,4,5.1,6,66,-0.06
P-002415,V-00444,APAC-SE,Vietnam,6,7.5,0,34,-0.03
P-002415,V-00386,APAC-NE,South Korea,4,8.1,0,56,-0.03
P-002416,V-00717,SA,Argentina,9,-4.2,0,42,0.02
P-002416,V-00603,SA,Argentina,3,-5.1,8,25,0.02
P-002420,V-00232,NA-US,United States,4,-3,12,74,0.01
P-002420,V-00814,APAC-IN,India,4,12.6,4,81,-0.05
P-002420,V-00814,APAC-IN,India,2,-4.2,0,55,0.02
P-002421,V-00759,EMEA-W,Italy,3,7.3,8,61,-0.08
P-002421,V-00421,NA-US,United States,6,5.2,0,68,-0.06
P-002421,V-00057,NA-MX,Mexico,5,4.7,0,32,-0.05
P-002422,V-00759,EMEA-W,Italy,5,8.4,8,20,-0.09
P-002424,V-00818,APAC-NE,South Korea,8,6.1,8,22,-0.02
P-002424,V-00818,APAC-NE,South Korea,7,11.7,0,65,-0.05
P-002424,V-00387,EMEA-W,Germany,5,16.5,6,18,-0.07
P-002425,V-00009,APAC-SE,Indonesia,5,12.6,0,67,-0.05
P-002425,V-00777,EMEA-W,Germany,4,17.1,0,98,-0.07
P-002426,V-00390,EMEA-E,Poland,7,10.9,8,64,-0.04
P-002426,V-00104,SA,Brazil,5,5.8,4,30,-0.02
P-002426,V-00608,EMEA-W,Germany,9,15.2,0,81,-0.06
P-002429,V-00272,SA,Argentina,1,18.2,12,35,-0.07
P-002429,V-00402,EMEA-W,France,6,8.8,6,80,-0.04
P-002430,V-00425,NA-US,United States,5,-4.3,8,27,0.02
P-002430,V-00152,APAC-SE,Indonesia,2,17.5,6,25,-0.07
P-002433,V-00181,APAC-NE,Taiwan,7,2.1,0,97,-0.01
P-002433,V-00046,NA-MX,Mexico,4,7.8,12,24,-0.03
P-002434,V-00039,EMEA-E,Romania,5,-5.4,0,100,0.02
P-002434,V-00521,NA-US,United States,5,1.5,8,23,-0.01
P-002436,V-00654,NA-US,United States,6,2.3,4,53,-0.01
P-002437,V-00812,NA-MX,Mexico,5,-0.2,8,100,0
P-002437,V-00709,NA-MX,Mexico,6,18.2,12,55,-0.07
P-002438,V-00872,NA-US,United States,4,5.8,6,16,-0.06
P-002438,V-00400,SA,Argentina,6,8.7,0,95,-0.1
P-002440,V-00749,NA-US,United States,5,5.7,0,98,-0.02
P-002440,V-00551,EMEA-E,Czechia,5,6.5,6,63,-0.03
P-002440,V-00650,APAC-IN,India,5,19.8,6,64,-0.08
P-002442,V-00117,NA-US,United States,5,3.4,0,38,-0.04
P-002442,V-00486,NA-MX,Mexico,5,10.1,12,58,-0.11
P-002442,V-00166,APAC-IN,India,8,-4.7,0,53,0.05
P-002443,V-00838,NA-US,United States,7,14.8,4,37,-0.06
P-002443,V-00565,SA,Argentina,5,7.7,0,56,-0.03
P-002443,V-00297,APAC-NE,Taiwan,5,-4.8,0,80,0.02
P-002444,V-00082,SA,Argentina,4,4.6,4,78,-0.02
P-002445,V-00333,APAC-IN,India,3,-4.5,8,50,0.02
P-002446,V-00469,APAC-SE,Indonesia,5,0.3,8,86,0
P-002446,V-00388,EMEA-W,Spain,5,17.4,6,31,-0.07
P-002447,V-00567,EMEA-E,Romania,3,1,4,29,-0.01
P-002447,V-00023,NA-MX,Mexico,6,10.2,0,60,-0.11
P-002449,V-00516,EMEA-W,Italy,4,4.9,4,18,-0.05
P-002449,V-00622,APAC-NE,China,4,9.8,8,54,-0.11
P-002449,V-00914,EMEA-W,Italy,3,19.5,6,33,-0.21
P-002450,V-00611,NA-MX,Mexico,8,9.3,4,72,-0.04
P-002450,V-00074,SA,Argentina,5,-5.4,6,23,0.02
P-002450,V-00477,APAC-IN,India,7,6.5,6,59,-0.03
P-002451,V-00700,NA-US,United States,4,14,12,91,-0.06
P-002451,V-00325,EMEA-W,France,3,18.6,12,100,-0.07
P-002451,V-00607,APAC-NE,Taiwan,5,12.8,8,20,-0.05
P-002452,V-00010,EMEA-E,Romania,5,-1.8,0,36,0.02
P-002453,V-00100,APAC-NE,Taiwan,1,9.5,8,56,-0.04
P-002453,V-00305,APAC-SE,Vietnam,2,5.7,8,92,-0.02
P-002455,V-00454,EMEA-W,Germany,7,-1.3,0,98,0.01
P-002455,V-00785,SA,Argentina,5,-5.7,8,94,0.02
P-002456,V-00400,SA,Argentina,5,8.9,6,72,-0.04
P-002456,V-00851,SA,Argentina,4,18,8,32,-0.07
P-002456,V-00360,EMEA-E,Czechia,6,-5.9,0,45,0.02
P-002457,V-00237,EMEA-W,Italy,4,18.5,8,83,-0.07
P-002459,V-00385,SA,Brazil,6,1.5,8,66,-0.02
P-002460,V-00392,NA-US,United States,4,2.4,8,65,-0.03
P-002460,V-00307,SA,Brazil,4,19.2,6,65,-0.21
P-002462,V-00501,APAC-NE,China,5,18.1,4,41,-0.2
P-002463,V-00308,APAC-SE,Indonesia,6,17.7,8,57,-0.07
P-002463,V-00535,EMEA-W,France,3,20.5,0,53,-0.08
P-002463,V-00094,APAC-NE,China,4,18.5,12,72,-0.07
P-002464,V-00479,APAC-IN,India,5,5.6,0,57,-0.02
P-002465,V-00525,EMEA-E,Poland,4,8.9,0,22,-0.04
P-002465,V-00018,NA-US,United States,4,6.7,8,53,-0.03
P-002465,V-00340,NA-US,United States,2,14.7,8,31,-0.06
P-002467,V-00411,EMEA-E,Turkey,6,-4,12,72,0.02
P-002467,V-00363,APAC-IN,India,7,-0.4,4,22,0
P-002467,V-00829,APAC-NE,Japan,3,3.4,0,91,-0.01
P-002469,V-00456,APAC-SE,Malaysia,6,-0.2,4,76,0
P-002469,V-00508,SA,Brazil,4,12,12,53,-0.05
P-002469,V-00038,APAC-IN,India,5,11,8,83,-0.04
P-002470,V-00350,NA-US,United States,6,4.1,8,27,-0.02
P-002472,V-00469,APAC-SE,Indonesia,4,2.9,0,47,-0.03
P-002473,V-00090,APAC-SE,Thailand,5,20.6,8,92,-0.08
P-002474,V-00522,APAC-IN,India,5,0.7,0,54,0
P-002474,V-00518,APAC-SE,Vietnam,4,17.9,6,95,-0.07
P-002474,V-00774,EMEA-E,Romania,5,6.4,8,28,-0.03
P-002476,V-00373,NA-MX,Mexico,6,15.8,8,34,-0.06
P-002477,V-00043,APAC-NE,Taiwan,3,15.1,12,94,-0.17
P-002478,V-00330,NA-MX,Mexico,8,-2.9,6,19,0.01
P-002478,V-00550,SA,Argentina,4,2.2,12,100,-0.01
P-002479,V-00492,APAC-IN,India,5,4.2,8,68,-0.02
P-002480,V-00416,APAC-SE,Indonesia,5,-1.7,8,40,0.01
P-002480,V-00660,EMEA-W,Germany,6,9.7,4,44,-0.04
P-002480,V-00453,SA,Brazil,4,-4.4,0,62,0.02
P-002482,V-00434,APAC-NE,Japan,6,19.7,12,16,-0.22
P-002484,V-00284,EMEA-E,Romania,6,11,0,32,-0.12
P-002487,V-00808,APAC-SE,Thailand,7,-5.8,0,50,0.02
P-002487,V-00822,NA-US,United States,7,11,4,54,-0.04
P-002488,V-00484,EMEA-E,Romania,5,0.1,12,45,0
P-002489,V-00207,APAC-SE,Indonesia,5,16.3,12,80,-0.07
P-002489,V-00175,NA-US,United States,2,21.1,0,95,-0.08
P-002493,V-00019,APAC-NE,Taiwan,2,3.1,4,42,-0.03
P-002494,V-00346,EMEA-E,Poland,3,7.5,12,91,-0.03
P-002495,V-00184,SA,Argentina,6,0.2,0,91,0
P-002496,V-00216,EMEA-W,Italy,5,-3.6,4,35,0.01
P-002496,V-00113,APAC-NE,China,7,-1.5,0,22,0.01
P-002496,V-00263,EMEA-E,Czechia,8,-5.5,8,57,0.02
P-002497,V-00355,NA-MX,Mexico,8,19,8,21,-0.21
P-002497,V-00708,EMEA-W,Spain,7,9.1,0,64,-0.1
P-002499,V-00627,SA,Brazil,5,21.5,0,55,-0.24
P-002499,V-00474,NA-US,United States,1,9,0,86,-0.1
P-002499,V-00792,EMEA-E,Romania,6,17.7,8,48,-0.19
P-002500,V-00756,APAC-IN,India,7,18.6,12,100,-0.2
P-002500,V-00318,EMEA-W,France,4,-4.4,0,54,0.05
P-002501,V-00548,EMEA-W,Italy,8,-3.8,4,19,0.02
P-002501,V-00534,APAC-NE,Japan,4,17.9,8,29,-0.07
P-002501,V-00770,EMEA-E,Turkey,6,14.1,12,16,-0.06
P-002502,V-00249,APAC-SE,Indonesia,6,-1.2,12,32,0
P-002503,V-00696,APAC-SE,Indonesia,8,7.7,6,57,-0.03
P-002503,V-00163,APAC-NE,Taiwan,6,9,8,27,-0.04
P-002505,V-00363,APAC-IN,India,7,13,0,56,-0.05
P-002508,V-00485,EMEA-E,Czechia,6,3.1,0,98,-0.01
P-002508,V-00168,APAC-SE,Vietnam,2,14.8,8,72,-0.06
P-002510,V-00321,APAC-SE,Malaysia,4,-4.2,8,37,0.02
P-002510,V-00395,NA-US,United States,2,15.6,8,96,-0.06
P-002510,V-00756,APAC-IN,India,7,7.1,12,88,-0.03
P-002512,V-00120,APAC-IN,India,5,17.4,0,54,-0.19
P-002512,V-00649,EMEA-W,France,4,2.1,0,90,-0.02
P-002512,V-00679,APAC-NE,South Korea,7,13.8,6,23,-0.15
P-002513,V-00617,EMEA-W,Spain,4,-1.6,12,64,0.01
P-002513,V-00236,SA,Brazil,4,7,0,49,-0.03
P-002515,V-00723,EMEA-E,Poland,3,20.1,6,70,-0.08
P-002515,V-00133,EMEA-E,Turkey,5,-4.1,12,77,0.02
P-002515,V-00445,EMEA-W,France,3,6.8,0,19,-0.03
P-002516,V-00509,APAC-IN,India,1,3.1,8,72,-0.01
P-002516,V-00682,NA-US,United States,6,3.7,4,33,-0.01
P-002517,V-00565,SA,Argentina,5,17.4,12,98,-0.07
P-002522,V-00257,SA,Brazil,7,3.8,6,60,-0.02
P-002522,V-00194,APAC-IN,India,1,6.3,0,78,-0.03
P-002522,V-00390,EMEA-E,Poland,7,8.1,0,70,-0.03
P-002523,V-00734,EMEA-E,Poland,8,10.5,8,41,-0.04
P-002523,V-00238,SA,Argentina,5,1.3,0,84,-0.01
P-002525,V-00732,EMEA-E,Turkey,5,-4.4,12,69,0.02
P-002525,V-00119,APAC-SE,Malaysia,4,-1.1,0,41,0
P-002525,V-00278,APAC-IN,India,8,5.5,0,60,-0.02
P-002526,V-00114,APAC-NE,Taiwan,5,9.5,0,85,-0.04
P-002526,V-00261,NA-US,United States,3,17,8,97,-0.07
P-002527,V-00814,APAC-IN,India,4,21.1,8,60,-0.08
P-002527,V-00232,NA-US,United States,4,3.9,8,52,-0.02
P-002527,V-00647,APAC-SE,Vietnam,3,-5.6,0,65,0.02
P-002528,V-00251,SA,Argentina,3,-3.7,12,97,0.04
P-002528,V-00402,EMEA-W,France,5,17.2,8,95,-0.19
P-002530,V-00061,NA-MX,Mexico,3,17.9,0,90,-0.07
P-002530,V-00350,NA-US,United States,6,-3.2,0,59,0.01
P-002530,V-00458,APAC-SE,Indonesia,2,9.1,4,75,-0.04
P-002531,V-00505,SA,Argentina,6,19.5,4,62,-0.21
P-002531,V-00659,EMEA-E,Poland,5,-0.8,0,96,0.01
P-002531,V-00403,NA-MX,Mexico,4,3.7,8,86,-0.04
P-002533,V-00500,SA,Argentina,7,7,4,53,-0.03
P-002534,V-00450,APAC-IN,India,8,0.1,0,36,0
P-002534,V-00195,APAC-NE,Taiwan,4,10.2,0,93,-0.04
P-002535,V-00802,EMEA-W,Italy,5,13.5,0,61,-0.05
P-002535,V-00411,EMEA-E,Turkey,6,7.9,0,17,-0.03
P-002536,V-00051,NA-MX,Mexico,6,15.1,4,56,-0.06
P-002536,V-00969,NA-MX,Mexico,4,17.6,8,41,-0.07
P-002538,V-00105,APAC-SE,Thailand,6,-3.9,12,69,0.02
P-002538,V-00301,APAC-SE,Vietnam,5,-1.2,4,89,0
P-002539,V-00829,APAC-NE,Japan,5,-1.3,0,18,0.01
P-002540,V-00333,APAC-IN,India,4,19.8,4,81,-0.08
P-002541,V-00107,SA,Brazil,4,14.9,12,72,-0.06
P-002543,V-00473,NA-MX,Mexico,6,-5.1,0,47,0.02
P-002547,V-00600,APAC-IN,India,8,21.9,6,42,-0.09
P-002548,V-00213,NA-US,United States,4,10.1,4,91,-0.04
P-002551,V-00823,NA-US,United States,4,7.7,8,43,-0.03
P-002551,V-00562,APAC-IN,India,3,12.9,8,96,-0.05
P-002551,V-00640,SA,Argentina,3,-3.2,0,20,0.01
P-002552,V-00269,APAC-IN,India,8,16.9,0,22,-0.07
P-002552,V-00618,APAC-NE,South Korea,6,17,0,38,-0.07
P-002554,V-00234,APAC-NE,Japan,4,-5.1,12,34,0.02
P-002554,V-00268,APAC-NE,South Korea,3,4.8,12,39,-0.02
P-002554,V-00511,EMEA-W,France,7,13.2,4,21,-0.05
P-002556,V-00266,SA,Brazil,8,20.4,12,56,-0.22
P-002556,V-00074,SA,Argentina,5,17.9,0,71,-0.2
P-002556,V-00676,NA-US,United States,4,1.9,0,39,-0.02
P-002557,V-00890,APAC-IN,India,5,-5.5,0,61,0.06
P-002557,V-00217,EMEA-W,Spain,2,18.1,4,18,-0.2
P-002557,V-00297,APAC-NE,Taiwan,7,2.8,4,19,-0.03
P-002558,V-00270,APAC-IN,India,6,6.4,0,81,-0.03
P-002558,V-00500,SA,Argentina,4,8.9,12,32,-0.04
P-002558,V-00270,APAC-IN,India,7,-1.1,0,25,0
P-002562,V-00679,APAC-NE,South Korea,7,7.8,0,94,-0.03
P-002562,V-00067,EMEA-W,France,3,18.2,6,78,-0.07
P-002563,V-00195,APAC-NE,Taiwan,5,19.1,6,17,-0.08
P-002563,V-00779,APAC-SE,Malaysia,5,10.8,0,40,-0.04
P-002564,V-00637,NA-MX,Mexico,4,-5.8,4,31,0.02
P-002564,V-00195,APAC-NE,Taiwan,6,-1.8,0,48,0.01
P-002566,V-00227,APAC-SE,Indonesia,4,18.6,12,85,-0.07
P-002566,V-00360,EMEA-E,Czechia,6,12.7,12,48,-0.05
P-002568,V-00724,EMEA-E,Turkey,9,10,0,79,-0.11
P-002568,V-00189,EMEA-W,Spain,7,11.9,4,18,-0.13
P-002568,V-00119,APAC-SE,Malaysia,5,8.2,0,86,-0.09
P-002569,V-00036,APAC-SE,Vietnam,2,9.8,8,60,-0.04
P-002569,V-00403,NA-MX,Mexico,3,19.6,0,15,-0.08
P-002572,V-00495,SA,Brazil,6,17.5,12,46,-0.07
P-002572,V-00554,NA-US,United States,7,21.4,12,88,-0.09
P-002574,V-00487,APAC-IN,India,3,14,4,33,-0.06
P-002575,V-00348,EMEA-W,Spain,4,5.5,12,36,-0.02
P-002580,V-00001,NA-US,United States,7,-4.9,12,63,0.02
P-002586,V-00653,EMEA-E,Czechia,3,19.9,0,88,-0.08
P-002586,V-00086,EMEA-E,Czechia,9,-2.7,12,27,0.01
P-002586,V-00304,NA-US,United States,2,-2,6,32,0.01
P-002587,V-00512,NA-US,United States,5,13.2,0,58,-0.05
P-002587,V-00293,APAC-NE,Taiwan,3,8.2,0,43,-0.03
P-002588,V-00526,APAC-IN,India,3,-3.7,4,60,0.01
P-002588,V-00403,NA-MX,Mexico,2,18.8,12,55,-0.08
P-002590,V-00527,NA-MX,Mexico,4,-0.9,0,93,0
P-002590,V-00533,APAC-IN,India,3,4.6,8,19,-0.02
P-002590,V-00595,SA,Brazil,1,12.6,12,35,-0.05
P-002591,V-00383,APAC-NE,Taiwan,7,7.4,12,65,-0.03
P-002591,V-00362,SA,Brazil,4,1.6,8,58,-0.01
P-002591,V-00215,APAC-SE,Indonesia,5,10,4,22,-0.04
P-002592,V-00429,APAC-NE,Japan,6,14.5,0,18,-0.06
P-002592,V-00267,NA-MX,Mexico,6,7.3,0,45,-0.03
P-002593,V-00765,EMEA-E,Poland,7,5.2,0,96,-0.02
P-002593,V-00247,NA-US,United States,6,-1,8,61,0
P-002593,V-00247,NA-US,United States,6,21.8,12,15,-0.09
P-002598,V-00261,NA-US,United States,4,7.5,6,90,-0.08
P-002598,V-00440,EMEA-E,Turkey,7,19.9,6,48,-0.22
P-002598,V-00436,NA-US,United States,4,2.9,8,96,-0.03
P-002599,V-00098,EMEA-E,Turkey,5,11,0,92,-0.04
P-002599,V-00021,SA,Argentina,7,11.1,12,39,-0.04
P-002599,V-00532,APAC-SE,Thailand,5,16.1,6,53,-0.06
P-002601,V-00156,SA,Argentina,5,13.9,0,42,-0.06
P-002601,V-00697,NA-US,United States,3,6.2,4,70,-0.02
P-002601,V-00601,EMEA-W,France,6,-3.2,12,79,0.01
P-002602,V-00168,APAC-SE,Vietnam,3,8.4,12,70,-0.03
P-002602,V-00158,NA-US,United States,2,-2.8,12,88,0.01
P-002602,V-00244,EMEA-E,Czechia,3,-3.1,0,65,0.01
P-002603,V-00147,APAC-SE,Malaysia,6,16.4,0,54,-0.07
P-002604,V-00230,APAC-SE,Vietnam,5,-4.2,8,32,0.02
P-002605,V-00671,SA,Argentina,2,17.9,0,51,-0.07
P-002607,V-00301,APAC-SE,Vietnam,4,-3.8,0,75,0.04
P-002607,V-00432,NA-US,United States,4,17,4,58,-0.19
P-002609,V-00477,APAC-IN,India,5,10.2,12,53,-0.04
P-002609,V-00676,NA-US,United States,5,-1.6,0,57,0.01
P-002610,V-00232,NA-US,United States,2,-3.5,8,81,0.04
P-002610,V-00648,APAC-IN,India,6,1.4,0,37,-0.02
P-002612,V-00077,NA-US,United States,6,-3.4,12,85,0.04
P-002612,V-00278,APAC-IN,India,6,17,4,80,-0.19
P-002612,V-00248,APAC-SE,Indonesia,6,19.5,0,26,-0.21
P-002613,V-00891,EMEA-E,Poland,4,12,12,93,-0.05
P-002613,V-00682,NA-US,United States,6,1.4,4,57,-0.01
P-002615,V-00510,APAC-SE,Vietnam,3,21.5,12,41,-0.24
P-002615,V-00601,EMEA-W,France,6,17.1,12,52,-0.19
P-002616,V-00878,EMEA-W,France,6,8.7,6,49,-0.03
P-002616,V-00102,APAC-IN,India,5,-5.9,8,51,0.02
P-002618,V-00107,SA,Brazil,5,19.7,0,51,-0.08
P-002619,V-00033,EMEA-E,Romania,6,10,0,50,-0.04
P-002619,V-00128,SA,Brazil,5,12.5,0,64,-0.05
P-002620,V-00210,APAC-IN,India,4,-1.4,12,47,0.01
P-002620,V-00691,APAC-IN,India,4,7.6,6,42,-0.03
P-002620,V-00260,APAC-IN,India,6,-1.5,8,95,0.01
P-002621,V-00008,NA-US,United States,8,1.7,0,20,-0.02
P-002622,V-00555,APAC-IN,India,6,2.9,0,26,-0.01
P-002624,V-00281,APAC-IN,India,6,-0.8,12,31,0
P-002625,V-00262,EMEA-E,Poland,9,2.3,6,48,-0.01
P-002626,V-00141,APAC-SE,Malaysia,7,-3.5,0,87,0.01
P-002626,V-00592,EMEA-W,Germany,6,-2.4,0,66,0.01
P-002627,V-00624,NA-US,United States,4,2,6,63,-0.01
P-002627,V-00502,SA,Argentina,2,20,8,45,-0.08
P-002628,V-00275,EMEA-E,Turkey,3,17.5,0,63,-0.19
P-002630,V-00684,APAC-NE,Japan,7,19.3,0,89,-0.08
P-002630,V-00198,EMEA-W,Spain,5,16.4,0,38,-0.07
P-002630,V-00555,APAC-IN,India,7,20.3,6,59,-0.08
P-002632,V-00233,NA-MX,Mexico,4,1.6,12,35,-0.01
P-002632,V-00447,NA-MX,Mexico,8,7,8,89,-0.03
P-002632,V-00644,EMEA-E,Turkey,6,15.1,0,29,-0.06
P-002635,V-00684,APAC-NE,Japan,6,15.9,6,46,-0.06
P-002635,V-00207,APAC-SE,Indonesia,5,0.7,8,90,0
P-002635,V-00195,APAC-NE,Taiwan,4,12.4,4,98,-0.05
P-002636,V-00457,NA-MX,Mexico,4,14.2,12,80,-0.06
P-002636,V-00405,NA-MX,Mexico,2,-2.2,0,18,0.01
P-002637,V-00589,NA-MX,Mexico,5,0.7,0,96,0
P-002637,V-00658,SA,Brazil,5,15.1,6,88,-0.06
P-002638,V-00022,APAC-IN,India,3,4.1,0,84,-0.02
P-002638,V-00456,APAC-SE,Malaysia,5,19.9,4,25,-0.08
P-002640,V-00160,EMEA-E,Czechia,2,-0.6,12,22,0
P-002640,V-00497,APAC-NE,Taiwan,7,10.2,4,90,-0.04
P-002641,V-00367,EMEA-W,France,5,21.2,6,62,-0.08
P-002641,V-00482,APAC-NE,Taiwan,3,-3.5,8,43,0.01
P-002642,V-00208,EMEA-W,France,6,11.1,6,71,-0.04
P-002645,V-00581,NA-MX,Mexico,5,20.2,0,28,-0.08
P-002645,V-00263,EMEA-E,Czechia,8,2.3,0,27,-0.01
P-002646,V-00399,APAC-NE,South Korea,6,-4.3,6,98,0.05
P-002647,V-00701,EMEA-W,Italy,3,-0.9,0,46,0
P-002647,V-00336,EMEA-W,Germany,6,4,4,71,-0.02
P-002648,V-00572,EMEA-W,Spain,5,-2.5,8,62,0.03
P-002651,V-00185,APAC-IN,India,6,1.1,8,70,0
P-002652,V-00352,SA,Brazil,5,11.2,8,71,-0.12
P-002652,V-00356,NA-MX,Mexico,6,4.8,0,49,-0.05
P-002653,V-00340,NA-US,United States,3,15.9,0,61,-0.17
P-002653,V-00008,NA-US,United States,8,1.1,12,99,-0.01
P-002653,V-00403,NA-MX,Mexico,2,9.7,12,77,-0.11
P-002654,V-00478,APAC-SE,Vietnam,4,20.7,6,22,-0.08
P-002654,V-00673,NA-US,United States,5,17.2,6,95,-0.07
P-002656,V-00139,EMEA-E,Poland,3,1.4,8,100,-0.01
P-002656,V-00321,APAC-SE,Malaysia,4,9.2,8,16,-0.04
P-002657,V-00691,APAC-IN,India,4,15.7,6,38,-0.06
P-002657,V-00412,APAC-SE,Vietnam,6,-0.7,8,16,0
P-002659,V-00832,APAC-NE,Taiwan,6,2.5,12,84,-0.01
P-002660,V-00129,APAC-NE,Japan,6,17.4,4,39,-0.07
P-002661,V-00386,APAC-NE,South Korea,5,-0.9,0,32,0
P-002661,V-00006,APAC-SE,Indonesia,5,20.1,12,43,-0.08
P-002661,V-00023,NA-MX,Mexico,6,17.4,0,37,-0.07
P-002663,V-00655,APAC-NE,South Korea,8,9.3,0,35,-0.04
P-002664,V-00036,APAC-SE,Vietnam,3,-0.6,0,97,0
P-002665,V-00534,APAC-NE,Japan,2,17.5,0,100,-0.07
P-002665,V-00146,NA-MX,Mexico,3,7.1,0,47,-0.03
P-002667,V-00451,NA-MX,Mexico,5,16.7,0,25,-0.18
P-002667,V-00762,NA-US,United States,3,9.8,6,32,-0.11
P-002667,V-00788,NA-MX,Mexico,5,1.9,0,70,-0.02
P-002669,V-00395,NA-US,United States,2,1.3,8,56,-0.01
P-002669,V-00466,EMEA-W,Italy,7,12.5,12,83,-0.05
P-002669,V-00664,APAC-NE,Taiwan,8,4.8,4,74,-0.02
P-002672,V-00272,SA,Argentina,1,-2.5,8,59,0.01
P-002672,V-00308,APAC-SE,Indonesia,7,-4.4,0,35,0.02
P-002674,V-00703,NA-MX,Mexico,5,15.4,12,18,-0.06
P-002674,V-00650,APAC-IN,India,4,-1.7,4,86,0.01
P-002674,V-00383,APAC-NE,Taiwan,8,-0.7,4,51,0
P-002675,V-00239,NA-MX,Mexico,6,0.1,0,42,0
P-002675,V-00504,NA-US,United States,6,6.1,6,48,-0.07
P-002676,V-00200,EMEA-W,Germany,5,6.5,0,70,-0.03
P-002676,V-00001,NA-US,United States,9,10.2,0,20,-0.04
P-002677,V-00232,NA-US,United States,4,19.3,12,50,-0.08
P-002679,V-00436,NA-US,United States,6,-2.6,12,33,0.03
P-002679,V-00114,APAC-NE,Taiwan,6,-2.3,12,94,0.03
P-002679,V-00436,NA-US,United States,5,13,8,51,-0.14
P-002680,V-00822,NA-US,United States,9,13.7,0,95,-0.05
P-002680,V-00808,APAC-SE,Thailand,7,1.4,12,63,-0.01
P-002682,V-00402,EMEA-W,France,5,-3.5,8,25,0.01
P-002682,V-00454,EMEA-W,Germany,8,7.5,8,31,-0.03
P-002683,V-00655,APAC-NE,South Korea,9,7.6,4,68,-0.03
P-002683,V-00566,APAC-NE,South Korea,2,10.1,12,87,-0.04
P-002684,V-00647,APAC-SE,Vietnam,4,11.8,0,36,-0.05
P-002684,V-00121,SA,Argentina,5,5.6,4,91,-0.02
P-002685,V-00067,EMEA-W,France,3,-1.3,8,95,0.01
P-002686,V-00463,SA,Argentina,6,1.7,0,81,-0.01
P-002687,V-00274,EMEA-W,Spain,5,-4.9,4,88,0.05
P-002688,V-00306,EMEA-E,Turkey,7,21.6,0,87,-0.09
P-002688,V-00700,NA-US,United States,7,10.2,8,85,-0.04
P-002688,V-00607,APAC-NE,Taiwan,5,15.4,0,50,-0.06
P-002690,V-00404,EMEA-E,Romania,4,21.6,0,44,-0.24
P-002690,V-00352,SA,Brazil,6,3.9,8,89,-0.04
P-002691,V-00348,EMEA-W,Spain,5,1.3,4,72,-0.01
P-002692,V-00451,NA-MX,Mexico,4,0,0,28,0
P-002692,V-00464,EMEA-W,Spain,5,12.4,6,71,-0.14
P-002693,V-00209,SA,Brazil,2,10.4,0,29,-0.04
P-002693,V-00696,APAC-SE,Indonesia,7,-5.1,4,86,0.02
P-002693,V-00790,APAC-SE,Malaysia,7,-3.7,6,16,0.01
P-002695,V-00558,EMEA-E,Turkey,7,13,6,68,-0.05
P-002695,V-01129,EMEA-E,Czechia,6,9.3,0,49,-0.04
P-002697,V-00608,EMEA-W,Germany,6,16,0,89,-0.06
P-002697,V-00043,APAC-NE,Taiwan,4,9.6,6,100,-0.04
P-002697,V-00461,SA,Brazil,8,4.8,0,47,-0.02
P-002699,V-00506,SA,Argentina,4,20.5,0,15,-0.08
P-002699,V-00445,EMEA-W,France,4,14.4,6,52,-0.06
P-002699,V-00142,EMEA-W,Italy,5,9.1,0,36,-0.04
P-002700,V-00283,EMEA-W,France,4,10.9,6,30,-0.04
P-002700,V-00076,APAC-IN,India,3,-3.4,6,39,0.01
P-002704,V-00547,EMEA-W,Spain,6,5.5,8,60,-0.02
P-002704,V-00022,APAC-IN,India,5,-0.5,12,82,0
P-002705,V-00318,EMEA-W,France,5,18.8,0,23,-0.08
P-002705,V-00040,APAC-NE,China,8,7.8,8,51,-0.03
P-002705,V-00524,APAC-SE,Thailand,8,21.5,0,38,-0.09
P-002706,V-00824,SA,Argentina,6,13,6,63,-0.05
P-002707,V-00460,NA-US,United States,4,8.9,8,29,-0.04
P-002708,V-00144,SA,Brazil,5,9,0,36,-0.04
P-002708,V-00639,EMEA-E,Turkey,4,2.5,4,70,-0.01
P-002708,V-00144,SA,Brazil,4,2.7,12,38,-0.01
P-002710,V-00420,APAC-SE,Malaysia,5,-5.9,0,58,0.06
P-002710,V-00574,APAC-SE,Malaysia,6,-1.4,4,93,0.02
P-002713,V-00601,EMEA-W,France,5,4.7,6,56,-0.02
P-002715,V-00297,APAC-NE,Taiwan,7,0.2,8,20,0
P-002715,V-00082,SA,Argentina,7,0.8,8,58,-0.01
P-002715,V-00565,SA,Argentina,4,0.7,4,55,-0.01
P-002716,V-00838,NA-US,United States,7,3.9,0,52,-0.02
P-002718,V-00432,NA-US,United States,4,16.8,0,40,-0.07
P-002718,V-00625,APAC-SE,Malaysia,6,19.8,8,83,-0.08
P-002720,V-00807,EMEA-E,Turkey,7,18,0,24,-0.07
P-002721,V-00807,EMEA-E,Turkey,7,8.9,4,25,-0.1
P-002721,V-00270,APAC-IN,India,6,21.5,12,97,-0.24
P-002721,V-00807,EMEA-E,Turkey,6,7.6,0,16,-0.08
P-002722,V-00694,APAC-NE,China,8,-2.6,4,19,0.01
P-002722,V-00681,EMEA-E,Turkey,4,1,6,39,0
P-002723,V-00691,APAC-IN,India,4,-4.9,4,51,0.02
P-002723,V-00197,APAC-SE,Indonesia,5,12.1,8,34,-0.05
P-002724,V-00868,SA,Brazil,7,16.8,4,20,-0.07
P-002724,V-00261,NA-US,United States,5,21.9,8,96,-0.09
P-002725,V-00017,APAC-NE,China,3,2.6,6,76,-0.01
P-002725,V-00172,EMEA-W,Germany,4,4.1,0,28,-0.02
P-002725,V-00420,APAC-SE,Malaysia,3,-3.3,0,38,0.01
P-002727,V-00290,APAC-SE,Indonesia,9,2.2,8,30,-0.01
P-002727,V-00671,SA,Argentina,3,1.3,0,39,-0.01
P-002727,V-00601,EMEA-W,France,5,12.9,6,86,-0.05
P-002728,V-00779,APAC-SE,Malaysia,4,20.2,4,19,-0.08
P-002728,V-00432,NA-US,United States,3,-1.7,8,81,0.01
P-002728,V-00744,SA,Brazil,7,3.2,8,72,-0.01
P-002729,V-00318,EMEA-W,France,4,6.4,0,35,-0.07
P-002730,V-00432,NA-US,United States,5,10.5,8,97,-0.04
P-002730,V-00208,EMEA-W,France,7,-2.7,8,96,0.01
P-002730,V-00301,APAC-SE,Vietnam,6,16.6,8,31,-0.07
P-002732,V-01098,EMEA-W,Germany,9,0.9,0,23,0
P-002733,V-00193,NA-US,United States,8,4.2,4,38,-0.02
P-002735,V-00035,SA,Argentina,7,18.2,6,30,-0.07
P-002737,V-00340,NA-US,United States,4,6.5,12,59,-0.03
P-002737,V-00372,NA-MX,Mexico,2,15.4,0,42,-0.06
P-002740,V-00408,NA-US,United States,5,17.6,0,42,-0.07
P-002741,V-00626,NA-MX,Mexico,7,-0.2,8,58,0
P-002741,V-00349,NA-US,United States,3,4.5,6,75,-0.02
P-002741,V-00090,APAC-SE,Thailand,5,13.1,8,91,-0.05
P-002742,V-00562,APAC-IN,India,3,19.4,8,45,-0.08
P-002742,V-00710,EMEA-W,France,4,20.2,12,77,-0.08
P-002743,V-00021,SA,Argentina,8,4.1,0,78,-0.02
P-002743,V-00150,EMEA-E,Poland,2,11.4,0,76,-0.05
P-002744,V-00235,APAC-NE,Japan,4,17.3,0,70,-0.07
P-002744,V-00611,NA-MX,Mexico,8,16,8,93,-0.06
P-002745,V-00633,NA-MX,Mexico,4,1.9,6,69,-0.01
P-002745,V-00416,APAC-SE,Indonesia,5,7.9,0,17,-0.03
P-002745,V-00731,EMEA-W,Spain,3,3.4,8,97,-0.01
P-002747,V-00119,APAC-SE,Malaysia,5,2.8,6,21,-0.01
P-002747,V-00797,APAC-IN,India,4,-4.5,8,29,0.02
P-002748,V-00809,SA,Brazil,7,5.7,6,46,-0.02
P-002751,V-00146,NA-MX,Mexico,3,8.4,0,78,-0.03
P-002751,V-00636,NA-US,United States,5,19.8,12,54,-0.08
P-002751,V-00500,SA,Argentina,7,-1.5,0,57,0.01
P-002754,V-00316,NA-MX,Mexico,6,12.8,8,45,-0.05
P-002754,V-00645,NA-MX,Mexico,5,-2.1,8,73,0.01
P-002754,V-00528,SA,Brazil,6,19,0,40,-0.08
P-002756,V-00104,SA,Brazil,4,8.2,12,33,-0.09
P-002756,V-00552,EMEA-W,France,3,6.6,0,63,-0.07
P-002757,V-00201,APAC-IN,India,1,-2.4,12,81,0.01
P-002757,V-00255,EMEA-E,Czechia,6,15.9,4,85,-0.06
P-002758,V-00601,EMEA-W,France,7,5.9,0,95,-0.02
P-002759,V-00206,APAC-NE,South Korea,2,6.3,6,63,-0.03
P-002759,V-00214,EMEA-W,France,7,10.8,6,69,-0.04
P-002759,V-00248,APAC-SE,Indonesia,5,4.3,6,75,-0.02
P-002760,V-00513,APAC-NE,Taiwan,6,-4.3,4,33,0.02
P-002761,V-00151,APAC-IN,India,6,0.3,8,46,0
P-002765,V-00093,APAC-SE,Indonesia,6,-2.5,8,71,0.01
P-002766,V-00930,EMEA-W,France,5,3.3,6,78,-0.01
P-002766,V-00962,APAC-NE,Japan,9,21.5,6,87,-0.09
P-002766,V-00642,EMEA-E,Czechia,4,19,0,46,-0.08
P-002768,V-00068,EMEA-E,Romania,8,21.2,4,98,-0.23
P-002768,V-00287,EMEA-W,France,4,-4.1,6,31,0.05
P-002768,V-00485,EMEA-E,Czechia,6,14.2,12,58,-0.16
P-002769,V-00220,EMEA-W,Spain,5,0.5,4,63,-0.01
P-002769,V-00081,EMEA-E,Romania,7,6,12,37,-0.07
P-002772,V-00199,NA-MX,Mexico,5,11.1,12,31,-0.04
P-002772,V-00405,NA-MX,Mexico,3,-2.2,8,26,0.01
P-002775,V-00186,EMEA-E,Romania,6,3.6,4,42,-0.01
P-002775,V-00555,APAC-IN,India,7,7.4,8,94,-0.03
P-002776,V-00277,NA-US,United States,7,21.7,12,87,-0.09
P-002776,V-00855,NA-MX,Mexico,8,12.3,0,97,-0.05
P-002777,V-00486,NA-MX,Mexico,8,-3,4,88,0.01
P-002777,V-00255,EMEA-E,Czechia,5,14.6,0,78,-0.06
P-002779,V-00463,SA,Argentina,7,9.2,12,86,-0.04
P-002782,V-00046,NA-MX,Mexico,5,8.8,12,85,-0.04
P-002783,V-00708,EMEA-W,Spain,5,17.9,12,84,-0.2
P-002783,V-00666,APAC-SE,Indonesia,3,-2.4,0,60,0.03
P-002784,V-00130,NA-US,United States,7,6,8,61,-0.07
P-002784,V-00237,EMEA-W,Italy,3,19.8,0,15,-0.22
P-002784,V-00099,SA,Brazil,5,18.2,12,62,-0.2
P-002785,V-00349,NA-US,United States,5,21.3,6,26,-0.23
P-002785,V-00872,NA-US,United States,5,9.2,12,20,-0.1
P-002785,V-00626,NA-MX,Mexico,6,14.5,0,82,-0.16
P-002786,V-00404,EMEA-E,Romania,3,18.2,0,22,-0.07
P-002786,V-00872,NA-US,United States,6,-4.2,4,42,0.02
P-002787,V-00295,NA-US,United States,4,-4.9,8,78,0.02
P-002787,V-00547,EMEA-W,Spain,4,-4.2,6,36,0.02
P-002787,V-00165,SA,Brazil,2,7.4,8,77,-0.03
P-002789,V-00072,APAC-SE,Vietnam,7,0,6,74,0
P-002789,V-00536,SA,Brazil,6,13.6,0,89,-0.05
P-002790,V-00018,NA-US,United States,2,20,8,97,-0.08
P-002790,V-00122,APAC-SE,Malaysia,5,15.5,4,88,-0.06
P-002790,V-00223,NA-MX,Mexico,7,2.7,0,23,-0.01
P-002791,V-00251,SA,Argentina,2,4.6,4,76,-0.02
P-002794,V-00144,SA,Brazil,5,14.4,8,95,-0.06
P-002794,V-00211,EMEA-E,Turkey,6,5.1,6,97,-0.02
P-002795,V-00242,APAC-NE,Japan,5,6.5,8,70,-0.03
P-002795,V-00489,SA,Brazil,7,10.6,0,40,-0.04
P-002798,V-00672,EMEA-E,Romania,5,16.8,12,42,-0.07
P-002798,V-00762,NA-US,United States,4,-2.5,12,23,0.01
P-002798,V-00196,APAC-NE,Taiwan,4,12.8,0,44,-0.05
P-002800,V-00325,EMEA-W,France,2,10.7,0,44,-0.04
P-002800,V-00552,EMEA-W,France,3,13.6,0,79,-0.05
P-002800,V-00554,NA-US,United States,7,6.4,4,47,-0.03
P-002801,V-00854,NA-US,United States,5,15.1,12,54,-0.06
P-002801,V-00217,EMEA-W,Spain,5,20.2,0,21,-0.08
P-002804,V-00495,SA,Brazil,5,21.4,6,54,-0.24
P-002804,V-00390,EMEA-E,Poland,7,-3.2,12,59,0.04
P-002805,V-00397,NA-MX,Mexico,3,17.5,0,32,-0.19
P-002805,V-00484,EMEA-E,Romania,5,2,4,23,-0.02
P-002805,V-00028,APAC-IN,India,4,2.6,12,65,-0.03
P-002806,V-00654,NA-US,United States,5,7.9,4,84,-0.03
P-002806,V-00320,APAC-IN,India,2,9.3,6,94,-0.04
P-002807,V-00028,APAC-IN,India,4,21.5,8,64,-0.24
P-002807,V-00469,APAC-SE,Indonesia,6,1.8,8,91,-0.02
P-002807,V-00487,APAC-IN,India,4,16.9,6,87,-0.19
P-002809,V-00743,EMEA-E,Czechia,6,10.6,8,64,-0.04
P-002810,V-00366,NA-MX,Mexico,4,19,0,100,-0.08
P-002810,V-00299,NA-MX,Mexico,5,6.1,12,96,-0.02
P-002811,V-00969,NA-MX,Mexico,5,21.3,0,18,-0.09
P-002811,V-00733,EMEA-W,Spain,8,14.4,6,73,-0.06
P-002812,V-00010,EMEA-E,Romania,5,-0.8,12,98,0
P-002812,V-00147,APAC-SE,Malaysia,4,3.3,12,96,-0.01
P-002814,V-00794,APAC-IN,India,2,10.1,0,66,-0.11
P-002814,V-00472,APAC-SE,Vietnam,8,20.6,12,92,-0.23
P-002814,V-00217,EMEA-W,Spain,5,8.7,0,64,-0.1
P-002816,V-00373,NA-MX,Mexico,6,6.9,12,57,-0.03
P-002816,V-00204,NA-MX,Mexico,5,17.5,0,94,-0.07
P-002818,V-00628,APAC-SE,Indonesia,7,12.3,8,33,-0.05
P-002818,V-00385,SA,Brazil,8,12.8,8,82,-0.05
P-002818,V-00628,APAC-SE,Indonesia,7,-0.1,12,49,0
P-002819,V-00779,APAC-SE,Malaysia,6,8.7,0,82,-0.03
P-002819,V-00337,EMEA-W,France,3,12.5,12,24,-0.05
P-002819,V-00301,APAC-SE,Vietnam,5,2.2,0,51,-0.01
P-002820,V-00015,EMEA-E,Turkey,9,15.7,4,96,-0.17
P-002820,V-00405,NA-MX,Mexico,2,12.6,8,36,-0.14
P-002821,V-00124,EMEA-W,France,5,13,4,44,-0.05
P-002821,V-00361,NA-MX,Mexico,5,4.5,6,56,-0.02
P-002822,V-00245,NA-US,United States,5,-2.6,0,73,0.01
P-002822,V-00046,NA-MX,Mexico,6,7.1,0,73,-0.03
P-002822,V-00419,SA,Argentina,6,12.9,0,100,-0.05
P-002823,V-00227,APAC-SE,Indonesia,4,-5.9,8,88,0.02
P-002823,V-00307,SA,Brazil,6,11.1,0,45,-0.04
P-002823,V-00165,SA,Brazil,3,-0.2,6,92,0
P-002824,V-00249,APAC-SE,Indonesia,4,2.9,4,15,-0.01
P-002824,V-00388,EMEA-W,Spain,6,-0.3,12,96,0
P-002824,V-00203,NA-US,United States,7,15.7,6,43,-0.06
P-002826,V-00808,APAC-SE,Thailand,8,11.7,0,69,-0.05
P-002826,V-00710,EMEA-W,France,5,9,8,91,-0.04
P-002826,V-00277,NA-US,United States,6,18.4,8,61,-0.07
P-002827,V-00010,EMEA-E,Romania,5,-1.7,12,48,0.01
P-002827,V-00550,SA,Argentina,4,-4.2,6,56,0.02
P-002827,V-00257,SA,Brazil,5,4.4,0,17,-0.02
P-002828,V-00406,EMEA-W,Spain,7,10.9,12,100,-0.04
P-002829,V-00374,APAC-SE,Thailand,4,6.7,6,58,-0.03
P-002829,V-00378,NA-MX,Mexico,6,4.7,12,77,-0.02
P-002830,V-00532,APAC-SE,Thailand,6,3.1,0,92,-0.01
P-002830,V-00261,NA-US,United States,3,-0.8,12,86,0
P-002830,V-00288,NA-MX,Mexico,6,20.4,12,58,-0.08
P-002831,V-00220,EMEA-W,Spain,7,17.8,4,52,-0.07
P-002831,V-00028,APAC-IN,India,4,6.6,0,52,-0.03
P-002834,V-00437,EMEA-W,Germany,9,18.9,0,79,-0.08
P-002836,V-00681,EMEA-E,Turkey,5,-5,6,59,0.02
P-002837,V-00436,NA-US,United States,3,3.9,12,91,-0.02
P-002837,V-00498,EMEA-W,France,5,21.5,0,68,-0.09
P-002839,V-00851,SA,Argentina,3,-4.4,0,20,0.02
P-002839,V-00381,APAC-SE,Vietnam,4,17.5,4,63,-0.07
P-002840,V-00274,EMEA-W,Spain,5,6.3,0,20,-0.07
P-002840,V-00462,NA-MX,Mexico,5,3.4,4,69,-0.04
P-002841,V-00312,NA-US,United States,8,21.3,4,60,-0.09
P-002841,V-00739,SA,Brazil,3,1.6,8,58,-0.01
P-002841,V-00192,APAC-SE,Malaysia,3,1.3,0,95,-0.01
P-002842,V-00363,APAC-IN,India,8,12.7,12,15,-0.05
P-002843,V-00162,EMEA-W,Italy,8,6.6,12,23,-0.03
P-002845,V-00390,EMEA-E,Poland,7,15.3,0,77,-0.06
P-002845,V-00173,APAC-NE,South Korea,5,7.8,0,63,-0.03
P-002845,V-00103,APAC-SE,Indonesia,6,19.4,8,79,-0.08
P-002848,V-00438,EMEA-E,Poland,6,16.2,12,83,-0.18
P-002849,V-00564,EMEA-W,Italy,7,8.8,12,27,-0.04
P-002849,V-00383,APAC-NE,Taiwan,8,-4.6,6,43,0.02
P-002850,V-00964,EMEA-W,Germany,7,16.2,12,27,-0.18
P-002851,V-00609,APAC-NE,Japan,2,2.7,4,53,-0.01
P-002852,V-00472,APAC-SE,Vietnam,7,20.3,4,66,-0.08
P-002852,V-00917,APAC-NE,Japan,2,4.5,12,89,-0.02
P-002852,V-00313,APAC-SE,Malaysia,6,-2.4,6,69,0.01
P-002854,V-00488,APAC-IN,India,6,4.4,8,80,-0.02
P-002854,V-00337,EMEA-W,France,4,16.1,6,20,-0.06
P-002856,V-00092,APAC-IN,India,4,-4.4,4,40,0.02
P-002856,V-00250,APAC-NE,Japan,1,5.2,8,34,-0.02
P-002858,V-00624,NA-US,United States,4,1.1,0,62,-0.01
P-002859,V-00737,APAC-SE,Indonesia,8,-4.7,0,48,0.02
P-002860,V-00151,APAC-IN,India,6,16.4,0,54,-0.18
P-002864,V-00681,EMEA-E,Turkey,6,-1.9,0,45,0.02
P-002866,V-00483,EMEA-W,Germany,6,6.1,8,75,-0.02
P-002866,V-00461,SA,Brazil,7,1.7,4,17,-0.01
P-002867,V-00372,NA-MX,Mexico,3,-3.4,0,62,0.04
P-002867,V-00372,NA-MX,Mexico,4,0,4,58,0
P-002867,V-00358,APAC-NE,Japan,3,2,4,96,-0.02
P-002869,V-00490,APAC-IN,India,4,1.1,0,84,0
P-002869,V-00490,APAC-IN,India,5,3.8,8,37,-0.02
P-002870,V-00241,APAC-IN,India,2,14.9,12,70,-0.06
P-002870,V-00478,APAC-SE,Vietnam,4,2.9,12,87,-0.01
P-002870,V-00339,SA,Argentina,4,0.7,0,67,0
P-002872,V-00374,APAC-SE,Thailand,4,19.5,0,63,-0.08
P-002872,V-00265,SA,Brazil,7,-5.7,8,44,0.02
P-002873,V-00159,EMEA-W,Italy,6,17.3,6,24,-0.07
P-002875,V-00506,SA,Argentina,4,-1.5,8,15,0.01
P-002875,V-00239,NA-MX,Mexico,5,-0.7,6,19,0
P-002876,V-00719,NA-US,United States,6,21.3,4,88,-0.23
P-002877,V-00842,EMEA-E,Romania,7,17.7,12,89,-0.07
P-002877,V-00498,EMEA-W,France,7,14.9,0,66,-0.06
P-002878,V-00196,APAC-NE,Taiwan,6,16.4,0,21,-0.07
P-002878,V-00682,NA-US,United States,5,-3.7,0,42,0.01
P-002878,V-00817,APAC-IN,India,3,13.6,4,86,-0.05
P-002881,V-00054,NA-MX,Mexico,3,4.1,4,61,-0.02
P-002881,V-00267,NA-MX,Mexico,6,-3.7,0,70,0.01
P-002883,V-00304,NA-US,United States,5,13.3,0,64,-0.05
P-002884,V-00189,EMEA-W,Spain,6,-3.4,8,60,0.01
P-002886,V-00337,EMEA-W,France,1,19,8,53,-0.08
P-002886,V-00751,APAC-SE,Indonesia,6,3.7,12,50,-0.01
P-002886,V-00186,EMEA-E,Romania,7,4.3,0,47,-0.02
P-002888,V-00465,APAC-NE,South Korea,6,0.4,0,94,0
P-002889,V-00212,NA-MX,Mexico,3,14,6,87,-0.06
P-002890,V-00557,EMEA-W,Germany,4,16.4,12,19,-0.07
P-002890,V-00389,APAC-NE,Japan,3,8.2,8,91,-0.03
P-002893,V-00364,APAC-SE,Malaysia,7,-3.9,4,83,0.02
P-002893,V-00170,EMEA-W,Germany,8,21.2,12,79,-0.08
P-002894,V-00600,APAC-IN,India,5,-2.1,12,31,0.01
P-002894,V-00076,APAC-IN,India,2,21.7,0,86,-0.09
P-002898,V-00063,APAC-NE,Japan,4,-1.4,6,70,0.01
P-002899,V-00335,EMEA-E,Czechia,3,1,8,42,0
P-002899,V-00112,NA-US,United States,8,-0.8,8,49,0
P-002899,V-00033,EMEA-E,Romania,5,13.4,0,65,-0.05
P-002901,V-00148,NA-US,United States,3,21.8,0,86,-0.09
P-002901,V-00628,APAC-SE,Indonesia,6,-5.1,0,58,0.02
P-002901,V-00330,NA-MX,Mexico,5,22,6,34,-0.09
P-002902,V-00284,EMEA-E,Romania,6,2.6,4,76,-0.01
P-002902,V-00739,SA,Brazil,4,2.5,8,47,-0.01
P-002902,V-00617,EMEA-W,Spain,6,1,6,51,0
P-002903,V-00568,APAC-IN,India,4,1.6,6,61,-0.02
P-002903,V-00768,APAC-SE,Indonesia,5,12.1,4,48,-0.13
P-002903,V-00601,EMEA-W,France,6,20.2,0,17,-0.22
P-002904,V-00427,NA-US,United States,4,-3.5,0,98,0.04
P-002904,V-00008,NA-US,United States,6,7.1,4,23,-0.08
P-002904,V-00036,APAC-SE,Vietnam,4,-3.5,0,69,0.04
P-002907,V-00135,NA-MX,Mexico,5,12.2,6,96,-0.05
P-002907,V-00418,APAC-NE,Taiwan,2,21.7,0,77,-0.09
P-002908,V-00155,SA,Argentina,8,1.6,6,30,-0.01
P-002908,V-00708,EMEA-W,Spain,4,17.5,0,76,-0.07
P-002908,V-00882,APAC-NE,South Korea,8,5.4,0,100,-0.02
P-002910,V-00061,NA-MX,Mexico,3,6,8,42,-0.07
P-002910,V-00350,NA-US,United States,7,17.6,4,94,-0.19
P-002911,V-00244,EMEA-E,Czechia,5,-0.3,6,72,0
P-002911,V-00291,APAC-NE,South Korea,6,11.3,12,84,-0.05
P-002912,V-00195,APAC-NE,Taiwan,6,13.8,4,89,-0.06
P-002912,V-00013,SA,Argentina,3,5.3,4,48,-0.02
P-002912,V-00789,SA,Argentina,2,20,4,16,-0.08
P-002913,V-00420,APAC-SE,Malaysia,4,1.5,0,90,-0.01
P-002913,V-00557,EMEA-W,Germany,3,0.3,0,29,0
P-002913,V-00268,APAC-NE,South Korea,4,0,6,16,0
P-002914,V-00515,EMEA-E,Turkey,8,-2,4,40,0.01
P-002914,V-00267,NA-MX,Mexico,5,1.8,4,49,-0.01
P-002915,V-00517,NA-MX,Mexico,8,-0.7,0,18,0
P-002915,V-00200,EMEA-W,Germany,5,-2.2,0,47,0.01
P-002915,V-00651,SA,Brazil,5,-3.2,0,27,0.01
P-002916,V-00754,NA-MX,Mexico,4,17.3,0,45,-0.07
P-002916,V-00055,APAC-IN,India,7,17.8,4,71,-0.07
P-002917,V-00296,NA-MX,Mexico,5,5.2,0,22,-0.06
P-002917,V-00289,EMEA-E,Turkey,3,-2.8,6,60,0.03
P-002919,V-00789,SA,Argentina,5,19.2,12,80,-0.08
P-002920,V-00184,SA,Argentina,6,-3.7,0,98,0.01
P-002920,V-00056,APAC-SE,Malaysia,8,7.2,4,83,-0.03
P-002920,V-00056,APAC-SE,Malaysia,6,-3,0,75,0.01
P-002921,V-00525,EMEA-E,Poland,5,18.7,12,63,-0.07
P-002921,V-00340,NA-US,United States,2,0,6,38,0
P-002921,V-00403,NA-MX,Mexico,3,10.8,6,95,-0.04
P-002922,V-00497,APAC-NE,Taiwan,7,5.4,6,73,-0.02
P-002923,V-00547,EMEA-W,Spain,4,7.5,12,63,-0.08
P-002925,V-00152,APAC-SE,Indonesia,4,-2,12,39,0.01
P-002925,V-00551,EMEA-E,Czechia,5,5.5,4,43,-0.02
P-002927,V-00359,NA-MX,Mexico,6,20.3,6,90,-0.08
P-002929,V-00361,NA-MX,Mexico,3,20.8,0,94,-0.08
P-002931,V-00453,SA,Brazil,3,17.1,0,44,-0.07
P-002931,V-00230,APAC-SE,Vietnam,6,18.4,4,16,-0.07
P-002931,V-00239,NA-MX,Mexico,6,10.4,12,90,-0.04
P-002932,V-00008,NA-US,United States,5,17.9,0,99,-0.07
P-002933,V-00100,APAC-NE,Taiwan,4,3.5,4,69,-0.01
P-002934,V-00462,NA-MX,Mexico,3,0.2,6,61,0
P-002936,V-00632,EMEA-W,Germany,5,14.5,8,17,-0.06
P-002937,V-00682,NA-US,United States,4,11.5,0,21,-0.05
P-002937,V-00652,SA,Argentina,8,-2.3,12,61,0.01
P-002937,V-00039,EMEA-E,Romania,8,10.3,12,58,-0.04
P-002938,V-00484,EMEA-E,Romania,5,10.9,4,16,-0.12
P-002938,V-00191,EMEA-E,Turkey,6,-2.7,12,77,0.03
P-002938,V-00482,APAC-NE,Taiwan,4,4.7,12,31,-0.05
P-002939,V-00074,SA,Argentina,6,8.6,4,19,-0.03
P-002939,V-00391,SA,Argentina,9,6.8,8,94,-0.03
P-002939,V-00305,APAC-SE,Vietnam,3,21.3,6,70,-0.09
P-002941,V-00796,NA-MX,Mexico,5,16.7,0,37,-0.07
P-002941,V-00072,APAC-SE,Vietnam,6,17.4,8,16,-0.07
P-002941,V-00694,APAC-NE,China,7,3.8,0,69,-0.02
P-002942,V-00180,APAC-IN,India,5,7.8,0,23,-0.09
P-002942,V-00180,APAC-IN,India,6,13.9,0,22,-0.15
P-002942,V-00308,APAC-SE,Indonesia,7,18.4,6,80,-0.2
P-002943,V-00010,EMEA-E,Romania,8,11.1,12,48,-0.12
P-002943,V-00608,EMEA-W,Germany,7,-0.8,0,100,0.01
P-002944,V-00512,NA-US,United States,5,-4.1,0,30,0.02
P-002944,V-00274,EMEA-W,Spain,4,-1.5,4,83,0.01
P-002944,V-00221,APAC-NE,South Korea,6,-5.4,6,65,0.02
P-002946,V-00696,APAC-SE,Indonesia,7,18.9,6,65,-0.08
P-002948,V-00553,EMEA-E,Romania,3,5.6,8,73,-0.02
P-002948,V-00726,APAC-IN,India,4,2,6,20,-0.01
P-002948,V-00685,APAC-SE,Vietnam,2,1.3,6,82,-0.01
P-002950,V-00614,SA,Brazil,5,4.5,0,44,-0.02
P-002950,V-00209,SA,Brazil,2,5.8,0,66,-0.02
P-002951,V-00049,NA-MX,Mexico,8,15,4,99,-0.06
P-002951,V-00063,APAC-NE,Japan,2,5.7,4,94,-0.02
P-002951,V-00602,APAC-SE,Thailand,4,1.7,4,25,-0.01
P-002952,V-00557,EMEA-W,Germany,5,13.3,12,43,-0.15
P-002952,V-00585,SA,Brazil,6,-5.6,8,18,0.06
P-002952,V-00126,APAC-SE,Indonesia,4,19.2,12,82,-0.21
P-002953,V-00530,SA,Brazil,6,-4.1,6,35,0.02
P-002954,V-00264,APAC-IN,India,7,9.5,4,92,-0.04
P-002955,V-00794,APAC-IN,India,2,20.2,4,67,-0.08
P-002955,V-00614,SA,Brazil,6,1.5,12,92,-0.01
P-002956,V-00373,NA-MX,Mexico,6,0.1,0,43,0
P-002956,V-00701,EMEA-W,Italy,1,-3.1,0,67,0.01
P-002957,V-00373,NA-MX,Mexico,6,15.5,6,22,-0.06
P-002957,V-00447,NA-MX,Mexico,7,-2.7,8,15,0.01
P-002957,V-00460,NA-US,United States,7,8.5,8,77,-0.03
P-002958,V-00460,NA-US,United States,6,13.6,8,70,-0.05
P-002958,V-00530,SA,Brazil,9,-1.1,0,40,0
P-002960,V-00412,APAC-SE,Vietnam,9,5.9,0,57,-0.02
P-002960,V-00426,APAC-SE,Malaysia,6,-2.7,8,29,0.01
P-002961,V-00723,EMEA-E,Poland,3,14.5,4,56,-0.16
P-002961,V-00633,NA-MX,Mexico,3,-5.8,8,84,0.06
P-002962,V-00614,SA,Brazil,5,-4.9,4,75,0.05
P-002962,V-00134,APAC-SE,Indonesia,4,19.8,8,36,-0.22
P-002962,V-00110,EMEA-E,Poland,3,16.7,4,90,-0.18
P-002963,V-00267,NA-MX,Mexico,5,1.5,0,75,-0.01
P-002965,V-00111,NA-MX,Mexico,4,14.6,12,21,-0.06
P-002965,V-00368,NA-US,United States,6,-5.6,0,87,0.02
P-002966,V-00127,NA-MX,Mexico,2,12.8,0,51,-0.05
P-002966,V-00639,EMEA-E,Turkey,4,9.9,8,41,-0.04
P-002967,V-00464,EMEA-W,Spain,7,16,12,73,-0.06
P-002967,V-00261,NA-US,United States,4,21.5,4,85,-0.09
P-002967,V-00261,NA-US,United States,5,17.3,6,16,-0.07
P-002970,V-00842,EMEA-E,Romania,6,-5.1,0,53,0.02
P-002971,V-00434,APAC-NE,Japan,4,16.9,0,46,-0.07
P-002971,V-00380,APAC-SE,Vietnam,6,16.4,4,75,-0.07
P-002972,V-00566,APAC-NE,South Korea,4,19.9,0,67,-0.22
P-002973,V-00483,EMEA-W,Germany,5,5.4,0,29,-0.02
P-002973,V-00628,APAC-SE,Indonesia,8,8.1,0,97,-0.03
P-002973,V-00010,EMEA-E,Romania,7,12.2,0,89,-0.05
P-002975,V-00047,APAC-SE,Vietnam,4,-5.7,8,17,0.02
P-002975,V-00466,EMEA-W,Italy,5,1.6,0,27,-0.01
P-002979,V-00154,APAC-SE,Malaysia,4,-4.9,12,48,0.02
P-002979,V-00582,NA-US,United States,6,9.5,8,22,-0.04
P-002980,V-00567,EMEA-E,Romania,4,9,8,76,-0.04
P-002981,V-00099,SA,Brazil,6,2.6,8,59,-0.03
P-002981,V-00155,SA,Argentina,6,12,8,44,-0.13
P-002982,V-00751,APAC-SE,Indonesia,8,15.9,8,24,-0.06
P-002983,V-00136,APAC-SE,Indonesia,9,14.5,8,54,-0.06
P-002983,V-00167,APAC-IN,India,7,20.7,8,74,-0.08
P-002983,V-00769,EMEA-W,Spain,5,12.4,8,58,-0.05
P-002985,V-00697,NA-US,United States,5,1.2,6,22,0
P-002985,V-00665,APAC-SE,Vietnam,2,-4.5,6,52,0.02
P-002986,V-00588,APAC-NE,China,5,6.2,6,24,-0.02
P-002987,V-00552,EMEA-W,France,5,16.5,8,57,-0.07
P-002987,V-00103,APAC-SE,Indonesia,8,16.2,0,25,-0.06
P-002988,V-00536,SA,Brazil,8,11.8,0,58,-0.05
P-002988,V-00348,EMEA-W,Spain,6,19.8,4,46,-0.08
P-002988,V-00318,EMEA-W,France,4,-1.7,4,80,0.01
P-002989,V-00186,EMEA-E,Romania,7,1.4,4,64,-0.01
P-002990,V-00694,APAC-NE,China,6,5.7,0,70,-0.06
P-002990,V-00664,APAC-NE,Taiwan,8,13.4,0,77,-0.15
P-002990,V-00136,APAC-SE,Indonesia,8,2.9,6,87,-0.03
P-002991,V-00959,SA,Argentina,7,16.1,4,33,-0.18
P-002991,V-00248,APAC-SE,Indonesia,4,1.5,4,68,-0.02
P-002991,V-00214,EMEA-W,France,7,-2.7,4,68,0.03
P-002993,V-00136,APAC-SE,Indonesia,8,6.9,4,24,-0.03
P-002993,V-00524,APAC-SE,Thailand,8,-3.7,8,70,0.01
P-002994,V-00268,APAC-NE,South Korea,4,-6,12,52,0.02
P-002995,V-00136,APAC-SE,Indonesia,9,-3.8,0,89,0.02
P-002996,V-00586,NA-MX,Mexico,4,10.5,0,98,-0.04
P-002996,V-00116,APAC-IN,India,9,6.6,0,54,-0.03
P-002999,V-00066,EMEA-E,Turkey,9,3.8,4,70,-0.02
P-003000,V-00652,SA,Argentina,7,21.2,8,63,-0.08
P-003001,V-00199,NA-MX,Mexico,5,-5.9,0,64,0.02
P-003002,V-00033,EMEA-E,Romania,7,1.9,8,26,-0.01
P-003002,V-00263,EMEA-E,Czechia,7,5.7,0,44,-0.02
P-003005,V-00167,APAC-IN,India,6,7.4,12,60,-0.03
P-003005,V-00136,APAC-SE,Indonesia,9,7.8,8,72,-0.03
P-003005,V-00664,APAC-NE,Taiwan,6,-5.9,0,78,0.02
P-003006,V-00138,EMEA-W,France,2,8.7,12,33,-0.1
P-003009,V-00059,EMEA-E,Czechia,3,0.4,6,56,0
P-003009,V-00638,EMEA-W,Germany,8,7.1,6,96,-0.03
P-003009,V-00258,NA-US,United States,4,16.2,8,41,-0.06
P-003010,V-00601,EMEA-W,France,7,7.8,0,65,-0.03
P-003010,V-00156,SA,Argentina,6,11.2,0,90,-0.04
P-003011,V-00261,NA-US,United States,5,-3.9,8,25,0.02
P-003011,V-00196,APAC-NE,Taiwan,6,2.6,4,89,-0.01
P-003011,V-00560,NA-US,United States,8,12.5,4,44,-0.05
P-003012,V-00533,APAC-IN,India,5,5.7,6,31,-0.02
P-003013,V-00531,NA-MX,Mexico,5,14.8,0,76,-0.06
P-003013,V-00052,EMEA-E,Turkey,2,-0.3,0,74,0
P-003013,V-00789,SA,Argentina,4,2.5,4,96,-0.01
P-003014,V-00620,EMEA-W,Germany,3,5.5,6,88,-0.02
P-003014,V-00344,NA-MX,Mexico,8,-1.7,12,65,0.01
P-003015,V-00688,NA-US,United States,3,-4.9,0,33,0.05
P-003015,V-00638,EMEA-W,Germany,8,15.8,8,92,-0.17
P-003015,V-00394,SA,Argentina,7,3.5,8,49,-0.04
P-003018,V-00524,APAC-SE,Thailand,9,-5,6,68,0.02
P-003020,V-00008,NA-US,United States,5,-5.7,4,86,0.02
P-003022,V-00136,APAC-SE,Indonesia,8,5.2,0,94,-0.02
P-003022,V-00071,EMEA-E,Turkey,6,15.8,6,85,-0.06
P-003022,V-00606,APAC-SE,Malaysia,8,-3.6,6,91,0.01
P-003024,V-00100,APAC-NE,Taiwan,3,-1.7,0,15,0.01
P-003024,V-00437,EMEA-W,Germany,8,17.5,4,84,-0.07
P-003024,V-00076,APAC-IN,India,4,6.1,6,25,-0.02
P-003025,V-00008,NA-US,United States,6,15.4,4,80,-0.06
P-003025,V-00091,APAC-NE,South Korea,5,15.7,8,34,-0.06
P-003026,V-00178,APAC-IN,India,6,17.4,4,43,-0.07
P-003026,V-00150,EMEA-E,Poland,3,14,6,24,-0.06
P-003026,V-00652,SA,Argentina,9,7.4,0,76,-0.03
P-003027,V-00235,APAC-NE,Japan,4,18.7,0,47,-0.07
P-003029,V-00283,EMEA-W,France,5,0.4,4,68,0
P-003029,V-00266,SA,Brazil,8,-2.9,4,74,0.01
P-003031,V-00627,SA,Brazil,4,13.8,8,99,-0.06
P-003031,V-00792,EMEA-E,Romania,7,12.8,8,82,-0.05
P-003031,V-00448,EMEA-E,Poland,7,16.3,4,54,-0.07
P-003032,V-00259,APAC-NE,China,4,7.8,8,26,-0.03
P-003032,V-00506,SA,Argentina,4,-4.6,0,60,0.02
P-003032,V-00003,NA-MX,Mexico,7,16.5,4,70,-0.07
P-003033,V-00617,EMEA-W,Spain,4,3.9,6,15,-0.04
P-003033,V-00678,NA-MX,Mexico,4,17.3,4,30,-0.19
P-003033,V-00678,NA-MX,Mexico,3,1.4,0,62,-0.02
P-003036,V-00696,APAC-SE,Indonesia,8,9.3,12,76,-0.04
P-003036,V-00839,EMEA-E,Czechia,6,-4.2,0,30,0.02
P-003037,V-00522,APAC-IN,India,4,-3.1,4,31,0.01
P-003037,V-00228,SA,Brazil,6,-4.4,6,99,0.02
P-003039,V-00205,NA-MX,Mexico,5,14.2,8,67,-0.06
P-003039,V-00471,APAC-NE,Japan,7,20.4,8,57,-0.08
P-003039,V-00205,NA-MX,Mexico,5,16.8,12,27,-0.07
P-003040,V-00654,NA-US,United States,4,1.2,6,21,0
P-003040,V-00559,SA,Brazil,2,2.6,6,54,-0.01
P-003040,V-00291,APAC-NE,South Korea,8,-4.7,4,90,0.02
P-003041,V-00706,APAC-IN,India,4,15.1,6,77,-0.17
P-003041,V-00485,EMEA-E,Czechia,6,14.6,0,21,-0.16
P-003041,V-00327,SA,Brazil,5,16.2,12,33,-0.18
P-003042,V-00177,APAC-IN,India,3,-2.6,0,54,0.01
P-003044,V-00913,SA,Brazil,3,8.3,0,99,-0.03
P-003048,V-00180,APAC-IN,India,6,-3.4,0,70,0.01
P-003049,V-00822,NA-US,United States,7,-1.9,12,78,0.01
P-003049,V-00449,NA-US,United States,6,-2.4,12,48,0.01
P-003051,V-00168,APAC-SE,Vietnam,5,20,8,25,-0.08
P-003052,V-00031,APAC-NE,China,4,17.9,0,66,-0.07
P-003054,V-00872,NA-US,United States,6,4.2,4,21,-0.02
P-003054,V-00508,SA,Brazil,2,7.8,8,69,-0.03
P-003054,V-00745,APAC-SE,Malaysia,2,6.3,0,48,-0.03
P-003057,V-00143,APAC-SE,Vietnam,3,11.8,0,60,-0.05
P-003058,V-00508,SA,Brazil,5,19.7,4,43,-0.08
P-003058,V-00470,SA,Brazil,7,-2.1,6,86,0.01
P-003058,V-00400,SA,Argentina,4,3.6,0,95,-0.01
P-003059,V-00282,APAC-IN,India,7,10,4,84,-0.04
P-003060,V-00547,EMEA-W,Spain,4,10.1,4,44,-0.11
P-003060,V-00872,NA-US,United States,4,4.4,6,30,-0.05
P-003060,V-00518,APAC-SE,Vietnam,3,8.6,12,51,-0.09
P-003061,V-00112,NA-US,United States,7,11.3,12,64,-0.05
P-003061,V-00460,NA-US,United States,5,-5,6,85,0.02
P-003061,V-00059,EMEA-E,Czechia,2,9.7,8,54,-0.04
P-003062,V-00030,SA,Brazil,2,-5.1,8,70,0.02
P-003062,V-00604,EMEA-E,Czechia,9,21.4,4,37,-0.09
P-003063,V-00945,APAC-IN,India,7,12.5,4,30,-0.14
P-003063,V-00809,SA,Brazil,7,-0.2,6,78,0
P-003063,V-00516,EMEA-W,Italy,5,-1.8,12,62,0.02
P-003064,V-00814,APAC-IN,India,1,4.7,4,80,-0.02
P-003064,V-00188,EMEA-W,France,2,1.9,6,19,-0.01
P-003065,V-00465,APAC-NE,South Korea,8,14.2,0,88,-0.06
P-003066,V-00838,NA-US,United States,8,7.9,8,33,-0.03
P-003066,V-00849,APAC-SE,Vietnam,9,13.6,12,52,-0.05
P-003067,V-00482,APAC-NE,Taiwan,3,-2.5,8,73,0.01
P-003067,V-00037,SA,Brazil,7,5.2,4,40,-0.02
P-003068,V-00329,SA,Argentina,4,0.5,0,42,0
P-003069,V-00670,EMEA-E,Czechia,3,3.2,8,32,-0.01
P-003070,V-00017,APAC-NE,China,4,4,6,52,-0.02
P-003070,V-00246,NA-MX,Mexico,7,2.6,4,35,-0.01
P-003071,V-00602,APAC-SE,Thailand,2,4.1,8,17,-0.02
P-003073,V-00695,NA-MX,Mexico,6,18.6,8,75,-0.07
P-003073,V-00270,APAC-IN,India,5,11.7,0,55,-0.05
P-003076,V-00587,APAC-NE,Taiwan,5,2.2,0,60,-0.02
P-003078,V-00349,NA-US,United States,3,18.9,4,85,-0.08
P-003079,V-00123,EMEA-W,Spain,8,-3.3,12,85,0.04
P-003080,V-00122,APAC-SE,Malaysia,7,15.2,4,96,-0.17
P-003081,V-00519,APAC-NE,Taiwan,4,-5,12,44,0.06
P-003082,V-00166,APAC-IN,India,8,-1.2,0,38,0
P-003082,V-00079,APAC-IN,India,7,14,0,70,-0.06
P-003082,V-00233,NA-MX,Mexico,5,-2.5,0,90,0.01
P-003084,V-00381,APAC-SE,Vietnam,4,16.3,6,67,-0.07
P-003084,V-00913,SA,Brazil,3,6.3,8,30,-0.03
P-003085,V-00186,EMEA-E,Romania,6,19.1,4,36,-0.21
P-003086,V-00435,NA-US,United States,3,-5.6,0,83,0.02
P-003086,V-00384,EMEA-W,Italy,4,-1.2,0,89,0
P-003086,V-00731,EMEA-W,Spain,3,2.6,12,21,-0.01
P-003087,V-00056,APAC-SE,Malaysia,6,21.5,0,53,-0.09
P-003087,V-00585,SA,Brazil,7,-4.6,4,41,0.02
P-003088,V-00688,NA-US,United States,3,8.1,0,47,-0.03
P-003088,V-00079,APAC-IN,India,7,7.7,4,64,-0.03
P-003090,V-00769,EMEA-W,Spain,8,21.2,12,79,-0.08
P-003091,V-00008,NA-US,United States,7,0.7,4,47,0
P-003092,V-00150,EMEA-E,Poland,2,19.1,12,28,-0.08
P-003092,V-00114,APAC-NE,Taiwan,5,8.8,4,19,-0.04
P-003096,V-00855,NA-MX,Mexico,7,18.9,6,27,-0.08
P-003096,V-00478,APAC-SE,Vietnam,5,-2.3,0,42,0.01
P-003096,V-00042,APAC-IN,India,6,2.4,4,79,-0.01
P-003097,V-00653,EMEA-E,Czechia,5,-5.4,0,83,0.02
P-003097,V-00053,APAC-IN,India,2,4.6,4,79,-0.02
P-003098,V-00127,NA-MX,Mexico,3,-4.4,8,16,0.02
P-003099,V-00379,APAC-NE,South Korea,2,-5,0,44,0.02
P-003099,V-00210,APAC-IN,India,2,2.1,6,20,-0.01
P-003100,V-00225,NA-MX,Mexico,7,16.7,6,88,-0.07
P-003100,V-00265,SA,Brazil,8,18.2,0,42,-0.07
P-003101,V-00629,NA-MX,Mexico,4,1.1,8,21,0
P-003102,V-00041,NA-US,United States,7,-2.7,4,85,0.01
P-003102,V-00555,APAC-IN,India,5,20.3,8,65,-0.08
P-003103,V-00223,NA-MX,Mexico,7,1.2,6,75,0
P-003103,V-00457,NA-MX,Mexico,5,3.3,4,88,-0.01
P-003104,V-00644,EMEA-E,Turkey,5,-1.8,8,15,0.02
P-003106,V-00320,APAC-IN,India,2,-3.2,12,72,0.01
P-003106,V-00706,APAC-IN,India,3,17.9,0,84,-0.07
P-003107,V-00608,EMEA-W,Germany,7,14.3,12,81,-0.06
P-003107,V-00390,EMEA-E,Poland,6,-5.7,12,81,0.02
P-003107,V-00187,APAC-NE,South Korea,4,12.1,0,37,-0.05
P-003108,V-00803,EMEA-E,Czechia,4,15.8,4,49,-0.06
P-003108,V-00474,NA-US,United States,4,15.3,0,98,-0.06
P-003108,V-00603,SA,Argentina,2,10.4,4,84,-0.04
P-003109,V-00074,SA,Argentina,5,-2.3,0,24,0.01
P-003109,V-00086,EMEA-E,Czechia,9,3.1,4,27,-0.01
P-003110,V-00696,APAC-SE,Indonesia,7,3,6,29,-0.01
P-003110,V-00590,APAC-IN,India,6,1.7,12,31,-0.01
P-003111,V-00703,NA-MX,Mexico,5,19.4,8,49,-0.08
P-003111,V-00749,NA-US,United States,5,15.9,8,93,-0.06
P-003111,V-00215,APAC-SE,Indonesia,2,2.1,0,77,-0.01
P-003112,V-00127,NA-MX,Mexico,4,21.7,8,66,-0.24
P-003112,V-00014,APAC-NE,South Korea,7,4.9,4,68,-0.05
P-003112,V-00060,APAC-SE,Indonesia,5,7.2,8,39,-0.08
P-003113,V-00318,EMEA-W,France,4,-1.9,6,35,0.02
P-003114,V-00052,EMEA-E,Turkey,4,21.9,0,56,-0.09
P-003114,V-00751,APAC-SE,Indonesia,9,9.3,4,78,-0.04
P-003116,V-00020,APAC-NE,Japan,5,21,12,82,-0.08
P-003117,V-00354,NA-MX,Mexico,4,16.6,0,43,-0.07
P-003117,V-00001,NA-US,United States,8,18.7,8,81,-0.07
P-003118,V-00319,NA-MX,Mexico,4,21.7,12,66,-0.09
P-003118,V-00307,SA,Brazil,6,-0.2,0,26,0
P-003119,V-00168,APAC-SE,Vietnam,3,-1.6,0,81,0.01
P-003119,V-00236,SA,Brazil,5,9.4,6,74,-0.04
P-003120,V-00284,EMEA-E,Romania,4,14.8,4,75,-0.06
P-003120,V-00327,SA,Brazil,4,4.9,8,52,-0.02
P-003121,V-00372,NA-MX,Mexico,4,6.5,0,30,-0.03
P-003121,V-00223,NA-MX,Mexico,6,12.1,0,86,-0.05
P-003122,V-00044,NA-US,United States,5,-5,6,92,0.02
P-003122,V-00416,APAC-SE,Indonesia,6,16.4,0,39,-0.07
P-003122,V-00463,SA,Argentina,6,20.9,6,28,-0.08
P-003125,V-01139,EMEA-E,Czechia,5,-1.9,8,61,0.01
P-003126,V-00602,APAC-SE,Thailand,4,-1.7,12,71,0.01
P-003126,V-00286,SA,Argentina,6,-3.2,6,68,0.01
P-003126,V-00065,EMEA-E,Romania,6,13,0,100,-0.05
P-003127,V-00232,NA-US,United States,4,-3.6,4,25,0.01
P-003128,V-00584,APAC-IN,India,7,5.2,0,65,-0.06
P-003129,V-00568,APAC-IN,India,4,19.6,8,68,-0.08
P-003131,V-00121,SA,Argentina,4,15.7,6,97,-0.06
P-003131,V-00144,SA,Brazil,4,16.7,0,48,-0.07
P-003132,V-00225,NA-MX,Mexico,5,3.9,4,45,-0.02
P-003132,V-00445,EMEA-W,France,2,-2.3,6,50,0.01
P-003134,V-00300,APAC-NE,Japan,4,0.5,8,17,0
P-003134,V-00184,SA,Argentina,6,-0.3,0,41,0
P-003134,V-00274,EMEA-W,Spain,2,15.6,0,15,-0.06
P-003137,V-00577,EMEA-E,Czechia,4,9.5,12,58,-0.04
P-003137,V-00252,APAC-NE,China,3,18.4,4,47,-0.07
P-003139,V-00636,NA-US,United States,7,17.2,0,61,-0.07
P-003139,V-00807,EMEA-E,Turkey,8,-1.8,8,52,0.01
P-003139,V-00270,APAC-IN,India,5,13.6,4,92,-0.05
P-003141,V-00260,APAC-IN,India,4,2.5,0,99,-0.01
P-003141,V-00032,APAC-IN,India,5,-2.8,0,91,0.01
P-003144,V-00155,SA,Argentina,9,-2.3,6,42,0.01
P-003146,V-00546,NA-MX,Mexico,5,19.9,0,69,-0.08
P-003148,V-00137,SA,Brazil,6,-2.1,6,17,0.01
P-003148,V-00503,APAC-SE,Vietnam,6,7.8,4,96,-0.03
P-003149,V-00365,APAC-IN,India,5,-5.5,6,72,0.02
P-003150,V-00523,EMEA-W,France,2,-3.9,12,33,0.04
P-003150,V-00320,APAC-IN,India,5,19.9,0,53,-0.22
P-003150,V-00137,SA,Brazil,6,20.6,4,24,-0.23
P-003152,V-00450,APAC-IN,India,6,12.9,0,23,-0.05
P-003154,V-00453,SA,Brazil,5,2.6,4,68,-0.01
P-003156,V-00789,SA,Argentina,5,9.5,8,91,-0.04
P-003156,V-00625,APAC-SE,Malaysia,4,12.3,4,87,-0.05
P-003158,V-00544,APAC-IN,India,2,21.8,4,58,-0.09
P-003158,V-00807,EMEA-E,Turkey,6,5.7,4,45,-0.02
P-003159,V-00732,EMEA-E,Turkey,6,9.8,0,19,-0.04
P-003159,V-00077,NA-US,United States,4,-4.2,8,82,0.02
P-003160,V-00137,SA,Brazil,5,5.4,6,67,-0.06
P-003160,V-00068,EMEA-E,Romania,9,21.8,0,100,-0.24
P-003160,V-00654,NA-US,United States,4,20.9,8,96,-0.23
P-003162,V-00007,SA,Brazil,4,19.6,0,28,-0.08
P-003162,V-00052,EMEA-E,Turkey,4,-5.7,0,78,0.02
P-003162,V-00224,NA-US,United States,2,3.1,12,29,-0.01
P-003164,V-00350,NA-US,United States,6,2.2,6,56,-0.01
P-003164,V-00773,SA,Brazil,3,15.1,6,54,-0.06
P-003164,V-00739,SA,Brazil,5,10.3,4,73,-0.04
P-003165,V-00468,NA-US,United States,8,21.8,0,21,-0.24
P-003165,V-00510,APAC-SE,Vietnam,3,-0.3,0,77,0
P-003165,V-00610,SA,Brazil,6,6.8,4,60,-0.07
P-003167,V-00355,NA-MX,Mexico,9,1.5,6,37,-0.01
P-003169,V-00930,EMEA-W,France,2,10.1,0,86,-0.04
P-003170,V-00292,NA-MX,Mexico,2,-1.6,0,47,0.02
P-003172,V-00006,APAC-SE,Indonesia,5,1.4,0,43,-0.01
P-003172,V-00790,APAC-SE,Malaysia,7,8.3,4,97,-0.03
P-003173,V-00710,EMEA-W,France,3,6.2,0,31,-0.02
P-003173,V-00844,SA,Brazil,7,18.3,0,54,-0.07
P-003173,V-00298,APAC-SE,Thailand,3,2.7,0,93,-0.01
P-003174,V-00733,EMEA-W,Spain,8,11.7,12,74,-0.05
P-003174,V-00802,EMEA-W,Italy,4,11.8,0,24,-0.05
P-003174,V-00393,APAC-NE,China,4,9.8,0,84,-0.04
P-003175,V-00643,APAC-IN,India,5,-2.3,4,55,0.01
P-003176,V-00630,APAC-NE,China,8,-4.2,12,71,0.02
P-003176,V-00641,NA-US,United States,8,-2.7,4,88,0.01
P-003176,V-00073,NA-MX,Mexico,6,-5.7,12,37,0.02
P-003180,V-00389,APAC-NE,Japan,2,5.6,6,30,-0.06
P-003182,V-00223,NA-MX,Mexico,5,6.6,0,67,-0.03
P-003182,V-00492,APAC-IN,India,6,6.8,0,28,-0.03
P-003183,V-00556,EMEA-E,Romania,3,9.4,0,43,-0.04
P-003184,V-00538,APAC-IN,India,5,8.6,0,35,-0.03
P-003186,V-00062,NA-US,United States,7,16.2,4,40,-0.06
P-003186,V-00527,NA-MX,Mexico,3,11.4,12,67,-0.05
P-003187,V-00254,SA,Argentina,5,21.4,0,46,-0.24
P-003187,V-00043,APAC-NE,Taiwan,4,18,6,70,-0.2
P-003191,V-00133,EMEA-E,Turkey,2,22,8,64,-0.24
P-003191,V-00463,SA,Argentina,7,13.4,6,74,-0.15
P-003191,V-00576,NA-MX,Mexico,4,-0.6,8,15,0.01
P-003192,V-00261,NA-US,United States,4,-0.4,12,77,0
P-003193,V-00255,EMEA-E,Czechia,4,6,6,84,-0.02
P-003194,V-00388,EMEA-W,Spain,6,17.6,12,18,-0.07
P-003194,V-00131,EMEA-E,Czechia,7,7.2,6,48,-0.03
P-003194,V-00129,APAC-NE,Japan,3,20.4,6,61,-0.08
P-003195,V-00090,APAC-SE,Thailand,7,17.3,8,93,-0.07
P-003195,V-00593,APAC-IN,India,7,5.2,8,43,-0.02
P-003195,V-00307,SA,Brazil,6,4.8,6,31,-0.02
P-003197,V-00637,NA-MX,Mexico,2,7.5,6,93,-0.03
P-003197,V-00186,EMEA-E,Romania,7,2,0,69,-0.01
P-003197,V-00224,NA-US,United States,2,2,4,92,-0.01
P-003201,V-00559,SA,Brazil,3,9.3,12,31,-0.04
P-003202,V-00768,APAC-SE,Indonesia,5,14.8,8,82,-0.06
P-003204,V-00269,APAC-IN,India,7,18.4,6,75,-0.2
P-003204,V-00061,NA-MX,Mexico,4,19.1,4,58,-0.21
P-003205,V-00187,APAC-NE,South Korea,3,0.2,4,66,0
P-003205,V-00306,EMEA-E,Turkey,8,3.7,0,79,-0.01
P-003205,V-00390,EMEA-E,Poland,9,3,8,72,-0.01
P-003206,V-00633,NA-MX,Mexico,4,13.2,8,88,-0.05
P-003206,V-00024,NA-US,United States,6,12.7,12,25,-0.05
P-003209,V-00178,APAC-IN,India,5,4.1,8,63,-0.02
P-003209,V-00151,APAC-IN,India,4,-3,0,23,0.01
P-003209,V-00264,APAC-IN,India,7,10.4,6,77,-0.04
P-003211,V-00026,APAC-NE,China,4,5.3,4,22,-0.02
P-003211,V-00306,EMEA-E,Turkey,8,14.2,6,66,-0.06
P-003211,V-00554,NA-US,United States,5,8.7,8,96,-0.03
P-003212,V-00128,SA,Brazil,6,3.5,0,93,-0.04
P-003213,V-00831,APAC-SE,Thailand,3,-4.5,4,57,0.02
P-003214,V-00681,EMEA-E,Turkey,5,18.3,12,100,-0.07
P-003216,V-00842,EMEA-E,Romania,6,11.3,8,41,-0.12
P-003216,V-00069,APAC-SE,Vietnam,2,1.3,4,32,-0.01
P-003217,V-00538,APAC-IN,India,6,8.3,0,61,-0.03
P-003217,V-00195,APAC-NE,Taiwan,5,3.3,4,52,-0.01
P-003217,V-00743,EMEA-E,Czechia,5,1,4,36,0
P-003218,V-00962,APAC-NE,Japan,7,14.3,8,25,-0.06
P-003218,V-00083,SA,Brazil,7,4.2,8,95,-0.02
P-003219,V-00050,NA-US,United States,3,4.4,0,42,-0.02
P-003221,V-00282,APAC-IN,India,5,6,0,44,-0.07
P-003221,V-00685,APAC-SE,Vietnam,2,21.3,0,19,-0.23
P-003221,V-00695,NA-MX,Mexico,5,-2.5,4,17,0.03
P-003222,V-00609,APAC-NE,Japan,1,13.2,12,27,-0.05
P-003222,V-00481,EMEA-W,Italy,7,17.3,0,92,-0.07
P-003223,V-00235,APAC-NE,Japan,5,18.5,0,17,-0.2
P-003227,V-00470,SA,Brazil,7,5.3,0,55,-0.02
P-003228,V-00137,SA,Brazil,5,6.5,6,49,-0.03
P-003228,V-00706,APAC-IN,India,4,2.6,8,85,-0.01
P-003229,V-00564,EMEA-W,Italy,6,1.7,12,22,-0.01
P-003229,V-00914,EMEA-W,Italy,3,1.1,6,76,0
P-003230,V-01000,EMEA-W,Spain,4,0.2,0,80,0
P-003230,V-00829,APAC-NE,Japan,4,9.4,0,49,-0.04
P-003230,V-00728,NA-US,United States,4,9.2,12,96,-0.04
P-003232,V-00157,APAC-IN,India,4,4.4,4,89,-0.02
P-003232,V-00144,SA,Brazil,5,17.8,0,59,-0.07
P-003234,V-00959,SA,Argentina,6,16.6,6,22,-0.07
P-003234,V-00005,EMEA-E,Turkey,2,-2.2,4,24,0.01
P-003236,V-00572,EMEA-W,Spain,5,-3.3,0,19,0.01
P-003236,V-00371,APAC-SE,Indonesia,7,1,12,98,0
P-003236,V-00221,APAC-NE,South Korea,7,-5.6,0,19,0.02
P-003237,V-00435,NA-US,United States,4,-3.6,0,43,0.01
P-003238,V-00855,NA-MX,Mexico,7,14.3,0,53,-0.06
P-003238,V-00478,APAC-SE,Vietnam,3,-3.3,6,88,0.01
P-003238,V-00673,NA-US,United States,5,13.5,0,80,-0.05
P-003240,V-00688,NA-US,United States,3,17.8,0,86,-0.07
P-003240,V-00079,APAC-IN,India,8,4.5,4,94,-0.02
P-003240,V-00443,NA-US,United States,2,-5.6,8,93,0.02
P-003241,V-00777,EMEA-W,Germany,6,1.1,8,39,0
P-003241,V-00061,NA-MX,Mexico,2,0.6,12,51,0
P-003243,V-00132,APAC-NE,Taiwan,8,5.6,12,71,-0.02
P-003243,V-00185,APAC-IN,India,7,11,0,77,-0.04
P-003245,V-00462,NA-MX,Mexico,4,11,12,79,-0.04
P-003248,V-00362,SA,Brazil,3,5.8,6,44,-0.06
P-003248,V-00819,APAC-NE,Taiwan,3,12.6,12,83,-0.14
P-003248,V-00328,NA-MX,Mexico,7,19.3,8,64,-0.21
P-003250,V-00503,APAC-SE,Vietnam,5,-0.2,8,37,0
P-003250,V-00011,APAC-SE,Indonesia,4,11.1,0,27,-0.04
P-003251,V-00443,NA-US,United States,4,-1.2,6,61,0
P-003254,V-00397,NA-MX,Mexico,3,2.8,6,84,-0.01
P-003254,V-00482,APAC-NE,Taiwan,3,7.5,12,93,-0.03
P-003255,V-00209,SA,Brazil,3,-4.3,8,39,0.02
P-003255,V-00821,NA-US,United States,5,14.8,12,45,-0.06
P-003255,V-00821,NA-US,United States,8,20.1,0,98,-0.08
P-003257,V-00697,NA-US,United States,5,14.1,0,46,-0.06
P-003257,V-00719,NA-US,United States,5,-1.3,4,75,0.01
P-003258,V-00185,APAC-IN,India,6,-4.7,6,45,0.02
P-003259,V-00325,EMEA-W,France,3,15,4,32,-0.06
P-003259,V-00385,SA,Brazil,6,12.3,4,16,-0.05
P-003260,V-00620,EMEA-W,Germany,4,20.3,12,30,-0.08
P-003260,V-00504,NA-US,United States,5,7.5,8,94,-0.03
P-003260,V-00044,NA-US,United States,5,2.9,8,70,-0.01
P-003262,V-00461,SA,Brazil,7,-2.7,6,33,0.01
P-003263,V-00134,APAC-SE,Indonesia,3,9.9,6,72,-0.04
P-003263,V-00217,EMEA-W,Spain,4,-1.8,0,23,0.01
P-003263,V-00006,APAC-SE,Indonesia,5,14.4,12,58,-0.06
P-003264,V-00708,EMEA-W,Spain,6,20.6,0,49,-0.08
P-003264,V-00695,NA-MX,Mexico,5,-5.7,0,62,0.02
P-003268,V-00130,NA-US,United States,6,5.2,12,60,-0.02
P-003268,V-00355,NA-MX,Mexico,7,4,8,65,-0.02
P-003268,V-00636,NA-US,United States,7,16.1,4,44,-0.06
P-003269,V-00759,EMEA-W,Italy,3,8.1,4,29,-0.03
P-003270,V-00156,SA,Argentina,6,4.7,0,28,-0.02
P-003271,V-00040,APAC-NE,China,8,5.4,8,42,-0.02
P-003271,V-00573,NA-MX,Mexico,7,16,0,95,-0.06
P-003271,V-00321,APAC-SE,Malaysia,4,1.5,8,38,-0.01
P-003273,V-00560,NA-US,United States,8,16.7,12,72,-0.07
P-003274,V-00083,SA,Brazil,7,7.5,0,51,-0.03
P-003274,V-00882,APAC-NE,South Korea,6,1.5,8,86,-0.01
P-003274,V-00791,APAC-SE,Vietnam,8,-2.2,6,73,0.01
P-003275,V-00316,NA-MX,Mexico,6,1.8,0,20,-0.02
P-003278,V-00102,APAC-IN,India,4,2.7,12,95,-0.01
P-003279,V-00157,APAC-IN,India,6,12.8,8,87,-0.05
P-003279,V-00709,NA-MX,Mexico,7,4.8,8,18,-0.02
P-003279,V-00252,APAC-NE,China,5,16.3,0,68,-0.07
P-003281,V-00422,EMEA-E,Turkey,6,3.9,6,18,-0.02
P-003281,V-00222,NA-US,United States,3,21.4,4,64,-0.09
P-003281,V-00028,APAC-IN,India,4,4.8,6,91,-0.02
P-003283,V-00429,APAC-NE,Japan,4,2.7,12,95,-0.01
P-003283,V-00054,NA-MX,Mexico,3,14,0,77,-0.06
P-003284,V-00402,EMEA-W,France,6,6,4,42,-0.02
P-003284,V-00379,APAC-NE,South Korea,2,21.7,0,60,-0.09
P-003284,V-00032,APAC-IN,India,5,12.4,6,59,-0.05
P-003285,V-00683,NA-US,United States,4,18.8,6,82,-0.08
P-003285,V-00298,APAC-SE,Thailand,5,-0.2,4,34,0
P-003285,V-00478,APAC-SE,Vietnam,4,-0.4,0,85,0
P-003289,V-00752,NA-US,United States,6,21.4,0,85,-0.09
P-003289,V-00256,APAC-NE,Taiwan,4,-0.9,6,49,0
P-003289,V-00671,SA,Argentina,3,14.1,12,34,-0.06
P-003290,V-00292,NA-MX,Mexico,3,15.2,0,25,-0.06
P-003290,V-00132,APAC-NE,Taiwan,6,0.1,4,75,0
P-003291,V-00584,APAC-IN,India,8,12,6,62,-0.05
P-003291,V-00630,APAC-NE,China,6,-3.1,8,57,0.01
P-003291,V-00382,APAC-NE,South Korea,8,11.8,4,70,-0.05
P-003292,V-00751,APAC-SE,Indonesia,8,-1.2,8,21,0
P-003292,V-00337,EMEA-W,France,2,18.1,6,52,-0.07
P-003292,V-00598,APAC-IN,India,8,13.5,4,61,-0.05
P-003293,V-00294,NA-US,United States,2,-2,12,46,0.01
P-003293,V-00050,NA-US,United States,3,1.4,4,85,-0.01
P-003293,V-00222,NA-US,United States,4,4.4,0,62,-0.02
P-003296,V-00882,APAC-NE,South Korea,8,6.2,12,66,-0.02
P-003296,V-00237,EMEA-W,Italy,4,11.9,0,32,-0.05
P-003296,V-00500,SA,Argentina,6,18.6,0,45,-0.07
P-003297,V-00616,APAC-SE,Malaysia,3,-5.2,0,77,0.06
P-003299,V-00074,SA,Argentina,4,16.8,4,98,-0.07
P-003300,V-00681,EMEA-E,Turkey,5,19.5,6,18,-0.08
P-003300,V-00466,EMEA-W,Italy,7,0.2,0,82,0
P-003301,V-00584,APAC-IN,India,8,7.5,12,19,-0.03
P-003301,V-00844,SA,Brazil,7,4.7,12,88,-0.02
P-003301,V-00818,APAC-NE,South Korea,8,8.2,12,42,-0.03
P-003302,V-00057,NA-MX,Mexico,8,14.6,4,60,-0.16
P-003303,V-00413,APAC-NE,South Korea,3,9.6,0,34,-0.04
P-003304,V-00289,EMEA-E,Turkey,3,0.8,6,50,0
P-003307,V-00678,NA-MX,Mexico,4,18.8,8,58,-0.08
P-003307,V-00706,APAC-IN,India,3,13.9,12,30,-0.06
P-003307,V-00158,NA-US,United States,3,3.4,0,93,-0.01
P-003308,V-00201,APAC-IN,India,4,13.5,4,99,-0.05
P-003309,V-00042,APAC-IN,India,6,0,0,75,0
P-003309,V-00584,APAC-IN,India,8,3.4,8,100,-0.01
P-003309,V-00174,EMEA-E,Turkey,5,15.6,12,75,-0.06
P-003310,V-00218,APAC-SE,Indonesia,3,5,0,77,-0.06
P-003310,V-00335,EMEA-E,Czechia,2,12.9,4,61,-0.14
P-003310,V-00255,EMEA-E,Czechia,4,14.8,4,49,-0.16
P-003311,V-00544,APAC-IN,India,3,-4.7,4,99,0.05
P-003311,V-00537,SA,Brazil,7,10.6,6,29,-0.12
P-003314,V-00011,APAC-SE,Indonesia,3,20.9,8,37,-0.08
P-003314,V-00777,EMEA-W,Germany,3,7.2,6,63,-0.03
P-003315,V-00224,NA-US,United States,3,-0.6,6,39,0.01
P-003315,V-00175,NA-US,United States,1,3.8,4,52,-0.04
P-003315,V-00337,EMEA-W,France,4,-5.7,0,99,0.06
P-003317,V-00471,APAC-NE,Japan,6,-5.8,4,87,0.02
P-003317,V-00045,NA-US,United States,4,11.5,8,63,-0.05
P-003317,V-00557,EMEA-W,Germany,5,0.9,12,39,0
P-003318,V-00592,EMEA-W,Germany,9,1.9,0,70,-0.01
P-003320,V-00009,APAC-SE,Indonesia,3,1.5,8,72,-0.01
P-003322,V-00705,NA-US,United States,3,-1.4,0,59,0.01
P-003322,V-00399,APAC-NE,South Korea,5,-5.7,4,15,0.02
P-003323,V-00058,NA-US,United States,7,11.9,8,45,-0.05
P-003323,V-00732,EMEA-E,Turkey,5,17.1,8,96,-0.07
P-003323,V-00564,EMEA-W,Italy,6,-2.6,6,39,0.01
P-003324,V-00179,APAC-SE,Thailand,3,0.6,6,24,0
P-003325,V-00543,NA-US,United States,4,-2.6,8,71,0.01
P-003326,V-00779,APAC-SE,Malaysia,6,2.2,8,78,-0.01
P-003327,V-00259,APAC-NE,China,5,19.7,12,18,-0.08
P-003327,V-00570,APAC-NE,Japan,4,18.3,0,33,-0.07
P-003327,V-00378,NA-MX,Mexico,7,16.9,12,78,-0.07
P-003328,V-00657,SA,Argentina,3,12.4,6,95,-0.05
P-003330,V-00463,SA,Argentina,7,18.6,12,36,-0.07
P-003330,V-00239,NA-MX,Mexico,7,11.4,0,48,-0.05
P-003331,V-00078,APAC-NE,China,2,13,12,87,-0.05
P-003331,V-00296,NA-MX,Mexico,4,4.6,12,48,-0.02
P-003331,V-00014,APAC-NE,South Korea,7,15.9,4,83,-0.06
P-003332,V-00597,NA-US,United States,3,2.7,4,93,-0.03
P-003333,V-00104,SA,Brazil,3,2.2,0,50,-0.01
P-003333,V-00550,SA,Argentina,4,22,8,21,-0.09
P-003333,V-00369,EMEA-E,Romania,2,9.8,0,57,-0.04
P-003334,V-00484,EMEA-E,Romania,5,5.3,4,90,-0.02
P-003334,V-00249,APAC-SE,Indonesia,5,-4.1,8,33,0.02
P-003335,V-00216,EMEA-W,Italy,2,9.5,0,89,-0.04
P-003335,V-00112,NA-US,United States,7,-3.1,8,27,0.01
P-003335,V-00079,APAC-IN,India,8,3.4,12,19,-0.01
P-003336,V-00487,APAC-IN,India,4,19.1,6,18,-0.21
P-003336,V-00202,APAC-NE,China,6,-5.5,0,26,0.06
P-003338,V-00009,APAC-SE,Indonesia,3,4.5,4,46,-0.02
P-003338,V-00559,SA,Brazil,3,9.8,12,23,-0.04
P-003339,V-00246,NA-MX,Mexico,7,10.8,6,94,-0.04
P-003339,V-00300,APAC-NE,Japan,5,1.3,6,64,-0.01
P-003340,V-00364,APAC-SE,Malaysia,8,21,8,33,-0.08
P-003340,V-00234,APAC-NE,Japan,3,6.3,8,50,-0.03
P-003345,V-00384,EMEA-W,Italy,6,14.8,6,25,-0.16
P-003345,V-00046,NA-MX,Mexico,5,0.3,8,68,0
P-003348,V-00173,APAC-NE,South Korea,3,7.5,6,71,-0.03
P-003348,V-00173,APAC-NE,South Korea,5,3.7,8,99,-0.01
P-003348,V-00554,NA-US,United States,5,-0.8,12,60,0
P-003349,V-00608,EMEA-W,Germany,7,5.6,0,45,-0.06
P-003350,V-00592,EMEA-W,Germany,6,18.7,12,68,-0.21
P-003350,V-00531,NA-MX,Mexico,6,18.3,4,79,-0.2
P-003350,V-00744,SA,Brazil,6,9.3,0,64,-0.1
P-003351,V-00204,NA-MX,Mexico,3,6,0,76,-0.07
P-003351,V-00079,APAC-IN,India,8,21.9,8,37,-0.24
P-003351,V-00079,APAC-IN,India,7,-3.4,8,47,0.04
P-003352,V-00075,APAC-IN,India,6,-5.9,4,93,0.02
P-003353,V-00350,NA-US,United States,6,16.7,6,19,-0.07
P-003353,V-00140,APAC-NE,Taiwan,2,12.3,4,35,-0.05
P-003357,V-01032,APAC-SE,Indonesia,6,8.6,12,90,-0.03
P-003357,V-00974,NA-MX,Mexico,8,16.8,6,25,-0.07
P-003358,V-00067,EMEA-W,France,3,8.9,0,28,-0.04
P-003358,V-00067,EMEA-W,France,3,-2.5,12,68,0.01
P-003358,V-00603,SA,Argentina,4,13.2,6,60,-0.05
P-003360,V-00420,APAC-SE,Malaysia,3,11.5,0,36,-0.05
P-003361,V-00128,SA,Brazil,4,7.4,0,30,-0.03
P-003361,V-00253,APAC-NE,Taiwan,9,20.6,0,71,-0.08
P-003363,V-00532,APAC-SE,Thailand,6,20.7,6,91,-0.08
P-003363,V-00281,APAC-IN,India,7,-4.7,6,48,0.02
P-003363,V-00098,EMEA-E,Turkey,4,12.8,4,88,-0.05
P-003365,V-00423,NA-US,United States,2,-5.3,6,37,0.06
P-003366,V-00694,APAC-NE,China,7,3.8,12,26,-0.02
P-003366,V-00536,SA,Brazil,5,15.8,0,21,-0.06
P-003366,V-00524,APAC-SE,Thailand,8,5.6,4,85,-0.02
P-003368,V-00013,SA,Argentina,3,-0.9,4,42,0
P-003368,V-00598,APAC-IN,India,7,15.7,8,18,-0.06
P-003370,V-00605,APAC-NE,Taiwan,7,8.7,12,91,-0.03
P-003371,V-00214,EMEA-W,France,8,0.4,12,64,0
P-003372,V-00177,APAC-IN,India,1,5,4,56,-0.02
P-003372,V-00600,APAC-IN,India,6,15.4,0,70,-0.06
P-003374,V-00160,EMEA-E,Czechia,3,5.2,12,58,-0.06
P-003374,V-00311,EMEA-W,Spain,5,12.4,8,64,-0.14
P-003375,V-00043,APAC-NE,Taiwan,3,2.4,6,70,-0.01
P-003376,V-00504,NA-US,United States,7,20.6,4,82,-0.08
P-003376,V-00374,APAC-SE,Thailand,4,0.8,0,63,0
P-003376,V-00571,EMEA-E,Czechia,7,10.3,0,100,-0.04
P-003377,V-00551,EMEA-E,Czechia,3,0.3,0,80,0
P-003377,V-00959,SA,Argentina,6,-5.2,12,24,0.02
P-003378,V-00443,NA-US,United States,2,6.4,12,29,-0.03
P-003378,V-00096,EMEA-W,Spain,1,-1.5,6,28,0.01
P-003380,V-00097,SA,Brazil,3,4.9,12,84,-0.02
P-003381,V-00621,SA,Brazil,4,0.2,8,36,0
P-003381,V-00670,EMEA-E,Czechia,5,16.3,4,76,-0.18
P-003381,V-00733,EMEA-W,Spain,9,5.7,0,20,-0.06
P-003382,V-00096,EMEA-W,Spain,3,10.3,8,80,-0.11
P-003382,V-00096,EMEA-W,Spain,4,-3.3,0,93,0.04
P-003383,V-00737,APAC-SE,Indonesia,7,16.5,12,95,-0.07
P-003384,V-00804,SA,Brazil,4,5.6,0,99,-0.02
P-003384,V-00504,NA-US,United States,5,-3.5,8,89,0.01
P-003386,V-00188,EMEA-W,France,3,16,4,63,-0.06
P-003386,V-00792,EMEA-E,Romania,6,11.7,12,82,-0.05
P-003388,V-00694,APAC-NE,China,7,19.6,0,95,-0.08
P-003390,V-00590,APAC-IN,India,7,2.9,4,27,-0.01
P-003390,V-00163,APAC-NE,Taiwan,7,6,12,69,-0.02
P-003391,V-00891,EMEA-E,Poland,6,5,12,29,-0.02
P-003391,V-00498,EMEA-W,France,6,18.1,0,82,-0.07
P-003391,V-00098,EMEA-E,Turkey,5,9.3,0,33,-0.04
P-003392,V-00203,NA-US,United States,7,16.8,8,87,-0.07
P-003392,V-00346,EMEA-E,Poland,3,18.8,0,54,-0.08
P-003393,V-00642,EMEA-E,Czechia,5,-1.6,6,58,0.01
P-003393,V-00695,NA-MX,Mexico,5,12.9,6,55,-0.05
P-003393,V-00548,EMEA-W,Italy,7,15.6,8,50,-0.06
P-003394,V-00157,APAC-IN,India,5,-0.8,4,38,0.01
P-003394,V-00635,SA,Argentina,8,1.8,8,90,-0.02
P-003394,V-00474,NA-US,United States,2,20.9,4,56,-0.23
P-003395,V-00808,APAC-SE,Thailand,8,-4.5,6,89,0.02
P-003395,V-00597,NA-US,United States,4,9.5,6,44,-0.04
P-003395,V-00193,NA-US,United States,6,2.7,4,24,-0.01
P-003396,V-00627,SA,Brazil,4,13.5,8,70,-0.05
P-003397,V-00282,APAC-IN,India,7,0.9,4,29,0
P-003398,V-00056,APAC-SE,Malaysia,6,4.7,0,32,-0.02
P-003398,V-00572,EMEA-W,Spain,4,2.1,4,82,-0.01
P-003398,V-00396,APAC-NE,China,7,-1.4,4,37,0.01
P-003399,V-00243,APAC-IN,India,4,18.8,6,39,-0.08
P-003402,V-00248,APAC-SE,Indonesia,6,10.4,8,59,-0.04
P-003402,V-00152,APAC-SE,Indonesia,2,7.9,4,46,-0.03
P-003402,V-00564,EMEA-W,Italy,7,16.5,8,41,-0.07
P-003403,V-00337,EMEA-W,France,2,1.8,6,75,-0.01
P-003403,V-00337,EMEA-W,France,4,8.9,12,96,-0.04
P-003405,V-01000,EMEA-W,Spain,1,-5.5,4,37,0.02
P-003405,V-00558,EMEA-E,Turkey,8,11.9,12,30,-0.05
P-003408,V-00908,NA-MX,Mexico,5,9.8,0,72,-0.11
P-003408,V-00058,NA-US,United States,7,6.4,12,62,-0.07
P-003409,V-00004,APAC-NE,Japan,3,4.9,12,57,-0.05
P-003409,V-00227,APAC-SE,Indonesia,5,6,0,47,-0.07
P-003410,V-00003,NA-MX,Mexico,6,11,6,72,-0.12
P-003410,V-00378,NA-MX,Mexico,6,10.8,12,96,-0.12
P-003412,V-00021,SA,Argentina,7,4,8,81,-0.02
P-003412,V-00021,SA,Argentina,8,-3.2,0,48,0.01
P-003413,V-00506,SA,Argentina,5,9.4,12,89,-0.04
P-003414,V-00408,NA-US,United States,5,18.7,0,91,-0.07
P-003414,V-00759,EMEA-W,Italy,4,17.3,0,98,-0.07
P-003414,V-00444,APAC-SE,Vietnam,7,2,8,43,-0.01
P-003417,V-00411,EMEA-E,Turkey,4,-4,8,19,0.02
P-003418,V-00210,APAC-IN,India,4,19.4,6,85,-0.08
P-003418,V-00414,NA-US,United States,6,2.7,0,44,-0.01
P-003419,V-00206,APAC-NE,South Korea,4,13.5,4,77,-0.05
P-003419,V-00058,NA-US,United States,9,-5.7,0,47,0.02
P-003419,V-00959,SA,Argentina,8,13.9,12,53,-0.06
P-003420,V-00684,APAC-NE,Japan,5,-0.9,8,67,0.01
P-003420,V-00224,NA-US,United States,3,13.7,12,72,-0.15
P-003420,V-00684,APAC-NE,Japan,4,20.7,8,78,-0.23
P-003422,V-00592,EMEA-W,Germany,8,21,0,86,-0.08
P-003422,V-00450,APAC-IN,India,6,15.7,6,94,-0.06
P-003422,V-00007,SA,Brazil,3,7.9,6,72,-0.03
P-003423,V-00222,NA-US,United States,5,3.4,0,81,-0.01
P-003423,V-00469,APAC-SE,Indonesia,5,8.6,8,84,-0.03
P-003423,V-00129,APAC-NE,Japan,5,5.7,4,96,-0.02
P-003424,V-00926,EMEA-E,Czechia,3,12.9,0,79,-0.14
P-003428,V-00033,EMEA-E,Romania,7,-5.8,8,18,0.02
P-003428,V-00233,NA-MX,Mexico,6,6.8,4,61,-0.03
P-003429,V-00184,SA,Argentina,5,9.6,0,22,-0.04
P-003429,V-00438,EMEA-E,Poland,4,16,12,59,-0.06
P-003432,V-00147,APAC-SE,Malaysia,6,4.1,12,98,-0.02
P-003432,V-00539,EMEA-E,Turkey,7,3.9,0,43,-0.02
P-003433,V-00264,APAC-IN,India,6,9,12,38,-0.04
P-003433,V-00436,NA-US,United States,4,9.7,8,50,-0.04
P-003433,V-00196,APAC-NE,Taiwan,5,12.8,4,75,-0.05
P-003437,V-00289,EMEA-E,Turkey,3,0,0,61,0
P-003438,V-00103,APAC-SE,Indonesia,8,5.1,0,86,-0.02
P-003438,V-00375,SA,Brazil,7,-3.3,8,24,0.01
P-003439,V-00791,APAC-SE,Vietnam,7,10.9,8,72,-0.04
P-003439,V-00083,SA,Brazil,7,8.6,4,52,-0.03
P-003443,V-00802,EMEA-W,Italy,3,13.6,12,34,-0.05
P-003443,V-01098,EMEA-W,Germany,7,16.6,0,90,-0.07
P-003443,V-00558,EMEA-E,Turkey,6,19.2,12,51,-0.08
P-003445,V-00065,EMEA-E,Romania,5,-4,8,98,0.02
P-003445,V-00346,EMEA-E,Poland,2,2.2,6,69,-0.01
P-003446,V-00824,SA,Argentina,8,7.4,6,65,-0.03
P-003446,V-00580,NA-MX,Mexico,4,13.3,4,44,-0.05
P-003446,V-00308,APAC-SE,Indonesia,6,8.5,0,60,-0.03
P-003449,V-00578,EMEA-E,Turkey,4,11.4,0,94,-0.05
P-003449,V-00068,EMEA-E,Romania,7,19.3,12,88,-0.08
P-003450,V-00022,APAC-IN,India,5,-4.9,12,76,0.02
P-003450,V-00228,SA,Brazil,7,9.8,0,85,-0.04
P-003450,V-00745,APAC-SE,Malaysia,4,10.8,12,74,-0.04
P-003451,V-00669,APAC-SE,Vietnam,5,7,8,77,-0.03
P-003452,V-00460,NA-US,United States,6,17.1,0,43,-0.07
P-003452,V-00255,EMEA-E,Czechia,4,8.5,4,32,-0.03
P-003452,V-00394,SA,Argentina,5,17.8,0,58,-0.07
P-003455,V-00538,APAC-IN,India,7,-5.7,4,97,0.02
P-003455,V-00052,EMEA-E,Turkey,4,18.3,6,59,-0.07
P-003455,V-00751,APAC-SE,Indonesia,8,8.3,6,92,-0.03
P-003456,V-00344,NA-MX,Mexico,6,-0.1,8,52,0
P-003456,V-00309,APAC-NE,China,5,3.6,0,52,-0.04
P-003458,V-00070,EMEA-E,Turkey,8,9.2,0,77,-0.04
P-003458,V-00171,EMEA-E,Turkey,3,4.3,0,98,-0.02
P-003464,V-00629,NA-MX,Mexico,3,-0.2,6,46,0
P-003464,V-00505,SA,Argentina,7,0.1,6,30,0
P-003465,V-00112,NA-US,United States,7,11.2,4,75,-0.12
P-003465,V-00460,NA-US,United States,7,10,8,70,-0.11
P-003465,V-00059,EMEA-E,Czechia,2,-3.9,12,15,0.04
P-003466,V-00268,APAC-NE,South Korea,2,-0.7,12,74,0
P-003467,V-00791,APAC-SE,Vietnam,6,-5.9,12,99,0.02
P-003468,V-00554,NA-US,United States,7,16.8,0,98,-0.07
P-003468,V-00257,SA,Brazil,7,7.2,0,83,-0.03
P-003469,V-00002,APAC-NE,China,5,5.2,6,91,-0.02
P-003469,V-00148,NA-US,United States,3,-0.7,8,18,0
P-003472,V-00822,NA-US,United States,7,-5.2,0,39,0.02
P-003472,V-00298,APAC-SE,Thailand,3,4.3,8,82,-0.02
P-003473,V-00431,APAC-SE,Thailand,3,5.3,6,47,-0.02
P-003473,V-00220,EMEA-W,Spain,6,14.5,4,67,-0.06
P-003474,V-00370,EMEA-E,Poland,5,6.7,8,65,-0.07
P-003474,V-00073,NA-MX,Mexico,5,-3.9,6,63,0.04
P-003474,V-00339,SA,Argentina,5,7.5,8,25,-0.08
P-003475,V-00715,EMEA-E,Turkey,3,13.2,0,96,-0.05
P-003475,V-00373,NA-MX,Mexico,6,20.8,12,39,-0.08
P-003475,V-00218,APAC-SE,Indonesia,5,11.6,4,96,-0.05
P-003476,V-00278,APAC-IN,India,6,21.5,8,18,-0.09
P-003476,V-00206,APAC-NE,South Korea,3,21.6,6,66,-0.09
P-003477,V-00819,APAC-NE,Taiwan,3,-3.7,8,71,0.01
P-003477,V-00596,EMEA-E,Turkey,3,0.2,4,49,0
P-003478,V-00668,APAC-NE,Taiwan,3,2.4,8,72,-0.01
P-003478,V-00414,NA-US,United States,8,21,0,34,-0.08
P-003479,V-00844,SA,Brazil,8,5.8,12,78,-0.02
P-003479,V-00640,SA,Argentina,4,4.6,0,99,-0.02
P-003482,V-00553,EMEA-E,Romania,2,20.7,0,36,-0.08
P-003482,V-00930,EMEA-W,France,4,-1.7,12,82,0.01
P-003483,V-00775,NA-US,United States,6,7.9,6,16,-0.03
P-003483,V-00084,NA-MX,Mexico,6,14.1,6,53,-0.06
P-003485,V-00360,EMEA-E,Czechia,5,18,8,75,-0.07
P-003486,V-00814,APAC-IN,India,2,15.9,6,49,-0.17
P-003487,V-00686,APAC-NE,South Korea,3,17.6,0,21,-0.19
P-003490,V-00509,APAC-IN,India,4,-0.1,6,51,0
P-003491,V-00110,EMEA-E,Poland,3,9.7,0,44,-0.04
P-003491,V-00006,APAC-SE,Indonesia,3,9,12,21,-0.04
P-003492,V-00556,EMEA-E,Romania,5,-0.8,12,86,0.01
P-003492,V-00556,EMEA-E,Romania,5,-5.7,0,18,0.06
P-003493,V-00221,APAC-NE,South Korea,7,4.5,6,82,-0.05
P-003495,V-00013,SA,Argentina,1,16.1,0,65,-0.06
P-003495,V-00052,EMEA-E,Turkey,4,-5.4,12,15,0.02
P-003495,V-00224,NA-US,United States,4,-4.9,4,17,0.02
P-003497,V-00617,EMEA-W,Spain,6,3.2,8,24,-0.04
P-003497,V-00523,EMEA-W,France,2,3.9,0,26,-0.04
P-003498,V-00043,APAC-NE,Taiwan,3,-0.9,6,44,0
P-003498,V-00539,EMEA-E,Turkey,7,10,0,33,-0.04
P-003498,V-00103,APAC-SE,Indonesia,7,7.1,4,95,-0.03
P-003499,V-00553,EMEA-E,Romania,2,10.6,0,88,-0.04
P-003499,V-00561,APAC-NE,Japan,8,19.4,0,96,-0.08
P-003500,V-00623,APAC-NE,South Korea,8,4.6,6,74,-0.02
P-003501,V-00575,EMEA-W,France,4,-1.7,0,76,0.01
P-003501,V-00545,EMEA-W,France,6,3.4,4,40,-0.01
P-003502,V-00556,EMEA-E,Romania,4,17.3,8,47,-0.07
P-003503,V-00630,APAC-NE,China,6,15.1,12,26,-0.06
P-003503,V-00339,SA,Argentina,3,-2,6,83,0.01
P-003504,V-00180,APAC-IN,India,7,19.1,0,65,-0.08
P-003505,V-00620,EMEA-W,Germany,3,-4.6,8,70,0.02
P-003505,V-00181,APAC-NE,Taiwan,7,4.1,4,99,-0.02
P-003506,V-00703,NA-MX,Mexico,5,-4.9,8,74,0.02
P-003506,V-00596,EMEA-E,Turkey,2,14.6,0,55,-0.06
P-003506,V-00732,EMEA-E,Turkey,5,16.2,8,54,-0.06
P-003507,V-00221,APAC-NE,South Korea,9,14.6,8,83,-0.06
P-003507,V-00574,APAC-SE,Malaysia,5,11.1,4,68,-0.04
P-003509,V-00077,NA-US,United States,3,-4.2,8,53,0.02
P-003509,V-00551,EMEA-E,Czechia,4,-3,12,88,0.01
P-003510,V-00201,APAC-IN,India,4,-1.7,6,71,0.01
P-003510,V-00447,NA-MX,Mexico,7,-3.2,8,93,0.01
P-003510,V-00253,APAC-NE,Taiwan,6,15.8,12,15,-0.06
P-003512,V-00796,NA-MX,Mexico,6,7.1,8,16,-0.03
P-003512,V-00756,APAC-IN,India,5,18.4,8,99,-0.07
P-003512,V-00573,NA-MX,Mexico,5,0.3,0,49,0
P-003513,V-00197,APAC-SE,Indonesia,5,11.6,0,96,-0.05
P-003513,V-00691,APAC-IN,India,5,14.3,0,19,-0.06
P-003514,V-00295,NA-US,United States,3,-4,4,29,0.02
P-003514,V-00090,APAC-SE,Thailand,7,0.9,0,63,0
P-003514,V-00439,APAC-NE,China,4,8.4,0,55,-0.03
P-003516,V-00302,NA-US,United States,4,5.1,12,28,-0.06
P-003518,V-00352,SA,Brazil,8,-0.5,8,58,0.01
P-003520,V-00506,SA,Argentina,5,3.7,0,59,-0.01
P-003521,V-00689,NA-US,United States,6,9.4,4,88,-0.04
P-003521,V-00351,APAC-NE,Japan,9,6.4,0,74,-0.03
P-003522,V-00679,APAC-NE,South Korea,9,21.4,4,85,-0.09
P-003524,V-00748,NA-US,United States,4,21.6,0,62,-0.09
P-003524,V-00719,NA-US,United States,3,2.4,0,72,-0.01
P-003526,V-00075,APAC-IN,India,5,4.5,6,66,-0.02
P-003526,V-00527,NA-MX,Mexico,4,8.8,0,63,-0.04
P-003527,V-00750,EMEA-E,Poland,6,7.6,4,75,-0.03
P-003528,V-00018,NA-US,United States,3,3.8,12,30,-0.02
P-003528,V-00405,NA-MX,Mexico,2,20.5,12,74,-0.08
P-003529,V-00563,APAC-SE,Thailand,3,3.6,6,91,-0.01
P-003530,V-00060,APAC-SE,Indonesia,5,12.4,0,95,-0.05
P-003530,V-00792,EMEA-E,Romania,7,4.8,0,16,-0.02
P-003530,V-00679,APAC-NE,South Korea,7,19.7,4,57,-0.08
P-003531,V-00153,SA,Argentina,5,12.3,0,38,-0.05
P-003532,V-00298,APAC-SE,Thailand,5,12.3,4,15,-0.05
P-003533,V-00908,NA-MX,Mexico,6,1.3,0,59,-0.01
P-003533,V-00732,EMEA-E,Turkey,6,-1,6,81,0
P-003535,V-00165,SA,Brazil,5,-1.7,4,73,0.01
P-003535,V-00004,APAC-NE,Japan,4,11,0,41,-0.04
P-003535,V-00381,APAC-SE,Vietnam,4,13.2,8,38,-0.05
P-003536,V-00245,NA-US,United States,6,0,6,53,0
P-003536,V-00213,NA-US,United States,2,14,8,95,-0.06
P-003539,V-00125,EMEA-W,France,7,-4,6,57,0.02
P-003540,V-00293,APAC-NE,Taiwan,4,15.9,0,72,-0.06
P-003540,V-00334,NA-US,United States,3,9.4,0,65,-0.04
P-003542,V-00155,SA,Argentina,6,17.8,0,49,-0.07
P-003542,V-00226,SA,Brazil,6,13.6,12,92,-0.05
P-003542,V-00155,SA,Argentina,6,4.6,0,72,-0.02
P-003543,V-00562,APAC-IN,India,1,4.2,0,72,-0.02
P-003547,V-00337,EMEA-W,France,4,7.2,6,80,-0.03
P-003547,V-00007,SA,Brazil,3,21.8,12,18,-0.09
P-003547,V-00224,NA-US,United States,2,1,4,74,0
P-003548,V-00737,APAC-SE,Indonesia,6,-3.9,4,54,0.02
P-003550,V-00605,APAC-NE,Taiwan,8,3.3,4,81,-0.04
P-003551,V-00363,APAC-IN,India,8,2,0,89,-0.01
P-003552,V-00754,NA-MX,Mexico,4,7.1,0,89,-0.08
P-003552,V-00165,SA,Brazil,5,-0.5,6,96,0.01
P-003553,V-00381,APAC-SE,Vietnam,3,12,6,85,-0.05
P-003553,V-00228,SA,Brazil,5,8.4,4,89,-0.03
P-003554,V-00737,APAC-SE,Indonesia,9,6.9,6,63,-0.08
P-003554,V-00788,NA-MX,Mexico,3,-4.7,0,47,0.05
P-003556,V-00215,APAC-SE,Indonesia,3,-0.2,12,97,0
P-003556,V-00732,EMEA-E,Turkey,7,5.9,0,58,-0.02
P-003557,V-00294,NA-US,United States,2,3.1,8,38,-0.01
P-003557,V-00487,APAC-IN,India,3,-4.5,8,54,0.02
P-003557,V-00089,NA-US,United States,6,-4.4,0,69,0.02
P-003558,V-00750,EMEA-E,Poland,6,13,0,22,-0.05
P-003561,V-00283,EMEA-W,France,6,8.7,6,32,-0.03
P-003561,V-00475,APAC-SE,Thailand,7,13.3,8,86,-0.05
P-003562,V-00040,APAC-NE,China,8,11.1,6,46,-0.04
P-003563,V-00513,APAC-NE,Taiwan,8,-3.2,4,75,0.01
P-003564,V-00578,EMEA-E,Turkey,5,1.1,8,42,0
P-003564,V-00011,APAC-SE,Indonesia,5,-4.8,8,41,0.02
P-003565,V-00181,APAC-NE,Taiwan,6,0.2,12,52,0
P-003566,V-00279,EMEA-E,Czechia,6,14.4,0,39,-0.06
P-003570,V-00127,NA-MX,Mexico,3,13.3,4,66,-0.15
P-003573,V-00161,SA,Argentina,4,-0.4,0,96,0
P-003573,V-00662,APAC-IN,India,4,18.2,4,43,-0.07
P-003574,V-00438,EMEA-E,Poland,5,-3.3,0,75,0.01
P-003574,V-00030,SA,Brazil,2,17.2,6,73,-0.07
P-003574,V-00471,APAC-NE,Japan,6,17.9,0,32,-0.07
P-003576,V-00108,NA-US,United States,7,19.2,12,76,-0.08
P-003576,V-00340,NA-US,United States,2,9.9,0,59,-0.04
P-003576,V-00135,NA-MX,Mexico,4,21.7,8,75,-0.09
P-003577,V-00378,NA-MX,Mexico,6,-2.5,8,57,0.01
P-003578,V-00283,EMEA-W,France,4,-2.7,0,41,0.01
P-003578,V-00231,APAC-SE,Vietnam,6,6.9,0,76,-0.03
P-003580,V-00718,APAC-IN,India,3,20.5,0,52,-0.08
P-003580,V-00540,NA-US,United States,3,0.6,4,54,0
P-003580,V-00242,APAC-NE,Japan,4,0.5,12,96,0
P-003582,V-00465,APAC-NE,South Korea,6,-3.1,0,45,0.01
P-003582,V-00465,APAC-NE,South Korea,8,1,0,83,0
P-003583,V-00047,APAC-SE,Vietnam,4,5.7,12,61,-0.02
P-003583,V-00047,APAC-SE,Vietnam,4,17.9,0,28,-0.07
P-003584,V-00731,EMEA-W,Spain,3,-0.1,8,24,0
P-003584,V-00445,EMEA-W,France,3,13.9,4,99,-0.06
P-003585,V-00665,APAC-SE,Vietnam,1,11.3,8,89,-0.05
P-003585,V-00359,NA-MX,Mexico,7,-2.1,0,38,0.01
P-003586,V-00768,APAC-SE,Indonesia,4,-1.8,4,22,0.02
P-003587,V-00838,NA-US,United States,5,19.6,12,66,-0.08
P-003588,V-00457,NA-MX,Mexico,4,11.1,12,72,-0.04
P-003588,V-00594,APAC-NE,China,7,22,0,47,-0.09
P-003589,V-00099,SA,Brazil,6,18.2,12,28,-0.07
P-003591,V-00551,EMEA-E,Czechia,5,13.1,12,44,-0.05
P-003592,V-00509,APAC-IN,India,4,-3.4,4,91,0.01
P-003592,V-00532,APAC-SE,Thailand,3,1.3,4,43,-0.01
P-003592,V-00560,NA-US,United States,6,14.1,8,19,-0.06
P-003594,V-00470,SA,Brazil,5,21.7,0,72,-0.09
P-003596,V-00230,APAC-SE,Vietnam,5,11,8,70,-0.12
P-003597,V-00062,NA-US,United States,9,10.9,8,80,-0.12
P-003598,V-00124,EMEA-W,France,6,-2.9,8,27,0.01
P-003598,V-00268,APAC-NE,South Korea,2,11.3,0,75,-0.05
P-003598,V-00030,SA,Brazil,4,16.7,0,50,-0.07
P-003602,V-00002,APAC-NE,China,5,10.4,0,57,-0.04
P-003604,V-00269,APAC-IN,India,6,15.4,6,29,-0.17
P-003605,V-00073,NA-MX,Mexico,5,13.8,12,28,-0.06
P-003606,V-00322,EMEA-E,Poland,3,1.3,0,78,-0.01
P-003608,V-00620,EMEA-W,Germany,4,-0.3,8,45,0
P-003610,V-00559,SA,Brazil,2,17.7,0,99,-0.19
P-003610,V-00140,APAC-NE,Taiwan,2,12.3,4,44,-0.14
P-003610,V-00458,APAC-SE,Indonesia,2,15.8,0,70,-0.17
P-003611,V-00496,NA-US,United States,4,3.7,12,80,-0.01
P-003611,V-00145,NA-MX,Mexico,6,1.3,0,19,-0.01
P-003612,V-00604,EMEA-E,Czechia,8,15.2,12,86,-0.06
P-003612,V-00293,APAC-NE,Taiwan,5,9.5,0,91,-0.04
P-003612,V-00334,NA-US,United States,2,21,0,30,-0.08
P-003613,V-00592,EMEA-W,Germany,6,4.8,12,61,-0.02
P-003613,V-00555,APAC-IN,India,4,21.3,0,34,-0.09
P-003614,V-00306,EMEA-E,Turkey,8,13.7,12,50,-0.05
P-003615,V-00764,EMEA-W,Italy,7,-3.4,12,98,0.01
P-003615,V-00773,SA,Brazil,4,10.6,0,90,-0.04
P-003615,V-00503,APAC-SE,Vietnam,5,16.4,4,80,-0.07
P-003617,V-00372,NA-MX,Mexico,2,12.5,0,24,-0.05
P-003623,V-00354,NA-MX,Mexico,4,1,0,78,0
P-003623,V-00354,NA-MX,Mexico,4,6.6,12,75,-0.03
P-003626,V-00416,APAC-SE,Indonesia,5,17.9,6,30,-0.07
P-003628,V-00060,APAC-SE,Indonesia,5,3.7,8,68,-0.04
P-003628,V-00120,APAC-IN,India,4,-5.8,0,98,0.06
P-003628,V-00635,SA,Argentina,8,7.7,4,53,-0.08
P-003632,V-00670,EMEA-E,Czechia,5,15.7,0,85,-0.06
P-003636,V-00198,EMEA-W,Spain,6,-2.8,12,52,0.01
P-003636,V-00315,NA-US,United States,3,9.3,4,32,-0.04
P-003639,V-00654,NA-US,United States,4,7.8,4,22,-0.09
P-003640,V-00184,SA,Argentina,5,6.4,0,38,-0.03
P-003640,V-00124,EMEA-W,France,6,11.4,6,79,-0.05
P-003640,V-00512,NA-US,United States,6,11,4,22,-0.04
P-003642,V-00343,NA-MX,Mexico,4,16.3,12,94,-0.18
P-003642,V-00159,EMEA-W,Italy,4,-2.6,8,18,0.03
P-003643,V-00135,NA-MX,Mexico,4,16.5,4,54,-0.18
P-003643,V-00525,EMEA-E,Poland,5,20.4,6,66,-0.22
P-003643,V-00505,SA,Argentina,7,-5.8,12,77,0.06
P-003645,V-00573,NA-MX,Mexico,7,3.7,0,84,-0.04
P-003646,V-00576,NA-MX,Mexico,2,4.4,0,78,-0.02
P-003646,V-00239,NA-MX,Mexico,7,-4.5,0,67,0.02
P-003649,V-00571,EMEA-E,Czechia,6,9.9,8,45,-0.04
P-003651,V-00406,EMEA-W,Spain,7,-0.2,12,72,0
P-003651,V-00399,APAC-NE,South Korea,5,8.5,4,84,-0.03
P-003651,V-00161,SA,Argentina,2,-3,0,73,0.01
P-003655,V-00195,APAC-NE,Taiwan,5,13.5,8,25,-0.15
P-003655,V-00637,NA-MX,Mexico,2,19.5,4,79,-0.21
P-003657,V-00214,EMEA-W,France,8,-0.4,8,15,0
P-003659,V-00053,APAC-IN,India,4,20.5,8,95,-0.08
P-003660,V-00400,SA,Argentina,5,13.6,8,44,-0.05
P-003661,V-00166,APAC-IN,India,5,-4.7,6,28,0.02
P-003663,V-00689,NA-US,United States,4,-3.4,4,65,0.01
P-003663,V-00303,APAC-SE,Vietnam,6,16.1,4,45,-0.06
P-003663,V-00076,APAC-IN,India,3,2.1,6,82,-0.01
P-003664,V-00773,SA,Brazil,4,2.9,0,23,-0.01
P-003664,V-00158,NA-US,United States,4,12.3,12,56,-0.05
P-003664,V-00618,APAC-NE,South Korea,7,13.8,6,24,-0.06
P-003665,V-00014,APAC-NE,South Korea,5,14.1,8,69,-0.06
P-003666,V-00409,APAC-SE,Indonesia,6,20.2,0,83,-0.08
P-003666,V-00403,NA-MX,Mexico,4,12.4,0,98,-0.05
P-003667,V-00534,APAC-NE,Japan,2,18.3,12,67,-0.07
P-003668,V-00364,APAC-SE,Malaysia,8,6.9,0,82,-0.03
P-003668,V-00126,APAC-SE,Indonesia,1,10,12,98,-0.04
P-003669,V-00278,APAC-IN,India,7,5.1,0,15,-0.02
P-003669,V-00650,APAC-IN,India,5,-0.1,12,16,0
P-003669,V-00977,NA-MX,Mexico,6,7.8,4,35,-0.03
P-003671,V-00355,NA-MX,Mexico,8,-5.2,0,53,0.02
P-003672,V-00630,APAC-NE,China,6,-4.1,0,57,0.02
P-003672,V-00417,APAC-IN,India,5,15.6,0,34,-0.06
P-003673,V-00434,APAC-NE,Japan,4,14.9,4,54,-0.06
P-003673,V-00668,APAC-NE,Taiwan,1,12.6,12,33,-0.05
P-003673,V-00032,APAC-IN,India,4,8.6,4,77,-0.03
P-003674,V-00077,NA-US,United States,4,5,0,100,-0.02
P-003674,V-00516,EMEA-W,Italy,4,-0.2,4,33,0
P-003674,V-00650,APAC-IN,India,6,0.1,4,31,0
P-003675,V-00925,NA-MX,Mexico,6,-2.5,12,49,0.01
P-003675,V-00262,EMEA-E,Poland,6,17,8,32,-0.07
P-003676,V-00596,EMEA-E,Turkey,4,1.5,12,39,-0.02
P-003676,V-00058,NA-US,United States,8,-4.5,8,46,0.05
P-003676,V-00959,SA,Argentina,8,8.1,0,94,-0.09
P-003677,V-00579,NA-US,United States,7,-4.2,8,81,0.02
P-003677,V-00074,SA,Argentina,5,5.3,6,57,-0.02
P-003677,V-00704,SA,Argentina,9,4,8,59,-0.02
P-003678,V-00512,NA-US,United States,6,17.5,6,73,-0.07
P-003681,V-00657,SA,Argentina,3,17.3,12,89,-0.07
P-003682,V-00271,APAC-NE,China,6,12,6,41,-0.05
P-003684,V-00220,EMEA-W,Spain,8,21.3,8,52,-0.09
P-003685,V-00453,SA,Brazil,4,-1.8,8,80,0.01
P-003685,V-00723,EMEA-E,Poland,4,-3.3,12,44,0.01
P-003685,V-00024,NA-US,United States,7,1.3,6,72,-0.01
P-003686,V-00514,APAC-NE,Japan,6,6.7,8,42,-0.03
P-003686,V-00405,NA-MX,Mexico,4,13.8,0,48,-0.06
P-003687,V-00415,APAC-NE,Taiwan,2,-1,4,92,0.01
P-003687,V-00639,EMEA-E,Turkey,3,10.7,8,18,-0.12
P-003689,V-00635,SA,Argentina,7,-1.2,6,53,0
P-003689,V-00014,APAC-NE,South Korea,6,12.1,8,54,-0.05
P-003690,V-00655,APAC-NE,South Korea,7,-5.2,12,28,0.02
P-003691,V-00857,APAC-NE,Japan,6,19.3,0,71,-0.08
P-003691,V-00641,NA-US,United States,6,8.4,0,63,-0.03
P-003691,V-00673,NA-US,United States,5,0.3,8,80,0
P-003692,V-00333,APAC-IN,India,3,10.9,0,39,-0.12
P-003692,V-00007,SA,Brazil,4,-5.5,6,80,0.06
P-003692,V-00337,EMEA-W,France,3,7.1,8,26,-0.08
P-003693,V-00412,APAC-SE,Vietnam,9,-5.2,8,15,0.02
P-003693,V-00668,APAC-NE,Taiwan,3,1.3,0,70,-0.01
P-003694,V-00139,EMEA-E,Poland,5,8,8,46,-0.09
P-003694,V-00725,EMEA-W,France,7,6.9,0,88,-0.08
P-003694,V-00664,APAC-NE,Taiwan,6,18,0,88,-0.2
P-003696,V-00451,NA-MX,Mexico,4,1.7,4,20,-0.01
P-003696,V-00012,APAC-NE,Taiwan,6,12.1,6,29,-0.05
P-003697,V-00383,APAC-NE,Taiwan,7,8.4,4,88,-0.09
P-003697,V-00383,APAC-NE,Taiwan,9,5.2,12,55,-0.06
P-003697,V-00278,APAC-IN,India,8,15.9,0,31,-0.17
P-003700,V-00339,SA,Argentina,2,2.4,12,42,-0.01
P-003701,V-00372,NA-MX,Mexico,4,21.4,6,91,-0.09
P-003701,V-00358,APAC-NE,Japan,2,10.4,0,71,-0.04
P-003701,V-00108,NA-US,United States,9,11.2,12,26,-0.04
P-003702,V-00684,APAC-NE,Japan,7,14.1,6,38,-0.06
P-003702,V-00592,EMEA-W,Germany,8,15.8,4,18,-0.06
P-003703,V-00578,EMEA-E,Turkey,5,19.9,6,81,-0.22
P-003703,V-00706,APAC-IN,India,2,17.4,0,89,-0.19
P-003703,V-00137,SA,Brazil,7,13.5,8,53,-0.15
P-003704,V-00057,NA-MX,Mexico,7,-4.2,6,41,0.02
P-003705,V-00376,SA,Brazil,3,-3.3,0,40,0.01
P-003705,V-00046,NA-MX,Mexico,5,3,4,96,-0.01
P-003708,V-00659,EMEA-E,Poland,3,9.6,0,58,-0.04
P-003709,V-00408,NA-US,United States,2,7.8,8,68,-0.03
P-003710,V-00389,APAC-NE,Japan,4,21.4,8,75,-0.24
P-003711,V-00752,NA-US,United States,6,17.1,0,49,-0.07
P-003712,V-00484,EMEA-E,Romania,4,-0.2,8,23,0
P-003712,V-00050,NA-US,United States,5,14.3,6,76,-0.06
P-003714,V-00765,EMEA-E,Poland,6,-1.2,12,38,0
P-003714,V-00694,APAC-NE,China,7,8.3,0,49,-0.03
P-003714,V-00271,APAC-NE,China,7,18.7,0,80,-0.07
P-003715,V-00098,EMEA-E,Turkey,3,5.8,12,72,-0.06
P-003715,V-00436,NA-US,United States,5,-1.4,12,31,0.02
P-003716,V-00345,EMEA-E,Poland,6,15.2,6,23,-0.17
P-003716,V-00175,NA-US,United States,1,6.6,8,26,-0.07
P-003717,V-00242,APAC-NE,Japan,5,12.9,12,71,-0.05
P-003717,V-00145,NA-MX,Mexico,4,-5.3,0,18,0.02
P-003718,V-00431,APAC-SE,Thailand,4,5.2,4,75,-0.02
P-003719,V-00267,NA-MX,Mexico,6,5.7,0,51,-0.02
P-003719,V-00108,NA-US,United States,6,4.1,4,39,-0.02
P-003719,V-00199,NA-MX,Mexico,5,17.1,6,63,-0.07
P-003721,V-00638,EMEA-W,Germany,7,-1.4,8,67,0.01
P-003722,V-00656,SA,Brazil,3,18.3,12,59,-0.07
P-003722,V-00284,EMEA-E,Romania,5,14.5,8,18,-0.06
P-003723,V-00647,APAC-SE,Vietnam,4,1.8,6,21,-0.01
P-003723,V-00647,APAC-SE,Vietnam,4,12.3,12,66,-0.05
P-003723,V-00289,EMEA-E,Turkey,5,18.5,0,58,-0.07
P-003724,V-00504,NA-US,United States,5,14.3,6,99,-0.06
P-003724,V-00419,SA,Argentina,4,4.8,8,79,-0.02
P-003724,V-00046,NA-MX,Mexico,4,6.9,12,54,-0.03
P-003727,V-00775,NA-US,United States,4,3.9,0,63,-0.02
P-003731,V-00318,EMEA-W,France,4,14.9,0,49,-0.16
P-003731,V-00190,NA-MX,Mexico,2,3.7,12,53,-0.04
P-003731,V-00034,APAC-IN,India,3,16.7,4,87,-0.18
P-003732,V-00627,SA,Brazil,6,18.2,0,55,-0.2
P-003732,V-00543,NA-US,United States,6,15.2,8,77,-0.17
P-003733,V-00049,NA-MX,Mexico,7,-4.4,12,80,0.02
P-003735,V-00271,APAC-NE,China,6,15.7,0,32,-0.06
P-003735,V-00047,APAC-SE,Vietnam,4,9.8,6,76,-0.04
P-003736,V-00749,NA-US,United States,4,13.2,4,34,-0.05
P-003736,V-00077,NA-US,United States,6,-2.2,12,71,0.01
P-003737,V-00289,EMEA-E,Turkey,5,15.6,8,59,-0.17
P-003738,V-00609,APAC-NE,Japan,4,17.5,12,51,-0.19
P-003739,V-00831,APAC-SE,Thailand,4,2.7,12,29,-0.01
P-003740,V-00460,NA-US,United States,5,3.5,0,45,-0.01
P-003741,V-00594,APAC-NE,China,5,8.2,8,16,-0.03
P-003741,V-00427,NA-US,United States,4,3.5,12,46,-0.01
P-003742,V-00047,APAC-SE,Vietnam,4,21.9,8,57,-0.09
P-003742,V-00153,SA,Argentina,3,-0.8,0,18,0
P-003742,V-00778,NA-US,United States,6,5.4,0,68,-0.02
P-003743,V-00293,APAC-NE,Taiwan,5,20.5,6,62,-0.23
P-003743,V-00512,NA-US,United States,5,21.7,12,92,-0.24
P-003744,V-00208,EMEA-W,France,5,2.3,12,60,-0.03
P-003744,V-00743,EMEA-E,Czechia,4,15.1,8,34,-0.17
P-003746,V-00627,SA,Brazil,6,-1.1,0,42,0
P-003746,V-00144,SA,Brazil,4,10.9,8,70,-0.04
P-003749,V-00088,APAC-SE,Vietnam,4,-5.3,8,93,0.02
P-003751,V-00286,SA,Argentina,5,0.5,4,57,-0.01
P-003751,V-00249,APAC-SE,Indonesia,4,9.4,0,20,-0.1
P-003753,V-00580,NA-MX,Mexico,6,-4.4,0,48,0.02
P-003754,V-00814,APAC-IN,India,2,14.5,6,19,-0.16
P-003754,V-00415,APAC-NE,Taiwan,3,9,6,30,-0.1
P-003757,V-00695,NA-MX,Mexico,6,16.8,8,97,-0.07
P-003757,V-00237,EMEA-W,Italy,2,9.4,0,52,-0.04
P-003757,V-00708,EMEA-W,Spain,7,5.8,12,72,-0.02
P-003758,V-00263,EMEA-E,Czechia,8,13.2,0,45,-0.05
P-003758,V-00715,EMEA-E,Turkey,4,-1.3,4,29,0.01
P-003759,V-00753,APAC-SE,Vietnam,3,9.5,12,44,-0.04
P-003761,V-00205,NA-MX,Mexico,3,2.5,6,36,-0.01
P-003761,V-00361,NA-MX,Mexico,3,4.2,4,81,-0.02
P-003761,V-00164,EMEA-W,Spain,8,12.2,8,35,-0.05
P-003762,V-00506,SA,Argentina,3,21.9,6,47,-0.09
P-003762,V-00118,SA,Brazil,6,17.3,12,86,-0.07
P-003762,V-00620,EMEA-W,Germany,3,19.6,6,91,-0.08
P-003763,V-00205,NA-MX,Mexico,5,5.4,0,19,-0.02
P-003763,V-00149,NA-US,United States,6,10.6,0,38,-0.04
P-003763,V-00334,NA-US,United States,4,6.4,4,44,-0.03
P-003764,V-00543,NA-US,United States,6,14.3,0,51,-0.16
P-003764,V-00473,NA-MX,Mexico,6,-5.9,0,41,0.06
P-003764,V-00635,SA,Argentina,7,14.7,0,94,-0.16
P-003765,V-00602,APAC-SE,Thailand,5,2.6,12,61,-0.03
P-003765,V-00482,APAC-NE,Taiwan,1,13,6,79,-0.14
P-003767,V-00593,APAC-IN,India,7,1.5,6,35,-0.01
P-003768,V-00274,EMEA-W,Spain,5,4.5,0,15,-0.02
P-003768,V-00293,APAC-NE,Taiwan,4,11.7,4,34,-0.05
P-003771,V-00606,APAC-SE,Malaysia,6,-1.2,4,98,0
P-003771,V-00139,EMEA-E,Poland,4,11,0,71,-0.04
P-003773,V-00218,APAC-SE,Indonesia,5,-1.9,12,29,0.01
P-003773,V-00201,APAC-IN,India,2,6.7,0,97,-0.03
P-003775,V-00258,NA-US,United States,6,-4.7,6,87,0.02
P-003775,V-00644,EMEA-E,Turkey,6,17.4,8,77,-0.07
P-003775,V-00447,NA-MX,Mexico,8,20.4,6,74,-0.08
P-003777,V-00290,APAC-SE,Indonesia,8,-1,0,62,0
P-003777,V-00533,APAC-IN,India,3,12.4,0,89,-0.05
P-003777,V-00160,EMEA-E,Czechia,5,4.4,4,69,-0.02
P-003780,V-00323,EMEA-E,Czechia,2,11.6,0,98,-0.05
P-003783,V-00093,APAC-SE,Indonesia,6,18.6,0,79,-0.07
P-003784,V-00705,NA-US,United States,4,21.6,12,90,-0.09
P-003786,V-00280,APAC-IN,India,4,17.1,4,16,-0.07
P-003786,V-00487,APAC-IN,India,4,18.8,4,56,-0.08
P-003790,V-00485,EMEA-E,Czechia,5,12.8,0,74,-0.14
P-003790,V-00192,APAC-SE,Malaysia,3,18.3,0,33,-0.2
P-003794,V-00584,APAC-IN,India,8,-1.5,12,25,0.01
P-003795,V-00419,SA,Argentina,5,20.4,0,49,-0.08
P-003797,V-00562,APAC-IN,India,3,-2.5,12,56,0.01
P-003797,V-00073,NA-MX,Mexico,6,5,0,66,-0.02
P-003797,V-00823,NA-US,United States,4,4.3,0,65,-0.02
P-003798,V-00115,APAC-NE,Taiwan,3,7.2,12,31,-0.03
P-003798,V-00368,NA-US,United States,7,4.4,12,72,-0.02
P-003798,V-00082,SA,Argentina,4,1.7,8,76,-0.01
P-003802,V-00197,APAC-SE,Indonesia,5,-4.3,0,55,0.02
P-003802,V-00646,APAC-SE,Malaysia,5,15.8,0,31,-0.06
P-003802,V-00736,NA-US,United States,6,18.9,8,79,-0.08
P-003803,V-00769,EMEA-W,Spain,6,7.8,0,83,-0.03
P-003804,V-00666,APAC-SE,Indonesia,4,6.8,8,30,-0.03
P-003805,V-00144,SA,Brazil,5,21.9,4,72,-0.09
P-003805,V-00814,APAC-IN,India,2,18.5,8,34,-0.07
P-003805,V-00296,NA-MX,Mexico,3,4.9,0,74,-0.02
P-003807,V-00417,APAC-IN,India,4,-5.1,8,92,0.02
P-003807,V-00562,APAC-IN,India,1,14.3,6,81,-0.06
P-003808,V-00541,APAC-SE,Malaysia,6,-2.7,6,60,0.01
P-003808,V-00242,APAC-NE,Japan,5,9.5,12,83,-0.04
P-003808,V-00177,APAC-IN,India,3,2.5,4,18,-0.01
P-003810,V-00569,APAC-IN,India,7,5.8,12,100,-0.02
P-003810,V-00485,EMEA-E,Czechia,5,16.1,4,59,-0.06
P-003810,V-00140,APAC-NE,Taiwan,3,21.1,12,92,-0.08
P-003811,V-00218,APAC-SE,Indonesia,2,0,12,86,0
P-003811,V-00258,NA-US,United States,5,11,0,44,-0.04
P-003813,V-00299,NA-MX,Mexico,5,-5.1,0,71,0.02
P-003815,V-00151,APAC-IN,India,6,7.5,6,21,-0.03
P-003816,V-00240,NA-US,United States,3,2.9,12,44,-0.01
P-003816,V-00201,APAC-IN,India,2,17.5,8,90,-0.07
P-003816,V-00218,APAC-SE,Indonesia,4,2.5,8,30,-0.01
P-003817,V-00101,EMEA-W,Spain,6,-0.1,6,98,0
P-003817,V-00855,NA-MX,Mexico,7,4.8,12,50,-0.02
P-003817,V-00562,APAC-IN,India,4,11.9,0,45,-0.05
P-003818,V-00433,SA,Brazil,8,-0.9,6,44,0
P-003819,V-00189,EMEA-W,Spain,6,8.2,0,34,-0.03
P-003819,V-00152,APAC-SE,Indonesia,2,2.8,6,42,-0.01
P-003820,V-00329,SA,Argentina,3,16.5,8,73,-0.18
P-003820,V-00598,APAC-IN,India,7,5.5,8,31,-0.06
P-003820,V-00771,NA-MX,Mexico,6,5.7,8,44,-0.06
P-003821,V-00331,NA-MX,Mexico,3,13.2,0,88,-0.05
P-003821,V-00484,EMEA-E,Romania,7,21.7,0,96,-0.09
P-003822,V-00073,NA-MX,Mexico,5,21,0,20,-0.23
P-003822,V-00761,SA,Brazil,8,13.6,12,64,-0.15
P-003823,V-00342,SA,Argentina,6,10.2,12,46,-0.04
P-003825,V-00212,NA-MX,Mexico,4,15.9,12,87,-0.06
P-003826,V-00570,APAC-NE,Japan,5,6.1,0,97,-0.02
P-003826,V-00376,SA,Brazil,6,-2.2,6,15,0.01
P-003826,V-00374,APAC-SE,Thailand,3,10.2,0,98,-0.04
P-003827,V-00227,APAC-SE,Indonesia,7,-4.8,0,71,0.02
P-003827,V-00851,SA,Argentina,5,-3.6,0,38,0.01
P-003827,V-00547,EMEA-W,Spain,6,1.5,12,16,-0.01
P-003829,V-00413,APAC-NE,South Korea,4,10.1,0,42,-0.04
P-003829,V-00342,SA,Argentina,5,13.4,12,16,-0.05
P-003829,V-00652,SA,Argentina,8,14.1,8,90,-0.06
P-003830,V-00693,NA-US,United States,6,18.4,8,65,-0.2
P-003833,V-00166,APAC-IN,India,5,19.7,4,81,-0.08
P-003833,V-00341,NA-US,United States,7,-3.2,8,16,0.01
P-003833,V-00096,EMEA-W,Spain,3,9.6,6,34,-0.04
P-003834,V-00812,NA-MX,Mexico,4,12.8,8,48,-0.05
P-003835,V-00644,EMEA-E,Turkey,5,-5.7,4,41,0.02
P-003835,V-00218,APAC-SE,Indonesia,3,-2.2,8,39,0.01
P-003835,V-00373,NA-MX,Mexico,7,-0.1,12,74,0
P-003836,V-00583,APAC-NE,Japan,6,-4.3,8,36,0.05
P-003836,V-00110,EMEA-E,Poland,3,8.8,0,41,-0.1
P-003837,V-00649,EMEA-W,France,6,-1.9,6,59,0.01
P-003837,V-00289,EMEA-E,Turkey,5,0.6,0,58,0
P-003837,V-00480,APAC-NE,Taiwan,7,19.1,4,26,-0.08
P-003839,V-00331,NA-MX,Mexico,2,-0.9,0,49,0
P-003839,V-00138,EMEA-W,France,3,9.8,12,66,-0.04
P-003839,V-00065,EMEA-E,Romania,5,-4.7,0,94,0.02
P-003840,V-01098,EMEA-W,Germany,7,9.6,0,98,-0.04
P-003840,V-00621,SA,Brazil,4,16.6,8,64,-0.07
P-003840,V-00084,NA-MX,Mexico,8,19,0,59,-0.08
P-003841,V-00465,APAC-NE,South Korea,7,-4.8,0,44,0.02
P-003841,V-00065,EMEA-E,Romania,6,-0.8,8,73,0
P-003841,V-00388,EMEA-W,Spain,4,0.5,4,66,0
P-003842,V-00839,EMEA-E,Czechia,7,21.5,6,20,-0.09
P-003842,V-00368,NA-US,United States,7,19.9,4,19,-0.08
P-003846,V-00230,APAC-SE,Vietnam,5,1.3,4,75,-0.01
P-003847,V-00108,NA-US,United States,7,12.4,6,97,-0.14
P-003847,V-00199,NA-MX,Mexico,5,1.6,0,16,-0.02
P-003848,V-00686,APAC-NE,South Korea,4,18.2,0,81,-0.07
P-003848,V-00631,NA-MX,Mexico,4,5.7,6,62,-0.02
P-003850,V-00719,NA-US,United States,3,7.2,0,39,-0.03
P-003850,V-00610,SA,Brazil,7,-0.6,12,17,0
P-003852,V-00617,EMEA-W,Spain,5,4.3,4,34,-0.02
P-003852,V-00777,EMEA-W,Germany,3,-1.2,0,23,0
P-003852,V-00284,EMEA-E,Romania,4,5.7,6,94,-0.02
P-003853,V-00586,NA-MX,Mexico,7,-2.6,12,40,0.01
P-003853,V-00122,APAC-SE,Malaysia,6,4.1,8,84,-0.02
P-003853,V-00658,SA,Brazil,7,15.7,0,99,-0.06
P-003855,V-00087,APAC-NE,Japan,6,2.4,12,60,-0.01
P-003856,V-00420,APAC-SE,Malaysia,3,-0.1,6,39,0
P-003856,V-00205,NA-MX,Mexico,5,3.2,0,88,-0.01
P-003858,V-00643,APAC-IN,India,7,16.7,8,88,-0.07
P-003860,V-00923,NA-MX,Mexico,2,16.6,0,48,-0.07
P-003860,V-00051,NA-MX,Mexico,7,3.5,12,53,-0.01
P-003860,V-00802,EMEA-W,Italy,5,2.3,0,60,-0.01
P-003865,V-01129,EMEA-E,Czechia,8,0.8,6,73,0
P-003867,V-00492,APAC-IN,India,6,3.4,4,28,-0.01
P-003868,V-00191,EMEA-E,Turkey,6,17.4,12,38,-0.07
P-003869,V-00362,SA,Brazil,5,18.5,6,50,-0.07
P-003869,V-00564,EMEA-W,Italy,6,-1.4,0,77,0.01
P-003869,V-00328,NA-MX,Mexico,6,18.2,0,88,-0.07
P-003870,V-00175,NA-US,United States,4,8.5,6,36,-0.03
P-003870,V-00141,APAC-SE,Malaysia,6,1,8,72,0
P-003870,V-00625,APAC-SE,Malaysia,7,12.7,12,19,-0.05
P-003871,V-00759,EMEA-W,Italy,4,8.1,0,68,-0.09
P-003871,V-00567,EMEA-E,Romania,2,4.8,6,40,-0.05
P-003871,V-00696,APAC-SE,Indonesia,7,4.4,6,35,-0.05
P-003872,V-00632,EMEA-W,Germany,7,-1,0,31,0
P-003872,V-00380,APAC-SE,Vietnam,4,16.5,12,48,-0.07
P-003872,V-00308,APAC-SE,Indonesia,7,4.1,0,94,-0.02
P-003874,V-00266,SA,Brazil,7,0.3,4,36,0
P-003874,V-00615,EMEA-E,Romania,2,18.3,0,59,-0.07
P-003875,V-00147,APAC-SE,Malaysia,5,18.9,0,78,-0.08
P-003875,V-00103,APAC-SE,Indonesia,7,14.8,0,65,-0.06
P-003876,V-00531,NA-MX,Mexico,4,14.3,0,53,-0.06
P-003876,V-00105,APAC-SE,Thailand,7,15.7,6,54,-0.06
P-003876,V-00052,EMEA-E,Turkey,4,20.6,0,97,-0.08
P-003879,V-00492,APAC-IN,India,7,8.9,0,29,-0.04
P-003879,V-00418,APAC-NE,Taiwan,4,-1.1,0,63,0
P-003880,V-00398,EMEA-E,Czechia,7,0,8,40,0
P-003880,V-00028,APAC-IN,India,4,17.9,0,23,-0.07
P-003881,V-00515,EMEA-E,Turkey,8,15,0,67,-0.06
P-003882,V-00246,NA-MX,Mexico,9,8,12,52,-0.09
P-003882,V-00045,NA-US,United States,4,10.2,0,80,-0.11
P-003886,V-00464,EMEA-W,Spain,7,-2.3,12,91,0.01
P-003886,V-00885,NA-MX,Mexico,7,20.5,8,23,-0.08
P-003889,V-00417,APAC-IN,India,6,2.3,0,25,-0.01
P-003890,V-00773,SA,Brazil,2,12.8,6,54,-0.14
P-003890,V-00458,APAC-SE,Indonesia,4,0.7,12,54,-0.01
P-003891,V-00032,APAC-IN,India,7,4,0,49,-0.02
P-003891,V-00251,SA,Argentina,3,3.1,12,51,-0.01
P-003894,V-00016,SA,Brazil,2,17.5,0,49,-0.19
P-003894,V-00599,APAC-IN,India,3,7.5,8,62,-0.08
P-003894,V-00572,EMEA-W,Spain,4,8.3,6,63,-0.09
P-003895,V-00513,APAC-NE,Taiwan,9,15,8,24,-0.06
P-003895,V-00513,APAC-NE,Taiwan,7,20.8,6,76,-0.08
P-003896,V-00478,APAC-SE,Vietnam,3,2.9,0,23,-0.01
P-003897,V-00131,EMEA-E,Czechia,7,20.3,8,15,-0.08
P-003898,V-00540,NA-US,United States,3,9.7,6,25,-0.04
P-003898,V-00086,EMEA-E,Czechia,6,4.5,4,20,-0.02
P-003899,V-00317,APAC-IN,India,5,-1.4,0,85,0.01
P-003899,V-00704,SA,Argentina,8,-3,6,44,0.01
P-003900,V-00669,APAC-SE,Vietnam,6,21.2,6,85,-0.08
P-003900,V-00021,SA,Argentina,8,2.5,12,60,-0.01
P-003900,V-00521,NA-US,United States,4,3,6,23,-0.01
P-003903,V-00346,EMEA-E,Poland,2,15.4,6,98,-0.06
P-003903,V-00222,NA-US,United States,3,12.2,6,90,-0.05
P-003906,V-00543,NA-US,United States,6,-3.2,4,60,0.01
P-003906,V-00144,SA,Brazil,4,21.7,6,17,-0.09
P-003906,V-00803,EMEA-E,Czechia,5,3.2,6,77,-0.01
P-003907,V-00372,NA-MX,Mexico,1,0.3,12,23,0
P-003907,V-00427,NA-US,United States,4,-1.5,4,38,0.01
P-003909,V-00753,APAC-SE,Vietnam,5,-5.8,0,17,0.02
P-003911,V-00005,EMEA-E,Turkey,5,-1.1,0,54,0.01
P-003911,V-00908,NA-MX,Mexico,7,13.7,8,79,-0.15
P-003911,V-00945,APAC-IN,India,5,1.9,4,37,-0.02
P-003914,V-00246,NA-MX,Mexico,9,17.4,4,95,-0.07
P-003914,V-00585,SA,Brazil,5,8.8,0,41,-0.04
P-003914,V-00017,APAC-NE,China,5,1.1,4,99,0
P-003915,V-00489,SA,Brazil,9,0,12,19,0
P-003916,V-00167,APAC-IN,India,6,1.2,4,47,-0.01
P-003916,V-00536,SA,Brazil,5,3.9,6,77,-0.04
P-003916,V-00348,EMEA-W,Spain,6,9.1,12,18,-0.1
P-003918,V-01032,APAC-SE,Indonesia,6,6.9,8,17,-0.03
P-003918,V-01073,EMEA-W,Spain,6,-0.5,0,21,0
P-003918,V-00878,EMEA-W,France,4,12.8,6,39,-0.05
P-003919,V-00713,APAC-IN,India,7,9.9,0,89,-0.04
P-003920,V-00112,NA-US,United States,9,19.4,6,98,-0.08
P-003920,V-00079,APAC-IN,India,6,18.3,8,36,-0.07
P-003920,V-00216,EMEA-W,Italy,2,-3.3,0,26,0.01
P-003921,V-00419,SA,Argentina,6,4.4,8,71,-0.02
P-003922,V-00184,SA,Argentina,5,2.5,6,78,-0.01
P-003922,V-00471,APAC-NE,Japan,7,9.6,0,48,-0.04
P-003922,V-00364,APAC-SE,Malaysia,7,14.3,4,23,-0.06
P-003923,V-00515,EMEA-E,Turkey,8,-1.8,4,62,0.01
P-003923,V-00418,APAC-NE,Taiwan,2,19.4,8,50,-0.08
P-003925,V-00014,APAC-NE,South Korea,6,8,0,99,-0.03
P-003925,V-00867,NA-US,United States,5,4.2,6,72,-0.02
P-003925,V-00060,APAC-SE,Indonesia,5,1,4,62,0
P-003926,V-00281,APAC-IN,India,5,3,0,66,-0.01
P-003927,V-00253,APAC-NE,Taiwan,7,16.4,12,84,-0.18
P-003927,V-00373,NA-MX,Mexico,5,9,0,97,-0.1
P-003928,V-00823,NA-US,United States,5,15.8,12,51,-0.17
P-003928,V-00641,NA-US,United States,8,6.4,4,29,-0.07
P-003928,V-00387,EMEA-W,Germany,4,15.3,12,33,-0.17
P-003929,V-00507,APAC-NE,Taiwan,4,6.1,0,75,-0.02
P-003931,V-00495,SA,Brazil,7,14.5,0,56,-0.06
P-003933,V-00250,APAC-NE,Japan,2,5.7,0,41,-0.02
P-003937,V-00487,APAC-IN,India,2,13.8,6,72,-0.06
P-003937,V-00431,APAC-SE,Thailand,5,20.6,12,39,-0.08
P-003937,V-00602,APAC-SE,Thailand,2,7.6,4,77,-0.03
P-003938,V-00618,APAC-NE,South Korea,5,6.7,0,35,-0.03
P-003938,V-00269,APAC-IN,India,7,12,8,67,-0.05
P-003940,V-00017,APAC-NE,China,3,10.2,0,82,-0.04
P-003940,V-00574,APAC-SE,Malaysia,5,8.7,8,29,-0.03
P-003940,V-00389,APAC-NE,Japan,2,6.6,6,93,-0.03
P-003941,V-00665,APAC-SE,Vietnam,2,8.3,6,94,-0.03
P-003941,V-00185,APAC-IN,India,5,11.6,0,71,-0.05
P-003941,V-00401,SA,Brazil,7,21.2,12,25,-0.08
P-003942,V-00790,APAC-SE,Malaysia,8,7.3,12,80,-0.03
P-003942,V-00854,NA-US,United States,8,20.8,8,30,-0.08
P-003944,V-00251,SA,Argentina,5,2.1,12,74,-0.01
P-003947,V-00055,APAC-IN,India,9,4.3,12,15,-0.02
P-003947,V-00404,EMEA-E,Romania,2,1,8,71,0
P-003948,V-00658,SA,Brazil,5,-3.1,8,41,0.01
P-003950,V-00334,NA-US,United States,4,17.2,12,15,-0.07
P-003950,V-00221,APAC-NE,South Korea,9,18.2,12,34,-0.07
P-003951,V-00387,EMEA-W,Germany,5,13.2,4,62,-0.15
P-003951,V-00354,NA-MX,Mexico,5,2.3,4,47,-0.03
P-003951,V-00683,NA-US,United States,4,7.7,8,91,-0.08
P-003953,V-00013,SA,Argentina,3,-3,4,34,0.03
P-003954,V-00499,NA-US,United States,4,9.9,0,47,-0.04
P-003954,V-00254,SA,Argentina,3,3.2,8,17,-0.01
P-003954,V-00554,NA-US,United States,7,17.6,6,83,-0.07
P-003955,V-00371,APAC-SE,Indonesia,7,11,0,37,-0.04
P-003955,V-00124,EMEA-W,France,7,13.7,12,21,-0.05
P-003956,V-00161,SA,Argentina,4,15,4,47,-0.06
P-003956,V-00483,EMEA-W,Germany,8,15.1,4,17,-0.06
P-003957,V-00561,APAC-NE,Japan,7,18.4,8,34,-0.07
P-003957,V-00270,APAC-IN,India,6,12.7,12,58,-0.05
P-003958,V-00052,EMEA-E,Turkey,5,-3.3,6,55,0.01
P-003958,V-00789,SA,Argentina,4,-1.8,8,43,0.01
P-003958,V-00337,EMEA-W,France,3,11.6,0,50,-0.05
P-003959,V-00546,NA-MX,Mexico,4,6.9,0,59,-0.03
P-003960,V-00572,EMEA-W,Spain,5,7.8,8,81,-0.03
P-003960,V-00106,NA-MX,Mexico,4,1.7,6,83,-0.01
P-003961,V-00704,SA,Argentina,7,17.9,8,93,-0.07
P-003961,V-00266,SA,Brazil,7,12.7,8,70,-0.05
P-003961,V-00600,APAC-IN,India,7,21.6,0,22,-0.09
P-003962,V-00177,APAC-IN,India,2,-2,4,62,0.01
P-003962,V-00541,APAC-SE,Malaysia,8,16.6,12,80,-0.07
P-003963,V-00173,APAC-NE,South Korea,4,-2.4,6,94,0.03
P-003963,V-00330,NA-MX,Mexico,6,15.3,0,38,-0.17
P-003964,V-00700,NA-US,United States,6,-0.4,6,93,0
P-003965,V-00844,SA,Brazil,7,11.8,0,33,-0.05
P-003965,V-00322,EMEA-E,Poland,3,16.3,0,63,-0.07
P-003966,V-00710,EMEA-W,France,4,6.5,0,41,-0.07
P-003966,V-00850,APAC-NE,Japan,6,10.3,0,21,-0.11
P-003966,V-00651,SA,Brazil,5,9.4,6,97,-0.1
P-003969,V-00007,SA,Brazil,4,9,6,100,-0.04
P-003970,V-00107,SA,Brazil,3,9.4,12,69,-0.04
P-003970,V-00658,SA,Brazil,4,0.5,0,34,0
P-003971,V-00592,EMEA-W,Germany,6,9.4,0,24,-0.04
P-003971,V-00052,EMEA-E,Turkey,4,10.7,8,37,-0.04
P-003972,V-00474,NA-US,United States,3,21.1,4,35,-0.08
P-003972,V-00513,APAC-NE,Taiwan,9,1.8,4,44,-0.01
P-003972,V-00480,APAC-NE,Taiwan,8,17.2,6,65,-0.07
P-003973,V-00669,APAC-SE,Vietnam,5,-0.9,4,27,0
P-003974,V-00756,APAC-IN,India,6,-2.2,0,34,0.01
P-003974,V-00536,SA,Brazil,5,-5,4,85,0.02
P-003974,V-00321,APAC-SE,Malaysia,5,6.7,6,23,-0.03
P-003975,V-00270,APAC-IN,India,6,4.6,4,99,-0.05
P-003975,V-00695,NA-MX,Mexico,5,4.1,6,21,-0.05
P-003977,V-00644,EMEA-E,Turkey,6,5.4,0,66,-0.02
P-003977,V-00447,NA-MX,Mexico,8,-2,8,46,0.01
P-003977,V-00079,APAC-IN,India,6,3.4,12,25,-0.01
P-003978,V-00592,EMEA-W,Germany,7,0.1,6,72,0
P-003978,V-00743,EMEA-E,Czechia,4,4.4,12,18,-0.05
P-003978,V-00212,NA-MX,Mexico,4,7.2,4,91,-0.08
P-003979,V-00016,SA,Brazil,2,7.6,8,59,-0.03
P-003980,V-00404,EMEA-E,Romania,2,7.8,0,99,-0.03
P-003980,V-00404,EMEA-E,Romania,2,16.7,12,94,-0.07
P-003980,V-00392,NA-US,United States,4,8.4,0,21,-0.03
P-003983,V-00289,EMEA-E,Turkey,3,21.9,12,59,-0.09
P-003984,V-00118,SA,Brazil,6,-5,0,62,0.02
P-003984,V-00245,NA-US,United States,5,20.1,0,57,-0.08
P-003984,V-00419,SA,Argentina,6,-0.4,0,64,0
P-003987,V-00629,NA-MX,Mexico,4,-0.7,12,24,0
P-003988,V-00267,NA-MX,Mexico,5,20.9,8,32,-0.08
P-003988,V-00358,APAC-NE,Japan,4,0.4,0,58,0
P-003989,V-00890,APAC-IN,India,4,5.7,8,69,-0.06
P-003991,V-00504,NA-US,United States,7,7.5,6,53,-0.08
P-003991,V-00445,EMEA-W,France,5,-2.7,0,20,0.03
P-003994,V-00500,SA,Argentina,6,5.2,4,57,-0.02
P-003994,V-00831,APAC-SE,Thailand,4,13.3,0,16,-0.05
P-003994,V-00355,NA-MX,Mexico,7,17.5,12,37,-0.07
P-003995,V-00306,EMEA-E,Turkey,7,10.3,8,92,-0.04
P-003995,V-00147,APAC-SE,Malaysia,5,0.6,6,66,0
P-003997,V-00717,SA,Argentina,6,7.9,0,34,-0.03
P-003997,V-00276,APAC-NE,Taiwan,4,13.5,8,41,-0.05
P-003997,V-00647,APAC-SE,Vietnam,3,10.1,0,17,-0.04
P-003998,V-00700,NA-US,United States,5,11.3,8,99,-0.05
P-003999,V-00502,SA,Argentina,3,3,8,97,-0.01
P-003999,V-00411,EMEA-E,Turkey,6,-3.4,8,89,0.01
P-004000,V-00193,NA-US,United States,9,10.9,6,55,-0.04
P-004001,V-00136,APAC-SE,Indonesia,6,21.1,6,39,-0.08
P-004001,V-00136,APAC-SE,Indonesia,9,0.9,0,33,0
P-004001,V-00681,EMEA-E,Turkey,5,-3.6,0,52,0.01
P-004002,V-00216,EMEA-W,Italy,3,7.6,0,15,-0.03
P-004004,V-00228,SA,Brazil,5,-2,6,89,0.01
P-004004,V-00774,EMEA-E,Romania,6,8.4,8,43,-0.03
P-004005,V-00385,SA,Brazil,7,-1.8,0,80,0.01
P-004005,V-00104,SA,Brazil,6,5.9,0,26,-0.02
P-004006,V-00407,EMEA-E,Poland,5,-4.5,0,32,0.02
P-004007,V-00031,APAC-NE,China,4,2.5,4,94,-0.01
P-004008,V-00275,EMEA-E,Turkey,3,14.4,0,42,-0.06
P-004009,V-00628,APAC-SE,Indonesia,7,-1,4,91,0
P-004009,V-00539,EMEA-E,Turkey,8,10.3,4,19,-0.04
P-004009,V-00325,EMEA-W,France,3,-2.4,0,50,0.01
P-004010,V-00577,EMEA-E,Czechia,6,19.7,0,62,-0.22
P-004010,V-00679,APAC-NE,South Korea,8,-4.4,12,65,0.05
P-004010,V-00639,EMEA-E,Turkey,6,10.9,0,57,-0.12
P-004011,V-00701,EMEA-W,Italy,3,6.3,12,98,-0.03
P-004011,V-00204,NA-MX,Mexico,6,9.9,0,46,-0.04
P-004012,V-00466,EMEA-W,Italy,6,14.7,8,79,-0.06
P-004014,V-00785,SA,Argentina,6,-3.5,6,69,0.01
P-004014,V-00535,EMEA-W,France,6,5.3,6,91,-0.02
P-004015,V-00253,APAC-NE,Taiwan,8,-3.8,6,37,0.02
P-004016,V-00155,SA,Argentina,8,-4.3,8,61,0.02
P-004016,V-00282,APAC-IN,India,7,6.8,0,94,-0.03
P-004016,V-00807,EMEA-E,Turkey,7,-3.2,12,47,0.01
P-004017,V-00550,SA,Argentina,2,12.8,4,17,-0.05
P-004018,V-00582,NA-US,United States,7,21.1,0,16,-0.08
P-004018,V-00328,NA-MX,Mexico,5,-2.6,8,77,0.01
P-004019,V-00475,APAC-SE,Thailand,7,4,12,96,-0.02
P-004021,V-00112,NA-US,United States,7,16.5,0,26,-0.07
P-004021,V-00335,EMEA-E,Czechia,4,-2.2,4,24,0.01
P-004021,V-00341,NA-US,United States,6,12,0,56,-0.05
P-004025,V-00923,NA-MX,Mexico,4,8,0,61,-0.03
P-004025,V-00566,APAC-NE,South Korea,2,9.8,0,26,-0.04
P-004026,V-00633,NA-MX,Mexico,4,8.8,0,72,-0.04
P-004026,V-00576,NA-MX,Mexico,1,16.3,0,33,-0.07
P-004028,V-00424,NA-US,United States,8,11.4,0,73,-0.05
P-004029,V-00497,APAC-NE,Taiwan,7,6.4,6,21,-0.03
P-004029,V-00719,NA-US,United States,6,1.2,0,28,0
P-004029,V-00533,APAC-IN,India,4,3.2,8,21,-0.01
P-004032,V-00339,SA,Argentina,3,13.4,12,99,-0.05
P-004036,V-00194,APAC-IN,India,2,4.3,0,65,-0.02
P-004036,V-00385,SA,Brazil,8,15.5,0,58,-0.06
P-004037,V-00570,APAC-NE,Japan,5,-0.1,0,31,0
P-004037,V-00239,NA-MX,Mexico,7,12.5,0,22,-0.14
P-004039,V-00593,APAC-IN,India,7,0.8,4,75,0
P-004039,V-00522,APAC-IN,India,6,-1.4,6,56,0.01
P-004039,V-00404,EMEA-E,Romania,2,9.9,12,59,-0.04
P-004041,V-00461,SA,Brazil,6,9.3,6,48,-0.04
P-004041,V-00002,APAC-NE,China,3,0.7,0,50,0
P-004041,V-00491,APAC-SE,Malaysia,6,11.5,0,80,-0.05
P-004043,V-00433,SA,Brazil,9,1.5,4,56,-0.01
P-004044,V-00598,APAC-IN,India,6,17.8,12,97,-0.07
P-004044,V-00333,APAC-IN,India,2,12.6,0,64,-0.05
P-004048,V-00531,NA-MX,Mexico,6,10.1,4,38,-0.04
P-004049,V-00359,NA-MX,Mexico,7,-5.9,4,28,0.06
P-004049,V-00563,APAC-SE,Thailand,4,-3.7,6,35,0.04
P-004049,V-00610,SA,Brazil,7,20.1,12,67,-0.22
P-004050,V-00642,EMEA-E,Czechia,5,5.5,6,51,-0.02
P-004050,V-00316,NA-MX,Mexico,7,-3.3,6,86,0.01
P-004050,V-00155,SA,Argentina,7,14.6,0,40,-0.06
P-004053,V-00150,EMEA-E,Poland,3,-1.2,0,95,0
P-004054,V-00114,APAC-NE,Taiwan,8,10.8,12,95,-0.04
P-004054,V-00652,SA,Argentina,8,7.9,4,74,-0.03
P-004054,V-00261,NA-US,United States,4,12.7,12,42,-0.05
P-004057,V-00536,SA,Brazil,7,3.1,6,91,-0.01
P-004057,V-00725,EMEA-W,France,5,13.3,8,83,-0.05
P-004057,V-00314,SA,Brazil,8,19.2,6,23,-0.08
P-004060,V-00435,NA-US,United States,2,-3.5,8,67,0.01
P-004060,V-00504,NA-US,United States,5,14.2,0,58,-0.06
P-004060,V-00660,EMEA-W,Germany,4,-0.9,12,48,0
P-004061,V-00704,SA,Argentina,7,9.5,0,89,-0.04
P-004061,V-00615,EMEA-E,Romania,4,-1.2,6,52,0
P-004062,V-00490,APAC-IN,India,3,20.8,6,40,-0.08
P-004062,V-00296,NA-MX,Mexico,4,21.3,12,16,-0.09
P-004065,V-00106,NA-MX,Mexico,6,-0.7,12,37,0
P-004065,V-00512,NA-US,United States,6,-5.8,12,40,0.02
P-004068,V-00655,APAC-NE,South Korea,8,20.3,4,42,-0.08
P-004069,V-00715,EMEA-E,Turkey,3,20.7,8,32,-0.08
P-004070,V-00095,APAC-NE,China,7,2.8,8,47,-0.01
P-004072,V-00057,NA-MX,Mexico,6,5.5,0,33,-0.02
P-004072,V-00583,APAC-NE,Japan,5,14.2,4,72,-0.06
P-004073,V-00412,APAC-SE,Vietnam,6,16.8,12,22,-0.07
P-004073,V-00379,APAC-NE,South Korea,2,4.6,0,36,-0.02
P-004073,V-00643,APAC-IN,India,5,-4.2,0,48,0.02
P-004074,V-00493,EMEA-E,Romania,8,0.6,12,77,0
P-004074,V-00502,SA,Argentina,4,10.2,0,89,-0.04
P-004074,V-00084,NA-MX,Mexico,6,7.6,6,89,-0.03
P-004075,V-00225,NA-MX,Mexico,7,12.5,8,90,-0.05
P-004076,V-00232,NA-US,United States,2,1.3,0,66,-0.01
P-004079,V-00250,APAC-NE,Japan,3,20.9,6,39,-0.23
P-004080,V-00584,APAC-IN,India,8,5.2,8,79,-0.02
P-004080,V-00193,NA-US,United States,7,9.2,8,20,-0.04
P-004080,V-00417,APAC-IN,India,6,13.6,4,92,-0.05
P-004081,V-00686,APAC-NE,South Korea,6,19.4,0,22,-0.08
P-004081,V-00051,NA-MX,Mexico,4,14.7,6,22,-0.06
P-004082,V-00399,APAC-NE,South Korea,5,15.7,0,89,-0.06
P-004082,V-00173,APAC-NE,South Korea,5,15.1,4,25,-0.06
P-004083,V-00326,NA-US,United States,6,-3.6,4,81,0.01
P-004083,V-00257,SA,Brazil,6,15.2,6,41,-0.06
P-004084,V-00209,SA,Brazil,4,-4.3,0,15,0.02
P-004084,V-00368,NA-US,United States,7,-4.1,4,60,0.02
P-004086,V-00023,NA-MX,Mexico,6,1.3,0,85,-0.01
P-004088,V-00128,SA,Brazil,7,7.6,0,66,-0.03
P-004089,V-00388,EMEA-W,Spain,4,-3.9,0,21,0.04
P-004089,V-00398,EMEA-E,Czechia,6,14.9,0,17,-0.16
P-004089,V-00081,EMEA-E,Romania,7,-5.3,0,93,0.06
P-004090,V-00094,APAC-NE,China,3,0.6,12,15,0
P-004090,V-00433,SA,Brazil,8,10.3,4,40,-0.04
P-004090,V-00251,SA,Argentina,4,7.8,0,50,-0.03
P-004092,V-00589,NA-MX,Mexico,5,19.3,4,63,-0.08
P-004092,V-00525,EMEA-E,Poland,5,18.7,8,35,-0.07
P-004093,V-00527,NA-MX,Mexico,3,2.6,6,94,-0.01
P-004094,V-00437,EMEA-W,Germany,7,18.1,4,92,-0.07
P-004095,V-00162,EMEA-W,Italy,8,-4.2,12,82,0.05
P-004095,V-00507,APAC-NE,Taiwan,3,18.5,8,63,-0.2
P-004095,V-00606,APAC-SE,Malaysia,8,11.9,0,71,-0.13
P-004096,V-00387,EMEA-W,Germany,4,1.7,0,45,-0.01
P-004096,V-00761,SA,Brazil,6,-0.5,0,59,0
P-004096,V-00339,SA,Argentina,4,9.9,4,35,-0.04
P-004097,V-00225,NA-MX,Mexico,5,11.8,0,52,-0.05
P-004097,V-00576,NA-MX,Mexico,3,6.8,6,17,-0.03
P-004097,V-00463,SA,Argentina,6,12.7,12,62,-0.05
P-004098,V-00019,APAC-NE,Taiwan,3,-0.8,12,62,0
P-004098,V-00768,APAC-SE,Indonesia,4,8.4,0,52,-0.03
P-004102,V-00402,EMEA-W,France,5,-1.7,4,47,0.02
P-004102,V-00736,NA-US,United States,6,17,0,46,-0.19
P-004103,V-00808,APAC-SE,Thailand,7,20,6,40,-0.08
P-004105,V-00386,APAC-NE,South Korea,4,15.8,6,86,-0.06
P-004105,V-00082,SA,Argentina,4,0,12,85,0
P-004105,V-00472,APAC-SE,Vietnam,6,11.8,12,27,-0.05
P-004106,V-00773,SA,Brazil,4,8.7,4,41,-0.03
P-004106,V-00140,APAC-NE,Taiwan,3,1.2,6,42,0
P-004106,V-00284,EMEA-E,Romania,6,4.4,8,38,-0.02
P-004108,V-00283,EMEA-W,France,5,5.9,0,39,-0.02
P-004108,V-00718,APAC-IN,India,4,-4.2,4,64,0.02
P-004108,V-00283,EMEA-W,France,5,18.9,0,82,-0.08
P-004109,V-00596,EMEA-E,Turkey,3,14.8,0,37,-0.16
P-004110,V-00232,NA-US,United States,3,3.3,0,37,-0.01
P-004110,V-00647,APAC-SE,Vietnam,3,13.3,8,99,-0.05
P-004110,V-00717,SA,Argentina,6,-5.4,0,99,0.02
P-004112,V-00466,EMEA-W,Italy,6,6.4,8,79,-0.03
P-004113,V-00622,APAC-NE,China,2,-3.7,12,36,0.01
P-004113,V-00746,EMEA-W,Spain,4,-0.2,12,56,0
P-004113,V-00596,EMEA-E,Turkey,4,7.1,8,45,-0.03
P-004114,V-00033,EMEA-E,Romania,7,12.8,0,55,-0.05
P-004115,V-00503,APAC-SE,Vietnam,6,9.7,8,82,-0.04
P-004115,V-00192,APAC-SE,Malaysia,3,-5.5,0,51,0.02
P-004115,V-00519,APAC-NE,Taiwan,3,13.6,4,77,-0.05
P-004116,V-00218,APAC-SE,Indonesia,4,5.5,4,64,-0.02
P-004117,V-00612,EMEA-W,Italy,3,11.3,6,54,-0.12
P-004117,V-00153,SA,Argentina,5,-0.6,0,57,0.01
P-004117,V-00769,EMEA-W,Spain,7,14.2,0,52,-0.16
P-004118,V-00625,APAC-SE,Malaysia,6,-3,6,15,0.01
P-004118,V-00432,NA-US,United States,2,-4.3,8,71,0.02
P-004119,V-00710,EMEA-W,France,4,13.8,8,31,-0.06
P-004120,V-00322,EMEA-E,Poland,3,6,8,82,-0.02
P-004120,V-00640,SA,Argentina,3,7.3,12,70,-0.03
P-004122,V-00469,APAC-SE,Indonesia,7,3.6,8,81,-0.01
P-004122,V-00081,EMEA-E,Romania,9,19.1,8,47,-0.08
P-004123,V-00401,SA,Brazil,7,-0.9,8,60,0
P-004123,V-00311,EMEA-W,Spain,5,16.9,8,76,-0.07
P-004123,V-00719,NA-US,United States,4,16.4,8,84,-0.07
P-004124,V-00555,APAC-IN,India,4,4.9,6,26,-0.05
P-004124,V-00450,APAC-IN,India,6,2.9,0,98,-0.03
P-004124,V-00637,NA-MX,Mexico,1,15,4,50,-0.17
P-004125,V-00040,APAC-NE,China,7,12.9,6,51,-0.05
P-004125,V-00466,EMEA-W,Italy,5,17.1,0,63,-0.07
P-004126,V-00038,APAC-IN,India,6,8.3,0,66,-0.03
P-004127,V-00878,EMEA-W,France,4,6,4,95,-0.02
P-004128,V-00254,SA,Argentina,5,3.4,0,66,-0.01
P-004129,V-00906,EMEA-E,Poland,7,8.2,8,98,-0.03
P-004130,V-00530,SA,Brazil,6,5.9,8,87,-0.06
P-004130,V-00201,APAC-IN,India,3,14.8,8,60,-0.16
P-004132,V-00585,SA,Brazil,5,21.2,8,85,-0.23
P-004132,V-00124,EMEA-W,France,5,15.2,12,63,-0.17
P-004132,V-00106,NA-MX,Mexico,6,18,12,39,-0.2
P-004133,V-00125,EMEA-W,France,5,2.6,6,32,-0.01
P-004134,V-00768,APAC-SE,Indonesia,6,3.1,8,59,-0.01
P-004134,V-00533,APAC-IN,India,5,-2,8,25,0.01
P-004134,V-00527,NA-MX,Mexico,4,3.9,6,57,-0.02
P-004135,V-00262,EMEA-E,Poland,7,1.5,4,28,-0.01
P-004135,V-00631,NA-MX,Mexico,5,3.3,0,55,-0.01
P-004135,V-00051,NA-MX,Mexico,4,0.7,6,16,0
P-004137,V-00258,NA-US,United States,5,11.2,4,46,-0.04
P-004137,V-00373,NA-MX,Mexico,4,18,4,71,-0.07
P-004137,V-00275,EMEA-E,Turkey,2,8.7,0,16,-0.03
P-004138,V-00028,APAC-IN,India,2,19.6,0,33,-0.08
P-004138,V-00484,EMEA-E,Romania,6,12.4,6,32,-0.05
P-004138,V-00138,EMEA-W,France,2,10,8,82,-0.04
P-004140,V-00092,APAC-IN,India,5,6,0,15,-0.02
P-004141,V-00272,SA,Argentina,2,2.1,4,37,-0.02
P-004141,V-00668,APAC-NE,Taiwan,2,0.7,4,44,-0.01
P-004143,V-00643,APAC-IN,India,6,-4.2,4,66,0.02
P-004144,V-00635,SA,Argentina,7,2,4,74,-0.01
P-004144,V-00078,APAC-NE,China,4,15.8,0,99,-0.06
P-004145,V-00625,APAC-SE,Malaysia,6,-3.1,6,25,0.01
P-004146,V-00743,EMEA-E,Czechia,4,-5.7,0,28,0.06
P-004146,V-00195,APAC-NE,Taiwan,4,-1.2,6,88,0.01
P-004147,V-00688,NA-US,United States,3,-2.5,0,43,0.01
P-004147,V-00616,APAC-SE,Malaysia,3,19.9,12,28,-0.08
P-004147,V-00688,NA-US,United States,2,0.8,6,36,0
P-004148,V-00014,APAC-NE,South Korea,7,20.4,8,79,-0.22
P-004148,V-00078,APAC-NE,China,1,20.7,8,95,-0.23
P-004148,V-00276,APAC-NE,Taiwan,3,19.1,0,76,-0.21
P-004149,V-00063,APAC-NE,Japan,2,2.4,8,80,-0.01
P-004149,V-00203,NA-US,United States,6,13.7,0,15,-0.05
P-004149,V-00398,EMEA-E,Czechia,5,11.3,6,81,-0.05
P-004150,V-00281,APAC-IN,India,6,6.5,12,44,-0.07
P-004153,V-00294,NA-US,United States,2,4.3,0,51,-0.05
P-004153,V-00343,NA-MX,Mexico,4,21.6,8,83,-0.24
P-004153,V-00203,NA-US,United States,8,15.8,6,28,-0.17
P-004154,V-00791,APAC-SE,Vietnam,6,17.1,4,39,-0.19
P-004154,V-00130,NA-US,United States,7,3,8,56,-0.03
P-004157,V-00050,NA-US,United States,2,19.3,0,100,-0.08
P-004157,V-00294,NA-US,United States,4,-5.2,0,40,0.02
P-004158,V-00018,NA-US,United States,3,15.2,8,34,-0.06
P-004158,V-00629,NA-MX,Mexico,4,15.5,0,15,-0.06
P-004163,V-00852,EMEA-W,Italy,5,3,4,46,-0.01
P-004163,V-00295,NA-US,United States,5,-2.7,4,29,0.01
P-004167,V-00228,SA,Brazil,7,-2.3,0,41,0.01
P-004168,V-00106,NA-MX,Mexico,4,10.5,0,69,-0.04
P-004170,V-00522,APAC-IN,India,6,-1.8,0,24,0.02
P-004171,V-00110,EMEA-E,Poland,3,12.3,12,94,-0.05
P-004172,V-00442,NA-MX,Mexico,3,-4.6,6,41,0.02
P-004172,V-00133,EMEA-E,Turkey,3,-4,0,27,0.02
P-004174,V-00732,EMEA-E,Turkey,5,9.6,4,78,-0.11
P-004174,V-00119,APAC-SE,Malaysia,4,-1.6,6,74,0.02
P-004174,V-00362,SA,Brazil,4,2.4,4,67,-0.03
P-004177,V-00411,EMEA-E,Turkey,4,2.2,12,87,-0.01
P-004178,V-00409,APAC-SE,Indonesia,7,0.2,6,72,0
P-004178,V-00457,NA-MX,Mexico,5,7.2,4,27,-0.08
P-004178,V-00135,NA-MX,Mexico,3,-1.7,0,35,0.02
P-004179,V-00003,NA-MX,Mexico,6,4,4,37,-0.02
P-004179,V-00376,SA,Brazil,4,-4.9,4,20,0.02
P-004182,V-00504,NA-US,United States,6,12.4,6,94,-0.05
P-004183,V-00033,EMEA-E,Romania,6,-0.5,12,88,0
P-004183,V-00201,APAC-IN,India,1,-3.6,0,25,0.01
P-004184,V-00496,NA-US,United States,4,16.3,4,77,-0.07
P-004186,V-00170,EMEA-W,Germany,8,21.2,4,20,-0.08
P-004186,V-00300,APAC-NE,Japan,5,3.1,12,91,-0.01
P-004189,V-00645,NA-MX,Mexico,7,21,0,46,-0.08
P-004189,V-00537,SA,Brazil,7,-0.3,6,44,0
P-004189,V-00130,NA-US,United States,7,10.7,12,80,-0.04
P-004191,V-00906,EMEA-E,Poland,6,15,8,93,-0.06
P-004191,V-00217,EMEA-W,Spain,3,14.5,0,61,-0.06
P-004193,V-00023,NA-MX,Mexico,7,15.2,4,45,-0.06
P-004194,V-00807,EMEA-E,Turkey,6,-0.2,0,53,0
P-004194,V-00548,EMEA-W,Italy,8,14.2,12,18,-0.06
P-004194,V-00605,APAC-NE,Taiwan,9,11.8,0,67,-0.05
P-004196,V-00244,EMEA-E,Czechia,2,-4.3,0,83,0.02
P-004196,V-00559,SA,Brazil,4,19.3,12,16,-0.08
P-004196,V-00773,SA,Brazil,4,22,4,27,-0.09
P-004198,V-01073,EMEA-W,Spain,7,8.2,8,16,-0.03
P-004198,V-00262,EMEA-E,Poland,6,4.2,0,33,-0.02
P-004198,V-00923,NA-MX,Mexico,4,-3,0,19,0.01
P-004199,V-00748,NA-US,United States,3,20.7,0,72,-0.08
P-004199,V-00510,APAC-SE,Vietnam,5,16.1,8,93,-0.06
P-004200,V-00302,NA-US,United States,3,8.1,4,62,-0.03
P-004200,V-00750,EMEA-E,Poland,7,7.1,0,24,-0.03
P-004200,V-00269,APAC-IN,India,7,15.5,0,56,-0.06
P-004201,V-00480,APAC-NE,Taiwan,7,21.6,12,16,-0.24
P-004201,V-00127,NA-MX,Mexico,2,19.3,12,72,-0.21
P-004202,V-00156,SA,Argentina,6,11.3,0,99,-0.05
P-004202,V-00595,SA,Brazil,3,21.4,8,45,-0.09
P-004203,V-00080,EMEA-W,France,4,-4.9,0,60,0.02
P-004203,V-00080,EMEA-W,France,5,-4.8,12,41,0.02
P-004203,V-00719,NA-US,United States,6,7,0,80,-0.03
P-004205,V-00974,NA-MX,Mexico,7,-5.4,12,31,0.02
P-004206,V-00384,EMEA-W,Italy,5,15.1,4,16,-0.17
P-004206,V-00118,SA,Brazil,7,-1.4,4,61,0.02
P-004206,V-00576,NA-MX,Mexico,2,8.8,6,37,-0.1
P-004207,V-00812,NA-MX,Mexico,6,14.5,0,41,-0.16
P-004209,V-00734,EMEA-E,Poland,6,-3.6,6,51,0.01
P-004209,V-00412,APAC-SE,Vietnam,6,12.3,4,86,-0.05
P-004209,V-00433,SA,Brazil,7,-1.7,6,73,0.01
P-004210,V-00425,NA-US,United States,5,13.2,6,85,-0.05
P-004211,V-00422,EMEA-E,Turkey,5,7.5,0,86,-0.08
P-004211,V-00129,APAC-NE,Japan,6,15.2,0,33,-0.17
P-004211,V-00286,SA,Argentina,6,6.4,0,86,-0.07
P-004212,V-00641,NA-US,United States,9,9.9,6,16,-0.11
P-004212,V-00354,NA-MX,Mexico,4,10.3,8,62,-0.11
P-004212,V-00241,APAC-IN,India,4,20.8,0,20,-0.23
P-004214,V-00378,NA-MX,Mexico,6,19.9,4,18,-0.08
P-004214,V-00504,NA-US,United States,6,9,8,48,-0.04
P-004214,V-00133,EMEA-E,Turkey,5,7.7,6,18,-0.03
P-004215,V-00056,APAC-SE,Malaysia,5,12.6,4,67,-0.14
P-004215,V-00106,NA-MX,Mexico,4,3.7,4,45,-0.04
P-004215,V-00438,EMEA-E,Poland,5,17,4,32,-0.19
P-004217,V-00453,SA,Brazil,6,8.2,8,49,-0.09
P-004217,V-00133,EMEA-E,Turkey,3,12.6,0,44,-0.14
P-004219,V-00906,EMEA-E,Poland,8,-5.4,12,35,0.06
P-004219,V-00209,SA,Brazil,1,-4.2,0,99,0.05
P-004220,V-00018,NA-US,United States,4,4.5,8,65,-0.02
P-004222,V-00478,APAC-SE,Vietnam,2,13.5,8,60,-0.05
P-004222,V-00193,NA-US,United States,9,8.5,0,51,-0.03
P-004222,V-00101,EMEA-W,Spain,3,7.7,12,38,-0.03
P-004223,V-00108,NA-US,United States,9,21.4,6,28,-0.09
P-004223,V-00279,EMEA-E,Czechia,6,14.2,0,99,-0.06
P-004223,V-00036,APAC-SE,Vietnam,5,14.4,4,63,-0.06
P-004224,V-00275,EMEA-E,Turkey,3,-4.9,0,61,0.05
P-004224,V-00112,NA-US,United States,9,6.4,8,69,-0.07
P-004225,V-00473,NA-MX,Mexico,5,9.2,8,48,-0.04
P-004228,V-00725,EMEA-W,France,6,3.1,8,56,-0.03
P-004228,V-00694,APAC-NE,China,8,9.7,8,19,-0.11
P-004229,V-00246,NA-MX,Mexico,8,-2.8,8,80,0.01
P-004229,V-00389,APAC-NE,Japan,3,14.7,4,89,-0.06
P-004229,V-00205,NA-MX,Mexico,4,17.2,12,81,-0.07
P-004230,V-00421,NA-US,United States,6,11.2,4,42,-0.04
P-004232,V-00017,APAC-NE,China,3,6.3,0,43,-0.03
P-004232,V-00371,APAC-SE,Indonesia,5,-3,6,53,0.01
P-004232,V-00574,APAC-SE,Malaysia,6,2.8,0,94,-0.01
P-004235,V-00491,APAC-SE,Malaysia,8,20.1,0,26,-0.22
P-004235,V-00607,APAC-NE,Taiwan,4,15.2,12,34,-0.17
P-004236,V-00658,SA,Brazil,4,16.7,8,47,-0.18
P-004236,V-00589,NA-MX,Mexico,5,11.6,12,95,-0.13
P-004238,V-00229,EMEA-E,Czechia,5,-2.9,8,52,0.01
P-004238,V-00229,EMEA-E,Czechia,3,3.6,6,21,-0.01
P-004239,V-00519,APAC-NE,Taiwan,6,17,8,83,-0.07
P-004241,V-00854,NA-US,United States,5,-4,0,30,0.02
P-004243,V-00546,NA-MX,Mexico,4,9.4,4,93,-0.04
P-004244,V-00322,EMEA-E,Poland,4,0.8,4,93,0
P-004244,V-00478,APAC-SE,Vietnam,3,13.4,8,19,-0.05
P-004246,V-00637,NA-MX,Mexico,4,3.8,12,45,-0.02
P-004246,V-00333,APAC-IN,India,2,-0.7,0,56,0
P-004246,V-00345,EMEA-E,Poland,4,-0.2,6,71,0
P-004247,V-00626,NA-MX,Mexico,7,21.5,8,31,-0.09
P-004247,V-00356,NA-MX,Mexico,7,7,8,16,-0.03
P-004247,V-00851,SA,Argentina,4,15.7,0,67,-0.06
P-004248,V-00055,APAC-IN,India,6,21.1,6,98,-0.08
P-004250,V-00614,SA,Brazil,5,11.2,12,41,-0.04
P-004250,V-00452,APAC-IN,India,6,-4.2,12,59,0.02
P-004250,V-00297,APAC-NE,Taiwan,7,-1.8,8,26,0.01
P-004252,V-00673,NA-US,United States,5,6.2,0,38,-0.02
P-004253,V-00064,NA-MX,Mexico,7,6.9,6,97,-0.03
P-004253,V-00974,NA-MX,Mexico,6,20.1,8,66,-0.08
P-004253,V-00802,EMEA-W,Italy,5,10,12,68,-0.04
P-004256,V-00576,NA-MX,Mexico,4,-0.4,0,37,0
P-004256,V-00181,APAC-NE,Taiwan,7,17.6,12,45,-0.07
P-004258,V-00046,NA-MX,Mexico,6,-0.8,12,88,0
P-004261,V-00005,EMEA-E,Turkey,5,9.5,12,80,-0.04
P-004261,V-00945,APAC-IN,India,5,13.8,8,51,-0.06
P-004263,V-00764,EMEA-W,Italy,6,17.1,8,28,-0.07
P-004263,V-00523,EMEA-W,France,3,-1.4,8,96,0.01
P-004265,V-00180,APAC-IN,India,5,-4.4,4,42,0.02
P-004265,V-00433,SA,Brazil,7,16.2,0,90,-0.06
P-004265,V-00433,SA,Brazil,8,-3.3,4,38,0.01
P-004266,V-00055,APAC-IN,India,7,4,4,16,-0.02
P-004266,V-00055,APAC-IN,India,7,7.2,12,46,-0.03
P-004266,V-00219,NA-US,United States,4,17.8,6,37,-0.07
P-004267,V-00501,APAC-NE,China,4,4.1,12,47,-0.05
P-004267,V-00812,NA-MX,Mexico,6,21.5,12,77,-0.24
P-004267,V-00473,NA-MX,Mexico,5,-5,8,28,0.06
P-004268,V-00519,APAC-NE,Taiwan,5,14.3,0,30,-0.06
P-004269,V-00161,SA,Argentina,2,4.2,6,67,-0.02
P-004270,V-00142,EMEA-W,Italy,5,10.4,6,23,-0.04
P-004270,V-00176,NA-US,United States,5,8,0,47,-0.03
P-004273,V-00630,APAC-NE,China,7,-3.6,0,53,0.01
P-004273,V-00822,NA-US,United States,8,0.6,8,65,0
P-004274,V-00409,APAC-SE,Indonesia,8,1.5,4,38,-0.01
P-004275,V-00777,EMEA-W,Germany,3,13.4,8,18,-0.05
P-004277,V-00847,APAC-NE,Japan,5,1.4,8,55,-0.01
P-004277,V-00788,NA-MX,Mexico,5,21.6,6,83,-0.09
P-004277,V-00261,NA-US,United States,4,11.4,6,92,-0.05
P-004279,V-00326,NA-US,United States,5,16.3,12,20,-0.07
P-004279,V-00385,SA,Brazil,7,7.7,0,25,-0.03
P-004281,V-00397,NA-MX,Mexico,2,5.1,6,96,-0.02
P-004284,V-00914,EMEA-W,Italy,4,15.6,0,45,-0.06
P-004284,V-00425,NA-US,United States,6,-3.9,0,93,0.02
P-004285,V-00567,EMEA-E,Romania,4,3.3,12,98,-0.01
P-004287,V-00032,APAC-IN,India,5,11.3,12,41,-0.12
P-004287,V-00379,APAC-NE,South Korea,2,20.2,6,77,-0.22
P-004288,V-00391,SA,Argentina,8,10.1,6,30,-0.04
P-004289,V-00073,NA-MX,Mexico,6,12.2,0,41,-0.05
P-004290,V-00487,APAC-IN,India,4,8.7,6,41,-0.03
P-004291,V-00514,APAC-NE,Japan,6,-2.7,4,62,0.01
P-004291,V-00372,NA-MX,Mexico,3,7.6,0,87,-0.03
P-004291,V-00589,NA-MX,Mexico,6,16.6,0,82,-0.07
P-004293,V-00425,NA-US,United States,5,-0.8,12,48,0
P-004294,V-00348,EMEA-W,Spain,5,-5.1,0,66,0.02
P-004295,V-00774,EMEA-E,Romania,6,11.3,4,62,-0.05
P-004295,V-00349,NA-US,United States,3,9.4,4,19,-0.04
P-004295,V-00745,APAC-SE,Malaysia,3,20.6,0,78,-0.08
P-004296,V-00636,NA-US,United States,8,13.8,4,19,-0.06
P-004297,V-00749,NA-US,United States,6,15.7,4,37,-0.06
P-004297,V-00797,APAC-IN,India,3,13.2,6,47,-0.05
P-004297,V-00516,EMEA-W,Italy,2,4.1,12,52,-0.02
P-004299,V-00074,SA,Argentina,5,8.4,4,97,-0.03
P-004299,V-00704,SA,Argentina,8,-1.1,0,67,0
P-004299,V-00305,APAC-SE,Vietnam,3,8.7,0,46,-0.03
P-004300,V-00505,SA,Argentina,7,5.7,0,64,-0.02
P-004300,V-00481,EMEA-W,Italy,8,0.4,0,98,0
P-004301,V-00387,EMEA-W,Germany,7,20.4,8,53,-0.08
P-004302,V-00579,NA-US,United States,7,-2,0,15,0.01
P-004304,V-00127,NA-MX,Mexico,5,1.4,12,66,-0.01
P-004304,V-00188,EMEA-W,France,4,14.6,12,63,-0.06
P-004305,V-00130,NA-US,United States,5,10.2,4,26,-0.04
P-004305,V-00553,EMEA-E,Romania,2,14.9,12,33,-0.06
P-004306,V-00268,APAC-NE,South Korea,2,9.5,0,84,-0.04
P-004307,V-00624,NA-US,United States,3,16,6,53,-0.06
P-004307,V-00925,NA-MX,Mexico,6,3.9,12,88,-0.02
P-004307,V-00974,NA-MX,Mexico,6,10.7,0,18,-0.04
P-004308,V-00748,NA-US,United States,4,2.4,6,88,-0.03
P-004308,V-00601,EMEA-W,France,7,16.5,4,45,-0.18
P-004309,V-00199,NA-MX,Mexico,4,4.9,0,44,-0.05
P-004309,V-00514,APAC-NE,Japan,5,2.7,12,21,-0.03
P-004309,V-00591,SA,Brazil,9,-5.9,0,50,0.06
P-004310,V-00744,SA,Brazil,4,19.3,12,86,-0.08
P-004311,V-00003,NA-MX,Mexico,8,-1.8,12,62,0.02
P-004312,V-00159,EMEA-W,Italy,7,15,4,32,-0.17
P-004312,V-00398,EMEA-E,Czechia,8,15.5,4,37,-0.17
P-004312,V-00029,APAC-IN,India,3,6.6,0,53,-0.07
P-004314,V-00809,SA,Brazil,8,-1.3,4,39,0.01
P-004314,V-00206,APAC-NE,South Korea,2,-1.9,0,25,0.01
P-004315,V-00468,NA-US,United States,7,15.1,4,41,-0.06
P-004315,V-00510,APAC-SE,Vietnam,4,-0.2,12,35,0
P-004317,V-00908,NA-MX,Mexico,5,-1.9,6,25,0.01
P-004318,V-00483,EMEA-W,Germany,5,-5.8,0,57,0.06
P-004319,V-00497,APAC-NE,Taiwan,9,20.2,8,29,-0.08
P-004321,V-00602,APAC-SE,Thailand,5,21.1,0,92,-0.08
P-004321,V-00220,EMEA-W,Spain,7,9,6,59,-0.04
P-004321,V-00191,EMEA-E,Turkey,7,-0.3,4,35,0
P-004322,V-00063,APAC-NE,Japan,2,2.4,4,18,-0.01
P-004322,V-00397,NA-MX,Mexico,2,-0.4,0,19,0
P-004324,V-00231,APAC-SE,Vietnam,7,10.8,8,78,-0.04
P-004324,V-00299,NA-MX,Mexico,4,11.6,6,56,-0.05
P-004324,V-00242,APAC-NE,Japan,5,9.5,4,89,-0.04
P-004325,V-00227,APAC-SE,Indonesia,5,-3.6,4,74,0.04
P-004326,V-00239,NA-MX,Mexico,6,21.6,12,28,-0.09
P-004326,V-00384,EMEA-W,Italy,5,16,8,73,-0.06
P-004326,V-00435,NA-US,United States,3,-2.9,4,78,0.01
P-004328,V-00472,APAC-SE,Vietnam,6,21,6,67,-0.23
P-004328,V-00006,APAC-SE,Indonesia,6,1.3,12,65,-0.01
P-004328,V-00444,APAC-SE,Vietnam,7,21.8,0,25,-0.24
P-004329,V-00139,EMEA-E,Poland,2,9.3,0,64,-0.04
P-004330,V-00283,EMEA-W,France,4,14.9,6,100,-0.06
P-004330,V-00086,EMEA-E,Czechia,7,20.7,12,55,-0.08
P-004333,V-00554,NA-US,United States,7,14.5,0,82,-0.06
P-004333,V-00326,NA-US,United States,5,-4.5,6,28,0.02
P-004334,V-00503,APAC-SE,Vietnam,7,2.1,6,59,-0.01
P-004335,V-00218,APAC-SE,Indonesia,2,14.6,4,43,-0.16
P-004335,V-00341,NA-US,United States,6,-4.8,6,69,0.05
P-004335,V-00033,EMEA-E,Romania,7,19.2,4,73,-0.21
P-004336,V-00697,NA-US,United States,4,13.9,0,75,-0.06
P-004337,V-00925,NA-MX,Mexico,6,7.4,0,59,-0.08
P-004337,V-00566,APAC-NE,South Korea,2,14.6,0,34,-0.16
P-004340,V-00120,APAC-IN,India,5,14.7,12,91,-0.16
P-004340,V-00276,APAC-NE,Taiwan,3,2.6,8,58,-0.03
P-004340,V-00296,NA-MX,Mexico,3,1.3,12,25,-0.01
P-004342,V-00290,APAC-SE,Indonesia,9,8.4,4,67,-0.09
P-004342,V-00401,SA,Brazil,4,20.3,8,25,-0.22
P-004343,V-00703,NA-MX,Mexico,4,16,12,41,-0.18
P-004344,V-00450,APAC-IN,India,6,18.9,6,27,-0.08
P-004344,V-00027,APAC-IN,India,6,13.2,4,73,-0.05
P-004345,V-00146,NA-MX,Mexico,4,-5.8,0,40,0.02
P-004345,V-00237,EMEA-W,Italy,3,-5.6,0,54,0.02
P-004345,V-00083,SA,Brazil,8,7.1,12,85,-0.03
P-004346,V-00466,EMEA-W,Italy,7,5.4,4,55,-0.06
P-004348,V-00455,NA-US,United States,4,-2.1,0,20,0.01
P-004348,V-00295,NA-US,United States,3,-2.8,12,32,0.01
P-004348,V-00872,NA-US,United States,5,3.9,8,35,-0.02
P-004349,V-00832,APAC-NE,Taiwan,6,10.4,12,37,-0.04
P-004350,V-00586,NA-MX,Mexico,5,-5.3,8,83,0.02
P-004350,V-00515,EMEA-E,Turkey,8,-1.1,4,64,0
P-004351,V-00790,APAC-SE,Malaysia,8,-0.2,8,37,0
P-004351,V-00421,NA-US,United States,5,3.8,12,69,-0.02
P-004351,V-00759,EMEA-W,Italy,3,16,0,79,-0.06
P-004352,V-00657,SA,Argentina,4,-3.8,8,35,0.02
P-004352,V-00218,APAC-SE,Indonesia,2,15,4,78,-0.06
P-004352,V-00335,EMEA-E,Czechia,2,5.2,12,27,-0.02
P-004354,V-00500,SA,Argentina,6,9.4,12,92,-0.1
P-004354,V-00146,NA-MX,Mexico,3,-2.5,0,96,0.03
P-004354,V-00347,APAC-SE,Malaysia,3,7.5,12,50,-0.08
P-004355,V-00847,APAC-NE,Japan,4,-0.6,0,32,0
P-004355,V-00464,EMEA-W,Spain,6,9.9,6,81,-0.04
P-004356,V-00405,NA-MX,Mexico,2,10,0,17,-0.04
P-004356,V-00405,NA-MX,Mexico,3,4.3,12,18,-0.02
P-004356,V-00091,APAC-NE,South Korea,3,1.3,6,81,-0.01
P-004357,V-00283,EMEA-W,France,4,16.6,0,62,-0.07
P-004358,V-00577,EMEA-E,Czechia,6,-0.3,8,61,0
P-004358,V-00543,NA-US,United States,5,-5.1,0,49,0.02
P-004358,V-00639,EMEA-E,Turkey,6,3.3,12,39,-0.01
P-004359,V-00294,NA-US,United States,2,9.9,12,94,-0.04
P-004359,V-00331,NA-MX,Mexico,5,9.4,4,87,-0.04
P-004359,V-00220,EMEA-W,Spain,6,21.6,6,79,-0.09
P-004361,V-00028,APAC-IN,India,4,19.7,0,61,-0.08
P-004362,V-00643,APAC-IN,India,5,1.3,12,93,-0.01
P-004362,V-00691,APAC-IN,India,6,21.5,6,18,-0.09
P-004362,V-00535,EMEA-W,France,5,5.5,0,100,-0.02
P-004364,V-00162,EMEA-W,Italy,7,3.4,0,62,-0.04
P-004367,V-00491,APAC-SE,Malaysia,7,18.6,8,65,-0.07
P-004367,V-00257,SA,Brazil,4,12.1,12,26,-0.05
P-004369,V-00246,NA-MX,Mexico,9,-4.7,0,95,0.02
P-004369,V-00184,SA,Argentina,5,7.6,8,93,-0.03
P-004369,V-00234,APAC-NE,Japan,4,1,8,21,0
P-004370,V-00096,EMEA-W,Spain,3,0.5,6,47,0
P-004371,V-00678,NA-MX,Mexico,3,16.7,0,23,-0.07
P-004371,V-00140,APAC-NE,Taiwan,4,18.6,6,96,-0.07
P-004372,V-00251,SA,Argentina,4,10.1,8,33,-0.11
P-004373,V-00462,NA-MX,Mexico,6,21.2,12,15,-0.08
P-004373,V-00234,APAC-NE,Japan,4,4.3,0,69,-0.02
P-004378,V-00117,NA-US,United States,4,-4.7,12,15,0.02
P-004378,V-00233,NA-MX,Mexico,7,-5.3,0,73,0.02
P-004378,V-00166,APAC-IN,India,6,7.7,4,91,-0.03
P-004379,V-00286,SA,Argentina,6,2.4,8,60,-0.01
P-004380,V-00575,EMEA-W,France,6,7.9,12,38,-0.09
P-004381,V-00412,APAC-SE,Vietnam,7,18.5,6,26,-0.07
P-004381,V-00308,APAC-SE,Indonesia,7,-3.8,0,40,0.02
P-004382,V-00104,SA,Brazil,6,4.5,0,70,-0.02
P-004382,V-00306,EMEA-E,Turkey,8,5,8,23,-0.02
P-004382,V-00662,APAC-IN,India,4,-3.4,12,91,0.01
P-004384,V-00640,SA,Argentina,4,11.3,0,80,-0.05
P-004384,V-00808,APAC-SE,Thailand,7,1.5,0,94,-0.01
P-004386,V-00532,APAC-SE,Thailand,5,17.6,8,80,-0.07
P-004386,V-00243,APAC-IN,India,2,-5.1,0,92,0.02
P-004386,V-00652,SA,Argentina,6,18.1,4,34,-0.07
P-004387,V-00346,EMEA-E,Poland,2,11.2,8,68,-0.12
P-004388,V-00599,APAC-IN,India,5,0.9,6,39,0
P-004388,V-00205,NA-MX,Mexico,3,5,6,88,-0.02
P-004389,V-00851,SA,Argentina,4,3.8,8,26,-0.04
P-004389,V-00165,SA,Brazil,4,-3.2,8,23,0.04
P-004389,V-00404,EMEA-E,Romania,2,-4.1,4,17,0.05
P-004390,V-00404,EMEA-E,Romania,3,3.1,8,63,-0.01
P-004390,V-00227,APAC-SE,Indonesia,6,-2.6,4,59,0.01
P-004391,V-00706,APAC-IN,India,3,-4.8,4,28,0.05
P-004393,V-00083,SA,Brazil,8,14.4,4,64,-0.16
P-004393,V-00544,APAC-IN,India,2,15.7,12,50,-0.17
P-004394,V-00059,EMEA-E,Czechia,3,16,8,70,-0.06
P-004394,V-00216,EMEA-W,Italy,5,0.1,4,97,0
P-004394,V-00486,NA-MX,Mexico,5,13.5,12,97,-0.05
P-004395,V-00587,APAC-NE,Taiwan,6,10.9,0,32,-0.04
P-004395,V-00194,APAC-IN,India,2,21.1,4,17,-0.08
P-004397,V-00596,EMEA-E,Turkey,1,21.6,12,73,-0.24
P-004397,V-00809,SA,Brazil,9,12.2,0,22,-0.13
P-004397,V-00362,SA,Brazil,5,11.6,8,66,-0.13
P-004400,V-00509,APAC-IN,India,4,22,8,37,-0.24
P-004401,V-00258,NA-US,United States,7,-0.2,12,61,0
P-004401,V-00059,EMEA-E,Czechia,2,-4.9,0,44,0.02
P-004401,V-00113,APAC-NE,China,9,12.2,6,24,-0.05
P-004403,V-00330,NA-MX,Mexico,5,1.6,4,66,-0.01
P-004403,V-00406,EMEA-W,Spain,6,-3.7,0,76,0.01
P-004403,V-00461,SA,Brazil,6,20.7,4,24,-0.08
P-004404,V-00605,APAC-NE,Taiwan,6,1.9,6,63,-0.01
P-004405,V-00006,APAC-SE,Indonesia,5,-0.1,4,86,0
P-004407,V-00559,SA,Brazil,2,19.5,8,41,-0.21
P-004407,V-00764,EMEA-W,Italy,7,9.7,0,24,-0.11
P-004407,V-00559,SA,Brazil,4,8.2,12,69,-0.09
P-004409,V-00082,SA,Argentina,6,9.4,12,100,-0.04
P-004409,V-00790,APAC-SE,Malaysia,6,6.1,4,72,-0.02
P-004411,V-00410,APAC-SE,Malaysia,2,0.8,6,78,0
P-004414,V-00186,EMEA-E,Romania,8,17.4,8,77,-0.07
P-004414,V-00198,EMEA-W,Spain,7,12.3,0,100,-0.05
P-004414,V-00432,NA-US,United States,4,-4.7,8,98,0.02
P-004416,V-00449,NA-US,United States,4,15.6,0,33,-0.06
P-004416,V-00850,APAC-NE,Japan,6,8.9,8,67,-0.04
P-004418,V-00127,NA-MX,Mexico,5,2,6,55,-0.01
P-004418,V-00577,EMEA-E,Czechia,4,17.4,8,20,-0.07
P-004418,V-00144,SA,Brazil,4,7.9,8,48,-0.03
P-004419,V-00307,SA,Brazil,6,10.7,0,25,-0.04
P-004419,V-00593,APAC-IN,India,8,13,0,18,-0.05
P-004420,V-00280,APAC-IN,India,3,0.5,4,18,0
P-004420,V-00397,NA-MX,Mexico,3,3,12,100,-0.01
P-004421,V-00278,APAC-IN,India,9,11.7,4,63,-0.05
P-004424,V-00147,APAC-SE,Malaysia,6,21.8,12,57,-0.09
P-004424,V-00495,SA,Brazil,7,11.8,4,58,-0.05
P-004424,V-00608,EMEA-W,Germany,9,-4.3,12,20,0.02
P-004425,V-00505,SA,Argentina,7,1.1,0,17,-0.01
P-004425,V-00008,NA-US,United States,6,-5.8,6,82,0.06
P-004426,V-00496,NA-US,United States,2,15.9,8,96,-0.06
P-004429,V-00854,NA-US,United States,6,15.8,12,60,-0.06
P-004430,V-00277,NA-US,United States,8,15.4,6,80,-0.17
P-004431,V-00259,APAC-NE,China,6,-5.9,12,27,0.02
P-004431,V-00660,EMEA-W,Germany,6,13.5,6,44,-0.05
P-004431,V-00384,EMEA-W,Italy,6,-4,8,96,0.02
P-004433,V-00162,EMEA-W,Italy,8,8.7,8,20,-0.03
P-004435,V-00528,SA,Brazil,5,6.1,0,31,-0.02
P-004436,V-00362,SA,Brazil,4,-0.6,12,37,0.01
P-004436,V-00964,EMEA-W,Germany,9,4,0,15,-0.04
P-004437,V-00295,NA-US,United States,3,14.3,8,45,-0.06
P-004437,V-00456,APAC-SE,Malaysia,4,2.6,4,93,-0.01
P-004437,V-00055,APAC-IN,India,8,1.9,0,27,-0.01
P-004438,V-00693,NA-US,United States,7,15.9,0,96,-0.06
P-004438,V-00494,APAC-IN,India,6,5.3,0,41,-0.02
P-004438,V-00568,APAC-IN,India,6,8.4,0,76,-0.03
P-004439,V-00379,APAC-NE,South Korea,1,13.1,4,58,-0.14
P-004440,V-00525,EMEA-E,Poland,5,11.6,0,65,-0.13
P-004440,V-00018,NA-US,United States,4,13.7,6,64,-0.15
P-004441,V-00294,NA-US,United States,4,-3.2,4,29,0.04
P-004442,V-00596,EMEA-E,Turkey,2,18.1,4,85,-0.07
P-004442,V-00278,APAC-IN,India,8,17.7,12,27,-0.07
P-004443,V-00368,NA-US,United States,7,0.7,0,20,0
P-004445,V-00628,APAC-SE,Indonesia,6,18.2,0,76,-0.2
P-004447,V-00797,APAC-IN,India,3,12.6,0,74,-0.05
P-004447,V-00650,APAC-IN,India,4,-5.7,12,93,0.02
P-004448,V-00338,APAC-SE,Vietnam,5,-1.3,0,48,0.01
P-004448,V-00469,APAC-SE,Indonesia,4,15,12,24,-0.06
P-004449,V-00496,NA-US,United States,5,3.9,6,39,-0.02
P-004450,V-00454,EMEA-W,Germany,7,-0.8,6,38,0
P-004451,V-00685,APAC-SE,Vietnam,4,0.5,6,58,0
P-004452,V-00638,EMEA-W,Germany,6,-3.5,8,55,0.04
P-004453,V-00679,APAC-NE,South Korea,8,15.9,0,20,-0.06
P-004454,V-00133,EMEA-E,Turkey,5,2.9,4,33,-0.01
P-004454,V-00176,NA-US,United States,6,5.6,12,19,-0.02
P-004456,V-00575,EMEA-W,France,4,-1.5,8,35,0.02
P-004456,V-00778,NA-US,United States,6,14.7,12,30,-0.16
P-004456,V-00395,NA-US,United States,2,14.9,12,27,-0.16
P-004457,V-00065,EMEA-E,Romania,6,10,4,18,-0.11
P-004457,V-00049,NA-MX,Mexico,9,16.4,6,62,-0.18
P-004458,V-00761,SA,Brazil,7,-2.8,8,51,0.03
P-004459,V-00276,APAC-NE,Taiwan,2,4.4,8,92,-0.02
P-004459,V-00717,SA,Argentina,9,-0.3,6,81,0
P-004459,V-00121,SA,Argentina,5,-4.2,0,75,0.02
P-004460,V-00248,APAC-SE,Indonesia,5,-3.6,8,22,0.01
P-004461,V-00363,APAC-IN,India,7,19.7,0,40,-0.08
P-004462,V-00292,NA-MX,Mexico,2,9.4,12,20,-0.04
P-004462,V-00075,APAC-IN,India,6,-5.3,8,61,0.02
P-004462,V-00781,NA-MX,Mexico,4,-3.6,12,41,0.01
P-004463,V-00882,APAC-NE,South Korea,6,7.6,4,18,-0.08
P-004463,V-00270,APAC-IN,India,7,13.8,0,22,-0.15
P-004463,V-00605,APAC-NE,Taiwan,6,6.9,0,41,-0.08
P-004466,V-00527,NA-MX,Mexico,2,1.3,12,44,-0.01
P-004466,V-00062,NA-US,United States,9,7.1,8,54,-0.03
P-004466,V-00671,SA,Argentina,3,6.9,12,19,-0.03
P-004467,V-00308,APAC-SE,Indonesia,5,3.9,6,54,-0.02
P-004469,V-00175,NA-US,United States,2,-1.3,12,26,0.01
P-004469,V-00488,APAC-IN,India,6,19.2,8,85,-0.08
P-004471,V-00352,SA,Brazil,7,13,6,100,-0.05
P-004471,V-00508,SA,Brazil,4,11.7,0,20,-0.05
P-004471,V-00774,EMEA-E,Romania,7,17.4,6,28,-0.07
P-004474,V-00482,APAC-NE,Taiwan,1,1.6,0,16,-0.01
P-004476,V-00043,APAC-NE,Taiwan,4,14.2,8,89,-0.06
P-004478,V-00187,APAC-NE,South Korea,3,0.9,12,66,0
P-004478,V-00254,SA,Argentina,4,5.3,12,88,-0.02
P-004479,V-00591,SA,Brazil,7,-5.3,0,69,0.02
P-004480,V-00617,EMEA-W,Spain,5,2.5,12,44,-0.01
P-004480,V-00312,NA-US,United States,7,10.9,12,76,-0.04
P-004481,V-00554,NA-US,United States,7,15.5,0,79,-0.06
P-004482,V-00339,SA,Argentina,2,14.9,0,95,-0.06
P-004483,V-00266,SA,Brazil,6,15.9,6,81,-0.17
P-004483,V-00366,NA-MX,Mexico,4,-4.6,4,55,0.05
P-004483,V-00145,NA-MX,Mexico,5,11,4,78,-0.12
P-004484,V-00849,APAC-SE,Vietnam,9,12.9,4,79,-0.05
P-004484,V-00890,APAC-IN,India,6,16.6,0,21,-0.07
P-004485,V-00397,NA-MX,Mexico,2,-3.1,0,46,0.01
P-004485,V-00028,APAC-IN,India,4,2,4,98,-0.01
P-004485,V-00286,SA,Argentina,5,-5.8,8,59,0.02
P-004486,V-00471,APAC-NE,Japan,7,-2.9,6,78,0.01
P-004487,V-00207,APAC-SE,Indonesia,6,2.8,4,16,-0.01
P-004487,V-00329,SA,Argentina,3,10.3,0,66,-0.04
P-004488,V-00059,EMEA-E,Czechia,4,16.8,6,46,-0.07
P-004488,V-00616,APAC-SE,Malaysia,3,-1.4,6,94,0.01
P-004490,V-00004,APAC-NE,Japan,1,15.8,8,72,-0.06
P-004491,V-00280,APAC-IN,India,5,12.6,12,81,-0.05
P-004492,V-00537,SA,Brazil,8,17.6,0,26,-0.07
P-004492,V-00807,EMEA-E,Turkey,9,5,12,53,-0.02
P-004492,V-00548,EMEA-W,Italy,7,11.3,12,78,-0.05
P-004494,V-00295,NA-US,United States,2,-4.8,0,89,0.02
P-004495,V-00463,SA,Argentina,5,15.1,0,77,-0.06
P-004495,V-00181,APAC-NE,Taiwan,7,3.5,0,43,-0.01
P-004496,V-00428,NA-MX,Mexico,4,14.6,0,30,-0.06
P-004496,V-00654,NA-US,United States,5,9.2,6,22,-0.04
P-004496,V-00068,EMEA-E,Romania,8,2.3,0,83,-0.01
P-004499,V-00606,APAC-SE,Malaysia,7,19,0,43,-0.21
P-004502,V-00086,EMEA-E,Czechia,6,4.6,4,19,-0.02
P-004502,V-00477,APAC-IN,India,7,21,6,84,-0.08
P-004505,V-00496,NA-US,United States,3,5.9,0,26,-0.02
P-004505,V-00351,APAC-NE,Japan,8,16.3,0,98,-0.07
P-004505,V-00100,APAC-NE,Taiwan,4,7.9,8,30,-0.03
P-004507,V-00476,EMEA-E,Romania,6,19,4,99,-0.21
P-004507,V-00128,SA,Brazil,6,-1.1,8,53,0.01
P-004507,V-00443,NA-US,United States,5,21.3,6,60,-0.23
P-004509,V-00022,APAC-IN,India,5,17.9,0,85,-0.07
P-004509,V-00295,NA-US,United States,3,-5.6,0,60,0.02
P-004510,V-00309,APAC-NE,China,3,16.7,8,85,-0.18
P-004510,V-00376,SA,Brazil,4,1.5,6,19,-0.02
P-004513,V-00317,APAC-IN,India,6,2.2,6,96,-0.01
P-004513,V-00588,APAC-NE,China,7,13.9,4,57,-0.06
P-004513,V-00076,APAC-IN,India,4,-0.7,6,86,0
P-004515,V-00273,NA-MX,Mexico,4,-3.3,0,17,0.01
P-004515,V-00153,SA,Argentina,3,9.6,0,69,-0.04
P-004515,V-00395,NA-US,United States,3,5.5,4,36,-0.02
P-004516,V-00172,EMEA-W,Germany,3,7.6,0,71,-0.03
P-004516,V-00396,APAC-NE,China,5,5.3,0,42,-0.02
P-004519,V-00453,SA,Brazil,5,-2,6,67,0.02
P-004520,V-00410,APAC-SE,Malaysia,4,5.1,6,26,-0.02
P-004520,V-00041,NA-US,United States,7,-3.1,0,56,0.01
P-004522,V-00665,APAC-SE,Vietnam,4,19.6,12,49,-0.22
P-004523,V-00366,NA-MX,Mexico,4,1.3,4,24,-0.01
P-004523,V-00086,EMEA-E,Czechia,7,15.3,0,35,-0.06
P-004523,V-00704,SA,Argentina,7,-0.9,4,21,0
P-004526,V-00565,SA,Argentina,4,4.4,12,66,-0.02
P-004527,V-00438,EMEA-E,Poland,5,-4.3,0,47,0.05
P-004527,V-00164,EMEA-W,Spain,6,5,0,48,-0.06
P-004527,V-00361,NA-MX,Mexico,4,6.6,6,60,-0.07
P-004529,V-00279,EMEA-E,Czechia,6,7.7,8,85,-0.03
P-004530,V-00371,APAC-SE,Indonesia,6,-2.9,0,58,0.01
P-004530,V-00619,EMEA-E,Poland,5,19.4,6,60,-0.08
P-004532,V-00842,EMEA-E,Romania,8,14.6,0,98,-0.06
P-004532,V-00509,APAC-IN,India,4,1.5,0,94,-0.01
P-004532,V-00150,EMEA-E,Poland,1,-1.2,4,97,0
P-004533,V-00398,EMEA-E,Czechia,5,19.9,6,76,-0.08
P-004533,V-00343,NA-MX,Mexico,3,15.7,8,87,-0.06
P-004533,V-00222,NA-US,United States,5,20.6,0,80,-0.08
P-004534,V-00591,SA,Brazil,8,2.6,12,68,-0.01
P-004534,V-00594,APAC-NE,China,5,3.1,0,69,-0.01
P-004534,V-00418,APAC-NE,Taiwan,4,-1.9,0,18,0.01
P-004535,V-00081,EMEA-E,Romania,8,1.7,4,51,-0.01
P-004536,V-00223,NA-MX,Mexico,7,0.2,6,92,0
P-004536,V-00594,APAC-NE,China,5,20.9,4,21,-0.08
P-004537,V-00401,SA,Brazil,7,11.3,0,48,-0.05
P-004537,V-00697,NA-US,United States,4,-5.6,0,43,0.02
P-004538,V-00321,APAC-SE,Malaysia,3,5.5,8,100,-0.06
P-004539,V-00771,NA-MX,Mexico,5,-2.6,8,65,0.01
P-004539,V-00598,APAC-IN,India,9,17.3,6,43,-0.07
P-004539,V-00450,APAC-IN,India,8,14,12,54,-0.06
P-004542,V-00563,APAC-SE,Thailand,5,13.9,0,18,-0.06
P-004542,V-00185,APAC-IN,India,7,5.5,0,69,-0.02
P-004542,V-00256,APAC-NE,Taiwan,3,7.4,8,62,-0.03
P-004543,V-00821,NA-US,United States,6,3.9,12,84,-0.02
P-004543,V-00134,APAC-SE,Indonesia,3,9.2,6,93,-0.04
P-004544,V-00572,EMEA-W,Spain,5,10.2,0,53,-0.04
P-004544,V-00016,SA,Brazil,2,12.5,0,16,-0.05
P-004544,V-00389,APAC-NE,Japan,4,19.7,0,33,-0.08
P-004545,V-00930,EMEA-W,France,4,13.5,12,37,-0.15
P-004545,V-00807,EMEA-E,Turkey,8,8.1,8,18,-0.09
P-004545,V-00666,APAC-SE,Indonesia,3,18.8,4,74,-0.21
P-004546,V-00181,APAC-NE,Taiwan,7,-4.6,6,24,0.05
P-004548,V-00717,SA,Argentina,7,21.7,8,86,-0.09
P-004548,V-00792,EMEA-E,Romania,5,-2.6,0,57,0.01
P-004551,V-00041,NA-US,United States,6,11.8,0,46,-0.05
P-004553,V-00072,APAC-SE,Vietnam,7,10.2,12,30,-0.04
P-004553,V-00612,EMEA-W,Italy,3,5.9,0,93,-0.02
P-004554,V-00538,APAC-IN,India,6,0.4,0,15,0
P-004554,V-00186,EMEA-E,Romania,7,10.8,4,15,-0.12
P-004555,V-00411,EMEA-E,Turkey,6,7.2,0,71,-0.03
P-004555,V-00102,APAC-IN,India,4,19.9,8,89,-0.08
P-004555,V-00479,APAC-IN,India,5,21.2,0,100,-0.08
P-004557,V-00444,APAC-SE,Vietnam,7,6.1,12,15,-0.07
P-004558,V-00355,NA-MX,Mexico,6,13,8,58,-0.05
P-004558,V-00666,APAC-SE,Indonesia,5,8,8,23,-0.03
P-004561,V-00168,APAC-SE,Vietnam,4,-1.8,0,77,0.01
P-004562,V-00236,SA,Brazil,5,19.4,0,96,-0.08
P-004562,V-00617,EMEA-W,Spain,6,1.3,12,64,-0.01
P-004562,V-00739,SA,Brazil,4,14.6,4,90,-0.06
P-004564,V-00430,EMEA-W,Italy,5,17.6,6,26,-0.07
P-004564,V-00489,SA,Brazil,8,-0.3,8,43,0
P-004565,V-00959,SA,Argentina,7,-4.4,0,57,0.05
P-004565,V-00077,NA-US,United States,6,-3.2,12,16,0.04
P-004566,V-00477,APAC-IN,India,7,18.3,12,21,-0.07
P-004566,V-00611,NA-MX,Mexico,6,1.7,12,52,-0.01
P-004567,V-00930,EMEA-W,France,2,6.5,8,34,-0.03
P-004567,V-00500,SA,Argentina,7,19.4,12,82,-0.08
P-004568,V-00009,APAC-SE,Indonesia,2,3.1,6,16,-0.03
P-004568,V-00569,APAC-IN,India,7,5.8,12,63,-0.06
P-004569,V-00555,APAC-IN,India,7,-4.1,0,88,0.02
P-004569,V-00027,APAC-IN,India,6,4.3,8,76,-0.02
P-004570,V-00204,NA-MX,Mexico,6,11.8,4,36,-0.05
P-004570,V-00335,EMEA-E,Czechia,2,-3.3,0,34,0.01
P-004571,V-00185,APAC-IN,India,6,11.5,8,64,-0.13
P-004571,V-00019,APAC-NE,Taiwan,5,10.2,0,43,-0.11
P-004573,V-00322,EMEA-E,Poland,4,-2.6,4,65,0.01
P-004573,V-00517,NA-MX,Mexico,8,15.7,8,93,-0.06
P-004575,V-00112,NA-US,United States,7,17.4,12,32,-0.07
P-004578,V-00076,APAC-IN,India,5,1.5,0,38,-0.01
P-004578,V-00588,APAC-NE,China,8,12.7,0,19,-0.05
P-004578,V-00407,EMEA-E,Poland,3,-2.7,8,85,0.01
P-004581,V-00686,APAC-NE,South Korea,3,16.7,6,58,-0.07
P-004582,V-00405,NA-MX,Mexico,4,15.8,4,91,-0.17
P-004582,V-00427,NA-US,United States,3,20.7,12,51,-0.23
P-004585,V-00185,APAC-IN,India,6,17.5,0,60,-0.07
P-004585,V-00080,EMEA-W,France,4,-5.3,0,82,0.02
P-004585,V-00693,NA-US,United States,6,7.3,8,15,-0.03
P-004586,V-00439,APAC-NE,China,4,3.3,4,59,-0.01
P-004587,V-00380,APAC-SE,Vietnam,4,5.6,6,95,-0.02
P-004587,V-00738,APAC-IN,India,8,14.7,4,54,-0.06
P-004587,V-00251,SA,Argentina,4,-5.9,12,63,0.02
P-004588,V-00299,NA-MX,Mexico,5,14.4,12,23,-0.06
P-004588,V-00366,NA-MX,Mexico,5,16.5,6,36,-0.07
P-004589,V-00520,SA,Brazil,7,12,4,91,-0.13
P-004589,V-00785,SA,Argentina,5,16.6,0,40,-0.18
P-004592,V-00703,NA-MX,Mexico,7,6.8,6,44,-0.07
P-004593,V-00583,APAC-NE,Japan,4,3.6,0,74,-0.01
P-004594,V-00542,SA,Argentina,6,16.9,12,31,-0.07
P-004594,V-00433,SA,Brazil,7,-1.8,8,38,0.01
P-004595,V-00491,APAC-SE,Malaysia,8,0.8,6,90,-0.01
P-004596,V-00323,EMEA-E,Czechia,3,18.5,0,18,-0.2
P-004596,V-00071,EMEA-E,Turkey,3,11.6,6,45,-0.13
P-004597,V-00316,NA-MX,Mexico,6,18.6,8,69,-0.07
P-004597,V-00270,APAC-IN,India,7,-1,12,64,0
P-004597,V-00882,APAC-NE,South Korea,7,7.8,0,84,-0.03
P-004598,V-00388,EMEA-W,Spain,5,3.8,0,17,-0.04
P-004598,V-00159,EMEA-W,Italy,6,20.7,4,89,-0.23
P-004598,V-00286,SA,Argentina,4,5.7,6,42,-0.06
P-004600,V-00688,NA-US,United States,4,8.5,6,60,-0.03
P-004601,V-00245,NA-US,United States,5,11.3,8,71,-0.05
P-004601,V-00633,NA-MX,Mexico,4,14.2,12,66,-0.06
P-004602,V-00672,EMEA-E,Romania,3,-4.3,8,30,0.02
P-004602,V-00672,EMEA-E,Romania,4,20.9,8,68,-0.08
P-004603,V-00171,EMEA-E,Turkey,4,1.9,0,15,-0.01
P-004603,V-00775,NA-US,United States,3,18.6,0,50,-0.07
P-004603,V-01073,EMEA-W,Spain,8,-2.1,0,43,0.01
P-004604,V-00258,NA-US,United States,6,-4.9,0,31,0.02
P-004605,V-00014,APAC-NE,South Korea,7,-4.9,12,91,0.02
P-004605,V-00060,APAC-SE,Indonesia,6,10.9,8,17,-0.04
P-004605,V-00480,APAC-NE,Taiwan,9,12.8,8,66,-0.05
P-004606,V-00847,APAC-NE,Japan,5,-2,0,43,0.01
P-004606,V-00069,APAC-SE,Vietnam,3,20.4,8,42,-0.08
P-004607,V-00420,APAC-SE,Malaysia,4,18.6,4,31,-0.2
P-004607,V-00389,APAC-NE,Japan,5,-0.6,6,48,0.01
P-004608,V-00534,APAC-NE,Japan,2,-3.5,0,95,0.01
P-004608,V-00548,EMEA-W,Italy,9,18,0,59,-0.07
P-004608,V-00831,APAC-SE,Thailand,2,13.4,8,42,-0.05
P-004609,V-00959,SA,Argentina,7,3.5,6,45,-0.01
P-004609,V-00214,EMEA-W,France,6,-0.6,0,17,0
P-004610,V-00592,EMEA-W,Germany,8,1.8,0,75,-0.02
P-004611,V-00157,APAC-IN,India,3,2.6,8,57,-0.01
P-004611,V-00635,SA,Argentina,7,-3.3,12,80,0.01
P-004611,V-00649,EMEA-W,France,4,19.3,8,16,-0.08
P-004613,V-00156,SA,Argentina,4,15,4,74,-0.06
P-004613,V-00748,NA-US,United States,5,6.4,4,41,-0.03
P-004614,V-00242,APAC-NE,Japan,5,3.3,4,71,-0.04
P-004614,V-00407,EMEA-E,Poland,4,4,0,44,-0.04
P-004614,V-00366,NA-MX,Mexico,6,12.8,4,86,-0.14
P-004615,V-00499,NA-US,United States,4,-5.2,0,80,0.06
P-004619,V-00289,EMEA-E,Turkey,4,-2.3,0,35,0.01
P-004620,V-00851,SA,Argentina,4,18,0,71,-0.2
P-004620,V-00753,APAC-SE,Vietnam,3,14,6,88,-0.15
P-004621,V-00511,EMEA-W,France,9,19.9,4,60,-0.08
P-004621,V-00438,EMEA-E,Poland,6,7.2,0,55,-0.03
P-004622,V-00698,APAC-SE,Indonesia,7,13.8,0,33,-0.15
P-004623,V-00186,EMEA-E,Romania,8,-3.1,8,29,0.01
P-004623,V-00816,EMEA-E,Poland,4,18.2,4,29,-0.07
P-004624,V-00666,APAC-SE,Indonesia,4,-1.6,8,74,0.01
P-004627,V-00395,NA-US,United States,4,20.5,0,75,-0.08
P-004627,V-00136,APAC-SE,Indonesia,8,19.5,0,47,-0.08
P-004628,V-00534,APAC-NE,Japan,2,-2,8,15,0.01
P-004628,V-00537,SA,Brazil,9,16.2,6,29,-0.06
P-004628,V-00605,APAC-NE,Taiwan,6,-1.9,6,69,0.01
P-004630,V-00442,NA-MX,Mexico,2,0.8,0,25,0
P-004630,V-00133,EMEA-E,Turkey,3,17.7,0,87,-0.07
P-004630,V-00239,NA-MX,Mexico,7,12.3,6,18,-0.05
P-004631,V-00297,APAC-NE,Taiwan,7,4.6,0,27,-0.02
P-004632,V-00737,APAC-SE,Indonesia,9,-5.8,0,97,0.02
P-004632,V-00098,EMEA-E,Turkey,4,4.6,0,48,-0.02
P-004634,V-00447,NA-MX,Mexico,6,8.1,0,85,-0.03
P-004634,V-00394,SA,Argentina,5,14.9,12,29,-0.06
P-004634,V-00644,EMEA-E,Turkey,5,14.9,6,89,-0.06
P-004637,V-00325,EMEA-W,France,3,-0.5,0,79,0.01
P-004638,V-00322,EMEA-E,Poland,5,-2,12,61,0.01
P-004638,V-00001,NA-US,United States,7,18.6,0,31,-0.07
P-004639,V-00666,APAC-SE,Indonesia,4,21.3,0,38,-0.09
P-004639,V-00548,EMEA-W,Italy,7,8.2,12,80,-0.03
P-004641,V-00829,APAC-NE,Japan,6,-1,6,58,0.01
P-004643,V-00106,NA-MX,Mexico,4,9,0,26,-0.1
P-004643,V-00126,APAC-SE,Indonesia,3,18.6,4,32,-0.2
P-004643,V-00396,APAC-NE,China,5,16.1,0,96,-0.18
P-004644,V-00255,EMEA-E,Czechia,5,8.7,8,84,-0.03
P-004645,V-00280,APAC-IN,India,5,-2.3,0,34,0.01
P-004645,V-00202,APAC-NE,China,5,-4.5,8,22,0.02
P-004646,V-00278,APAC-IN,India,7,15.2,6,67,-0.06
P-004646,V-00959,SA,Argentina,7,10.1,12,60,-0.04
P-004648,V-00849,APAC-SE,Vietnam,8,5.3,4,92,-0.06
P-004648,V-00890,APAC-IN,India,4,4.2,8,16,-0.05
P-004648,V-00408,NA-US,United States,4,-5.1,12,63,0.06
P-004649,V-00557,EMEA-W,Germany,5,-3.5,4,96,0.01
P-004650,V-00055,APAC-IN,India,6,-3.9,0,95,0.04
P-004650,V-00446,EMEA-W,France,9,5.4,0,30,-0.06
P-004651,V-00535,EMEA-W,France,5,3.6,6,21,-0.04
P-004652,V-00185,APAC-IN,India,8,-0.1,4,42,0
P-004652,V-00563,APAC-SE,Thailand,5,18.1,0,60,-0.2
P-004653,V-00773,SA,Brazil,2,12.5,0,68,-0.05
P-004654,V-00137,SA,Brazil,6,11.3,4,78,-0.05
P-004654,V-00350,NA-US,United States,8,2,0,84,-0.01
P-004655,V-00490,APAC-IN,India,5,12,12,57,-0.05
P-004655,V-00127,NA-MX,Mexico,4,-2.9,8,16,0.01
P-004655,V-00276,APAC-NE,Taiwan,2,3.9,12,23,-0.02
P-004656,V-00260,APAC-IN,India,4,4.2,6,54,-0.02
P-004656,V-00260,APAC-IN,India,5,17.3,8,20,-0.07
P-004656,V-00032,APAC-IN,India,6,6.4,8,60,-0.03
P-004657,V-00312,NA-US,United States,7,11.6,0,43,-0.05
P-004657,V-00269,APAC-IN,India,7,2.3,6,76,-0.01
P-004657,V-00158,NA-US,United States,3,-4.8,0,35,0.02
P-004658,V-00437,EMEA-W,Germany,9,7.9,0,47,-0.03
P-004658,V-00351,APAC-NE,Japan,6,-4.5,12,50,0.02
P-004658,V-00704,SA,Argentina,7,17.6,4,22,-0.07
P-004662,V-00172,EMEA-W,Germany,3,5.4,0,76,-0.02
P-004662,V-00619,EMEA-E,Poland,2,9.2,0,77,-0.04
P-004663,V-00020,APAC-NE,Japan,6,-5.5,0,74,0.06
P-004663,V-00197,APAC-SE,Indonesia,5,13.6,0,89,-0.15
P-004663,V-00426,APAC-SE,Malaysia,8,5.1,6,54,-0.06
P-004664,V-00613,EMEA-W,Spain,9,9.5,0,82,-0.04
P-004665,V-00434,APAC-NE,Japan,4,-0.9,0,16,0
P-004665,V-00332,APAC-IN,India,2,-2.9,0,92,0.01
P-004665,V-00783,APAC-IN,India,4,9,4,35,-0.04
P-004667,V-00632,EMEA-W,Germany,6,-2,8,63,0.01
P-004670,V-00719,NA-US,United States,5,17.4,6,40,-0.07
P-004670,V-00497,APAC-NE,Taiwan,9,0.3,0,90,0
P-004670,V-00156,SA,Argentina,6,21.7,12,28,-0.09
P-004671,V-00701,EMEA-W,Italy,1,14.4,4,64,-0.16
P-004671,V-00218,APAC-SE,Indonesia,3,10.2,0,55,-0.11
P-004671,V-00701,EMEA-W,Italy,2,8.2,6,21,-0.09
P-004672,V-00258,NA-US,United States,6,18.2,4,58,-0.07
P-004672,V-00447,NA-MX,Mexico,6,6.1,0,47,-0.02
P-004672,V-00657,SA,Argentina,2,10.4,12,95,-0.04
P-004675,V-00043,APAC-NE,Taiwan,4,20.8,12,61,-0.23
P-004676,V-00237,EMEA-W,Italy,4,-4.9,4,36,0.02
P-004676,V-00708,EMEA-W,Spain,6,1.2,12,75,0
P-004676,V-00548,EMEA-W,Italy,8,19.9,12,64,-0.08
P-004677,V-00669,APAC-SE,Vietnam,5,9.6,0,90,-0.04
P-004677,V-00788,NA-MX,Mexico,4,18.1,12,72,-0.07
P-004681,V-00003,NA-MX,Mexico,8,-5.7,4,36,0.06
P-004681,V-00024,NA-US,United States,6,-3.2,6,39,0.04
P-004682,V-00824,SA,Argentina,9,-2,0,56,0.01
P-004683,V-00660,EMEA-W,Germany,5,1.2,0,64,-0.01
P-004683,V-00376,SA,Brazil,5,-1.5,0,23,0.02
P-004683,V-00003,NA-MX,Mexico,8,-1.4,4,47,0.02
P-004686,V-00339,SA,Argentina,3,6.7,8,22,-0.03
P-004689,V-00789,SA,Argentina,4,-5.4,4,48,0.02
P-004690,V-00706,APAC-IN,India,4,-2.8,0,55,0.01
P-004691,V-00342,SA,Argentina,6,-4.4,6,28,0.02
P-004691,V-00281,APAC-IN,India,5,9,0,85,-0.04
P-004693,V-00055,APAC-IN,India,6,16.4,8,76,-0.07
P-004695,V-00156,SA,Argentina,5,-5.2,8,29,0.06
P-004695,V-00671,SA,Argentina,2,18.4,8,86,-0.2
P-004697,V-00589,NA-MX,Mexico,5,16.6,8,53,-0.07
P-004701,V-00149,NA-US,United States,5,1.6,8,99,-0.02
P-004702,V-00304,NA-US,United States,2,12.3,6,65,-0.05
P-004702,V-00266,SA,Brazil,8,10.4,8,98,-0.04
P-004702,V-00391,SA,Argentina,8,5,6,94,-0.02
P-004703,V-00094,APAC-NE,China,3,1.3,12,92,-0.01
P-004705,V-00923,NA-MX,Mexico,5,14,6,49,-0.06
P-004705,V-00621,SA,Brazil,3,6.5,4,37,-0.03
P-004706,V-00497,APAC-NE,Taiwan,6,-2.5,0,67,0.01
P-004707,V-00382,APAC-NE,South Korea,5,6.9,12,80,-0.03
P-004707,V-00478,APAC-SE,Vietnam,5,-2.4,12,29,0.01
P-004707,V-00183,EMEA-W,Germany,4,20.6,0,63,-0.08
P-004708,V-00644,EMEA-E,Turkey,4,6.1,0,20,-0.07
P-004709,V-00241,APAC-IN,India,2,-6,12,90,0.02
P-004709,V-00101,EMEA-W,Spain,4,9.5,0,16,-0.04
P-004711,V-00471,APAC-NE,Japan,6,-4.5,4,59,0.05
P-004711,V-00574,APAC-SE,Malaysia,5,21.1,12,75,-0.23
P-004711,V-00221,APAC-NE,South Korea,7,14.8,6,45,-0.16
P-004712,V-00302,NA-US,United States,6,2,4,41,-0.01
P-004712,V-00244,EMEA-E,Czechia,2,15.2,4,16,-0.06
P-004712,V-00269,APAC-IN,India,8,-5.6,0,67,0.02
P-004713,V-00296,NA-MX,Mexico,5,20,12,62,-0.08
P-004713,V-00639,EMEA-E,Turkey,3,10.7,6,22,-0.04
P-004714,V-00946,NA-MX,Mexico,2,6.7,0,87,-0.03
P-004714,V-01073,EMEA-W,Spain,8,15.5,0,17,-0.06
P-004714,V-00493,EMEA-E,Romania,8,-0.7,0,58,0
P-004715,V-00483,EMEA-W,Germany,7,7.3,0,48,-0.03
P-004715,V-00194,APAC-IN,India,4,9.3,4,60,-0.04
P-004717,V-00254,SA,Argentina,3,-3,0,65,0.03
P-004717,V-00002,APAC-NE,China,4,4.8,0,65,-0.05
P-004719,V-00599,APAC-IN,India,3,20.8,0,57,-0.23
P-004723,V-00764,EMEA-W,Italy,8,21.5,8,31,-0.09
P-004723,V-00011,APAC-SE,Indonesia,3,-3.1,6,100,0.01
P-004724,V-00654,NA-US,United States,6,-5.1,6,32,0.06
P-004727,V-00159,EMEA-W,Italy,6,7,8,28,-0.03
P-004728,V-00668,APAC-NE,Taiwan,2,4.7,0,74,-0.05
P-004728,V-00251,SA,Argentina,4,16.9,6,84,-0.19
P-004729,V-00846,NA-MX,Mexico,4,-2.6,12,72,0.01
P-004730,V-00230,APAC-SE,Vietnam,5,-5.5,0,67,0.02
P-004731,V-00274,EMEA-W,Spain,5,-2.5,8,54,0.01
P-004731,V-00512,NA-US,United States,5,14.1,12,94,-0.06
P-004732,V-00305,APAC-SE,Vietnam,2,-5.5,6,82,0.06
P-004732,V-00177,APAC-IN,India,1,10.5,8,36,-0.12
P-004732,V-00351,APAC-NE,Japan,9,12.3,12,39,-0.14
P-004735,V-00222,NA-US,United States,5,18.2,0,17,-0.07
P-004736,V-00585,SA,Brazil,4,-2,0,19,0.01
P-004736,V-00172,EMEA-W,Germany,3,4.1,6,45,-0.02
P-004739,V-00586,NA-MX,Mexico,4,6.7,4,25,-0.03
P-004739,V-00015,EMEA-E,Turkey,8,13.7,0,51,-0.05
P-004739,V-00018,NA-US,United States,4,-0.4,0,84,0
P-004741,V-00542,SA,Argentina,4,16.6,0,96,-0.07
P-004741,V-00402,EMEA-W,France,7,3.6,8,82,-0.01
P-004745,V-00010,EMEA-E,Romania,6,5.8,0,59,-0.02
P-004746,V-00368,NA-US,United States,7,12.2,0,81,-0.05
P-004746,V-00125,EMEA-W,France,5,15,0,50,-0.06
P-004746,V-00794,APAC-IN,India,5,-3.2,4,37,0.01
P-004747,V-00363,APAC-IN,India,7,14.5,8,76,-0.06
P-004747,V-00775,NA-US,United States,5,1.7,0,56,-0.01
P-004747,V-01000,EMEA-W,Spain,4,-5.8,0,82,0.02
P-004748,V-00796,NA-MX,Mexico,5,19.4,0,84,-0.08
P-004750,V-00475,APAC-SE,Thailand,5,-4.2,4,44,0.02
P-004750,V-00600,APAC-IN,India,6,14.3,6,34,-0.06
P-004750,V-00477,APAC-IN,India,6,21,0,55,-0.08
P-004754,V-00288,NA-MX,Mexico,6,-4.6,4,87,0.02
P-004754,V-00451,NA-MX,Mexico,4,-3.5,6,76,0.01
P-004754,V-00243,APAC-IN,India,3,20.2,8,82,-0.08
P-004755,V-00713,APAC-IN,India,5,-5.2,0,74,0.06
P-004755,V-00713,APAC-IN,India,4,2,12,23,-0.02
P-004757,V-00591,SA,Brazil,9,9.3,6,87,-0.04
P-004757,V-00409,APAC-SE,Indonesia,8,19.1,4,96,-0.08
P-004757,V-00427,NA-US,United States,3,6.9,6,25,-0.03
P-004758,V-00302,NA-US,United States,3,0.2,0,37,0
P-004758,V-00578,EMEA-E,Turkey,4,6.4,12,50,-0.03
P-004758,V-00503,APAC-SE,Vietnam,5,1,0,32,0
P-004760,V-00717,SA,Argentina,7,2.1,0,80,-0.01
P-004761,V-00586,NA-MX,Mexico,4,7.6,6,59,-0.03
P-004761,V-00340,NA-US,United States,5,2.9,12,18,-0.01
P-004762,V-00037,SA,Brazil,8,6.9,12,90,-0.03
P-004762,V-00431,APAC-SE,Thailand,4,3.4,4,83,-0.01
P-004763,V-00674,NA-MX,Mexico,8,0.7,6,44,0
P-004763,V-00019,APAC-NE,Taiwan,3,2.2,0,76,-0.01
P-004764,V-00465,APAC-NE,South Korea,7,7.6,4,47,-0.03
P-004764,V-00398,EMEA-E,Czechia,7,13.3,12,15,-0.05
P-004765,V-00322,EMEA-E,Poland,5,3.1,0,35,-0.01
P-004767,V-00846,NA-MX,Mexico,3,-4.5,8,18,0.02
P-004767,V-00774,EMEA-E,Romania,5,16.5,0,69,-0.07
P-004767,V-00455,NA-US,United States,5,21.6,12,18,-0.09
P-004768,V-00849,APAC-SE,Vietnam,8,10.9,6,41,-0.12
P-004769,V-00016,SA,Brazil,4,-3.3,6,86,0.01
P-004769,V-00371,APAC-SE,Indonesia,6,10.6,4,67,-0.04
P-004769,V-00035,SA,Argentina,8,19.9,8,61,-0.08
P-004770,V-00315,NA-US,United States,3,17.6,0,93,-0.07
P-004772,V-00764,EMEA-W,Italy,6,14.4,0,40,-0.06
P-004772,V-00302,NA-US,United States,4,11.7,0,15,-0.05
P-004772,V-00656,SA,Brazil,3,15.1,0,58,-0.06
P-004773,V-00475,APAC-SE,Thailand,4,0.3,4,69,0
P-004773,V-00229,EMEA-E,Czechia,3,-2.3,8,18,0.01
P-004773,V-00305,APAC-SE,Vietnam,2,11.3,0,26,-0.05
P-004774,V-00320,APAC-IN,India,4,2.7,4,39,-0.01
P-004778,V-00208,EMEA-W,France,8,7.7,8,17,-0.03
P-004778,V-00625,APAC-SE,Malaysia,7,7.9,12,30,-0.03
P-004779,V-00615,EMEA-E,Romania,2,-3.6,0,43,0.01
P-004779,V-00076,APAC-IN,India,3,19,0,72,-0.08
P-004779,V-00579,NA-US,United States,8,5.5,8,33,-0.02
P-004780,V-00191,EMEA-E,Turkey,5,4.3,6,78,-0.02
P-004781,V-00472,APAC-SE,Vietnam,7,-5.2,4,41,0.06
P-004782,V-00656,SA,Brazil,5,3.9,4,81,-0.02
P-004785,V-00555,APAC-IN,India,6,21.2,0,77,-0.08
P-004785,V-00410,APAC-SE,Malaysia,5,0.7,8,68,0
P-004785,V-00052,EMEA-E,Turkey,5,-1.5,12,29,0.01
P-004786,V-00023,NA-MX,Mexico,4,10.8,12,66,-0.04
P-004786,V-00821,NA-US,United States,5,18.6,6,64,-0.07
P-004787,V-00492,APAC-IN,India,4,15.8,4,95,-0.06
P-004788,V-00402,EMEA-W,France,5,0,12,35,0
P-004788,V-00087,APAC-NE,Japan,4,13.7,4,55,-0.05
P-004789,V-00033,EMEA-E,Romania,6,-5.1,4,16,0.02
P-004789,V-00109,NA-US,United States,4,21.7,6,28,-0.09
P-004791,V-00081,EMEA-E,Romania,7,8.5,0,46,-0.03
P-004791,V-00220,EMEA-W,Spain,7,17.7,4,65,-0.07
P-004791,V-00048,NA-US,United States,9,14.9,12,79,-0.06
P-004792,V-00361,NA-MX,Mexico,4,16.5,8,94,-0.07
P-004792,V-00604,EMEA-E,Czechia,8,19.4,8,52,-0.08
P-004794,V-00710,EMEA-W,France,3,5.6,0,66,-0.02
P-004794,V-00641,NA-US,United States,7,-3.2,0,63,0.01
P-004796,V-00292,NA-MX,Mexico,5,6.1,0,27,-0.02
P-004796,V-00768,APAC-SE,Indonesia,4,18.7,0,85,-0.07
P-004796,V-00497,APAC-NE,Taiwan,6,4.5,4,82,-0.02
P-004797,V-00207,APAC-SE,Indonesia,5,18,4,93,-0.07
P-004797,V-00052,EMEA-E,Turkey,3,-1,4,16,0
P-004797,V-00598,APAC-IN,India,9,6.5,8,84,-0.03
P-004799,V-00872,NA-US,United States,6,10,6,93,-0.11
P-004799,V-00381,APAC-SE,Vietnam,2,2.3,0,20,-0.03
P-004800,V-00523,EMEA-W,France,4,11.6,0,60,-0.05
P-004800,V-00634,EMEA-E,Czechia,3,8.6,4,53,-0.03
P-004800,V-00284,EMEA-E,Romania,3,-3.7,8,96,0.01
P-004801,V-00471,APAC-NE,Japan,6,12.2,12,25,-0.13
P-004801,V-00017,APAC-NE,China,6,21.5,0,23,-0.24
P-004802,V-00172,EMEA-W,Germany,2,2.1,4,84,-0.01
P-004803,V-00619,EMEA-E,Poland,2,9.9,0,23,-0.04
P-004803,V-00016,SA,Brazil,2,10.3,12,72,-0.04
P-004803,V-00126,APAC-SE,Indonesia,1,-0.2,4,100,0
P-004804,V-00685,APAC-SE,Vietnam,2,18.3,0,63,-0.07
P-004805,V-00925,NA-MX,Mexico,5,14.1,6,36,-0.06
P-004805,V-01000,EMEA-W,Spain,2,12.9,4,35,-0.05
P-004805,V-00925,NA-MX,Mexico,7,12.3,0,73,-0.05
P-004806,V-00756,APAC-IN,India,6,0.8,6,68,0
P-004806,V-00314,SA,Brazil,9,2.3,6,47,-0.01
P-004806,V-00323,EMEA-E,Czechia,4,16.8,6,53,-0.07
P-004808,V-00191,EMEA-E,Turkey,6,11.5,6,49,-0.05
P-004811,V-00657,SA,Argentina,3,-1.2,0,63,0
P-004811,V-00059,EMEA-E,Czechia,3,15.6,0,71,-0.06
P-004811,V-00275,EMEA-E,Turkey,3,9.3,4,82,-0.04
P-004812,V-00549,EMEA-W,Italy,7,1.3,6,89,-0.01
P-004812,V-00821,NA-US,United States,7,20.9,0,75,-0.08
P-004813,V-00001,NA-US,United States,8,-3.5,8,80,0.01
P-004816,V-00514,APAC-NE,Japan,5,-2.9,0,88,0.01
P-004817,V-00463,SA,Argentina,8,-6,8,98,0.02
P-004817,V-00504,NA-US,United States,5,-4.1,8,45,0.02
P-004817,V-00576,NA-MX,Mexico,4,-3.7,8,70,0.01
P-004818,V-00204,NA-MX,Mexico,4,15.2,4,76,-0.06
P-004819,V-00291,APAC-NE,South Korea,8,21.8,6,24,-0.09
P-004819,V-00559,SA,Brazil,4,11.4,6,62,-0.05
P-004819,V-00158,NA-US,United States,4,17.3,8,90,-0.07
P-004822,V-00178,APAC-IN,India,3,15.6,0,52,-0.06
P-004822,V-00498,EMEA-W,France,6,17.3,8,26,-0.07
P-004822,V-00817,APAC-IN,India,4,6.8,0,63,-0.03
P-004823,V-00882,APAC-NE,South Korea,6,3.9,6,34,-0.04
P-004823,V-00882,APAC-NE,South Korea,7,-3.1,0,64,0.03
P-004825,V-00083,SA,Brazil,7,17.1,12,95,-0.07
P-004825,V-00544,APAC-IN,India,4,1.3,0,99,-0.01
P-004825,V-00685,APAC-SE,Vietnam,2,19.5,8,64,-0.08
P-004826,V-00275,EMEA-E,Turkey,1,18,0,86,-0.07
P-004827,V-00001,NA-US,United States,8,10.3,0,44,-0.04
P-004827,V-00193,NA-US,United States,8,8.5,12,68,-0.03
P-004831,V-00499,NA-US,United States,5,5,4,72,-0.02
P-004831,V-00587,APAC-NE,Taiwan,3,19.4,0,48,-0.08
P-004832,V-00132,APAC-NE,Taiwan,7,12.2,0,50,-0.13
P-004832,V-00459,EMEA-E,Turkey,4,0.9,8,89,-0.01
P-004832,V-00595,SA,Brazil,2,-1.1,0,81,0.01
P-004833,V-00565,SA,Argentina,5,12.7,12,23,-0.14
P-004834,V-00469,APAC-SE,Indonesia,5,11.3,4,19,-0.05
P-004834,V-00422,EMEA-E,Turkey,6,5,8,67,-0.02
P-004835,V-00381,APAC-SE,Vietnam,1,0.8,4,78,0
P-004835,V-00547,EMEA-W,Spain,5,8,8,21,-0.03
P-004836,V-00532,APAC-SE,Thailand,6,-1.2,6,21,0
P-004836,V-00669,APAC-SE,Vietnam,6,-3.6,12,80,0.01
P-004836,V-00788,NA-MX,Mexico,3,13.2,0,88,-0.05
P-004837,V-00662,APAC-IN,India,5,12.2,4,79,-0.13
P-004837,V-00608,EMEA-W,Germany,6,4.6,0,73,-0.05
P-004838,V-00431,APAC-SE,Thailand,6,-3.7,6,40,0.01
P-004841,V-00334,NA-US,United States,2,-4.6,4,74,0.02
P-004842,V-00588,APAC-NE,China,8,3.8,0,27,-0.02
P-004843,V-00173,APAC-NE,South Korea,4,16.1,0,36,-0.06
P-004843,V-00148,NA-US,United States,1,20.2,0,53,-0.08
P-004843,V-00002,APAC-NE,China,5,-1.4,0,54,0.01
P-004844,V-00543,NA-US,United States,6,-4.7,8,47,0.02
P-004844,V-00627,SA,Brazil,5,0.4,6,30,0
P-004844,V-00296,NA-MX,Mexico,5,20.9,0,17,-0.08
P-004845,V-00393,APAC-NE,China,5,2.2,0,90,-0.02
P-004845,V-00878,EMEA-W,France,5,-2.8,12,74,0.03
P-004846,V-00589,NA-MX,Mexico,4,7.8,0,91,-0.03
P-004847,V-00564,EMEA-W,Italy,7,12.9,4,80,-0.05
P-004849,V-00331,NA-MX,Mexico,3,-1.3,6,55,0.01
P-004849,V-00065,EMEA-E,Romania,7,19.2,4,24,-0.08
P-004851,V-00671,SA,Argentina,4,16.2,8,83,-0.06
P-004853,V-00890,APAC-IN,India,5,-1.4,4,48,0.01
P-004853,V-00567,EMEA-E,Romania,4,9.8,8,50,-0.04
P-004856,V-00442,NA-MX,Mexico,4,1.3,12,76,-0.01
P-004856,V-00378,NA-MX,Mexico,4,4.4,6,49,-0.02
P-004856,V-00633,NA-MX,Mexico,4,17.1,6,82,-0.07
P-004857,V-00751,APAC-SE,Indonesia,7,5.9,6,28,-0.06
P-004857,V-00027,APAC-IN,India,6,-0.8,8,38,0.01
P-004857,V-00337,EMEA-W,France,4,18.3,4,48,-0.2
P-004859,V-00357,SA,Brazil,7,-0.2,8,97,0
P-004862,V-00369,EMEA-E,Romania,3,-3.7,6,90,0.01
P-004862,V-00390,EMEA-E,Poland,7,17.5,12,83,-0.07
P-004863,V-00233,NA-MX,Mexico,7,7.7,12,52,-0.03
P-004864,V-00197,APAC-SE,Indonesia,6,5.1,0,56,-0.02
P-004864,V-00433,SA,Brazil,9,-3.4,0,50,0.01
P-004867,V-00579,NA-US,United States,6,1.4,6,25,-0.01
P-004867,V-00407,EMEA-E,Poland,6,6.4,0,84,-0.03
P-004868,V-00565,SA,Argentina,4,-1.5,6,99,0.01
P-004869,V-00697,NA-US,United States,5,20.1,0,24,-0.08
P-004869,V-00568,APAC-IN,India,7,-4.4,6,44,0.02
P-004871,V-00137,SA,Brazil,6,3.8,0,48,-0.02
P-004871,V-00519,APAC-NE,Taiwan,3,21,6,27,-0.08
P-004871,V-00158,NA-US,United States,3,11.9,0,68,-0.05
P-004872,V-00529,APAC-IN,India,5,20.2,8,51,-0.08
P-004872,V-00752,NA-US,United States,7,14.6,0,91,-0.06
P-004872,V-00160,EMEA-E,Czechia,4,17.3,8,80,-0.07
P-004873,V-00333,APAC-IN,India,2,17.3,8,72,-0.19
P-004873,V-00208,EMEA-W,France,7,2.2,0,30,-0.02
P-004875,V-00538,APAC-IN,India,5,12.4,8,79,-0.14
P-004875,V-00779,APAC-SE,Malaysia,4,-1.2,0,26,0.01
P-004875,V-00041,NA-US,United States,7,18.2,0,71,-0.2
P-004876,V-00415,APAC-NE,Taiwan,4,7.8,12,58,-0.03
P-004877,V-00152,APAC-SE,Indonesia,4,2,0,75,-0.01
P-004877,V-00819,APAC-NE,Taiwan,3,-3.7,12,54,0.01
P-004877,V-00328,NA-MX,Mexico,5,11.8,0,22,-0.05
P-004878,V-00271,APAC-NE,China,8,7.3,12,23,-0.03
P-004878,V-00136,APAC-SE,Indonesia,7,1.1,4,50,0
P-004878,V-00139,EMEA-E,Poland,4,13.9,4,43,-0.06
P-004880,V-00300,APAC-NE,Japan,5,14.3,0,89,-0.06
P-004880,V-00462,NA-MX,Mexico,3,16.2,12,53,-0.06
P-004882,V-00286,SA,Argentina,4,-1.4,8,88,0.01
P-004883,V-00486,NA-MX,Mexico,7,18.5,0,19,-0.07
P-004884,V-00719,NA-US,United States,3,-5.1,8,38,0.06
P-004884,V-00497,APAC-NE,Taiwan,7,-2.3,0,39,0.03
P-004884,V-00674,NA-MX,Mexico,8,7.3,6,93,-0.08
P-004885,V-00244,EMEA-E,Czechia,3,21.4,4,85,-0.09
P-004885,V-00634,EMEA-E,Czechia,4,17.3,8,30,-0.07
P-004886,V-00726,APAC-IN,India,2,19.4,6,94,-0.08
P-004886,V-00544,APAC-IN,India,4,-1.4,12,91,0.01
P-004886,V-00882,APAC-NE,South Korea,7,-4.3,4,43,0.02
P-004887,V-00083,SA,Brazil,8,-2.1,8,46,0.02
P-004888,V-00129,APAC-NE,Japan,5,20.3,4,44,-0.08
P-004888,V-00028,APAC-IN,India,4,3,4,71,-0.01
P-004888,V-00338,APAC-SE,Vietnam,6,16.3,4,23,-0.07
P-004889,V-00272,SA,Argentina,3,-4.9,0,50,0.02
P-004889,V-00632,EMEA-W,Germany,7,10.7,0,36,-0.04
P-004891,V-00252,APAC-NE,China,3,6.4,4,48,-0.03
P-004891,V-00474,NA-US,United States,2,19.5,4,58,-0.08
P-004891,V-00480,APAC-NE,Taiwan,9,12,0,36,-0.05
P-004892,V-00353,APAC-SE,Thailand,7,21.1,8,15,-0.23
P-004892,V-00637,NA-MX,Mexico,3,13.6,0,78,-0.15
P-004892,V-00598,APAC-IN,India,8,1,12,18,-0.01
P-004894,V-00064,NA-MX,Mexico,8,15.1,8,16,-0.06
P-004894,V-00423,NA-US,United States,3,-5,12,37,0.02
P-004895,V-00036,APAC-SE,Vietnam,4,3.9,8,83,-0.02
P-004897,V-00101,EMEA-W,Spain,6,-3.1,4,87,0.01
P-004897,V-00584,APAC-IN,India,6,12.2,12,95,-0.05
P-004898,V-00431,APAC-SE,Thailand,6,21.7,12,53,-0.24
P-004898,V-00331,NA-MX,Mexico,5,-5.6,12,89,0.06
P-004899,V-00375,SA,Brazil,6,8.1,6,52,-0.09
P-004899,V-00499,NA-US,United States,4,12.3,0,80,-0.14
P-004899,V-00550,SA,Argentina,4,5.3,12,27,-0.06
P-004905,V-00283,EMEA-W,France,4,9.9,6,80,-0.04
P-004905,V-00053,APAC-IN,India,3,13.9,12,46,-0.06
P-004905,V-00579,NA-US,United States,7,3,6,100,-0.01
P-004906,V-00139,EMEA-E,Poland,2,5.9,0,25,-0.02
P-004906,V-00507,APAC-NE,Taiwan,3,18.9,12,73,-0.08
P-004906,V-00040,APAC-NE,China,6,-3,0,52,0.01
P-004909,V-00150,EMEA-E,Poland,3,-5.7,0,50,0.06
P-004912,V-00430,EMEA-W,Italy,6,-0.3,12,83,0
P-004914,V-00249,APAC-SE,Indonesia,5,-1.4,12,94,0.01
P-004915,V-00653,EMEA-E,Czechia,4,18.6,12,30,-0.07
P-004915,V-00100,APAC-NE,Taiwan,3,19.9,12,54,-0.08
P-004915,V-00676,NA-US,United States,2,15.3,0,58,-0.06
P-004916,V-00643,APAC-IN,India,7,4.1,4,95,-0.02
P-004917,V-00604,EMEA-E,Czechia,8,20.3,0,38,-0.22
P-004917,V-00268,APAC-NE,South Korea,3,20.2,0,24,-0.22
P-004917,V-00221,APAC-NE,South Korea,8,-1.1,4,40,0.01
P-004918,V-00110,EMEA-E,Poland,4,-2.2,0,66,0.01
P-004919,V-00769,EMEA-W,Spain,7,19.5,12,31,-0.08
P-004919,V-00545,EMEA-W,France,5,-4.8,12,79,0.02
P-004919,V-00167,APAC-IN,India,8,21,6,100,-0.08
P-004920,V-00117,NA-US,United States,6,-0.1,4,33,0
P-004920,V-00128,SA,Brazil,6,2.2,6,56,-0.01
P-004920,V-00117,NA-US,United States,3,12.2,0,93,-0.05
P-004923,V-00043,APAC-NE,Taiwan,4,4.8,8,21,-0.02
P-004923,V-00628,APAC-SE,Indonesia,7,-2.1,0,72,0.01
P-004923,V-00491,APAC-SE,Malaysia,6,15.2,4,34,-0.06
P-004924,V-00594,APAC-NE,China,6,-0.2,4,15,0
P-004924,V-00525,EMEA-E,Poland,3,1.5,6,39,-0.01
P-004926,V-00209,SA,Brazil,3,17.3,12,31,-0.07
P-004926,V-00057,NA-MX,Mexico,6,7.5,0,100,-0.03
P-004926,V-00614,SA,Brazil,6,17.2,6,44,-0.07
P-004927,V-00089,NA-US,United States,8,-5.9,0,23,0.02
P-004927,V-00203,NA-US,United States,8,10.7,8,62,-0.04
P-004928,V-00579,NA-US,United States,8,14.2,0,70,-0.06
P-004928,V-00676,NA-US,United States,2,18.5,8,24,-0.07
P-004929,V-00664,APAC-NE,Taiwan,8,-5.9,0,85,0.02
P-004929,V-00318,EMEA-W,France,5,15.9,0,57,-0.06
P-004930,V-00245,NA-US,United States,4,4,6,57,-0.02
P-004930,V-00046,NA-MX,Mexico,5,-0.9,0,48,0
P-004930,V-00344,NA-MX,Mexico,7,6.4,0,100,-0.03
P-004931,V-00430,EMEA-W,Italy,7,10,12,78,-0.04
P-004931,V-00718,APAC-IN,India,3,-5.4,0,28,0.02
P-004932,V-00233,NA-MX,Mexico,5,1.7,12,79,-0.01
P-004932,V-00688,NA-US,United States,4,5.1,0,87,-0.02
P-004932,V-00644,EMEA-E,Turkey,6,-5.9,8,91,0.02
P-004933,V-00314,SA,Brazil,8,14.1,0,65,-0.06
P-004933,V-00536,SA,Brazil,5,9,0,49,-0.04
P-004933,V-00047,APAC-SE,Vietnam,5,7.6,0,90,-0.03
P-004934,V-00076,APAC-IN,India,3,21.1,6,94,-0.08
P-004934,V-00351,APAC-NE,Japan,7,-3.3,6,82,0.01
P-004934,V-00611,NA-MX,Mexico,5,20.5,8,83,-0.08
P-004936,V-00434,APAC-NE,Japan,5,-0.9,4,49,0
P-004936,V-00377,EMEA-W,Spain,4,-3.5,0,80,0.01
P-004936,V-00180,APAC-IN,India,6,19.3,4,40,-0.08
P-004938,V-00541,APAC-SE,Malaysia,9,16.1,8,64,-0.06
P-004938,V-00100,APAC-NE,Taiwan,4,-4.5,12,54,0.02
P-004938,V-00653,EMEA-E,Czechia,5,11.2,6,87,-0.04
P-004939,V-00658,SA,Brazil,4,7,0,25,-0.03
P-004939,V-00223,NA-MX,Mexico,7,7.5,8,90,-0.03
P-004939,V-00586,NA-MX,Mexico,5,-5.7,0,70,0.02
P-004940,V-00244,EMEA-E,Czechia,4,5.2,8,18,-0.02
P-004940,V-00569,APAC-IN,India,6,11.1,12,22,-0.04
P-004940,V-00656,SA,Brazil,3,-1.8,0,76,0.01
P-004943,V-00359,NA-MX,Mexico,7,4.3,4,54,-0.02
P-004944,V-00117,NA-US,United States,5,7.9,0,17,-0.03
P-004944,V-00486,NA-MX,Mexico,8,16.8,12,65,-0.07
P-004944,V-00240,NA-US,United States,4,-0.5,8,27,0
P-004945,V-00049,NA-MX,Mexico,7,-2.8,4,79,0.01
P-004945,V-00063,APAC-NE,Japan,2,-5.4,4,92,0.02
P-004945,V-00089,NA-US,United States,8,10.9,6,26,-0.04
P-004946,V-00750,EMEA-E,Poland,6,12.3,8,77,-0.14
P-004947,V-00356,NA-MX,Mexico,8,4.1,0,45,-0.05
P-004947,V-00381,APAC-SE,Vietnam,1,14.8,4,55,-0.16
P-004947,V-00055,APAC-IN,India,7,20.5,4,47,-0.23
P-004948,V-00964,EMEA-W,Germany,7,-0.4,12,56,0
P-004948,V-00732,EMEA-E,Turkey,5,6.1,6,41,-0.02
P-004950,V-00190,NA-MX,Mexico,3,19.3,12,86,-0.08
P-004950,V-00507,APAC-NE,Taiwan,3,-5.9,0,43,0.02
P-004950,V-00664,APAC-NE,Taiwan,6,-5.9,0,36,0.02
P-004952,V-00505,SA,Argentina,8,-3.6,12,16,0.01
P-004952,V-00409,APAC-SE,Indonesia,7,1.9,0,36,-0.01
P-004952,V-00279,EMEA-E,Czechia,5,11.2,6,64,-0.04
P-004953,V-00358,APAC-NE,Japan,3,-5.3,12,37,0.02
P-004954,V-00236,SA,Brazil,6,11.3,0,41,-0.05
P-004955,V-00408,NA-US,United States,4,17.3,6,22,-0.07
P-004958,V-00614,SA,Brazil,5,20.8,6,65,-0.08
P-004959,V-00737,APAC-SE,Indonesia,8,16.8,8,44,-0.07
P-004959,V-00669,APAC-SE,Vietnam,6,14.6,12,89,-0.06
P-004960,V-00221,APAC-NE,South Korea,8,20.8,0,37,-0.08
P-004961,V-00115,APAC-NE,Taiwan,3,9.7,0,63,-0.11
P-004962,V-00914,EMEA-W,Italy,4,8.3,6,53,-0.03
P-004964,V-00635,SA,Argentina,9,6.7,0,83,-0.03
P-004966,V-00499,NA-US,United States,3,17,4,92,-0.07
P-004966,V-00552,EMEA-W,France,4,21.7,0,97,-0.09
P-004967,V-00460,NA-US,United States,6,6.5,6,64,-0.03
P-004968,V-00492,APAC-IN,India,7,11.1,0,15,-0.04
P-004969,V-00476,EMEA-E,Romania,8,6.2,0,94,-0.07
P-004969,V-00218,APAC-SE,Indonesia,5,9.3,0,98,-0.1
P-004970,V-00304,NA-US,United States,4,10.9,0,98,-0.04
P-004971,V-00026,APAC-NE,China,4,-3,8,17,0.03
P-004972,V-00496,NA-US,United States,4,8,0,32,-0.03
P-004972,V-00437,EMEA-W,Germany,6,-1,8,26,0
P-004972,V-00676,NA-US,United States,4,21.4,6,71,-0.09
P-004973,V-00306,EMEA-E,Turkey,6,3.8,8,100,-0.02
P-004973,V-00306,EMEA-E,Turkey,7,19.9,12,91,-0.08
P-004973,V-00325,EMEA-W,France,3,-0.7,12,84,0
P-004974,V-00185,APAC-IN,India,5,-5.9,0,76,0.02
P-004974,V-00075,APAC-IN,India,8,-2.9,6,82,0.01
P-004976,V-00526,APAC-IN,India,2,-2,4,82,0.01
P-004976,V-00591,SA,Brazil,7,-1.8,6,49,0.01
P-004978,V-00163,APAC-NE,Taiwan,7,16.5,6,24,-0.07
P-004978,V-00134,APAC-SE,Indonesia,1,16.2,4,29,-0.06
P-004979,V-00627,SA,Brazil,6,8.8,4,70,-0.1
P-004979,V-00709,NA-MX,Mexico,7,16.6,0,92,-0.18
P-004979,V-00014,APAC-NE,South Korea,5,-5.7,0,57,0.06
P-004980,V-00321,APAC-SE,Malaysia,3,14.5,6,87,-0.16
P-004982,V-00456,APAC-SE,Malaysia,4,14.1,0,95,-0.06
P-004983,V-00913,SA,Brazil,4,11.6,4,17,-0.05
P-004985,V-00155,SA,Argentina,6,0.9,0,33,0
P-004985,V-00695,NA-MX,Mexico,5,5.1,8,81,-0.02
P-004985,V-00708,EMEA-W,Spain,7,-3.9,6,43,0.02
P-004986,V-00061,NA-MX,Mexico,4,-3.8,0,28,0.02
P-004986,V-00140,APAC-NE,Taiwan,2,5.1,0,30,-0.02
P-004986,V-00617,EMEA-W,Spain,4,18.9,8,91,-0.08
P-004987,V-00379,APAC-NE,South Korea,4,8.4,4,68,-0.03
P-004987,V-00414,NA-US,United States,7,5.4,6,50,-0.02
P-004989,V-00625,APAC-SE,Malaysia,5,15.2,4,29,-0.06
P-004989,V-00315,NA-US,United States,2,5.8,4,95,-0.02
P-004989,V-00013,SA,Argentina,2,-2.7,6,96,0.01
P-004995,V-00460,NA-US,United States,6,5.5,0,17,-0.02
P-004995,V-00336,EMEA-W,Germany,6,15,6,90,-0.06
P-004996,V-00581,NA-MX,Mexico,8,7.1,8,81,-0.08
P-004996,V-00113,APAC-NE,China,8,14,4,19,-0.15
P-004996,V-00530,SA,Brazil,8,9.6,12,17,-0.11
P-004998,V-00249,APAC-SE,Indonesia,5,2,0,75,-0.01
P-005001,V-00270,APAC-IN,India,5,8,6,24,-0.03
P-005001,V-00534,APAC-NE,Japan,3,15.2,0,52,-0.06
P-005001,V-00832,APAC-NE,Taiwan,4,-2.3,12,79,0.01
P-005003,V-00190,NA-MX,Mexico,3,1.9,6,46,-0.01
P-005003,V-00273,NA-MX,Mexico,4,14.6,8,59,-0.06
P-005004,V-00207,APAC-SE,Indonesia,5,-5.5,0,62,0.06
P-005004,V-00637,NA-MX,Mexico,3,-1.1,0,43,0.01
P-005004,V-00198,EMEA-W,Spain,7,3,4,51,-0.03
P-005008,V-00065,EMEA-E,Romania,7,13.8,0,81,-0.06
P-005008,V-00131,EMEA-E,Czechia,8,0.2,4,61,0
P-005010,V-00419,SA,Argentina,5,3.2,6,79,-0.01
P-005010,V-00570,APAC-NE,Japan,6,13.1,4,28,-0.05
P-005010,V-00044,NA-US,United States,3,0.1,0,34,0
P-005011,V-00500,SA,Argentina,7,1.7,0,97,-0.01
P-005012,V-00013,SA,Argentina,1,21.4,8,43,-0.09
P-005012,V-00625,APAC-SE,Malaysia,6,7.8,0,72,-0.03
P-005013,V-00829,APAC-NE,Japan,5,15.7,4,38,-0.06
P-005013,V-01000,EMEA-W,Spain,3,13.2,4,98,-0.05
P-005014,V-00656,SA,Brazil,2,5.8,8,58,-0.02
P-005015,V-00592,EMEA-W,Germany,8,0.8,0,22,0
P-005015,V-00007,SA,Brazil,3,-5.6,6,77,0.02
P-005017,V-00011,APAC-SE,Indonesia,3,9,0,45,-0.04
P-005017,V-00428,NA-MX,Mexico,4,14.4,0,21,-0.06
P-005020,V-00731,EMEA-W,Spain,3,-1.1,6,85,0
P-005021,V-00514,APAC-NE,Japan,6,0.3,8,40,0
P-005021,V-00340,NA-US,United States,3,6.9,6,17,-0.03
P-005021,V-00514,APAC-NE,Japan,6,10.2,4,97,-0.04
P-005023,V-00063,APAC-NE,Japan,4,6.8,12,61,-0.03
P-005024,V-00908,NA-MX,Mexico,7,2.7,6,28,-0.01
P-005024,V-00425,NA-US,United States,6,4.5,0,75,-0.02
P-005025,V-00882,APAC-NE,South Korea,5,-0.2,8,77,0
P-005027,V-00913,SA,Brazil,3,4.6,12,32,-0.02
P-005028,V-00505,SA,Argentina,6,-4.9,8,52,0.02
P-005028,V-00481,EMEA-W,Italy,7,15.8,4,59,-0.06
P-005028,V-00586,NA-MX,Mexico,6,18.1,4,99,-0.07
P-005030,V-00175,NA-US,United States,3,-5,4,66,0.06
P-005030,V-00315,NA-US,United States,3,12.7,0,51,-0.14
P-005030,V-00337,EMEA-W,France,3,0.9,8,74,-0.01
P-005033,V-00301,APAC-SE,Vietnam,4,-4.5,4,16,0.05
P-005035,V-00649,EMEA-W,France,4,13.5,0,46,-0.05
P-005037,V-00364,APAC-SE,Malaysia,6,2,0,25,-0.01
P-005038,V-00402,EMEA-W,France,5,20.2,4,59,-0.22
P-005038,V-00691,APAC-IN,India,5,5.6,12,54,-0.06
P-005039,V-00526,APAC-IN,India,3,14,8,68,-0.06
P-005041,V-00249,APAC-SE,Indonesia,5,5,6,67,-0.02
P-005041,V-00050,NA-US,United States,2,19.7,6,46,-0.08
P-005041,V-00482,APAC-NE,Taiwan,2,1.8,0,87,-0.01
P-005042,V-00559,SA,Brazil,2,7.7,4,59,-0.03
P-005042,V-00523,EMEA-W,France,5,-1.1,8,72,0
P-005042,V-00068,EMEA-E,Romania,7,18.9,6,41,-0.08
P-005043,V-00352,SA,Brazil,5,0.9,6,18,0
P-005043,V-00404,EMEA-E,Romania,1,13.8,8,47,-0.06
P-005044,V-00544,APAC-IN,India,4,13.5,8,26,-0.05
P-005045,V-00817,APAC-IN,India,3,14.1,0,46,-0.06
P-005045,V-00182,SA,Argentina,5,15.3,0,32,-0.06
P-005046,V-00599,APAC-IN,India,5,-5.1,6,60,0.06
P-005049,V-00052,EMEA-E,Turkey,4,21.4,8,96,-0.09
P-005049,V-00052,EMEA-E,Turkey,2,15.4,0,60,-0.06
P-005049,V-00207,APAC-SE,Indonesia,7,16.8,12,54,-0.07
P-005050,V-00550,SA,Argentina,5,-0.5,4,73,0
P-005051,V-00764,EMEA-W,Italy,8,15.1,6,56,-0.06
P-005051,V-00559,SA,Brazil,3,-4.2,4,24,0.02
P-005051,V-00302,NA-US,United States,3,-4.7,4,17,0.02
P-005052,V-00429,APAC-NE,Japan,5,2.3,8,29,-0.01
P-005052,V-00515,EMEA-E,Turkey,8,-1,0,73,0
P-005053,V-00788,NA-MX,Mexico,4,13.2,6,24,-0.05
P-005053,V-00652,SA,Argentina,7,1.4,0,31,-0.01
P-005053,V-00182,SA,Argentina,6,12.6,12,90,-0.05
P-005054,V-00344,NA-MX,Mexico,6,18.8,0,51,-0.08
P-005054,V-00213,NA-US,United States,3,5.7,6,54,-0.02
P-005056,V-00623,APAC-NE,South Korea,7,16.2,0,62,-0.06
P-005056,V-00514,APAC-NE,Japan,4,11.7,4,55,-0.05
P-005056,V-00589,NA-MX,Mexico,3,-1.5,12,86,0.01
P-005057,V-00116,APAC-IN,India,8,13.5,0,42,-0.05
P-005057,V-00481,EMEA-W,Italy,9,5.3,12,76,-0.02
P-005057,V-00199,NA-MX,Mexico,4,9,8,42,-0.04
P-005060,V-00788,NA-MX,Mexico,3,14,6,90,-0.06
P-005060,V-00098,EMEA-E,Turkey,5,-5.5,12,91,0.02
P-005060,V-00682,NA-US,United States,4,-1.7,4,58,0.01
P-005061,V-00375,SA,Brazil,4,-2.7,0,33,0.03
P-005061,V-00399,APAC-NE,South Korea,7,-5.4,12,26,0.06
P-005063,V-00423,NA-US,United States,2,5.3,4,23,-0.06
P-005063,V-00051,NA-MX,Mexico,6,7.6,4,91,-0.08
P-005064,V-00473,NA-MX,Mexico,6,1.4,0,44,-0.01
P-005064,V-00289,EMEA-E,Turkey,4,14.3,4,41,-0.06
P-005064,V-00501,APAC-NE,China,5,13.8,8,44,-0.06
P-005065,V-00890,APAC-IN,India,4,10.6,6,87,-0.04
P-005068,V-00773,SA,Brazil,3,11.5,0,57,-0.05
P-005068,V-00485,EMEA-E,Czechia,5,9.4,6,63,-0.04
P-005069,V-00679,APAC-NE,South Korea,8,13.1,4,45,-0.05
P-005069,V-00513,APAC-NE,Taiwan,6,11.8,0,100,-0.05
P-005069,V-00296,NA-MX,Mexico,2,7.7,12,25,-0.03
P-005070,V-00146,NA-MX,Mexico,3,8.1,0,47,-0.09
P-005071,V-00069,APAC-SE,Vietnam,3,11.2,8,49,-0.04
P-005071,V-00891,EMEA-E,Poland,4,-4,6,63,0.02
P-005071,V-00436,NA-US,United States,4,-2.4,4,26,0.01
P-005073,V-00615,EMEA-E,Romania,4,13.3,6,95,-0.05
P-005073,V-00100,APAC-NE,Taiwan,3,4.5,6,85,-0.02
P-005075,V-00713,APAC-IN,India,5,2.1,8,73,-0.01
P-005075,V-00528,SA,Brazil,4,-5.8,8,80,0.02
P-005079,V-00797,APAC-IN,India,4,2,4,25,-0.01
P-005079,V-00959,SA,Argentina,7,13.2,6,74,-0.05
P-005080,V-00348,EMEA-W,Spain,3,2.9,8,37,-0.01
P-005082,V-00030,SA,Brazil,2,14,6,55,-0.15
P-005082,V-00124,EMEA-W,France,5,13.1,0,31,-0.14
P-005082,V-00124,EMEA-W,France,5,3.6,0,69,-0.04
P-005083,V-00590,APAC-IN,India,6,3.2,0,40,-0.04
P-005083,V-00696,APAC-SE,Indonesia,7,12.5,0,50,-0.14
P-005084,V-00062,NA-US,United States,6,10.4,4,19,-0.04
P-005084,V-00671,SA,Argentina,2,21,0,36,-0.08
P-005084,V-00748,NA-US,United States,5,0.6,6,78,0
P-005085,V-00715,EMEA-E,Turkey,2,21.8,0,33,-0.09
P-005085,V-00204,NA-MX,Mexico,4,21.2,0,42,-0.08
P-005085,V-00688,NA-US,United States,3,8,12,36,-0.03
P-005086,V-00055,APAC-IN,India,9,3.2,12,45,-0.01
P-005086,V-00055,APAC-IN,India,7,6.2,4,26,-0.02
P-005087,V-00219,NA-US,United States,5,-1,0,66,0.01
P-005089,V-00746,EMEA-W,Spain,2,14.9,0,86,-0.06
P-005089,V-00564,EMEA-W,Italy,6,-0.2,0,48,0
P-005089,V-00425,NA-US,United States,5,17.1,8,39,-0.07
P-005090,V-00186,EMEA-E,Romania,6,7.1,6,48,-0.03
P-005091,V-00046,NA-MX,Mexico,3,7.7,8,87,-0.03
P-005091,V-00225,NA-MX,Mexico,5,8.3,8,30,-0.03
P-005092,V-00431,APAC-SE,Thailand,3,4.1,6,59,-0.02
P-005092,V-00397,NA-MX,Mexico,3,7.6,0,91,-0.03
P-005093,V-00762,NA-US,United States,4,19.3,4,23,-0.08
P-005093,V-00451,NA-MX,Mexico,4,12.6,0,92,-0.05
P-005094,V-00791,APAC-SE,Vietnam,5,-5.2,8,94,0.02
P-005094,V-00226,SA,Brazil,7,21.3,4,17,-0.09
P-005095,V-00538,APAC-IN,India,7,21.8,4,90,-0.09
P-005096,V-00382,APAC-NE,South Korea,8,20.2,0,33,-0.08
P-005096,V-00183,EMEA-W,Germany,6,9.4,4,34,-0.04
P-005098,V-00375,SA,Brazil,6,1.2,0,68,0
P-005098,V-00399,APAC-NE,South Korea,6,10.3,8,60,-0.04
P-005099,V-00964,EMEA-W,Germany,9,16.4,0,23,-0.07
P-005099,V-00809,SA,Brazil,7,-5.8,6,20,0.02
P-005100,V-00831,APAC-SE,Thailand,4,-1.8,8,81,0.02
P-005100,V-00713,APAC-IN,India,7,13.4,4,75,-0.15
P-005101,V-00608,EMEA-W,Germany,7,15.6,0,37,-0.17
P-005101,V-00491,APAC-SE,Malaysia,6,-3.5,6,73,0.04
P-005102,V-00229,EMEA-E,Czechia,2,8,0,21,-0.03
P-005102,V-00266,SA,Brazil,5,18.7,0,93,-0.07
P-005105,V-00384,EMEA-W,Italy,6,12.9,12,49,-0.05
P-005105,V-00123,EMEA-W,Spain,7,0.2,4,83,0
P-005107,V-00155,SA,Argentina,8,2.8,4,94,-0.01
P-005107,V-00553,EMEA-E,Romania,4,-3.2,0,15,0.01
P-005108,V-00167,APAC-IN,India,5,19,12,89,-0.08
P-005108,V-00314,SA,Brazil,7,2.7,8,74,-0.01
P-005108,V-00034,APAC-IN,India,3,9.9,6,99,-0.04
P-005109,V-00588,APAC-NE,China,7,-1.6,0,85,0.01
P-005109,V-00074,SA,Argentina,5,1.9,12,82,-0.01
P-005109,V-00100,APAC-NE,Taiwan,2,11.2,0,25,-0.04
P-005110,V-00052,EMEA-E,Turkey,2,3.8,4,71,-0.04
P-005110,V-00744,SA,Brazil,5,5.4,12,23,-0.06
P-005110,V-00771,NA-MX,Mexico,7,-0.1,0,29,0
P-005114,V-00179,APAC-SE,Thailand,4,-4.4,6,17,0.05
P-005114,V-00286,SA,Argentina,5,-5.4,4,74,0.06
P-005114,V-00222,NA-US,United States,3,6.5,4,16,-0.07
P-005116,V-00021,SA,Argentina,8,-3.3,8,78,0.04
P-005116,V-00281,APAC-IN,India,6,8.4,0,91,-0.09
P-005118,V-00700,NA-US,United States,7,12.2,8,33,-0.05
P-005118,V-00461,SA,Brazil,7,18.2,12,71,-0.07
P-005118,V-00254,SA,Argentina,3,12.2,4,41,-0.05
P-005121,V-00493,EMEA-E,Romania,9,-1.4,8,35,0.02
P-005121,V-00102,APAC-IN,India,5,15.8,0,23,-0.17
P-005121,V-00423,NA-US,United States,4,16.5,12,22,-0.18
P-005123,V-00182,SA,Argentina,5,12.5,0,16,-0.05
P-005123,V-00264,APAC-IN,India,8,14.4,12,49,-0.06
P-005125,V-00771,NA-MX,Mexico,7,-5.7,0,50,0.06
P-005128,V-00969,NA-MX,Mexico,4,-3.6,6,97,0.01
P-005128,V-00686,APAC-NE,South Korea,4,19.8,6,32,-0.08
P-005129,V-00020,APAC-NE,Japan,4,-3.6,8,78,0.01
P-005129,V-00434,APAC-NE,Japan,5,2.1,12,69,-0.01
P-005131,V-00224,NA-US,United States,2,-3.3,6,50,0.01
P-005131,V-00013,SA,Argentina,4,9.9,12,80,-0.04
P-005131,V-00432,NA-US,United States,3,1.8,6,60,-0.01
P-005132,V-00555,APAC-IN,India,7,-0.9,6,30,0
P-005134,V-00672,EMEA-E,Romania,5,19.9,0,76,-0.08
P-005134,V-00114,APAC-NE,Taiwan,7,-0.7,8,40,0
P-005134,V-00021,SA,Argentina,7,5.5,12,30,-0.02
P-005137,V-00789,SA,Argentina,2,-3.5,0,35,0.01
P-005138,V-00789,SA,Argentina,4,3.5,0,51,-0.01
P-005138,V-00212,NA-MX,Mexico,2,-2.9,0,69,0.01
P-005139,V-00271,APAC-NE,China,6,10.8,4,63,-0.04
P-005141,V-00622,APAC-NE,China,4,19.6,0,65,-0.22
P-005141,V-00703,NA-MX,Mexico,6,6.7,0,35,-0.07
P-005141,V-00328,NA-MX,Mexico,5,9.6,6,70,-0.11
P-005142,V-00250,APAC-NE,Japan,3,-4.3,12,79,0.05
P-005143,V-00586,NA-MX,Mexico,5,18.2,12,46,-0.2
P-005145,V-00486,NA-MX,Mexico,8,5.9,8,50,-0.02
P-005145,V-00166,APAC-IN,India,6,19.3,12,46,-0.08
P-005145,V-00253,APAC-NE,Taiwan,8,10.3,0,78,-0.04
P-005147,V-00449,NA-US,United States,3,9,0,40,-0.04
P-005149,V-00356,NA-MX,Mexico,7,-1.1,0,16,0
P-005149,V-00349,NA-US,United States,4,-2.7,0,58,0.01
P-005149,V-00090,APAC-SE,Thailand,7,9.3,12,38,-0.04
P-005152,V-00099,SA,Brazil,5,20.6,0,59,-0.08
P-005152,V-00544,APAC-IN,India,3,-1.4,8,90,0.01
P-005154,V-00535,EMEA-W,France,5,-3.1,12,43,0.01
P-005156,V-00372,NA-MX,Mexico,4,16.4,0,22,-0.18
P-005156,V-00525,EMEA-E,Poland,4,11.2,0,44,-0.12
P-005157,V-00697,NA-US,United States,4,-5.4,4,91,0.06
P-005158,V-00212,NA-MX,Mexico,5,8.4,12,42,-0.09
P-005158,V-00052,EMEA-E,Turkey,3,21.4,12,93,-0.24
P-005158,V-00625,APAC-SE,Malaysia,7,20,6,80,-0.22
P-005159,V-00266,SA,Brazil,6,19.6,0,93,-0.08
P-005160,V-00658,SA,Brazil,5,7.6,8,23,-0.08
P-005160,V-00594,APAC-NE,China,6,-5.2,4,66,0.06
P-005162,V-00410,APAC-SE,Malaysia,3,7,8,92,-0.03
P-005162,V-00052,EMEA-E,Turkey,3,11.3,12,38,-0.05
P-005164,V-00202,APAC-NE,China,4,9.8,0,18,-0.04
P-005164,V-00203,NA-US,United States,7,9.9,0,31,-0.04
P-005164,V-00159,EMEA-W,Italy,7,1.1,12,15,0
P-005165,V-00596,EMEA-E,Turkey,1,2.9,6,77,-0.01
P-005166,V-00201,APAC-IN,India,2,-1.6,0,24,0.01
P-005166,V-00079,APAC-IN,India,7,-2.7,0,97,0.01
P-005166,V-00109,NA-US,United States,5,8.2,0,35,-0.03
P-005167,V-00192,APAC-SE,Malaysia,3,17.9,8,34,-0.2
P-005167,V-00302,NA-US,United States,5,6,8,29,-0.07
P-005170,V-00280,APAC-IN,India,4,7.8,8,21,-0.03
P-005170,V-00159,EMEA-W,Italy,6,19.7,0,76,-0.08
P-005170,V-00388,EMEA-W,Spain,3,17.5,8,83,-0.07
P-005171,V-00627,SA,Brazil,7,-3.3,0,49,0.01
P-005171,V-00211,EMEA-E,Turkey,4,21.1,12,41,-0.08
P-005171,V-00144,SA,Brazil,5,-5.1,12,43,0.02
P-005173,V-00461,SA,Brazil,8,14,4,54,-0.06
P-005173,V-00325,EMEA-W,France,4,11.6,0,98,-0.05
P-005173,V-00491,APAC-SE,Malaysia,7,5.1,6,99,-0.02
P-005175,V-00890,APAC-IN,India,4,-4.9,0,94,0.05
P-005175,V-00125,EMEA-W,France,4,19.9,0,29,-0.22
P-005176,V-00536,SA,Brazil,6,16.3,0,48,-0.07
P-005176,V-00040,APAC-NE,China,6,14.9,6,78,-0.06
P-005177,V-00026,APAC-NE,China,4,1.7,8,72,-0.02
P-005179,V-00650,APAC-IN,India,4,21.5,6,59,-0.09
P-005180,V-00250,APAC-NE,Japan,3,14.5,8,64,-0.06
P-005180,V-00529,APAC-IN,India,4,15.9,4,69,-0.06
P-005181,V-00253,APAC-NE,Taiwan,8,2.5,8,67,-0.01
P-005181,V-00394,SA,Argentina,5,10.5,4,74,-0.04
P-005182,V-00819,APAC-NE,Taiwan,6,21.5,0,67,-0.09
P-005183,V-00604,EMEA-E,Czechia,6,11.7,4,84,-0.05
P-005183,V-00246,NA-MX,Mexico,9,20.2,8,80,-0.08
P-005185,V-00228,SA,Brazil,7,-2.8,0,60,0.01
P-005185,V-00038,APAC-IN,India,6,5.7,4,75,-0.02
P-005188,V-00670,EMEA-E,Czechia,5,16.1,0,38,-0.06
P-005188,V-00686,APAC-NE,South Korea,5,18.4,12,83,-0.07
P-005189,V-00369,EMEA-E,Romania,3,-3.2,0,91,0.01
P-005189,V-00552,EMEA-W,France,5,15.2,8,19,-0.06
P-005189,V-00103,APAC-SE,Indonesia,8,18.8,4,94,-0.08
P-005190,V-00299,NA-MX,Mexico,6,11.5,4,71,-0.05
P-005190,V-00366,NA-MX,Mexico,5,-0.7,4,54,0
P-005191,V-00224,NA-US,United States,1,-2.7,0,79,0.03
P-005193,V-00429,APAC-NE,Japan,4,1.9,4,72,-0.01
P-005194,V-00337,EMEA-W,France,4,9.3,6,77,-0.04
P-005196,V-00280,APAC-IN,India,4,12.7,4,58,-0.05
P-005199,V-00116,APAC-IN,India,7,21.4,0,31,-0.09
P-005199,V-00609,APAC-NE,Japan,4,9.3,8,50,-0.04
P-005199,V-00658,SA,Brazil,4,10.8,0,92,-0.04
P-005200,V-00586,NA-MX,Mexico,7,16.8,6,56,-0.07
P-005200,V-00279,EMEA-E,Czechia,6,6.2,12,63,-0.02
P-005200,V-00658,SA,Brazil,5,1.1,8,56,0
P-005203,V-00319,NA-MX,Mexico,6,0.6,6,22,0
P-005206,V-00288,NA-MX,Mexico,4,9.9,8,48,-0.11
P-005209,V-00639,EMEA-E,Turkey,6,11.1,12,90,-0.04
P-005210,V-00008,NA-US,United States,8,-2.2,12,86,0.01
P-005211,V-00501,APAC-NE,China,4,15.4,6,33,-0.06
P-005211,V-00060,APAC-SE,Indonesia,4,17,0,46,-0.07
P-005211,V-00127,NA-MX,Mexico,3,9.1,8,72,-0.04
P-005212,V-00272,SA,Argentina,3,6.9,12,78,-0.03
P-005214,V-00187,APAC-NE,South Korea,6,-2.6,0,62,0.01
P-005214,V-00103,APAC-SE,Indonesia,7,2.1,0,100,-0.01
P-005215,V-00093,APAC-SE,Indonesia,5,1.7,0,52,-0.01
P-005215,V-00088,APAC-SE,Vietnam,4,13.8,12,67,-0.06
P-005215,V-00964,EMEA-W,Germany,8,0.2,0,50,0
P-005216,V-00198,EMEA-W,Spain,7,18.3,6,44,-0.07
P-005217,V-00244,EMEA-E,Czechia,5,14.5,8,94,-0.06
P-005217,V-00656,SA,Brazil,4,10.3,6,81,-0.04
P-005218,V-00414,NA-US,United States,7,1.7,4,72,-0.01
P-005218,V-00377,EMEA-W,Spain,2,15.6,12,34,-0.06
P-005225,V-00857,APAC-NE,Japan,6,19.8,6,82,-0.08
P-005225,V-00200,EMEA-W,Germany,4,4.2,4,66,-0.02
P-005226,V-00351,APAC-NE,Japan,7,0.6,12,60,0
P-005226,V-00718,APAC-IN,India,3,14.4,8,68,-0.06
P-005226,V-00477,APAC-IN,India,5,14.5,8,32,-0.06
P-005227,V-01032,APAC-SE,Indonesia,6,9.5,0,25,-0.04
P-005228,V-00601,EMEA-W,France,6,14.8,6,83,-0.06
P-005228,V-00697,NA-US,United States,5,5.3,0,24,-0.02
P-005228,V-00359,NA-MX,Mexico,6,8.5,0,83,-0.03
P-005229,V-00010,EMEA-E,Romania,5,8.3,6,70,-0.09
P-005230,V-00529,APAC-IN,India,3,3.8,8,56,-0.02
P-005230,V-00062,NA-US,United States,8,8.3,0,98,-0.03
P-005232,V-00523,EMEA-W,France,4,5,4,34,-0.02
P-005233,V-00194,APAC-IN,India,3,-0.6,12,89,0.01
P-005236,V-00167,APAC-IN,India,7,17.1,8,87,-0.07
P-005238,V-00508,SA,Brazil,5,6.9,8,22,-0.08
P-005238,V-00165,SA,Brazil,4,9.7,0,51,-0.11
P-005238,V-00022,APAC-IN,India,3,6,12,56,-0.07
P-005239,V-00596,EMEA-E,Turkey,2,15.6,0,30,-0.06
P-005239,V-00819,APAC-NE,Taiwan,5,-0.3,0,48,0
P-005240,V-00923,NA-MX,Mexico,5,-5,0,23,0.02
P-005240,V-00923,NA-MX,Mexico,4,11.7,8,70,-0.05
P-005241,V-00439,APAC-NE,China,2,10.4,6,48,-0.04
P-005242,V-00519,APAC-NE,Taiwan,4,3.1,4,71,-0.01
P-005242,V-00617,EMEA-W,Spain,7,8.2,6,63,-0.03
P-005243,V-00254,SA,Argentina,3,3.4,12,48,-0.01
P-005243,V-00483,EMEA-W,Germany,6,-5.4,12,92,0.02
P-005243,V-00085,NA-MX,Mexico,4,11.2,6,24,-0.04
P-005244,V-00269,APAC-IN,India,6,-4.8,8,73,0.02
P-005244,V-00618,APAC-NE,South Korea,6,11.6,0,86,-0.05
P-005245,V-00701,EMEA-W,Italy,3,-2.6,12,57,0.03
P-005245,V-00112,NA-US,United States,9,-0.6,12,66,0.01
P-005248,V-00694,APAC-NE,China,9,3.7,4,20,-0.01
P-005248,V-00681,EMEA-E,Turkey,4,7.3,6,52,-0.03
P-005250,V-00378,NA-MX,Mexico,7,2,6,62,-0.01
P-005251,V-00280,APAC-IN,India,5,-1.2,6,37,0
P-005252,V-00122,APAC-SE,Malaysia,6,-1.6,12,34,0.01
P-005254,V-00852,EMEA-W,Italy,6,20.4,0,89,-0.08
P-005254,V-00754,NA-MX,Mexico,5,7,0,50,-0.03
P-005254,V-00022,APAC-IN,India,3,6.8,6,42,-0.03
P-005255,V-00512,NA-US,United States,6,2.2,12,86,-0.01
P-005255,V-00438,EMEA-E,Poland,4,6.5,0,95,-0.03
P-005257,V-00214,EMEA-W,France,5,-1.8,12,69,0.01
P-005257,V-00703,NA-MX,Mexico,5,21.4,4,17,-0.09
P-005257,V-00206,APAC-NE,South Korea,2,21.8,6,40,-0.09
P-005259,V-00807,EMEA-E,Turkey,6,-3.1,8,61,0.01
P-005259,V-00695,NA-MX,Mexico,4,5.7,0,74,-0.02
P-005260,V-00107,SA,Brazil,4,0.7,12,42,0
P-005260,V-00629,NA-MX,Mexico,3,-2.5,0,91,0.01
P-005262,V-00308,APAC-SE,Indonesia,6,20.4,4,25,-0.08
P-005262,V-00380,APAC-SE,Vietnam,4,-4,4,28,0.02
P-005263,V-00719,NA-US,United States,4,20.6,0,59,-0.08
P-005265,V-00785,SA,Argentina,5,18.6,0,34,-0.07
P-005266,V-00673,NA-US,United States,4,12.4,0,77,-0.05
P-005266,V-00683,NA-US,United States,2,10.4,8,44,-0.04
P-005266,V-00042,APAC-IN,India,7,18.3,4,21,-0.07
P-005267,V-00208,EMEA-W,France,6,-4.1,0,46,0.02
P-005267,V-00538,APAC-IN,India,6,13.3,12,21,-0.05
P-005268,V-00906,EMEA-E,Poland,7,18.4,12,67,-0.2
P-005268,V-00217,EMEA-W,Spain,4,-1.6,4,37,0.02
P-005268,V-00209,SA,Brazil,2,12.7,0,28,-0.14
P-005269,V-00694,APAC-NE,China,6,8.7,0,68,-0.1
P-005270,V-00700,NA-US,United States,5,5.4,4,73,-0.02
P-005270,V-00085,NA-MX,Mexico,4,7.4,6,69,-0.03
P-005272,V-00534,APAC-NE,Japan,3,13.6,0,68,-0.05
P-005272,V-00226,SA,Brazil,6,11.8,12,32,-0.05
P-005273,V-00298,APAC-SE,Thailand,5,14.1,8,79,-0.06
P-005273,V-00354,NA-MX,Mexico,5,-0.3,0,70,0
P-005273,V-00673,NA-US,United States,5,-3.6,0,19,0.01
P-005275,V-00085,NA-MX,Mexico,4,9.2,4,30,-0.04
P-005275,V-00554,NA-US,United States,4,-4.2,8,83,0.02
P-005276,V-00464,EMEA-W,Spain,5,15.2,12,83,-0.06
P-005276,V-00652,SA,Argentina,9,1.7,6,97,-0.01
P-005276,V-00652,SA,Argentina,7,-3.8,4,96,0.02
P-005277,V-00822,NA-US,United States,7,-4.5,6,28,0.02
P-005277,V-00855,NA-MX,Mexico,7,-1.6,0,82,0.01
P-005277,V-00322,EMEA-E,Poland,5,6.7,0,61,-0.03
P-005278,V-00644,EMEA-E,Turkey,5,9.7,4,74,-0.04
P-005279,V-00522,APAC-IN,India,5,-5.4,6,99,0.02
P-005279,V-00593,APAC-IN,India,6,2.4,4,49,-0.01
P-005280,V-00698,APAC-SE,Indonesia,6,9.9,8,56,-0.04
P-005280,V-00674,NA-MX,Mexico,8,5.2,0,18,-0.02
P-005282,V-00367,EMEA-W,France,6,18.5,8,94,-0.2
P-005283,V-00580,NA-MX,Mexico,4,7.8,0,76,-0.03
P-005283,V-00332,APAC-IN,India,3,19.7,4,88,-0.08
P-005283,V-00414,NA-US,United States,7,17.1,12,85,-0.07
P-005285,V-00328,NA-MX,Mexico,5,15.4,8,91,-0.06
P-005285,V-00154,APAC-SE,Malaysia,7,7.3,6,38,-0.03
P-005285,V-00189,EMEA-W,Spain,7,16.6,6,87,-0.07
P-005286,V-00661,APAC-SE,Vietnam,4,1.7,0,65,-0.01
P-005288,V-00774,EMEA-E,Romania,8,5.8,8,79,-0.02
P-005288,V-00852,EMEA-W,Italy,4,18.2,8,71,-0.07
P-005288,V-00455,NA-US,United States,3,18.3,12,65,-0.07
P-005290,V-00184,SA,Argentina,4,16.2,12,38,-0.06
P-005290,V-00016,SA,Brazil,2,20.4,0,81,-0.08
P-005292,V-00407,EMEA-E,Poland,4,-5.6,6,49,0.02
P-005293,V-00309,APAC-NE,China,6,5.3,8,19,-0.02
P-005293,V-00213,NA-US,United States,2,4,12,26,-0.02
P-005294,V-00640,SA,Argentina,3,-3.3,6,42,0.01
P-005294,V-00169,NA-MX,Mexico,6,16.2,8,94,-0.06
P-005294,V-00478,APAC-SE,Vietnam,2,11.8,8,94,-0.05
P-005296,V-00697,NA-US,United States,5,19,0,83,-0.08
P-005297,V-00467,APAC-SE,Malaysia,5,20.4,4,74,-0.08
P-005297,V-00454,EMEA-W,Germany,7,18.7,8,45,-0.07
P-005298,V-00195,APAC-NE,Taiwan,5,10.8,8,35,-0.12
P-005298,V-00555,APAC-IN,India,5,16.1,12,18,-0.18
P-005298,V-00105,APAC-SE,Thailand,6,8.8,0,52,-0.1
P-005301,V-00226,SA,Brazil,8,13.7,12,30,-0.05
P-005304,V-00033,EMEA-E,Romania,7,-1.9,4,83,0.02
P-005304,V-00443,NA-US,United States,2,2,0,34,-0.02
P-005304,V-00394,SA,Argentina,6,7.4,0,37,-0.08
P-005305,V-00461,SA,Brazil,8,-3.5,8,97,0.01
P-005306,V-00238,SA,Argentina,3,-2,6,24,0.02
P-005306,V-00377,EMEA-W,Spain,3,-4.5,8,66,0.05
P-005308,V-00615,EMEA-E,Romania,2,17.8,6,78,-0.07
P-005309,V-00868,SA,Brazil,7,21.7,6,29,-0.09
P-005309,V-00762,NA-US,United States,3,-4.9,0,45,0.02
P-005309,V-00342,SA,Argentina,6,-5.8,12,98,0.02
P-005310,V-00583,APAC-NE,Japan,3,19.4,6,81,-0.21
P-005310,V-00567,EMEA-E,Romania,3,2.4,6,37,-0.03
P-005311,V-00323,EMEA-E,Czechia,3,-3.9,0,46,0.02
P-005311,V-00271,APAC-NE,China,7,4,6,31,-0.02
P-005312,V-00237,EMEA-W,Italy,2,12.8,0,44,-0.05
P-005315,V-00388,EMEA-W,Spain,4,-3.7,0,41,0.04
P-005316,V-00300,APAC-NE,Japan,5,-2.6,0,50,0.01
P-005318,V-00227,APAC-SE,Indonesia,5,6.5,0,74,-0.03
P-005318,V-00745,APAC-SE,Malaysia,3,-4.1,12,60,0.02
P-005319,V-00477,APAC-IN,India,7,16.9,0,73,-0.07
P-005319,V-00489,SA,Brazil,8,7.7,0,31,-0.03
P-005320,V-00556,EMEA-E,Romania,2,3.1,6,29,-0.01
P-005320,V-00666,APAC-SE,Indonesia,5,3.1,4,94,-0.01
P-005325,V-00105,APAC-SE,Thailand,5,21.2,8,30,-0.23
P-005325,V-00052,EMEA-E,Turkey,2,8,4,25,-0.09
P-005325,V-00007,SA,Brazil,2,5.1,12,70,-0.06
P-005327,V-00764,EMEA-W,Italy,8,19.3,6,93,-0.08
P-005328,V-00550,SA,Argentina,3,10.7,0,60,-0.04
P-005332,V-00293,APAC-NE,Taiwan,5,2.4,0,19,-0.01
P-005332,V-00462,NA-MX,Mexico,3,19.8,6,76,-0.08
P-005333,V-00309,APAC-NE,China,4,20,0,15,-0.22
P-005333,V-00142,EMEA-W,Italy,5,21.5,12,38,-0.24
P-005333,V-00463,SA,Argentina,7,4.9,8,71,-0.05
P-005334,V-00696,APAC-SE,Indonesia,8,4.4,8,82,-0.02
P-005338,V-00404,EMEA-E,Romania,3,3.1,8,31,-0.01
P-005338,V-00470,SA,Brazil,7,0.1,8,93,0
P-005339,V-00466,EMEA-W,Italy,6,12.2,0,34,-0.13
P-005339,V-00575,EMEA-W,France,4,-5.4,6,100,0.06
P-005341,V-00402,EMEA-W,France,5,5.1,6,46,-0.02
P-005343,V-00488,APAC-IN,India,7,-2.7,4,77,0.01
P-005343,V-00538,APAC-IN,India,6,4.9,8,97,-0.02
P-005344,V-00068,EMEA-E,Romania,7,17.7,6,97,-0.07
P-005345,V-00761,SA,Brazil,6,18.9,4,82,-0.08
P-005345,V-00322,EMEA-E,Poland,4,8.9,0,22,-0.04
P-005346,V-00146,NA-MX,Mexico,3,18.3,12,20,-0.07
P-005346,V-00642,EMEA-E,Czechia,5,13,0,40,-0.05
P-005346,V-00556,EMEA-E,Romania,3,8.6,12,54,-0.03
P-005347,V-00539,EMEA-E,Turkey,8,3.6,0,80,-0.01
P-005347,V-00104,SA,Brazil,3,3.6,4,73,-0.01
P-005347,V-00483,EMEA-W,Germany,7,8.9,0,80,-0.04
P-005348,V-00797,APAC-IN,India,2,14.1,6,58,-0.16
P-005348,V-00582,NA-US,United States,9,10.8,8,84,-0.12
P-005349,V-00230,APAC-SE,Vietnam,6,19.7,12,50,-0.08
P-005349,V-00176,NA-US,United States,6,19.4,0,53,-0.08
P-005351,V-00421,NA-US,United States,7,-3.6,12,39,0.04
P-005351,V-00759,EMEA-W,Italy,5,20.1,8,73,-0.22
P-005352,V-00563,APAC-SE,Thailand,4,18.4,6,100,-0.07
P-005354,V-00665,APAC-SE,Vietnam,4,-4.8,8,86,0.02
P-005354,V-00062,NA-US,United States,7,5.1,6,58,-0.02
P-005355,V-00208,EMEA-W,France,7,17.6,12,57,-0.07
P-005355,V-00353,APAC-SE,Thailand,7,5.3,12,41,-0.02
P-005355,V-00488,APAC-IN,India,5,4.2,6,25,-0.02
P-005356,V-00422,EMEA-E,Turkey,6,21.4,6,75,-0.09
P-005356,V-00063,APAC-NE,Japan,3,13.6,6,24,-0.05
P-005356,V-00159,EMEA-W,Italy,6,12.9,6,54,-0.05
P-005357,V-00343,NA-MX,Mexico,2,20.5,0,100,-0.08
P-005357,V-00388,EMEA-W,Spain,4,13,8,53,-0.05
P-005357,V-00049,NA-MX,Mexico,9,13,8,54,-0.05
P-005360,V-00143,APAC-SE,Vietnam,3,-1.9,0,65,0.01
P-005361,V-00212,NA-MX,Mexico,5,21.3,6,84,-0.23
P-005361,V-00337,EMEA-W,France,3,-3.1,4,75,0.03
P-005362,V-00616,APAC-SE,Malaysia,2,18.9,12,100,-0.08
P-005362,V-00476,EMEA-E,Romania,7,21.7,4,82,-0.09
P-005364,V-00100,APAC-NE,Taiwan,3,12.5,4,16,-0.05
P-005364,V-00231,APAC-SE,Vietnam,4,14.8,12,23,-0.06
P-005365,V-00832,APAC-NE,Taiwan,6,6.6,4,44,-0.03
P-005368,V-00738,APAC-IN,India,8,13.4,0,43,-0.15
P-005368,V-00454,EMEA-W,Germany,7,3.1,6,78,-0.03
P-005369,V-00487,APAC-IN,India,5,-0.5,0,89,0
P-005369,V-00397,NA-MX,Mexico,2,7.3,6,67,-0.03
P-005371,V-00420,APAC-SE,Malaysia,5,6.9,0,99,-0.03
P-005372,V-00476,EMEA-E,Romania,7,18,6,86,-0.07
P-005372,V-00336,EMEA-W,Germany,7,10.1,0,16,-0.04
P-005372,V-00341,NA-US,United States,8,16.5,8,83,-0.07
P-005373,V-00890,APAC-IN,India,5,7.7,12,48,-0.03
P-005373,V-00125,EMEA-W,France,5,21.6,12,89,-0.09
P-005374,V-00199,NA-MX,Mexico,4,0.3,6,49,0
P-005374,V-00199,NA-MX,Mexico,5,-3.2,0,64,0.01
P-005375,V-00084,NA-MX,Mexico,7,14.1,6,96,-0.06
P-005375,V-00878,EMEA-W,France,4,19.4,6,65,-0.08
P-005375,V-00655,APAC-NE,South Korea,8,6.3,6,21,-0.03
P-005376,V-00466,EMEA-W,Italy,7,15.3,6,73,-0.17
P-005376,V-00545,EMEA-W,France,4,14.6,4,87,-0.16
P-005378,V-00821,NA-US,United States,5,21,0,43,-0.23
P-005378,V-00006,APAC-SE,Indonesia,5,1.9,6,42,-0.02
P-005380,V-00078,APAC-NE,China,2,6.1,4,70,-0.07
P-005380,V-00627,SA,Brazil,6,-2.4,12,65,0.03
P-005381,V-00314,SA,Brazil,8,3.1,0,33,-0.01
P-005383,V-00555,APAC-IN,India,5,21.9,12,29,-0.09
P-005384,V-00658,SA,Brazil,5,2.3,12,48,-0.01
P-005384,V-00223,NA-MX,Mexico,6,5.7,6,27,-0.02
P-005385,V-00135,NA-MX,Mexico,6,5.6,12,90,-0.02
P-005387,V-00357,SA,Brazil,8,9.6,12,34,-0.11
P-005387,V-00357,SA,Brazil,6,9.7,4,50,-0.11
P-005387,V-00395,NA-US,United States,2,0.8,12,36,-0.01
P-005388,V-00001,NA-US,United States,9,-1.1,12,86,0.01
P-005388,V-00183,EMEA-W,Germany,5,17.4,6,27,-0.19
P-005389,V-00718,APAC-IN,India,4,5,0,100,-0.02
P-005389,V-00615,EMEA-E,Romania,5,8.8,8,82,-0.04
P-005392,V-00334,NA-US,United States,3,12.2,0,83,-0.05
P-005394,V-00052,EMEA-E,Turkey,4,11.4,6,82,-0.05
P-005394,V-00751,APAC-SE,Indonesia,7,12.6,6,89,-0.05
P-005394,V-00224,NA-US,United States,1,12,12,85,-0.05
P-005395,V-00487,APAC-IN,India,4,2.5,8,39,-0.01
P-005395,V-00138,EMEA-W,France,2,-5.8,0,55,0.02
P-005396,V-00068,EMEA-E,Romania,7,20.7,0,95,-0.08
P-005396,V-00284,EMEA-E,Romania,5,17.5,12,43,-0.07
P-005396,V-00617,EMEA-W,Spain,7,21.3,0,30,-0.09
P-005397,V-00790,APAC-SE,Malaysia,6,12.8,12,57,-0.05
P-005402,V-00060,APAC-SE,Indonesia,5,13.3,8,45,-0.15
P-005402,V-00803,EMEA-E,Czechia,5,15.4,6,33,-0.17
P-005402,V-00127,NA-MX,Mexico,3,-5.7,12,63,0.06
P-005403,V-00344,NA-MX,Mexico,6,7.2,8,80,-0.03
P-005403,V-00344,NA-MX,Mexico,7,19.5,12,52,-0.08
P-005403,V-00213,NA-US,United States,1,15.3,0,47,-0.06
P-005404,V-00572,EMEA-W,Spain,3,15.2,0,19,-0.17
P-005405,V-00095,APAC-NE,China,9,1.6,6,87,-0.01
P-005405,V-00868,SA,Brazil,8,-0.5,12,54,0
P-005405,V-00150,EMEA-E,Poland,2,-4.2,4,34,0.02
P-005407,V-00575,EMEA-W,France,6,12.4,6,98,-0.05
P-005409,V-00012,APAC-NE,Taiwan,7,2.2,6,23,-0.02
P-005409,V-00182,SA,Argentina,4,-4.6,0,98,0.05
P-005409,V-00498,EMEA-W,France,6,7.8,0,91,-0.09
P-005411,V-00075,APAC-IN,India,6,-5.7,12,16,0.02
P-005412,V-00431,APAC-SE,Thailand,6,9.1,12,53,-0.04
P-005413,V-00143,APAC-SE,Vietnam,2,-2.4,4,46,0.01
P-005413,V-00622,APAC-NE,China,2,4.8,6,75,-0.02
P-005413,V-00093,APAC-SE,Indonesia,5,2.9,0,24,-0.01
P-005414,V-00011,APAC-SE,Indonesia,5,-4.8,6,45,0.02
P-005414,V-00750,EMEA-E,Poland,8,12.9,12,99,-0.05
P-005415,V-00779,APAC-SE,Malaysia,5,5.3,0,93,-0.02
P-005415,V-00301,APAC-SE,Vietnam,6,0.1,0,63,0
P-005416,V-00443,NA-US,United States,4,2.4,8,17,-0.03
P-005417,V-00067,EMEA-W,France,3,-4.7,0,71,0.02
P-005417,V-00473,NA-MX,Mexico,5,17.4,4,82,-0.07
P-005418,V-00645,NA-MX,Mexico,6,-1.9,12,44,0.01
P-005420,V-00697,NA-US,United States,3,15.6,0,51,-0.17
P-005420,V-00494,APAC-IN,India,8,0.3,12,51,0
P-005421,V-00545,EMEA-W,France,5,20.8,12,31,-0.23
P-005421,V-00139,EMEA-E,Poland,4,1.1,12,84,-0.01
P-005421,V-00769,EMEA-W,Spain,6,-0.5,8,92,0.01
P-005423,V-00839,EMEA-E,Czechia,7,16.1,12,99,-0.18
P-005423,V-00368,NA-US,United States,6,8.2,6,70,-0.09
P-005423,V-00849,APAC-SE,Vietnam,8,-5.6,6,30,0.06
P-005424,V-00255,EMEA-E,Czechia,5,18.9,6,28,-0.08
P-005425,V-00659,EMEA-E,Poland,5,17.3,0,99,-0.07
P-005425,V-00514,APAC-NE,Japan,5,9.5,8,45,-0.04
P-005426,V-00472,APAC-SE,Vietnam,7,7.7,8,67,-0.03
P-005426,V-00790,APAC-SE,Malaysia,6,13.9,8,47,-0.06
P-005426,V-00297,APAC-NE,Taiwan,6,9.2,12,21,-0.04
P-005427,V-00166,APAC-IN,India,7,-4.5,8,32,0.02
P-005428,V-00748,NA-US,United States,3,18.7,0,84,-0.07
P-005428,V-00671,SA,Argentina,3,8.3,12,91,-0.03
P-005429,V-00570,APAC-NE,Japan,5,8.3,0,97,-0.03
P-005429,V-00571,EMEA-E,Czechia,6,3,8,56,-0.01
P-005430,V-00669,APAC-SE,Vietnam,6,18.8,8,15,-0.08
P-005432,V-00271,APAC-NE,China,7,10.1,0,19,-0.04
P-005432,V-00765,EMEA-E,Poland,6,7.5,0,25,-0.03
P-005435,V-00174,EMEA-E,Turkey,4,-1,4,81,0
P-005435,V-00823,NA-US,United States,3,19.2,0,41,-0.08
P-005436,V-00151,APAC-IN,India,6,-1.6,8,62,0.01
P-005436,V-00264,APAC-IN,India,7,2.9,6,96,-0.01
P-005437,V-00523,EMEA-W,France,3,6.1,8,39,-0.02
P-005438,V-00036,APAC-SE,Vietnam,4,0,0,21,0
P-005440,V-00302,NA-US,United States,3,9.2,0,92,-0.04
P-005440,V-00750,EMEA-E,Poland,6,-3.2,8,82,0.01
P-005440,V-00137,SA,Brazil,6,-2.9,4,30,0.01
P-005444,V-00358,APAC-NE,Japan,2,-3.5,8,97,0.01
P-005445,V-00504,NA-US,United States,7,-1.6,0,45,0.01
P-005447,V-00768,APAC-SE,Indonesia,5,5.3,4,52,-0.02
P-005447,V-00768,APAC-SE,Indonesia,6,16.7,12,65,-0.07
P-005449,V-00243,APAC-IN,India,4,6.4,0,35,-0.03
P-005450,V-00731,EMEA-W,Spain,3,20.9,0,87,-0.08
P-005455,V-00341,NA-US,United States,7,8.3,0,50,-0.09
P-005455,V-00447,NA-MX,Mexico,6,-0.2,0,32,0
P-005460,V-00790,APAC-SE,Malaysia,6,8.9,4,60,-0.1
P-005461,V-00153,SA,Argentina,4,19.3,0,91,-0.08
P-005461,V-00466,EMEA-W,Italy,7,-5,12,32,0.02
P-005462,V-00753,APAC-SE,Vietnam,5,10.1,0,41,-0.04
P-005463,V-00344,NA-MX,Mexico,7,17.2,8,40,-0.07
P-005463,V-00633,NA-MX,Mexico,4,2.8,8,40,-0.01
P-005463,V-00576,NA-MX,Mexico,2,19.2,6,87,-0.08
P-005464,V-00812,NA-MX,Mexico,6,15.3,4,26,-0.06
P-005465,V-00223,NA-MX,Mexico,7,-4.9,8,51,0.02
P-005465,V-00492,APAC-IN,India,7,9.6,12,67,-0.04
P-005465,V-00457,NA-MX,Mexico,5,20.7,8,15,-0.08
P-005466,V-00260,APAC-IN,India,5,4.4,12,56,-0.02
P-005467,V-00497,APAC-NE,Taiwan,9,-1.2,6,78,0
P-005467,V-00290,APAC-SE,Indonesia,7,6,8,50,-0.02
P-005468,V-00032,APAC-IN,India,5,12.1,0,15,-0.05
P-005469,V-00481,EMEA-W,Italy,8,12.8,4,23,-0.05
P-005470,V-00621,SA,Brazil,3,-0.2,8,76,0
P-005471,V-00261,NA-US,United States,4,10.1,12,59,-0.04
P-005474,V-00035,SA,Argentina,8,2.3,4,78,-0.01
P-005474,V-00293,APAC-NE,Taiwan,4,-5.8,0,18,0.02
P-005474,V-00420,APAC-SE,Malaysia,2,8.2,6,26,-0.03
P-005475,V-00221,APAC-NE,South Korea,9,17.5,4,85,-0.07
P-005477,V-00519,APAC-NE,Taiwan,4,9.9,4,46,-0.04
P-005477,V-00559,SA,Brazil,2,16.6,0,56,-0.07
P-005478,V-00245,NA-US,United States,5,-4,8,82,0.02
P-005478,V-00419,SA,Argentina,4,-0.3,6,67,0
P-005479,V-00807,EMEA-E,Turkey,7,13,0,83,-0.14
P-005479,V-00282,APAC-IN,India,6,14.5,4,97,-0.16
P-005479,V-00695,NA-MX,Mexico,4,20.9,4,61,-0.23
P-005481,V-00514,APAC-NE,Japan,6,-3.5,12,63,0.01
P-005481,V-00107,SA,Brazil,3,14.5,4,49,-0.06
P-005481,V-00589,NA-MX,Mexico,5,3.5,4,66,-0.01
P-005483,V-00842,EMEA-E,Romania,6,13.1,8,75,-0.05
P-005483,V-00261,NA-US,United States,5,17.8,12,30,-0.07
P-005485,V-00176,NA-US,United States,7,-0.5,12,91,0
P-005485,V-00660,EMEA-W,Germany,6,12.1,8,64,-0.05
P-005486,V-00416,APAC-SE,Indonesia,4,1.7,0,24,-0.01
P-005486,V-00142,EMEA-W,Italy,4,-4,8,40,0.02
P-005486,V-00620,EMEA-W,Germany,4,10,6,55,-0.04
P-005488,V-00242,APAC-NE,Japan,4,13.7,4,64,-0.05
P-005488,V-00611,NA-MX,Mexico,7,6.9,0,21,-0.03
P-005488,V-00076,APAC-IN,India,5,9.9,8,23,-0.04
P-005489,V-00528,SA,Brazil,5,21.1,0,16,-0.08
P-005490,V-00959,SA,Argentina,8,18.5,0,98,-0.07
P-005491,V-00063,APAC-NE,Japan,4,-3.7,6,55,0.01
P-005492,V-00391,SA,Argentina,7,21,4,22,-0.08
P-005492,V-00235,APAC-NE,Japan,5,-5.4,0,99,0.02
P-005493,V-00309,APAC-NE,China,5,5,0,36,-0.02
P-005493,V-00133,EMEA-E,Turkey,4,12.2,4,91,-0.05
P-005495,V-00231,APAC-SE,Vietnam,5,21.9,12,54,-0.09
P-005495,V-00611,NA-MX,Mexico,5,3.4,4,26,-0.01
P-005496,V-00847,APAC-NE,Japan,4,10.6,6,89,-0.12
P-005496,V-00098,EMEA-E,Turkey,4,-0.7,8,71,0.01
P-005497,V-00577,EMEA-E,Czechia,5,-4.7,12,69,0.05
P-005497,V-00296,NA-MX,Mexico,4,21.6,12,43,-0.24
P-005497,V-00078,APAC-NE,China,3,16.4,0,33,-0.18
P-005498,V-00204,NA-MX,Mexico,3,10.3,0,86,-0.04
P-005498,V-00253,APAC-NE,Taiwan,8,-5.6,0,85,0.02
P-005498,V-00460,NA-US,United States,6,5,12,98,-0.02
P-005499,V-00083,SA,Brazil,7,16.2,0,42,-0.18
P-005500,V-00415,APAC-NE,Taiwan,3,-3,6,31,0.01
P-005500,V-00120,APAC-IN,India,5,-4.9,0,17,0.02
P-005502,V-00443,NA-US,United States,3,19.6,0,43,-0.08
P-005502,V-00263,EMEA-E,Czechia,9,6.7,12,88,-0.03
P-005502,V-00657,SA,Argentina,3,21.8,8,70,-0.09
P-005503,V-00761,SA,Brazil,6,1.2,6,60,0
P-005503,V-00174,EMEA-E,Turkey,3,7.6,0,49,-0.03
P-005503,V-00339,SA,Argentina,3,-3.3,12,82,0.01
P-005504,V-00371,APAC-SE,Indonesia,6,20.8,0,58,-0.08
P-005505,V-00088,APAC-SE,Vietnam,4,0.8,6,33,0
P-005505,V-00152,APAC-SE,Indonesia,4,21.7,4,85,-0.09
P-005505,V-00206,APAC-NE,South Korea,2,7,6,94,-0.03
P-005506,V-00523,EMEA-W,France,2,2.7,0,93,-0.01
P-005506,V-00312,NA-US,United States,7,2.2,4,54,-0.01
P-005506,V-00503,APAC-SE,Vietnam,6,16.6,12,97,-0.07
P-005507,V-00666,APAC-SE,Indonesia,5,-3,0,30,0.01
P-005507,V-00099,SA,Brazil,4,-3.8,8,60,0.02
P-005511,V-00171,EMEA-E,Turkey,4,-5.2,6,23,0.02
P-005511,V-00070,EMEA-E,Turkey,7,13.2,4,81,-0.05
P-005511,V-00878,EMEA-W,France,5,-5.2,12,43,0.02
P-005512,V-00678,NA-MX,Mexico,3,-4.8,6,58,0.02
P-005512,V-00236,SA,Brazil,7,13.8,0,98,-0.06
P-005514,V-00310,EMEA-E,Czechia,8,6.6,8,97,-0.07
P-005514,V-00962,APAC-NE,Japan,8,5.9,12,57,-0.06
P-005514,V-00962,APAC-NE,Japan,9,13.1,8,28,-0.14
P-005515,V-00174,EMEA-E,Turkey,3,11,12,63,-0.04
P-005515,V-00710,EMEA-W,France,3,21,0,29,-0.08
P-005515,V-00584,APAC-IN,India,8,17.6,8,55,-0.07
P-005516,V-00178,APAC-IN,India,6,3.5,6,63,-0.04
P-005516,V-00150,EMEA-E,Poland,1,-3,0,38,0.03
P-005516,V-00098,EMEA-E,Turkey,3,0.6,0,51,-0.01
P-005517,V-00198,EMEA-W,Spain,7,18.1,8,50,-0.07
P-005517,V-00041,NA-US,United States,7,2.2,4,36,-0.01
P-005517,V-00207,APAC-SE,Indonesia,6,-3.8,4,41,0.02
P-005518,V-00611,NA-MX,Mexico,7,-0.8,8,83,0.01
P-005518,V-00540,NA-US,United States,3,-4.4,6,76,0.05
P-005518,V-00653,EMEA-E,Czechia,4,0.1,0,39,0
P-005520,V-00180,APAC-IN,India,7,20.8,8,15,-0.08
P-005521,V-00233,NA-MX,Mexico,5,8.8,0,69,-0.04
P-005524,V-00267,NA-MX,Mexico,4,4.9,6,89,-0.02
P-005524,V-00116,APAC-IN,India,7,-3.1,0,38,0.01
P-005524,V-00122,APAC-SE,Malaysia,5,17.5,6,17,-0.07
P-005525,V-00570,APAC-NE,Japan,6,4.2,8,69,-0.02
P-005525,V-00384,EMEA-W,Italy,5,-0.5,8,31,0
P-005526,V-00520,SA,Brazil,6,-1.6,4,16,0.01
P-005529,V-00426,APAC-SE,Malaysia,8,-2,8,100,0.01
P-005529,V-00433,SA,Brazil,6,14.4,0,21,-0.06
P-005529,V-00836,SA,Argentina,6,-1.7,6,39,0.01
P-005530,V-00034,APAC-IN,India,3,1.8,12,66,-0.01
P-005531,V-00113,APAC-NE,China,7,10.8,4,35,-0.04
P-005531,V-00201,APAC-IN,India,3,12.8,0,98,-0.05
P-005534,V-00739,SA,Brazil,5,-1.8,4,61,0.01
P-005534,V-00302,NA-US,United States,4,-4,0,41,0.02
P-005535,V-00193,NA-US,United States,8,10.4,8,44,-0.04
P-005535,V-00370,EMEA-E,Poland,4,12.3,12,56,-0.05
P-005536,V-00193,NA-US,United States,6,13,0,18,-0.05
P-005536,V-00193,NA-US,United States,7,3,0,28,-0.01
P-005536,V-00478,APAC-SE,Vietnam,3,14.5,0,35,-0.06
P-005537,V-00439,APAC-NE,China,2,19.6,12,81,-0.08
P-005537,V-00360,EMEA-E,Czechia,6,8.1,0,92,-0.03
P-005537,V-00753,APAC-SE,Vietnam,5,17.2,0,91,-0.07
P-005538,V-00340,NA-US,United States,4,6.8,0,93,-0.03
P-005539,V-00195,APAC-NE,Taiwan,5,-1.4,6,32,0.02
P-005540,V-00552,EMEA-W,France,3,17.2,4,31,-0.07
P-005540,V-00187,APAC-NE,South Korea,3,17.3,4,93,-0.07
P-005540,V-00700,NA-US,United States,5,9.7,12,28,-0.04
P-005541,V-00498,EMEA-W,France,7,12.8,8,40,-0.05
P-005541,V-00436,NA-US,United States,4,17,0,91,-0.07
P-005541,V-00095,APAC-NE,China,8,9.7,4,65,-0.04
P-005542,V-00613,EMEA-W,Spain,7,5.7,0,54,-0.02
P-005543,V-00964,EMEA-W,Germany,6,14.6,4,41,-0.06
P-005543,V-00328,NA-MX,Mexico,7,-3.8,6,35,0.02
P-005543,V-00908,NA-MX,Mexico,7,9,0,77,-0.04
P-005544,V-00221,APAC-NE,South Korea,7,20.1,6,82,-0.22
P-005544,V-00572,EMEA-W,Spain,4,19.9,0,53,-0.22
P-005544,V-00599,APAC-IN,India,4,19.1,6,51,-0.21
P-005545,V-00579,NA-US,United States,8,16.3,4,38,-0.07
P-005545,V-00317,APAC-IN,India,5,3.6,0,56,-0.01
P-005545,V-00177,APAC-IN,India,4,-3.1,0,61,0.01
P-005546,V-00311,EMEA-W,Spain,5,5.5,8,93,-0.06
P-005547,V-00177,APAC-IN,India,1,19.3,6,59,-0.08
P-005547,V-00305,APAC-SE,Vietnam,4,18.8,12,55,-0.08
P-005547,V-00317,APAC-IN,India,5,12.4,6,82,-0.05
P-005548,V-00660,EMEA-W,Germany,5,14,0,74,-0.06
P-005549,V-00418,APAC-NE,Taiwan,4,21.2,8,70,-0.23
P-005549,V-00659,EMEA-E,Poland,3,-4.7,8,43,0.05
P-005549,V-00609,APAC-NE,Japan,2,14.2,4,82,-0.16
P-005550,V-00184,SA,Argentina,5,11.9,8,51,-0.05
P-005551,V-00500,SA,Argentina,5,-4.9,0,36,0.05
P-005552,V-00726,APAC-IN,India,3,6.3,0,29,-0.07
P-005552,V-00642,EMEA-E,Czechia,6,3.2,0,49,-0.04
P-005553,V-00842,EMEA-E,Romania,6,4.7,4,81,-0.05
P-005553,V-00885,NA-MX,Mexico,5,-5.3,0,83,0.06
P-005554,V-00509,APAC-IN,India,4,8.6,0,47,-0.03
P-005555,V-00353,APAC-SE,Thailand,8,0,4,64,0
P-005557,V-00155,SA,Argentina,7,11.4,6,89,-0.05
P-005557,V-00355,NA-MX,Mexico,6,13.2,6,30,-0.05
P-005558,V-00019,APAC-NE,Taiwan,5,16.7,12,24,-0.07
P-005560,V-00505,SA,Argentina,6,13.9,12,58,-0.06
P-005560,V-00267,NA-MX,Mexico,4,-3.4,8,40,0.01
P-005561,V-00527,NA-MX,Mexico,3,18.2,0,32,-0.07
P-005564,V-00353,APAC-SE,Thailand,6,12,12,27,-0.05
P-005568,V-00821,NA-US,United States,5,19.7,0,66,-0.08
P-005569,V-00023,NA-MX,Mexico,7,19.9,4,99,-0.08
P-005569,V-00163,APAC-NE,Taiwan,5,13.6,12,31,-0.05
P-005570,V-00591,SA,Brazil,8,-0.3,6,95,0
P-005570,V-00091,APAC-NE,South Korea,2,0.1,8,74,0
P-005570,V-00223,NA-MX,Mexico,6,4.3,0,16,-0.05
P-005571,V-00391,SA,Argentina,8,-4.3,4,50,0.02
P-005571,V-00235,APAC-NE,Japan,5,19.4,4,75,-0.08
P-005572,V-00412,APAC-SE,Vietnam,7,18.3,12,64,-0.07
P-005572,V-00668,APAC-NE,Taiwan,2,15.2,6,25,-0.06
P-005573,V-00627,SA,Brazil,5,-0.9,12,38,0
P-005573,V-00814,APAC-IN,India,3,-1.4,0,74,0.01
P-005573,V-00635,SA,Argentina,8,7.7,8,55,-0.03
P-005574,V-00095,APAC-NE,China,9,-1,0,45,0
P-005576,V-00682,NA-US,United States,6,12,6,63,-0.05
P-005576,V-00669,APAC-SE,Vietnam,5,14.5,8,85,-0.06
P-005578,V-00685,APAC-SE,Vietnam,1,-3.5,6,16,0.01
P-005578,V-00316,NA-MX,Mexico,6,1.4,4,55,-0.01
P-005580,V-00499,NA-US,United States,4,17.8,0,93,-0.07
P-005580,V-00399,APAC-NE,South Korea,5,6.9,0,86,-0.03
P-005580,V-00010,EMEA-E,Romania,6,19.2,6,84,-0.08
P-005582,V-00213,NA-US,United States,3,7.8,8,47,-0.03
P-005582,V-00123,EMEA-W,Spain,6,18.7,0,99,-0.07
P-005583,V-00605,APAC-NE,Taiwan,7,2.2,6,20,-0.02
P-005584,V-00020,APAC-NE,Japan,6,16.9,4,54,-0.07
P-005584,V-00467,APAC-SE,Malaysia,4,4.1,8,46,-0.02
P-005585,V-00379,APAC-NE,South Korea,2,0.2,8,51,0
P-005585,V-00332,APAC-IN,India,3,6.8,8,64,-0.07
P-005586,V-00512,NA-US,United States,4,18.4,0,72,-0.07
P-005586,V-00364,APAC-SE,Malaysia,7,-4,4,76,0.02
P-005587,V-00056,APAC-SE,Malaysia,8,-4.7,0,57,0.02
P-005588,V-00182,SA,Argentina,7,5.5,0,37,-0.02
P-005588,V-00264,APAC-IN,India,6,20.1,0,99,-0.08
P-005589,V-00120,APAC-IN,India,7,1.1,6,93,0
P-005590,V-00218,APAC-SE,Indonesia,5,9.7,0,57,-0.04
P-005590,V-00341,NA-US,United States,7,-2,0,89,0.01
P-005591,V-00493,EMEA-E,Romania,8,3.2,12,74,-0.04
P-005592,V-00132,APAC-NE,Taiwan,7,18.7,8,68,-0.07
P-005593,V-00228,SA,Brazil,6,13.2,6,44,-0.05
P-005593,V-00356,NA-MX,Mexico,7,4.3,0,42,-0.02
P-005594,V-00476,EMEA-E,Romania,8,17.1,8,48,-0.19
P-005594,V-00166,APAC-IN,India,7,16.9,12,21,-0.19
P-005594,V-00059,EMEA-E,Czechia,3,-0.9,0,33,0.01
P-005595,V-00186,EMEA-E,Romania,8,19.1,4,85,-0.08
P-005596,V-00391,SA,Argentina,9,14.4,0,58,-0.06
P-005596,V-00076,APAC-IN,India,3,-4.1,12,69,0.02
P-005596,V-00100,APAC-NE,Taiwan,4,21.9,0,32,-0.09
P-005598,V-00177,APAC-IN,India,3,2,12,24,-0.01
P-005598,V-00430,EMEA-W,Italy,7,-2.1,8,97,0.01
P-005599,V-00246,NA-MX,Mexico,8,21.1,12,35,-0.23
P-005600,V-00251,SA,Argentina,4,9.1,8,89,-0.04
P-005600,V-00210,APAC-IN,India,4,19.7,0,96,-0.08
P-005600,V-00380,APAC-SE,Vietnam,4,4.4,8,88,-0.02
P-005601,V-00268,APAC-NE,South Korea,4,20.1,12,41,-0.08
P-005603,V-00386,APAC-NE,South Korea,4,13.6,4,84,-0.05
P-005604,V-00183,EMEA-W,Germany,7,21.5,8,22,-0.09
P-005604,V-00823,NA-US,United States,3,1.7,4,35,-0.01
P-005604,V-00322,EMEA-E,Poland,4,16.2,4,54,-0.06
P-005607,V-00015,EMEA-E,Turkey,7,2.9,6,28,-0.01
P-005607,V-00267,NA-MX,Mexico,4,2,8,71,-0.01
P-005608,V-00477,APAC-IN,India,7,11.8,12,83,-0.05
P-005609,V-00117,NA-US,United States,4,1.6,8,37,-0.01
P-005610,V-00567,EMEA-E,Romania,3,15.2,6,31,-0.06
P-005610,V-00115,APAC-NE,Taiwan,3,8.9,8,51,-0.04
P-005612,V-00014,APAC-NE,South Korea,6,13,0,39,-0.05
P-005612,V-00144,SA,Brazil,4,0.3,6,45,0
P-005613,V-01129,EMEA-E,Czechia,7,6,0,49,-0.02
P-005614,V-00656,SA,Brazil,3,-3.5,8,28,0.01
P-005616,V-00803,EMEA-E,Czechia,4,9.5,0,15,-0.04
P-005616,V-00232,NA-US,United States,4,9.8,4,95,-0.04
P-005617,V-00737,APAC-SE,Indonesia,8,19.2,6,85,-0.21
P-005617,V-00178,APAC-IN,India,5,5.4,0,57,-0.06
P-005617,V-00196,APAC-NE,Taiwan,6,-5.7,0,52,0.06
P-005618,V-00167,APAC-IN,India,7,-2.6,12,18,0.03
P-005618,V-00536,SA,Brazil,8,14,6,24,-0.15
P-005618,V-00247,NA-US,United States,6,9.3,8,17,-0.1
P-005622,V-00543,NA-US,United States,4,17.1,0,75,-0.07
P-005622,V-00709,NA-MX,Mexico,6,-2.3,4,75,0.01
P-005622,V-00078,APAC-NE,China,4,19.8,4,35,-0.08
P-005624,V-00126,APAC-SE,Indonesia,1,11.2,6,81,-0.04
P-005625,V-00551,EMEA-E,Czechia,3,10.5,0,18,-0.04
P-005625,V-00248,APAC-SE,Indonesia,4,-0.9,8,33,0
P-005628,V-00396,APAC-NE,China,6,19.1,4,70,-0.08
P-005629,V-00576,NA-MX,Mexico,2,14.9,0,71,-0.06
P-005629,V-00265,SA,Brazil,8,8.2,8,91,-0.03
P-005630,V-00294,NA-US,United States,4,20.3,4,77,-0.22
P-005630,V-00343,NA-MX,Mexico,3,-1.2,8,58,0.01
P-005630,V-00029,APAC-IN,India,4,10.5,8,72,-0.12
P-005632,V-00271,APAC-NE,China,7,9.4,6,33,-0.04
P-005633,V-00417,APAC-IN,India,5,20.1,12,36,-0.08
P-005633,V-00417,APAC-IN,India,5,9.8,6,85,-0.04
P-005633,V-00761,SA,Brazil,6,2.3,12,23,-0.01
P-005634,V-00285,NA-US,United States,5,-1.6,0,35,0.01
P-005634,V-00163,APAC-NE,Taiwan,5,-1.4,8,57,0.01
P-005634,V-00368,NA-US,United States,6,11.3,12,35,-0.05
P-005636,V-00338,APAC-SE,Vietnam,6,1,0,49,0
P-005637,V-00409,APAC-SE,Indonesia,7,18,0,75,-0.07
P-005637,V-00008,NA-US,United States,8,17.3,0,33,-0.07
P-005639,V-00261,NA-US,United States,3,3.6,4,59,-0.04
P-005639,V-00532,APAC-SE,Thailand,6,3.4,12,32,-0.04
P-005640,V-00959,SA,Argentina,7,14.9,12,100,-0.06
P-005641,V-00710,EMEA-W,France,4,6.5,0,67,-0.07
P-005641,V-00584,APAC-IN,India,6,1,12,93,-0.01
P-005641,V-00562,APAC-IN,India,4,6.7,6,80,-0.07
P-005642,V-00427,NA-US,United States,4,15.3,8,36,-0.06
P-005642,V-00514,APAC-NE,Japan,4,-2,0,48,0.01
P-005642,V-00589,NA-MX,Mexico,4,12.4,4,29,-0.05
P-005644,V-00052,EMEA-E,Turkey,5,21.7,4,92,-0.09
P-005644,V-00625,APAC-SE,Malaysia,6,17.6,6,67,-0.07
P-005644,V-00744,SA,Brazil,4,8.7,8,94,-0.03
P-005645,V-00823,NA-US,United States,3,-2.5,0,75,0.01
P-005646,V-00407,EMEA-E,Poland,6,19.8,6,29,-0.22
P-005646,V-00266,SA,Brazil,5,4.7,6,52,-0.05
P-005647,V-00382,APAC-NE,South Korea,6,-5.4,0,75,0.02
P-005648,V-00353,APAC-SE,Thailand,8,11,12,51,-0.12
P-005648,V-00771,NA-MX,Mexico,5,9.4,6,67,-0.1
P-005648,V-00450,APAC-IN,India,7,9.8,0,58,-0.11
P-005650,V-00229,EMEA-E,Czechia,3,-0.8,6,68,0
P-005650,V-00299,NA-MX,Mexico,4,11.5,4,90,-0.05
P-005650,V-00615,EMEA-E,Romania,3,-5.3,12,96,0.02
P-005651,V-00588,APAC-NE,China,7,0.2,0,66,0
P-005651,V-00541,APAC-SE,Malaysia,7,1.8,6,93,-0.02
P-005654,V-00171,EMEA-E,Turkey,5,2.3,0,100,-0.03
P-005654,V-00363,APAC-IN,India,7,-2.7,0,47,0.03
P-005655,V-00477,APAC-IN,India,7,11.7,12,45,-0.05
P-005655,V-00100,APAC-NE,Taiwan,2,17.4,0,73,-0.07
P-005656,V-00037,SA,Brazil,6,-0.7,0,46,0
P-005656,V-00422,EMEA-E,Turkey,7,10.7,0,36,-0.04
P-005656,V-00029,APAC-IN,India,2,9.6,0,19,-0.04
P-005657,V-00111,NA-MX,Mexico,7,15.1,6,45,-0.06
P-005657,V-00917,APAC-NE,Japan,1,7.3,0,91,-0.03
P-005657,V-00759,EMEA-W,Italy,3,0.6,6,35,0
P-005658,V-00415,APAC-NE,Taiwan,2,8.6,12,26,-0.03
P-005659,V-00475,APAC-SE,Thailand,5,10.4,0,20,-0.11
P-005660,V-00297,APAC-NE,Taiwan,6,2.3,12,81,-0.03
P-005660,V-00057,NA-MX,Mexico,8,14.4,0,76,-0.16
P-005660,V-00111,NA-MX,Mexico,7,5.4,6,92,-0.06
P-005664,V-00609,APAC-NE,Japan,4,3.2,8,84,-0.01
P-005664,V-00015,EMEA-E,Turkey,8,-2.9,4,25,0.01
P-005664,V-00525,EMEA-E,Poland,5,14.4,0,62,-0.06
P-005665,V-00192,APAC-SE,Malaysia,3,16.3,6,45,-0.07
P-005665,V-00739,SA,Brazil,3,0.1,0,90,0
P-005669,V-00697,NA-US,United States,5,-1.6,8,57,0.01
P-005670,V-00681,EMEA-E,Turkey,5,21.2,8,51,-0.08
P-005670,V-00613,EMEA-W,Spain,7,0.2,12,77,0
P-005670,V-00424,NA-US,United States,7,18.2,12,44,-0.07
P-005672,V-00544,APAC-IN,India,2,15.4,12,50,-0.06
P-005672,V-00347,APAC-SE,Malaysia,6,2.4,12,41,-0.01
P-005674,V-00011,APAC-SE,Indonesia,5,4.7,12,51,-0.05
P-005675,V-00254,SA,Argentina,4,-3.5,0,47,0.01
P-005677,V-00549,EMEA-W,Italy,6,18.8,4,100,-0.08
P-005677,V-00696,APAC-SE,Indonesia,6,7.5,0,95,-0.03
P-005678,V-00311,EMEA-W,Spain,6,4.4,4,88,-0.05
P-005678,V-00401,SA,Brazil,4,20.7,6,59,-0.23
P-005680,V-00708,EMEA-W,Spain,5,-0.3,0,89,0
P-005681,V-00326,NA-US,United States,7,-3,0,79,0.01
P-005682,V-00508,SA,Brazil,4,14.5,12,74,-0.06
P-005683,V-00365,APAC-IN,India,5,3.2,12,21,-0.01
P-005683,V-00110,EMEA-E,Poland,5,2,0,66,-0.01
P-005683,V-00386,APAC-NE,South Korea,4,-4.7,0,85,0.02
P-005684,V-00831,APAC-SE,Thailand,1,-1,6,73,0
P-005686,V-00093,APAC-SE,Indonesia,6,-1,8,15,0
P-005686,V-00622,APAC-NE,China,4,-2.7,12,32,0.01
P-005686,V-00703,NA-MX,Mexico,4,3.4,0,27,-0.01
P-005689,V-00850,APAC-NE,Japan,8,6.8,0,42,-0.03
P-005689,V-00640,SA,Argentina,4,20.5,6,18,-0.08
P-005690,V-00248,APAC-SE,Indonesia,6,19,6,71,-0.08
P-005690,V-00119,APAC-SE,Malaysia,5,-1.6,0,80,0.01
P-005690,V-00724,EMEA-E,Turkey,8,3.7,12,51,-0.01
P-005691,V-00060,APAC-SE,Indonesia,7,21.1,6,81,-0.08
P-005691,V-00639,EMEA-E,Turkey,4,-3.4,8,77,0.01
P-005691,V-00121,SA,Argentina,4,7.4,12,99,-0.03
P-005692,V-00752,NA-US,United States,7,6.3,0,93,-0.03
P-005693,V-00257,SA,Brazil,7,12.6,0,75,-0.05
P-005693,V-00539,EMEA-E,Turkey,8,9.9,4,63,-0.04
P-005693,V-00662,APAC-IN,India,5,13.6,0,36,-0.05
P-005694,V-00047,APAC-SE,Vietnam,5,19.9,0,55,-0.08
P-005695,V-00420,APAC-SE,Malaysia,4,4,8,60,-0.04
P-005695,V-00274,EMEA-W,Spain,5,12,4,19,-0.13
P-005695,V-00170,EMEA-W,Germany,7,2.8,0,45,-0.03
P-005697,V-00364,APAC-SE,Malaysia,7,21.3,4,45,-0.23
P-005701,V-00552,EMEA-W,France,3,10.3,12,28,-0.04
P-005701,V-00002,APAC-NE,China,4,-5.3,8,46,0.02
P-005703,V-00501,APAC-NE,China,5,14.6,0,90,-0.06
P-005705,V-00752,NA-US,United States,6,0.9,0,46,0
P-005705,V-00401,SA,Brazil,5,6.6,0,80,-0.03
P-005706,V-00406,EMEA-W,Spain,8,18.3,6,21,-0.07
P-005706,V-00254,SA,Argentina,5,13.2,12,24,-0.05
P-005706,V-00194,APAC-IN,India,1,7.9,0,64,-0.03
P-005710,V-00508,SA,Brazil,3,2.1,4,51,-0.01
P-005711,V-00096,EMEA-W,Spain,4,9.1,4,42,-0.04
P-005711,V-00443,NA-US,United States,5,0.9,12,27,0
P-005711,V-00530,SA,Brazil,8,-3.9,6,22,0.02
P-005714,V-00345,EMEA-E,Poland,4,4.8,0,76,-0.02
P-005714,V-00637,NA-MX,Mexico,4,17.3,6,60,-0.07
P-005714,V-00186,EMEA-E,Romania,7,14.4,0,52,-0.06
P-005715,V-00737,APAC-SE,Indonesia,8,1.4,4,31,-0.01
P-005715,V-00788,NA-MX,Mexico,5,11.6,12,20,-0.05
P-005717,V-00340,NA-US,United States,2,9.2,8,82,-0.04
P-005717,V-00609,APAC-NE,Japan,2,8.7,0,98,-0.03
P-005717,V-00036,APAC-SE,Vietnam,2,17.5,6,61,-0.07
P-005719,V-00734,EMEA-E,Poland,6,20.3,8,27,-0.08
P-005720,V-00381,APAC-SE,Vietnam,3,20.8,12,88,-0.08
P-005720,V-00846,NA-MX,Mexico,4,17.3,8,38,-0.07
P-005721,V-00672,EMEA-E,Romania,6,18.9,8,63,-0.08
P-005721,V-00464,EMEA-W,Spain,6,2.7,6,36,-0.01
P-005723,V-00768,APAC-SE,Indonesia,5,6.7,0,53,-0.03
P-005723,V-00665,APAC-SE,Vietnam,4,20,12,27,-0.08
P-005724,V-00101,EMEA-W,Spain,4,3.2,0,16,-0.04
P-005725,V-00595,SA,Brazil,3,-1.7,0,76,0.01
P-005725,V-00601,EMEA-W,France,7,11.7,6,37,-0.05
P-005726,V-00053,APAC-IN,India,3,5.5,0,71,-0.02
P-005726,V-00676,NA-US,United States,2,9.2,6,61,-0.04
P-005727,V-00807,EMEA-E,Turkey,8,9.8,4,94,-0.11
P-005728,V-00439,APAC-NE,China,5,13,8,82,-0.14
P-005728,V-00219,NA-US,United States,7,9.7,6,64,-0.11
P-005728,V-00319,NA-MX,Mexico,4,14.7,4,72,-0.16
P-005730,V-00244,EMEA-E,Czechia,5,2,8,30,-0.01
P-005730,V-00569,APAC-IN,India,7,11.6,6,75,-0.05
P-005730,V-00678,NA-MX,Mexico,3,4,8,71,-0.02
P-005731,V-00092,APAC-IN,India,5,0.5,12,30,-0.01
P-005731,V-00595,SA,Brazil,2,17.7,6,81,-0.19
P-005731,V-00132,APAC-NE,Taiwan,6,11.6,0,92,-0.13
P-005735,V-00111,NA-MX,Mexico,6,5.9,12,47,-0.02
P-005737,V-00374,APAC-SE,Thailand,5,-4.9,12,40,0.02
P-005737,V-00044,NA-US,United States,5,3.1,0,75,-0.01
P-005737,V-00660,EMEA-W,Germany,5,-5.7,4,32,0.02
P-005738,V-00807,EMEA-E,Turkey,8,-0.3,6,49,0
P-005738,V-00099,SA,Brazil,7,-1.3,12,87,0.01
P-005739,V-00456,APAC-SE,Malaysia,5,15.7,8,45,-0.06
P-005739,V-00456,APAC-SE,Malaysia,6,18.9,4,44,-0.08
P-005740,V-00655,APAC-NE,South Korea,7,-4.3,4,24,0.02
P-005740,V-00624,NA-US,United States,4,11.5,6,31,-0.05
P-005745,V-00278,APAC-IN,India,8,-2.3,6,23,0.01
P-005745,V-00248,APAC-SE,Indonesia,5,21.5,12,98,-0.09
P-005747,V-00708,EMEA-W,Spain,6,-0.4,8,42,0
P-005747,V-00685,APAC-SE,Vietnam,4,2.4,0,93,-0.01
P-005748,V-00561,APAC-NE,Japan,6,11.4,4,64,-0.05
P-005748,V-00831,APAC-SE,Thailand,3,-2.3,0,51,0.01
P-005748,V-00534,APAC-NE,Japan,2,-2.7,0,88,0.01
P-005749,V-00327,SA,Brazil,5,-1.3,8,22,0.01
P-005751,V-00094,APAC-NE,China,3,9.4,0,34,-0.04
P-005751,V-00087,APAC-NE,Japan,6,-2.5,0,82,0.01
P-005751,V-00535,EMEA-W,France,4,-3.7,4,73,0.01
P-005753,V-00706,APAC-IN,India,4,0.1,8,79,0
P-005755,V-00263,EMEA-E,Czechia,6,-4.6,4,89,0.02
P-005755,V-00263,EMEA-E,Czechia,9,11.1,12,87,-0.04
P-005755,V-00581,NA-MX,Mexico,6,15.4,4,86,-0.06
P-005756,V-00226,SA,Brazil,6,3.6,0,87,-0.04
P-005757,V-00177,APAC-IN,India,1,11.6,6,46,-0.05
P-005757,V-00266,SA,Brazil,6,5.4,8,81,-0.02
P-005758,V-00532,APAC-SE,Thailand,6,10.6,8,31,-0.04
P-005759,V-00230,APAC-SE,Vietnam,6,-1.8,0,78,0.01
P-005759,V-00003,NA-MX,Mexico,7,8.2,8,76,-0.03
P-005761,V-00272,SA,Argentina,4,16.6,12,89,-0.07
P-005761,V-00272,SA,Argentina,3,7.6,8,49,-0.03
P-005761,V-00020,APAC-NE,Japan,6,20.9,4,54,-0.08
P-005762,V-00251,SA,Argentina,4,17.4,0,29,-0.19
P-005763,V-00381,APAC-SE,Vietnam,3,6,0,55,-0.02
P-005765,V-00173,APAC-NE,South Korea,5,0.5,4,38,0
P-005765,V-00026,APAC-NE,China,6,15.1,4,72,-0.06
P-005765,V-00461,SA,Brazil,6,-2.5,6,78,0.01
P-005766,V-00265,SA,Brazil,9,15.4,12,84,-0.06
P-005770,V-00781,NA-MX,Mexico,5,8.6,12,71,-0.03
P-005770,V-00674,NA-MX,Mexico,8,-5.9,0,53,0.02
P-005772,V-00177,APAC-IN,India,4,14.1,0,98,-0.06
P-005772,V-00600,APAC-IN,India,6,12.1,4,44,-0.05
P-005772,V-00317,APAC-IN,India,4,-4.4,0,97,0.02
P-005773,V-00198,EMEA-W,Spain,6,16.2,0,32,-0.18
P-005774,V-00136,APAC-SE,Indonesia,8,11.5,12,99,-0.13
P-005774,V-00072,APAC-SE,Vietnam,7,9.9,12,59,-0.11
P-005774,V-00139,EMEA-E,Poland,2,13.5,8,30,-0.15
P-005775,V-00075,APAC-IN,India,6,14.6,6,48,-0.16
P-005777,V-00175,NA-US,United States,2,4.4,0,75,-0.02
P-005777,V-00779,APAC-SE,Malaysia,7,7,4,90,-0.03
P-005777,V-00410,APAC-SE,Malaysia,2,18.6,0,78,-0.07
P-005778,V-00172,EMEA-W,Germany,4,18.8,4,28,-0.08
P-005779,V-00116,APAC-IN,India,9,-1.1,0,47,0
P-005779,V-00135,NA-MX,Mexico,5,15.1,6,40,-0.06
P-005779,V-00457,NA-MX,Mexico,6,-4.2,0,61,0.02
P-005781,V-00689,NA-US,United States,4,20.9,6,41,-0.08
P-005781,V-00266,SA,Brazil,7,-5.1,12,31,0.02
P-005781,V-00299,NA-MX,Mexico,4,-4,0,50,0.02
P-005784,V-00039,EMEA-E,Romania,5,13.2,8,36,-0.15
P-005784,V-00891,EMEA-E,Poland,6,11.7,0,75,-0.13
P-005786,V-00416,APAC-SE,Indonesia,5,2.1,8,18,-0.01
P-005788,V-00257,SA,Brazil,6,6.4,4,79,-0.03
P-005789,V-00120,APAC-IN,India,7,14.8,12,64,-0.06
P-005789,V-00067,EMEA-W,France,3,2.4,12,48,-0.01
P-005789,V-00814,APAC-IN,India,3,-0.6,4,83,0
P-005790,V-00831,APAC-SE,Thailand,3,15.1,4,23,-0.06
P-005790,V-00534,APAC-NE,Japan,3,10.4,4,99,-0.04
P-005790,V-00666,APAC-SE,Indonesia,4,20.2,6,45,-0.08
P-005791,V-00101,EMEA-W,Spain,5,21.8,0,58,-0.09
P-005791,V-00382,APAC-NE,South Korea,5,16.2,6,100,-0.06
P-005793,V-00323,EMEA-E,Czechia,3,4.3,0,38,-0.02
P-005793,V-00040,APAC-NE,China,7,-3.7,0,18,0.01
P-005794,V-00507,APAC-NE,Taiwan,3,14.1,4,46,-0.06
P-005794,V-00681,EMEA-E,Turkey,5,14.7,4,58,-0.06
P-005795,V-00643,APAC-IN,India,6,14.1,4,71,-0.06
P-005796,V-00194,APAC-IN,India,4,18.5,0,20,-0.07
P-005797,V-00179,APAC-SE,Thailand,3,19.6,8,30,-0.08
P-005798,V-00126,APAC-SE,Indonesia,3,5.1,8,36,-0.02
P-005800,V-00548,EMEA-W,Italy,8,14.4,0,25,-0.06
P-005801,V-00141,APAC-SE,Malaysia,4,8,8,43,-0.03
P-005801,V-00337,EMEA-W,France,4,0.9,6,43,0
P-005803,V-00643,APAC-IN,India,7,4.6,4,33,-0.02
P-005803,V-00308,APAC-SE,Indonesia,7,-2.8,0,25,0.01
P-005804,V-00501,APAC-NE,China,5,7.9,8,59,-0.03
P-005805,V-00157,APAC-IN,India,4,1.6,0,59,-0.01
P-005805,V-00635,SA,Argentina,9,-1.8,0,86,0.01
P-005805,V-00709,NA-MX,Mexico,8,21.9,8,30,-0.09
P-005807,V-00254,SA,Argentina,5,9.4,12,66,-0.04
P-005807,V-00257,SA,Brazil,7,21.6,6,95,-0.09
P-005808,V-00328,NA-MX,Mexico,6,7.4,4,89,-0.03
P-005808,V-00152,APAC-SE,Indonesia,2,6.5,4,47,-0.03
P-005810,V-00127,NA-MX,Mexico,2,7.7,0,98,-0.03
P-005812,V-00855,NA-MX,Mexico,7,2.1,12,32,-0.01
P-005812,V-00387,EMEA-W,Germany,6,0.6,0,55,0
P-005812,V-00651,SA,Brazil,6,4.8,8,48,-0.02
P-005813,V-00450,APAC-IN,India,8,-2.7,12,99,0.01
P-005813,V-00198,EMEA-W,Spain,7,-0.4,6,24,0
P-005813,V-00315,NA-US,United States,2,4.2,0,17,-0.02
P-005814,V-00844,SA,Brazil,8,20.1,6,100,-0.08
P-005815,V-00324,NA-US,United States,9,21.7,0,25,-0.24
P-005817,V-00276,APAC-NE,Taiwan,4,-0.3,6,89,0
P-005817,V-00513,APAC-NE,Taiwan,6,-5.7,8,55,0.06
P-005817,V-00121,SA,Argentina,4,11.3,0,82,-0.12
P-005818,V-00589,NA-MX,Mexico,4,16.4,4,59,-0.07
P-005818,V-00594,APAC-NE,China,5,9.8,6,44,-0.04
P-005819,V-00358,APAC-NE,Japan,2,10.6,0,99,-0.04
P-005819,V-00091,APAC-NE,South Korea,5,-1.8,0,95,0.01
P-005821,V-00149,NA-US,United States,4,21.9,8,69,-0.09
P-005821,V-00364,APAC-SE,Malaysia,7,18.9,4,33,-0.08
P-005821,V-00420,APAC-SE,Malaysia,5,-4.6,0,23,0.02
P-005823,V-00443,NA-US,United States,2,8.2,8,53,-0.03
P-005823,V-00096,EMEA-W,Spain,2,-1.3,4,31,0.01
P-005824,V-00295,NA-US,United States,4,21.2,0,91,-0.23
P-005827,V-00641,NA-US,United States,6,-4.5,0,97,0.02
P-005827,V-00761,SA,Brazil,5,21,12,68,-0.08
P-005828,V-00878,EMEA-W,France,6,3.8,12,57,-0.02
P-005828,V-00546,NA-MX,Mexico,4,3,0,89,-0.01
P-005828,V-00566,APAC-NE,South Korea,4,2.5,12,39,-0.01
P-005829,V-00103,APAC-SE,Indonesia,6,20.5,6,15,-0.23
P-005829,V-00375,SA,Brazil,7,0.6,12,57,-0.01
P-005829,V-00495,SA,Brazil,6,10.9,12,18,-0.12
P-005831,V-00818,APAC-NE,South Korea,8,4.8,4,73,-0.05
P-005831,V-00073,NA-MX,Mexico,5,18.4,12,83,-0.2
P-005831,V-00562,APAC-IN,India,3,0.3,0,17,0
P-005832,V-00652,SA,Argentina,7,15.3,12,77,-0.06
P-005832,V-00498,EMEA-W,France,5,1.9,8,16,-0.01
P-005832,V-00098,EMEA-E,Turkey,3,18.9,12,26,-0.08
P-005833,V-00671,SA,Argentina,4,11.3,6,84,-0.05
P-005833,V-00529,APAC-IN,India,4,0.9,4,43,0
P-005833,V-00510,APAC-SE,Vietnam,5,1.8,6,63,-0.01
P-005834,V-00762,NA-US,United States,6,6.2,4,44,-0.02
P-005834,V-00885,NA-MX,Mexico,6,3.3,6,32,-0.01
P-005836,V-00625,APAC-SE,Malaysia,5,14.2,0,86,-0.06
P-005836,V-00555,APAC-IN,India,7,6.2,0,51,-0.02
P-005836,V-00410,APAC-SE,Malaysia,4,-3,0,28,0.01
P-005838,V-00096,EMEA-W,Spain,3,-2.6,6,100,0.01
P-005838,V-00447,NA-MX,Mexico,8,12.6,8,80,-0.05
P-005839,V-00503,APAC-SE,Vietnam,7,-1.1,8,31,0
P-005839,V-00656,SA,Brazil,4,-0.1,4,64,0
P-005839,V-00559,SA,Brazil,2,15.4,8,21,-0.06
P-005840,V-00537,SA,Brazil,8,6.9,0,100,-0.03
P-005840,V-00882,APAC-NE,South Korea,7,-2.6,0,59,0.01
P-005843,V-00408,NA-US,United States,3,3.7,6,36,-0.01
P-005843,V-00821,NA-US,United States,6,11.7,12,99,-0.05
P-005844,V-00171,EMEA-E,Turkey,5,9,0,71,-0.04
P-005844,V-00493,EMEA-E,Romania,8,-0.5,4,88,0
P-005844,V-01073,EMEA-W,Spain,7,17.4,0,45,-0.07
P-005845,V-00112,NA-US,United States,8,-1.9,12,94,0.01
P-005845,V-00255,EMEA-E,Czechia,6,0.8,0,21,0
P-005847,V-00362,SA,Brazil,3,16.8,0,60,-0.18
P-005847,V-00058,NA-US,United States,9,16.8,0,31,-0.18
P-005848,V-00379,APAC-NE,South Korea,3,14.2,4,17,-0.06
P-005848,V-00535,EMEA-W,France,5,1.3,4,92,-0.01
P-005848,V-00668,APAC-NE,Taiwan,4,-1.2,0,20,0
P-005851,V-00504,NA-US,United States,7,-1.9,0,37,0.01
P-005851,V-00133,EMEA-E,Turkey,4,-2.1,12,94,0.01
P-005852,V-00137,SA,Brazil,6,4.5,12,76,-0.02
P-005854,V-00796,NA-MX,Mexico,5,13,4,52,-0.14
P-005854,V-00273,NA-MX,Mexico,7,5.9,6,27,-0.06
P-005855,V-01032,APAC-SE,Indonesia,6,-4.9,0,57,0.02
P-005857,V-00482,APAC-NE,Taiwan,3,3.5,0,18,-0.01
P-005857,V-00159,EMEA-W,Italy,5,21.9,4,29,-0.09
P-005861,V-00648,APAC-IN,India,5,-3.9,6,60,0.02
P-005861,V-00501,APAC-NE,China,4,6.7,6,93,-0.03
P-005863,V-00325,EMEA-W,France,2,2.5,12,60,-0.03
P-005863,V-00705,NA-US,United States,3,5.2,12,38,-0.06
P-005863,V-00700,NA-US,United States,7,7.2,0,56,-0.08
P-005865,V-00240,NA-US,United States,2,7.1,8,33,-0.03
P-005865,V-00109,NA-US,United States,4,17.8,0,28,-0.07
P-005866,V-00326,NA-US,United States,7,-3.5,0,96,0.01
P-005866,V-00369,EMEA-E,Romania,1,12.1,8,30,-0.05
P-005866,V-00550,SA,Argentina,2,-2.3,4,40,0.01
P-005867,V-00494,APAC-IN,India,6,11.5,12,92,-0.13
P-005867,V-00693,NA-US,United States,6,-4.6,0,42,0.05
P-005867,V-00595,SA,Brazil,1,12.9,8,55,-0.14
P-005868,V-00011,APAC-SE,Indonesia,4,20.8,4,52,-0.08
P-005869,V-00616,APAC-SE,Malaysia,2,10,8,49,-0.04
P-005870,V-00294,NA-US,United States,2,16.3,4,48,-0.07
P-005871,V-00270,APAC-IN,India,6,14.4,6,40,-0.06
P-005871,V-00685,APAC-SE,Vietnam,2,-4.8,0,65,0.02
P-005872,V-00501,APAC-NE,China,4,6.8,0,78,-0.07
P-005872,V-00144,SA,Brazil,4,17.3,0,42,-0.19
P-005873,V-00378,NA-MX,Mexico,6,20.8,0,71,-0.08
P-005873,V-00181,APAC-NE,Taiwan,6,-0.6,6,55,0
P-005873,V-00378,NA-MX,Mexico,7,19.1,4,36,-0.08
P-005874,V-00665,APAC-SE,Vietnam,3,10.9,6,78,-0.04
P-005877,V-00746,EMEA-W,Spain,3,12.3,0,100,-0.14
P-005878,V-00529,APAC-IN,India,3,14.9,0,16,-0.06
P-005879,V-00156,SA,Argentina,5,5.1,8,50,-0.02
P-005881,V-00326,NA-US,United States,7,8.1,12,56,-0.03
P-005882,V-00343,NA-MX,Mexico,4,-5.7,0,79,0.02
P-005882,V-00049,NA-MX,Mexico,9,16.9,8,29,-0.07
P-005882,V-00037,SA,Brazil,8,18,0,82,-0.07
P-005883,V-00754,NA-MX,Mexico,4,9.3,4,37,-0.04
P-005884,V-00180,APAC-IN,India,5,4,12,87,-0.02
P-005884,V-00087,APAC-NE,Japan,7,8.8,6,19,-0.04
P-005885,V-00791,APAC-SE,Vietnam,7,-2.5,4,48,0.01
P-005885,V-00645,NA-MX,Mexico,8,11.5,4,74,-0.05
P-005885,V-00226,SA,Brazil,8,4.8,0,45,-0.02
P-005886,V-00379,APAC-NE,South Korea,3,0.8,12,94,0
P-005886,V-00454,EMEA-W,Germany,7,10.2,4,59,-0.04
P-005889,V-00822,NA-US,United States,9,6.8,0,36,-0.07
P-005891,V-00303,APAC-SE,Vietnam,8,16.7,0,52,-0.07
P-005891,V-00177,APAC-IN,India,4,12.7,12,34,-0.05
P-005891,V-00100,APAC-NE,Taiwan,3,11.8,0,41,-0.05
P-005892,V-00141,APAC-SE,Malaysia,4,-5,0,57,0.02
P-005894,V-00451,NA-MX,Mexico,4,17.8,0,71,-0.07
P-005894,V-00891,EMEA-E,Poland,6,10,4,53,-0.04
P-005895,V-00749,NA-US,United States,6,-1.9,0,50,0.02
P-005895,V-00732,EMEA-E,Turkey,5,11.2,6,88,-0.12
P-005896,V-00178,APAC-IN,India,6,11,0,24,-0.12
P-005896,V-00288,NA-MX,Mexico,4,1,4,63,-0.01
P-005896,V-00464,EMEA-W,Spain,4,-4,0,28,0.04
P-005898,V-00021,SA,Argentina,9,13.3,12,59,-0.05
P-005898,V-00847,APAC-NE,Japan,5,1.6,4,95,-0.01
P-005898,V-00560,NA-US,United States,8,5.6,4,27,-0.02
P-005899,V-00589,NA-MX,Mexico,5,11.3,0,18,-0.05
P-005899,V-00015,EMEA-E,Turkey,9,4.1,0,21,-0.02
P-005901,V-00118,SA,Brazil,6,9.2,0,42,-0.04
P-005901,V-00453,SA,Brazil,6,5.7,6,59,-0.02
P-005903,V-00643,APAC-IN,India,6,5.1,0,76,-0.06
P-005903,V-00402,EMEA-W,France,5,9,4,99,-0.1
P-005904,V-00175,NA-US,United States,2,14.4,0,45,-0.16
P-005904,V-00531,NA-MX,Mexico,4,6.7,8,33,-0.07
P-005904,V-00771,NA-MX,Mexico,7,19.6,0,28,-0.22
P-005906,V-00280,APAC-IN,India,3,0.3,12,40,0
P-005906,V-00388,EMEA-W,Spain,5,14.7,12,25,-0.16
P-005907,V-00359,NA-MX,Mexico,5,2.4,6,49,-0.01
P-005907,V-00132,APAC-NE,Taiwan,9,6.1,8,66,-0.02
P-005908,V-00708,EMEA-W,Spain,5,17,0,62,-0.07
P-005908,V-00642,EMEA-E,Czechia,6,15.7,6,52,-0.06
P-005909,V-00814,APAC-IN,India,4,4.4,0,55,-0.02
P-005909,V-00648,APAC-IN,India,4,10.5,4,21,-0.04
P-005910,V-00384,EMEA-W,Italy,6,3.4,0,68,-0.01
P-005910,V-00576,NA-MX,Mexico,1,13.8,0,27,-0.06
P-005910,V-00344,NA-MX,Mexico,7,-1.5,0,53,0.01
P-005911,V-00460,NA-US,United States,7,12,0,64,-0.05
P-005911,V-00253,APAC-NE,Taiwan,7,8.9,6,63,-0.04
P-005913,V-00225,NA-MX,Mexico,5,11.5,0,35,-0.05
P-005914,V-00269,APAC-IN,India,9,-0.2,0,88,0
P-005914,V-00617,EMEA-W,Spain,5,6.7,4,80,-0.03
P-005914,V-00777,EMEA-W,Germany,4,14.6,12,59,-0.06
P-005918,V-00417,APAC-IN,India,3,11.1,8,73,-0.04
P-005918,V-00844,SA,Brazil,8,10.2,12,15,-0.04
P-005918,V-00200,EMEA-W,Germany,5,8.7,0,60,-0.03
P-005919,V-00514,APAC-NE,Japan,4,13.5,0,65,-0.15
P-005919,V-00609,APAC-NE,Japan,1,19,0,92,-0.21
P-005920,V-00586,NA-MX,Mexico,6,0,0,55,0
P-005920,V-00135,NA-MX,Mexico,5,1.7,0,37,-0.02
P-005921,V-00649,EMEA-W,France,6,8.5,6,19,-0.03
P-005921,V-00648,APAC-IN,India,5,10.6,0,84,-0.04
P-005921,V-00649,EMEA-W,France,3,8.1,6,34,-0.03
P-005923,V-00726,APAC-IN,India,5,14.1,0,44,-0.16
P-005923,V-00642,EMEA-E,Czechia,5,17.4,8,81,-0.19
P-005924,V-00483,EMEA-W,Germany,7,-1.7,0,58,0.01
P-005924,V-00499,NA-US,United States,5,20.1,8,94,-0.08
P-005924,V-00607,APAC-NE,Taiwan,5,11.8,6,27,-0.05
P-005925,V-00054,NA-MX,Mexico,3,12,4,38,-0.13
P-005928,V-00015,EMEA-E,Turkey,7,0,0,86,0
P-005929,V-00258,NA-US,United States,4,17.1,0,55,-0.07
P-005930,V-00274,EMEA-W,Spain,3,12.1,4,22,-0.05
P-005930,V-00604,EMEA-E,Czechia,9,5.5,6,46,-0.02
P-005930,V-00585,SA,Brazil,7,15.1,8,16,-0.06
P-005932,V-00562,APAC-IN,India,3,-3.2,0,26,0.01
P-005934,V-00317,APAC-IN,India,4,12,4,24,-0.05
P-005934,V-00266,SA,Brazil,6,15.3,8,18,-0.06
P-005934,V-00031,APAC-NE,China,4,16.5,4,34,-0.07
P-005936,V-00101,EMEA-W,Spain,5,-5.1,12,55,0.02
P-005936,V-00761,SA,Brazil,7,-3,12,87,0.01
P-005936,V-00844,SA,Brazil,7,7.8,6,94,-0.03
P-005938,V-00726,APAC-IN,India,4,-3,0,74,0.01
P-005938,V-00083,SA,Brazil,9,18,8,21,-0.07
P-005940,V-00293,APAC-NE,Taiwan,6,12.4,6,58,-0.05
P-005940,V-00604,EMEA-E,Czechia,8,9.7,4,89,-0.04
P-005945,V-00379,APAC-NE,South Korea,2,5.7,0,100,-0.06
P-005945,V-00434,APAC-NE,Japan,3,2.9,8,70,-0.03
P-005947,V-00142,EMEA-W,Italy,4,17.4,12,90,-0.19
P-005947,V-00118,SA,Brazil,5,2.9,8,73,-0.03
P-005948,V-00486,NA-MX,Mexico,6,8,8,38,-0.09
P-005948,V-00240,NA-US,United States,1,7.5,4,25,-0.08
P-005950,V-00345,EMEA-E,Poland,6,20,0,64,-0.08
P-005950,V-00751,APAC-SE,Indonesia,6,14.2,6,26,-0.06
P-005950,V-00027,APAC-IN,India,7,4.6,0,64,-0.02
P-005952,V-00184,SA,Argentina,5,7.1,0,57,-0.03
P-005953,V-00570,APAC-NE,Japan,5,1.7,8,44,-0.01
P-005953,V-00225,NA-MX,Mexico,6,9.9,4,84,-0.04
P-005955,V-00019,APAC-NE,Taiwan,2,-2.3,4,18,0.01
P-005955,V-00768,APAC-SE,Indonesia,6,-2.6,0,68,0.01
P-005955,V-00568,APAC-IN,India,4,9.4,4,59,-0.04
P-005956,V-00775,NA-US,United States,4,1.2,8,57,-0.01
P-005956,V-00974,NA-MX,Mexico,7,19.5,0,91,-0.21
P-005956,V-01073,EMEA-W,Spain,7,-0.1,12,84,0
P-005958,V-00624,NA-US,United States,3,11.2,8,71,-0.04
P-005958,V-00051,NA-MX,Mexico,6,14.8,0,36,-0.06
P-005958,V-00878,EMEA-W,France,4,8,4,43,-0.03
P-005959,V-00037,SA,Brazil,8,14.1,4,82,-0.06
P-005960,V-00095,APAC-NE,China,7,-0.4,4,86,0
P-005960,V-00281,APAC-IN,India,7,13.9,8,86,-0.06
P-005960,V-00151,APAC-IN,India,6,6.2,6,18,-0.02
P-005961,V-00311,EMEA-W,Spain,7,11.3,12,29,-0.05
P-005962,V-00203,NA-US,United States,5,7.5,4,16,-0.03
P-005963,V-00321,APAC-SE,Malaysia,4,-4.8,0,75,0.02
P-005963,V-00725,EMEA-W,France,6,18.4,0,20,-0.07
P-005964,V-00423,NA-US,United States,2,-5.3,8,70,0.02
P-005964,V-00566,APAC-NE,South Korea,4,8.8,0,60,-0.04
P-005964,V-00493,EMEA-E,Romania,7,-5.7,0,18,0.02
P-005965,V-00470,SA,Brazil,5,-2.9,8,70,0.01
P-005965,V-00295,NA-US,United States,2,10,0,53,-0.04
P-005967,V-00025,NA-US,United States,8,17.5,6,81,-0.07
P-005967,V-00775,NA-US,United States,3,10.2,4,19,-0.04
P-005967,V-00102,APAC-IN,India,4,17,0,74,-0.07
P-005968,V-00341,NA-US,United States,7,0.5,12,25,0
P-005968,V-00335,EMEA-E,Czechia,4,15,8,89,-0.06
P-005968,V-00275,EMEA-E,Turkey,2,6.3,12,27,-0.03
P-005970,V-00252,APAC-NE,China,5,-0.6,12,20,0
P-005970,V-00014,APAC-NE,South Korea,5,12.1,0,66,-0.05
P-005973,V-00250,APAC-NE,Japan,2,-2.2,0,91,0.01
P-005973,V-00132,APAC-NE,Taiwan,9,6.2,4,56,-0.02
P-005973,V-00781,NA-MX,Mexico,5,2.1,0,92,-0.01
P-005975,V-00589,NA-MX,Mexico,5,-4,6,92,0.02
P-005975,V-00623,APAC-NE,South Korea,7,7.4,12,76,-0.03
P-005975,V-00429,APAC-NE,Japan,4,4.2,0,26,-0.02
P-005976,V-00191,EMEA-E,Turkey,4,21.3,4,70,-0.09
P-005978,V-00003,NA-MX,Mexico,7,17,6,96,-0.07
P-005979,V-00068,EMEA-E,Romania,9,2.2,0,46,-0.01
P-005979,V-00302,NA-US,United States,5,6.7,0,22,-0.03
P-005981,V-00505,SA,Argentina,7,5.1,4,33,-0.02
P-005981,V-00589,NA-MX,Mexico,6,19.1,12,40,-0.08
P-005982,V-00090,APAC-SE,Thailand,6,18.9,4,85,-0.21
P-005982,V-00508,SA,Brazil,3,9.9,12,60,-0.11
P-005983,V-00646,APAC-SE,Malaysia,4,16,0,79,-0.06
P-005983,V-00087,APAC-NE,Japan,6,11.5,8,42,-0.05
P-005983,V-00251,SA,Argentina,3,-3.7,0,65,0.01
P-005985,V-00683,NA-US,United States,3,6.8,12,72,-0.03
P-005985,V-00322,EMEA-E,Poland,5,15.9,6,92,-0.06
P-005987,V-00147,APAC-SE,Malaysia,5,18.2,6,32,-0.07
P-005990,V-00496,NA-US,United States,4,1.8,4,80,-0.02
P-005990,V-00430,EMEA-W,Italy,7,-0.9,0,45,0.01
P-005991,V-00180,APAC-IN,India,6,11.8,12,37,-0.05
P-005992,V-00533,APAC-IN,India,3,-3.3,4,37,0.04
P-005992,V-00256,APAC-NE,Taiwan,4,13,8,40,-0.14
P-005992,V-00401,SA,Brazil,6,5.9,6,70,-0.06
P-005993,V-00094,APAC-NE,China,3,-5.2,0,63,0.02
P-005993,V-00736,NA-US,United States,4,20.9,8,97,-0.08
P-005993,V-00197,APAC-SE,Indonesia,5,19.8,0,100,-0.08
P-005994,V-00206,APAC-NE,South Korea,2,-0.3,4,65,0
P-005994,V-00248,APAC-SE,Indonesia,7,9.4,4,70,-0.04
P-005995,V-00618,APAC-NE,South Korea,7,14.4,4,70,-0.06
P-005996,V-00797,APAC-IN,India,4,9,0,26,-0.04
P-005996,V-00189,EMEA-W,Spain,7,10.5,0,89,-0.04
P-005998,V-00041,NA-US,United States,7,21.5,0,31,-0.09
P-005998,V-00789,SA,Argentina,3,12,6,26,-0.05
P-005998,V-00816,EMEA-E,Poland,3,19.1,8,77,-0.08
P-006000,V-00789,SA,Argentina,5,-5.1,12,99,0.02
P-006003,V-00639,EMEA-E,Turkey,3,17.9,0,96,-0.07
P-006005,V-00220,EMEA-W,Spain,8,15.8,0,28,-0.17
P-006005,V-00049,NA-MX,Mexico,7,13.3,4,47,-0.15
P-006005,V-00081,EMEA-E,Romania,9,3.6,6,69,-0.04
P-006006,V-00156,SA,Argentina,6,11,6,65,-0.04
P-006006,V-00256,APAC-NE,Taiwan,5,10.9,0,82,-0.04
P-006006,V-00156,SA,Argentina,4,21.6,0,64,-0.09
P-006007,V-00404,EMEA-E,Romania,3,11.3,12,100,-0.05
P-006008,V-00668,APAC-NE,Taiwan,2,3.8,12,90,-0.04
P-006012,V-00008,NA-US,United States,7,0.2,0,46,0
P-006012,V-00457,NA-MX,Mexico,6,-3.4,4,18,0.01
P-006012,V-00457,NA-MX,Mexico,4,4.6,0,96,-0.02
P-006013,V-00588,APAC-NE,China,6,3.9,6,45,-0.02
P-006013,V-00600,APAC-IN,India,8,-2.6,4,67,0.01
P-006013,V-00611,NA-MX,Mexico,8,11.2,4,28,-0.04
P-006015,V-00198,EMEA-W,Spain,5,12.3,0,19,-0.05
P-006016,V-00105,APAC-SE,Thailand,6,8.4,8,87,-0.03
P-006016,V-00743,EMEA-E,Czechia,4,20.1,6,37,-0.08
P-006016,V-00353,APAC-SE,Thailand,8,15.4,4,79,-0.06
P-006018,V-00097,SA,Brazil,5,2.9,4,48,-0.01
P-006019,V-00488,APAC-IN,India,7,13.6,6,33,-0.15
P-006019,V-00198,EMEA-W,Spain,7,6.2,12,28,-0.07
P-006020,V-00693,NA-US,United States,4,18.6,0,55,-0.07
P-006020,V-00601,EMEA-W,France,7,14.6,4,85,-0.06
P-006021,V-00093,APAC-SE,Indonesia,4,7.2,4,83,-0.08
P-006021,V-00214,EMEA-W,France,6,3.8,4,75,-0.04
P-006022,V-00120,APAC-IN,India,6,5.4,0,75,-0.02
P-006022,V-00276,APAC-NE,Taiwan,4,21.9,8,100,-0.09
P-006023,V-00620,EMEA-W,Germany,4,9.7,6,73,-0.04
P-006025,V-00586,NA-MX,Mexico,5,-4.9,4,99,0.02
P-006025,V-00279,EMEA-E,Czechia,6,19.9,8,50,-0.08
P-006025,V-00340,NA-US,United States,3,-4.8,8,76,0.02
P-006028,V-00974,NA-MX,Mexico,9,21.6,8,95,-0.09
P-006029,V-00817,APAC-IN,India,2,12,12,60,-0.05
P-006029,V-00817,APAC-IN,India,2,13.3,6,50,-0.05
P-006029,V-00652,SA,Argentina,7,0.6,0,76,0
P-006031,V-00458,APAC-SE,Indonesia,3,17.3,12,100,-0.07
P-006031,V-00009,APAC-SE,Indonesia,3,10.4,8,63,-0.04
P-006031,V-00291,APAC-NE,South Korea,9,7.6,4,49,-0.03
P-006032,V-00777,EMEA-W,Germany,3,6.5,8,96,-0.03
P-006032,V-00287,EMEA-W,France,4,11,4,35,-0.04
P-006032,V-00578,EMEA-E,Turkey,5,-5.7,4,20,0.02
P-006033,V-00462,NA-MX,Mexico,6,9.1,0,88,-0.04
P-006034,V-00063,APAC-NE,Japan,3,1.6,4,100,-0.01
P-006034,V-00249,APAC-SE,Indonesia,5,6.3,4,89,-0.03
P-006034,V-00431,APAC-SE,Thailand,6,21.2,8,83,-0.08
P-006035,V-01098,EMEA-W,Germany,8,17.4,0,77,-0.07
P-006036,V-00754,NA-MX,Mexico,5,2.8,0,95,-0.01
P-006036,V-00400,SA,Argentina,5,15.9,0,63,-0.06
P-006037,V-00544,APAC-IN,India,3,13.7,6,85,-0.05
P-006037,V-00807,EMEA-E,Turkey,6,11.3,0,56,-0.05
P-006037,V-00831,APAC-SE,Thailand,4,-4,4,65,0.02
P-006038,V-00203,NA-US,United States,8,1.3,6,50,-0.01
P-006039,V-00145,NA-MX,Mexico,6,6.3,4,63,-0.03
P-006040,V-00487,APAC-IN,India,3,15.3,6,60,-0.06
P-006040,V-00048,NA-US,United States,8,-0.1,6,91,0
P-006041,V-00538,APAC-IN,India,7,8.4,8,88,-0.03
P-006041,V-00744,SA,Brazil,4,-4.8,8,66,0.02
P-006043,V-00520,SA,Brazil,4,-4.1,12,55,0.02
P-006043,V-00032,APAC-IN,India,6,-2.7,4,58,0.01
P-006044,V-00018,NA-US,United States,2,16.5,6,76,-0.07
P-006045,V-00089,NA-US,United States,7,-1.8,12,45,0.02
P-006047,V-00638,EMEA-W,Germany,8,-5.5,4,36,0.06
P-006047,V-00341,NA-US,United States,8,17.4,12,79,-0.19
P-006048,V-00351,APAC-NE,Japan,8,21.9,6,27,-0.09
P-006048,V-00177,APAC-IN,India,2,11.9,12,82,-0.05
P-006049,V-00709,NA-MX,Mexico,7,13,4,83,-0.05
P-006049,V-00289,EMEA-E,Turkey,4,5.8,8,17,-0.02
P-006049,V-00211,EMEA-E,Turkey,6,4.8,6,100,-0.02
P-006050,V-00569,APAC-IN,India,6,7.1,12,75,-0.03
P-006050,V-00773,SA,Brazil,3,21.9,0,80,-0.09
P-006050,V-00244,EMEA-E,Czechia,3,14.6,0,70,-0.06
P-006051,V-00434,APAC-NE,Japan,4,2.9,4,25,-0.01
P-006052,V-00504,NA-US,United States,5,7.5,0,95,-0.03
P-006053,V-00701,EMEA-W,Italy,2,-2.1,4,75,0.01
P-006054,V-00088,APAC-SE,Vietnam,5,12.3,0,58,-0.05
P-006054,V-00154,APAC-SE,Malaysia,4,18.9,12,18,-0.08
P-006056,V-00749,NA-US,United States,6,-2.2,6,76,0.01
P-006058,V-00033,EMEA-E,Romania,5,-0.9,0,55,0
P-006058,V-00581,NA-MX,Mexico,5,21.5,4,47,-0.09
P-006060,V-00419,SA,Argentina,6,15.2,8,16,-0.17
P-006060,V-00374,APAC-SE,Thailand,4,1.3,12,47,-0.01
P-006060,V-00176,NA-US,United States,6,16.8,12,95,-0.18
P-006061,V-00067,EMEA-W,France,4,5.3,0,45,-0.06
P-006061,V-00276,APAC-NE,Taiwan,4,19.3,6,55,-0.21
P-006062,V-00580,NA-MX,Mexico,4,16.9,12,15,-0.07
P-006062,V-00580,NA-MX,Mexico,4,18.1,0,38,-0.07
P-006063,V-00251,SA,Argentina,3,10.1,0,16,-0.04
P-006063,V-00783,APAC-IN,India,4,16.2,0,29,-0.06
P-006064,V-00814,APAC-IN,India,2,0.1,12,97,0
P-006064,V-00121,SA,Argentina,5,-1.7,0,36,0.01
P-006066,V-00566,APAC-NE,South Korea,3,-1.3,6,49,0.01
P-006067,V-00274,EMEA-W,Spain,4,21.4,12,54,-0.09
P-006067,V-00149,NA-US,United States,5,13.3,0,100,-0.05
P-006067,V-00246,NA-MX,Mexico,8,-0.8,6,70,0
P-006068,V-00478,APAC-SE,Vietnam,2,2.4,4,47,-0.01
P-006068,V-00370,EMEA-E,Poland,6,16.6,4,19,-0.07
P-006072,V-00759,EMEA-W,Italy,6,20.4,6,18,-0.08
P-006073,V-00116,APAC-IN,India,8,19.9,0,21,-0.08
P-006073,V-00015,EMEA-E,Turkey,7,12.4,6,18,-0.05
P-006074,V-00604,EMEA-E,Czechia,8,-3.5,0,29,0.04
P-006077,V-00435,NA-US,United States,2,4.1,8,74,-0.02
P-006077,V-00723,EMEA-E,Poland,4,7.5,8,22,-0.03
P-006078,V-00407,EMEA-E,Poland,4,20.7,12,75,-0.23
P-006078,V-00299,NA-MX,Mexico,4,1.1,6,18,-0.01
P-006079,V-00658,SA,Brazil,4,12.4,8,51,-0.05
P-006079,V-00505,SA,Argentina,8,-5.7,8,100,0.02
P-006079,V-00122,APAC-SE,Malaysia,6,18.8,0,36,-0.08
P-006080,V-00376,SA,Brazil,4,-0.6,8,42,0
P-006081,V-00430,EMEA-W,Italy,4,12.1,0,74,-0.05
P-006081,V-00299,NA-MX,Mexico,7,11.5,4,79,-0.05
P-006081,V-00600,APAC-IN,India,7,8.1,12,97,-0.03
P-006083,V-00380,APAC-SE,Vietnam,6,7.9,6,44,-0.03
P-006083,V-00580,NA-MX,Mexico,4,-1.2,0,18,0
P-006088,V-00361,NA-MX,Mexico,5,8.8,12,32,-0.1
P-006089,V-00497,APAC-NE,Taiwan,9,18.7,0,36,-0.21
P-006089,V-00533,APAC-IN,India,4,0.1,12,55,0
P-006091,V-00262,EMEA-E,Poland,9,-2.4,6,39,0.01
P-006092,V-00836,SA,Argentina,5,10.5,0,39,-0.04
P-006093,V-00723,EMEA-E,Poland,4,18.3,4,24,-0.2
P-006093,V-00576,NA-MX,Mexico,1,5.9,12,97,-0.06
P-006094,V-00070,EMEA-E,Turkey,8,12.6,0,93,-0.05
P-006094,V-01129,EMEA-E,Czechia,7,13.2,0,88,-0.05
P-006094,V-01098,EMEA-W,Germany,7,9.5,4,84,-0.04
P-006095,V-00471,APAC-NE,Japan,4,12,4,85,-0.05
P-006095,V-00438,EMEA-E,Poland,4,5.9,0,92,-0.02
P-006097,V-00643,APAC-IN,India,5,4.3,8,92,-0.02
P-006097,V-00332,APAC-IN,India,2,-1.5,12,31,0.01
P-006097,V-00535,EMEA-W,France,4,-3.5,0,53,0.01
P-006099,V-00552,EMEA-W,France,5,3.5,12,96,-0.01
P-006100,V-00295,NA-US,United States,5,19.5,6,66,-0.21
P-006101,V-00665,APAC-SE,Vietnam,1,-4.3,8,22,0.02
P-006101,V-00698,APAC-SE,Indonesia,7,-4.7,4,20,0.02
P-006101,V-00752,NA-US,United States,7,15.4,6,24,-0.06
P-006103,V-00282,APAC-IN,India,5,10.8,6,84,-0.04
P-006103,V-00666,APAC-SE,Indonesia,6,-4.2,0,17,0.02
P-006104,V-00249,APAC-SE,Indonesia,4,6.6,6,73,-0.03
P-006104,V-00398,EMEA-E,Czechia,6,-4.7,6,98,0.02
P-006105,V-00836,SA,Argentina,3,20.6,4,85,-0.08
P-006105,V-00197,APAC-SE,Indonesia,8,13.8,12,46,-0.06
P-006107,V-00127,NA-MX,Mexico,4,-2.8,0,31,0.03
P-006109,V-00122,APAC-SE,Malaysia,7,-3.8,6,19,0.02
P-006109,V-00108,NA-US,United States,8,7.4,0,77,-0.03
P-006110,V-00411,EMEA-E,Turkey,4,-1.9,4,56,0.02
P-006111,V-00466,EMEA-W,Italy,5,7.8,6,44,-0.03
P-006111,V-00348,EMEA-W,Spain,4,-2.8,6,44,0.01
P-006111,V-00466,EMEA-W,Italy,5,11.7,12,95,-0.05
P-006115,V-00050,NA-US,United States,5,0.9,0,39,-0.01
P-006115,V-00037,SA,Brazil,9,-5.6,6,26,0.06
P-006116,V-00750,EMEA-E,Poland,6,5.3,0,21,-0.02
P-006118,V-00484,EMEA-E,Romania,6,-3.5,0,58,0.01
P-006118,V-00081,EMEA-E,Romania,8,9.4,12,32,-0.04
P-006118,V-00484,EMEA-E,Romania,6,-4.9,0,53,0.02
P-006119,V-00660,EMEA-W,Germany,5,15.9,12,49,-0.06
P-006119,V-00723,EMEA-E,Poland,4,11.8,6,75,-0.05
P-006119,V-00118,SA,Brazil,4,0.7,12,62,0
P-006123,V-00187,APAC-NE,South Korea,3,15.8,6,21,-0.06
P-006123,V-00700,NA-US,United States,6,14.7,0,57,-0.06
P-006124,V-00645,NA-MX,Mexico,5,-2.8,0,40,0.01
P-006124,V-00561,APAC-NE,Japan,8,4.2,8,58,-0.02
P-006124,V-00685,APAC-SE,Vietnam,3,7.8,8,62,-0.03
P-006125,V-00529,APAC-IN,India,4,-4.2,0,30,0.02
P-006126,V-00311,EMEA-W,Spain,5,12.1,12,47,-0.05
P-006130,V-00128,SA,Brazil,6,17.8,8,69,-0.07
P-006130,V-00096,EMEA-W,Spain,3,1.2,8,71,0
P-006131,V-00514,APAC-NE,Japan,3,7,4,23,-0.03
P-006131,V-00492,APAC-IN,India,6,-2.2,6,96,0.01
P-006131,V-00658,SA,Brazil,5,10.2,6,34,-0.04
P-006132,V-00018,NA-US,United States,2,9.3,6,17,-0.04
P-006134,V-00069,APAC-SE,Vietnam,3,8.8,0,97,-0.04
P-006134,V-00788,NA-MX,Mexico,3,9,0,51,-0.04
P-006135,V-00124,EMEA-W,France,6,2.5,0,78,-0.03
P-006135,V-00149,NA-US,United States,6,-4.9,12,95,0.05
P-006136,V-00457,NA-MX,Mexico,7,-2,0,70,0.01
P-006138,V-00274,EMEA-W,Spain,4,14.7,0,38,-0.16
P-006138,V-00572,EMEA-W,Spain,3,11.8,0,66,-0.13
P-006139,V-00131,EMEA-E,Czechia,8,-4.2,8,75,0.05
P-006139,V-00388,EMEA-W,Spain,5,10,12,72,-0.11
P-006139,V-00089,NA-US,United States,8,19.3,8,38,-0.21
P-006140,V-00359,NA-MX,Mexico,7,8.5,0,36,-0.03
P-006142,V-00538,APAC-IN,India,7,13.1,6,89,-0.05
P-006142,V-00744,SA,Brazil,6,14.4,8,26,-0.06
P-006142,V-00329,SA,Argentina,5,7.2,0,73,-0.03
P-006145,V-00232,NA-US,United States,3,15,4,91,-0.06
P-006147,V-00466,EMEA-W,Italy,4,19.3,0,37,-0.08
P-006147,V-00765,EMEA-E,Poland,8,-2.5,8,87,0.01
P-006148,V-00217,EMEA-W,Spain,3,21.6,6,31,-0.09
P-006151,V-00220,EMEA-W,Spain,8,-0.3,8,82,0
P-006154,V-00394,SA,Argentina,4,8.6,6,71,-0.09
P-006154,V-00255,EMEA-E,Czechia,5,-5,6,17,0.06
P-006155,V-00479,APAC-IN,India,6,9.4,0,99,-0.04
P-006159,V-00538,APAC-IN,India,5,12.4,0,88,-0.05
P-006159,V-00744,SA,Brazil,4,-4.4,0,36,0.02
P-006159,V-00224,NA-US,United States,2,15.8,8,53,-0.06
P-006160,V-00337,EMEA-W,France,3,16.8,0,62,-0.07
P-006160,V-00637,NA-MX,Mexico,2,-3.9,4,74,0.02
P-006162,V-00607,APAC-NE,Taiwan,7,7.1,6,16,-0.08
P-006162,V-00554,NA-US,United States,5,-5.2,8,60,0.06
P-006164,V-00152,APAC-SE,Indonesia,3,1,8,92,0
P-006166,V-00050,NA-US,United States,4,9,0,94,-0.04
P-006166,V-00338,APAC-SE,Vietnam,5,20.1,6,20,-0.08
P-006167,V-00615,EMEA-E,Romania,3,6,12,25,-0.02
P-006167,V-00611,NA-MX,Mexico,6,13,12,79,-0.05
P-006167,V-00653,EMEA-E,Czechia,4,10.2,8,34,-0.04
P-006168,V-00717,SA,Argentina,8,13.3,0,82,-0.15
P-006168,V-00709,NA-MX,Mexico,6,15,0,33,-0.17
P-006168,V-00627,SA,Brazil,4,10.4,6,76,-0.11
P-006170,V-00695,NA-MX,Mexico,4,-4.1,12,62,0.02
P-006171,V-00011,APAC-SE,Indonesia,5,21.3,4,92,-0.09
P-006171,V-00678,NA-MX,Mexico,3,-1.9,0,84,0.01
P-006173,V-00595,SA,Brazil,3,-0.1,12,100,0
P-006175,V-00247,NA-US,United States,7,7.9,0,99,-0.03
P-006176,V-00723,EMEA-E,Poland,3,11.3,8,49,-0.05
P-006177,V-00226,SA,Brazil,6,-6,4,43,0.02
P-006177,V-00831,APAC-SE,Thailand,3,19.5,6,66,-0.08
P-006177,V-00708,EMEA-W,Spain,4,2,12,56,-0.01
P-006178,V-00291,APAC-NE,South Korea,7,2.1,0,95,-0.01
P-006178,V-00458,APAC-SE,Indonesia,4,-2.5,4,78,0.01
P-006178,V-00519,APAC-NE,Taiwan,4,10,0,67,-0.04
P-006180,V-00357,SA,Brazil,7,-2.7,4,87,0.01
P-006181,V-00058,NA-US,United States,9,15.8,4,83,-0.06
P-006181,V-00088,APAC-SE,Vietnam,5,21.1,0,84,-0.08
P-006181,V-00650,APAC-IN,India,3,17.4,12,49,-0.07
P-006182,V-00420,APAC-SE,Malaysia,5,20.4,0,26,-0.08
P-006183,V-00335,EMEA-E,Czechia,2,16.7,6,62,-0.07
P-006183,V-00233,NA-MX,Mexico,6,2.1,6,57,-0.01
P-006185,V-00545,EMEA-W,France,5,16.2,0,61,-0.06
P-006185,V-00536,SA,Brazil,7,7.1,8,75,-0.03
P-006187,V-00170,EMEA-W,Germany,9,6.4,4,95,-0.03
P-006189,V-00195,APAC-NE,Taiwan,4,-0.3,0,91,0
P-006189,V-00013,SA,Argentina,1,-2.2,8,66,0.01
P-006190,V-00500,SA,Argentina,5,-4.9,12,78,0.02
P-006191,V-00281,APAC-IN,India,7,17.9,0,71,-0.07
P-006191,V-00021,SA,Argentina,9,2.5,4,20,-0.01
P-006191,V-00342,SA,Argentina,6,-0.4,4,26,0
P-006192,V-00028,APAC-IN,India,2,13.6,12,24,-0.05
P-006192,V-00343,NA-MX,Mexico,2,19.5,8,65,-0.08
P-006193,V-00290,APAC-SE,Indonesia,7,19.4,12,19,-0.08
P-006193,V-00601,EMEA-W,France,8,5.2,4,71,-0.02
P-006194,V-00630,APAC-NE,China,7,12.5,0,44,-0.14
P-006194,V-00673,NA-US,United States,6,19.8,4,68,-0.22
P-006194,V-00193,NA-US,United States,8,15.3,6,24,-0.17
P-006195,V-00123,EMEA-W,Spain,6,-4.8,8,33,0.02
P-006195,V-00265,SA,Brazil,9,17,4,16,-0.07
P-006195,V-00504,NA-US,United States,7,17.7,4,15,-0.07
P-006196,V-00488,APAC-IN,India,5,6.2,12,83,-0.02
P-006196,V-00198,EMEA-W,Spain,5,20.1,0,25,-0.08
P-006196,V-00301,APAC-SE,Vietnam,5,10.5,6,49,-0.04
P-006197,V-00211,EMEA-E,Turkey,4,14.8,6,16,-0.06
P-006197,V-00474,NA-US,United States,4,17.3,0,36,-0.07
P-006197,V-00490,APAC-IN,India,4,20.5,4,96,-0.08
P-006199,V-00803,EMEA-E,Czechia,4,3.3,0,45,-0.01
P-006199,V-00157,APAC-IN,India,3,20.4,6,68,-0.08
P-006199,V-00648,APAC-IN,India,4,8.4,12,94,-0.03
P-006202,V-00200,EMEA-W,Germany,6,-4,8,90,0.02
P-006202,V-00073,NA-MX,Mexico,7,13.6,4,54,-0.05
P-006202,V-00517,NA-MX,Mexico,7,16.4,0,29,-0.07
P-006203,V-00762,NA-US,United States,4,14.5,8,86,-0.06
P-006203,V-00885,NA-MX,Mexico,7,6.3,12,94,-0.03
P-006203,V-00788,NA-MX,Mexico,3,-2.5,8,22,0.01
P-006206,V-00250,APAC-NE,Japan,4,7.2,8,39,-0.03
P-006206,V-00324,NA-US,United States,8,20.5,12,97,-0.08
P-006206,V-00494,APAC-IN,India,7,21.4,12,86,-0.09
P-006207,V-00497,APAC-NE,Taiwan,9,9.2,8,31,-0.04
P-006208,V-00058,NA-US,United States,8,1.4,6,74,-0.02
P-006208,V-00724,EMEA-E,Turkey,9,8.4,8,22,-0.09
P-006209,V-00728,NA-US,United States,3,14.2,8,38,-0.06
P-006210,V-00778,NA-US,United States,7,1,0,96,0
P-006210,V-00136,APAC-SE,Indonesia,8,11,0,57,-0.04
P-006210,V-00613,EMEA-W,Spain,8,11.1,4,54,-0.04
P-006211,V-00140,APAC-NE,Taiwan,3,-2.4,6,69,0.01
P-006211,V-00458,APAC-SE,Indonesia,3,10.4,6,45,-0.04
P-006212,V-00378,NA-MX,Mexico,5,14.5,6,46,-0.16
P-006213,V-00041,NA-US,United States,7,7.5,6,88,-0.03
P-006213,V-00816,EMEA-E,Poland,2,17.2,8,84,-0.07
P-006213,V-00207,APAC-SE,Indonesia,6,3.9,6,42,-0.02
P-006214,V-00745,APAC-SE,Malaysia,3,14,0,63,-0.06
P-006214,V-00038,APAC-IN,India,4,3.9,4,88,-0.02
P-006215,V-00580,NA-MX,Mexico,4,3.8,12,56,-0.02
P-006215,V-00734,EMEA-E,Poland,7,20.9,0,80,-0.08
P-006215,V-00535,EMEA-W,France,5,6.4,8,34,-0.03
P-006217,V-00671,SA,Argentina,4,1.9,4,81,-0.01
P-006217,V-00529,APAC-IN,India,3,3.4,4,49,-0.01
P-006217,V-00290,APAC-SE,Indonesia,8,10.4,0,17,-0.04
P-006218,V-00469,APAC-SE,Indonesia,5,17.7,0,77,-0.07
P-006218,V-00203,NA-US,United States,5,0.1,6,27,0
P-006218,V-00028,APAC-IN,India,2,-0.9,4,49,0
P-006221,V-00548,EMEA-W,Italy,8,7.7,12,19,-0.03
P-006221,V-00713,APAC-IN,India,6,9,12,39,-0.04
P-006222,V-00591,SA,Brazil,7,-1.3,0,21,0.01
P-006224,V-00020,APAC-NE,Japan,7,0.9,0,95,-0.01
P-006225,V-00120,APAC-IN,India,5,9.7,6,87,-0.04
P-006225,V-00513,APAC-NE,Taiwan,8,10.6,12,28,-0.04
P-006225,V-00014,APAC-NE,South Korea,6,-2.7,12,37,0.01
P-006226,V-00605,APAC-NE,Taiwan,7,14.5,0,47,-0.06
P-006227,V-00391,SA,Argentina,7,12.4,8,15,-0.05
P-006227,V-00475,APAC-SE,Thailand,6,17.1,0,18,-0.07
P-006228,V-00603,SA,Argentina,4,16,0,97,-0.06
P-006228,V-00121,SA,Argentina,4,-3,6,17,0.01
P-006229,V-00592,EMEA-W,Germany,6,19.3,0,43,-0.08
P-006229,V-00141,APAC-SE,Malaysia,5,5.2,6,38,-0.02
P-006231,V-00462,NA-MX,Mexico,6,5.5,0,28,-0.02
P-006231,V-00604,EMEA-E,Czechia,8,-2.6,8,35,0.01
P-006231,V-00205,NA-MX,Mexico,5,16.4,12,88,-0.07
P-006232,V-00253,APAC-NE,Taiwan,8,16.1,12,85,-0.06
P-006233,V-00592,EMEA-W,Germany,8,-2.5,4,83,0.03
P-006234,V-00636,NA-US,United States,6,-5.5,0,37,0.02
P-006234,V-00316,NA-MX,Mexico,5,14.5,6,92,-0.06
P-006234,V-00355,NA-MX,Mexico,9,18.6,4,24,-0.07
P-006235,V-00310,EMEA-E,Czechia,6,2,4,56,-0.02
P-006237,V-00744,SA,Brazil,4,21.1,12,64,-0.08
P-006241,V-00251,SA,Argentina,3,5.6,4,38,-0.02
P-006241,V-00414,NA-US,United States,8,15.1,0,27,-0.06
P-006241,V-00646,APAC-SE,Malaysia,5,11.2,12,34,-0.04
P-006244,V-00270,APAC-IN,India,6,6.7,12,37,-0.07
P-006244,V-00544,APAC-IN,India,1,11.1,8,22,-0.12
P-006247,V-00435,NA-US,United States,3,17.6,0,55,-0.07
P-006249,V-00028,APAC-IN,India,2,2.7,4,80,-0.01
P-006249,V-00131,EMEA-E,Czechia,8,9.1,0,57,-0.04
P-006250,V-00364,APAC-SE,Malaysia,7,14.2,12,69,-0.06
P-006251,V-00063,APAC-NE,Japan,4,15.8,12,46,-0.06
P-006251,V-00081,EMEA-E,Romania,9,4.6,4,63,-0.02
P-006253,V-00658,SA,Brazil,5,7.6,6,80,-0.03
P-006253,V-00018,NA-US,United States,3,14.4,0,62,-0.06
P-006253,V-00629,NA-MX,Mexico,5,-0.7,4,100,0
P-006254,V-00368,NA-US,United States,8,-3,6,23,0.01
P-006255,V-00498,EMEA-W,France,6,18,0,66,-0.07
P-006255,V-00178,APAC-IN,India,5,-1.9,12,97,0.01
P-006257,V-00253,APAC-NE,Taiwan,7,9.3,8,88,-0.04
P-006260,V-00519,APAC-NE,Taiwan,4,17.3,0,25,-0.07
P-006260,V-00168,APAC-SE,Vietnam,5,19.7,12,67,-0.08
P-006260,V-00291,APAC-NE,South Korea,8,9.2,0,51,-0.04
P-006262,V-00459,EMEA-E,Turkey,4,14.7,8,89,-0.06
P-006265,V-00388,EMEA-W,Spain,4,13.5,0,78,-0.05
P-006265,V-00028,APAC-IN,India,2,15,4,31,-0.06
P-006265,V-00049,NA-MX,Mexico,6,-5.2,0,56,0.02
P-006266,V-00122,APAC-SE,Malaysia,6,0.9,6,77,0
P-006267,V-00703,NA-MX,Mexico,6,5.7,4,95,-0.02
P-006267,V-00206,APAC-NE,South Korea,3,11.5,8,27,-0.05
P-006268,V-00328,NA-MX,Mexico,5,-5,0,96,0.02
P-006269,V-00526,APAC-IN,India,4,-2.1,12,93,0.01
P-006269,V-00505,SA,Argentina,5,-3.2,8,88,0.01
P-006271,V-00024,NA-US,United States,7,17.5,8,100,-0.07
P-006271,V-00453,SA,Brazil,3,5.1,0,85,-0.02
P-006272,V-00435,NA-US,United States,3,2.4,8,81,-0.01
P-006274,V-00054,NA-MX,Mexico,4,20.3,8,47,-0.22
P-006274,V-00267,NA-MX,Mexico,6,-4.7,0,55,0.05
P-006274,V-00594,APAC-NE,China,6,4.9,0,78,-0.05
P-006275,V-00832,APAC-NE,Taiwan,7,17,8,46,-0.07
P-006275,V-00226,SA,Brazil,7,8.4,8,58,-0.03
P-006276,V-00096,EMEA-W,Spain,3,6.3,0,47,-0.03
P-006276,V-00240,NA-US,United States,3,0.5,4,91,0
P-006280,V-00554,NA-US,United States,7,7.3,4,31,-0.03
P-006280,V-00085,NA-MX,Mexico,3,16.1,4,61,-0.06
P-006280,V-00390,EMEA-E,Poland,7,17.7,6,60,-0.07
P-006282,V-00164,EMEA-W,Spain,6,3.2,6,61,-0.01
P-006282,V-00572,EMEA-W,Spain,4,16.1,12,71,-0.06
P-006284,V-00698,APAC-SE,Indonesia,7,-4,8,99,0.02
P-006285,V-00685,APAC-SE,Vietnam,3,7.6,0,20,-0.08
P-006285,V-00685,APAC-SE,Vietnam,2,-2.7,12,51,0.03
P-006286,V-00010,EMEA-E,Romania,6,6.8,8,82,-0.03
P-006286,V-00306,EMEA-E,Turkey,7,1.2,12,36,0
P-006286,V-00375,SA,Brazil,5,2.5,0,90,-0.01
P-006287,V-00046,NA-MX,Mexico,3,4.1,12,41,-0.02
P-006287,V-00435,NA-US,United States,3,3.4,8,58,-0.01
P-006287,V-00723,EMEA-E,Poland,2,17.7,4,29,-0.07
P-006291,V-00561,APAC-NE,Japan,8,-2.4,12,89,0.01
P-006291,V-00099,SA,Brazil,5,12.9,8,40,-0.05
P-006291,V-00930,EMEA-W,France,4,17.2,4,63,-0.07
P-006292,V-00573,NA-MX,Mexico,6,-4.2,8,31,0.02
P-006292,V-00765,EMEA-E,Poland,8,17.7,4,30,-0.07
P-006295,V-00596,EMEA-E,Turkey,3,-3.6,4,91,0.01
P-006295,V-00749,NA-US,United States,5,1.5,4,17,-0.01
P-006296,V-00315,NA-US,United States,4,2.4,4,53,-0.03
P-006296,V-00450,APAC-IN,India,7,4,0,92,-0.04
P-006296,V-00598,APAC-IN,India,7,20.6,4,59,-0.23
P-006298,V-00353,APAC-SE,Thailand,7,8.8,0,86,-0.04
P-006298,V-00743,EMEA-E,Czechia,5,1.7,6,78,-0.01
P-006298,V-00175,NA-US,United States,3,-3.5,4,24,0.01
P-006299,V-00512,NA-US,United States,6,-2.5,0,89,0.03
P-006300,V-00594,APAC-NE,China,7,10.4,4,98,-0.04
P-006301,V-00013,SA,Argentina,4,12.2,4,96,-0.05
P-006305,V-00732,EMEA-E,Turkey,6,6.4,12,22,-0.07
P-006305,V-00564,EMEA-W,Italy,8,11.3,12,86,-0.12
P-006307,V-00471,APAC-NE,Japan,4,15.8,0,28,-0.06
P-006307,V-00293,APAC-NE,Taiwan,5,-1.2,8,51,0
P-006307,V-00293,APAC-NE,Taiwan,3,20.1,6,43,-0.08
P-006308,V-00414,NA-US,United States,7,-5.4,4,15,0.02
P-006308,V-00180,APAC-IN,India,5,-1.1,8,61,0
P-006309,V-00082,SA,Argentina,4,20.5,4,65,-0.08
P-006311,V-00455,NA-US,United States,3,18.3,6,100,-0.07
P-006311,V-00022,APAC-IN,India,4,14.7,6,54,-0.06
P-006311,V-00165,SA,Brazil,4,19.8,0,96,-0.08
P-006314,V-00413,APAC-NE,South Korea,3,17.7,12,31,-0.07
P-006315,V-00141,APAC-SE,Malaysia,6,0.1,4,72,0
P-006315,V-00538,APAC-IN,India,8,-1.2,12,86,0
P-006316,V-00302,NA-US,United States,4,0.1,6,74,0
P-006318,V-00710,EMEA-W,France,2,17.4,12,58,-0.19
P-006318,V-00073,NA-MX,Mexico,5,16.5,0,40,-0.18
P-006319,V-00034,APAC-IN,India,4,-2.2,8,43,0.02
P-006322,V-00647,APAC-SE,Vietnam,3,19.3,4,46,-0.08
P-006322,V-00289,EMEA-E,Turkey,5,3,0,38,-0.01
P-006325,V-00620,EMEA-W,Germany,2,19.5,12,82,-0.21
P-006326,V-00644,EMEA-E,Turkey,5,3.3,4,32,-0.01
P-006326,V-00112,NA-US,United States,6,4.6,0,63,-0.02
P-006327,V-00419,SA,Argentina,5,11.7,8,48,-0.05
P-006328,V-00045,NA-US,United States,4,21.9,0,94,-0.09
P-006329,V-00179,APAC-SE,Thailand,5,9.4,0,68,-0.04
P-006330,V-00460,NA-US,United States,5,6,0,47,-0.02
P-006330,V-00096,EMEA-W,Spain,4,-1.3,6,76,0.01
P-006330,V-00263,EMEA-E,Czechia,9,0.8,6,75,0
P-006331,V-00461,SA,Brazil,8,-1.7,6,26,0.02
P-006331,V-00148,NA-US,United States,2,9.3,6,92,-0.1
P-006331,V-00499,NA-US,United States,4,13.1,6,55,-0.14
P-006332,V-00545,EMEA-W,France,6,-5.4,12,86,0.06
P-006332,V-00606,APAC-SE,Malaysia,9,9.5,4,65,-0.1
P-006332,V-00139,EMEA-E,Poland,3,14,0,33,-0.15
P-006333,V-00906,EMEA-E,Poland,8,3,12,71,-0.01
P-006333,V-00365,APAC-IN,India,6,17.3,0,100,-0.07
P-006337,V-00769,EMEA-W,Spain,7,17.9,4,78,-0.07
P-006337,V-00524,APAC-SE,Thailand,9,2.4,6,48,-0.01
P-006337,V-00047,APAC-SE,Vietnam,4,0.2,12,26,0
P-006338,V-00598,APAC-IN,India,6,6.1,8,39,-0.07
P-006339,V-00126,APAC-SE,Indonesia,1,-0.1,6,82,0
P-006339,V-00396,APAC-NE,China,5,18.6,4,29,-0.2
P-006339,V-00371,APAC-SE,Indonesia,5,21.7,0,29,-0.24
P-006340,V-00472,APAC-SE,Vietnam,8,-3.8,0,90,0.02
P-006341,V-00661,APAC-SE,Vietnam,3,17.9,0,89,-0.07
P-006341,V-00286,SA,Argentina,5,19.1,0,55,-0.08
P-006342,V-00342,SA,Argentina,5,-0.7,8,86,0.01
P-006343,V-00114,APAC-NE,Taiwan,5,3.4,4,91,-0.01
P-006343,V-00151,APAC-IN,India,5,16.2,0,56,-0.06
P-006343,V-00868,SA,Brazil,7,14.5,4,18,-0.06
P-006345,V-00803,EMEA-E,Czechia,4,5,12,96,-0.02
P-006345,V-00078,APAC-NE,China,2,0.8,8,31,0
P-006345,V-00867,NA-US,United States,3,18.4,12,15,-0.07
P-006347,V-00259,APAC-NE,China,5,18.9,6,38,-0.08
P-006347,V-00419,SA,Argentina,6,-3.9,8,29,0.02
P-006348,V-00536,SA,Brazil,7,2.4,4,66,-0.01
P-006348,V-00756,APAC-IN,India,6,15.4,12,89,-0.06
P-006349,V-00024,NA-US,United States,5,12.2,4,38,-0.13
P-006349,V-00731,EMEA-W,Spain,1,-0.8,8,53,0.01
P-006350,V-00120,APAC-IN,India,6,4,0,20,-0.02
P-006350,V-00296,NA-MX,Mexico,4,14.6,4,52,-0.06
P-006352,V-00340,NA-US,United States,2,0.6,4,19,0
P-006352,V-00609,APAC-NE,Japan,4,-2.8,0,93,0.01
P-006353,V-00743,EMEA-E,Czechia,5,18.4,12,41,-0.07
P-006354,V-00190,NA-MX,Mexico,3,9.7,6,33,-0.04
P-006354,V-00545,EMEA-W,France,7,-5.3,0,53,0.02
P-006354,V-00047,APAC-SE,Vietnam,6,14.2,6,42,-0.06
P-006357,V-00057,NA-MX,Mexico,6,3.6,6,77,-0.01
P-006357,V-00696,APAC-SE,Indonesia,6,19.3,0,21,-0.08
P-006358,V-00346,EMEA-E,Poland,3,-1.6,0,85,0.02
P-006359,V-00671,SA,Argentina,4,7.3,12,62,-0.08
P-006361,V-00686,APAC-NE,South Korea,6,10.7,4,32,-0.04
P-006361,V-00621,SA,Brazil,4,5.2,0,22,-0.02
P-006362,V-00367,EMEA-W,France,5,7.7,6,92,-0.03
P-006363,V-00453,SA,Brazil,5,10.4,4,36,-0.04
P-006363,V-00176,NA-US,United States,5,9.5,0,22,-0.04
P-006363,V-00133,EMEA-E,Turkey,5,17.6,6,94,-0.07
P-006365,V-00417,APAC-IN,India,6,17.4,12,20,-0.07
P-006368,V-00215,APAC-SE,Indonesia,4,11.4,0,46,-0.05
P-006368,V-00215,APAC-SE,Indonesia,4,5.5,0,81,-0.02
P-006369,V-00383,APAC-NE,Taiwan,8,15.9,0,63,-0.06
P-006369,V-00516,EMEA-W,Italy,2,1.8,8,86,-0.01
P-006369,V-00596,EMEA-E,Turkey,2,13.9,4,40,-0.06
P-006370,V-00751,APAC-SE,Indonesia,8,3.3,8,54,-0.04
P-006370,V-00684,APAC-NE,Japan,6,0.6,12,89,-0.01
P-006371,V-00396,APAC-NE,China,8,14,12,57,-0.15
P-006372,V-00913,SA,Brazil,4,20.3,0,20,-0.08
P-006372,V-00872,NA-US,United States,4,17.2,0,91,-0.07
P-006372,V-00745,APAC-SE,Malaysia,2,-5.4,6,87,0.02
P-006376,V-00610,SA,Brazil,8,20.2,8,52,-0.08
P-006376,V-00748,NA-US,United States,5,11.2,0,44,-0.04
P-006376,V-00292,NA-MX,Mexico,3,17,0,60,-0.07
P-006377,V-00027,APAC-IN,India,5,16.1,8,66,-0.18
P-006377,V-00315,NA-US,United States,1,18.6,0,78,-0.2
P-006377,V-00744,SA,Brazil,4,-4.1,0,88,0.05
P-006378,V-00246,NA-MX,Mexico,9,-1.5,0,79,0.01
P-006378,V-00471,APAC-NE,Japan,6,8.3,0,41,-0.03
P-006381,V-00421,NA-US,United States,5,19.6,12,83,-0.08
P-006381,V-00549,EMEA-W,Italy,5,-1.4,12,75,0.01
P-006381,V-00163,APAC-NE,Taiwan,7,8.7,8,78,-0.03
P-006382,V-00025,NA-US,United States,6,-2.8,6,16,0.01
P-006383,V-00570,APAC-NE,Japan,5,7.6,12,73,-0.03
P-006383,V-00506,SA,Argentina,4,1.5,6,100,-0.01
P-006384,V-00248,APAC-SE,Indonesia,7,-4.7,0,27,0.02
P-006384,V-00749,NA-US,United States,6,0.3,8,97,0
P-006384,V-00908,NA-MX,Mexico,8,16.7,0,46,-0.07
P-006386,V-00731,EMEA-W,Spain,2,10.6,12,91,-0.04
P-006386,V-00416,APAC-SE,Indonesia,6,-5.2,8,74,0.02
P-006387,V-00586,NA-MX,Mexico,5,14.2,6,90,-0.06
P-006387,V-00525,EMEA-E,Poland,4,18.4,12,31,-0.07
P-006388,V-00435,NA-US,United States,3,7.4,8,80,-0.03
P-006388,V-00024,NA-US,United States,7,20.8,12,27,-0.08
P-006391,V-00246,NA-MX,Mexico,9,19.2,8,60,-0.08
P-006391,V-00293,APAC-NE,Taiwan,6,2.6,8,60,-0.01
P-006392,V-00445,EMEA-W,France,2,0.1,4,51,0
P-006392,V-00376,SA,Brazil,6,2.5,12,92,-0.01
P-006393,V-00106,NA-MX,Mexico,5,-0.7,0,31,0.01
P-006393,V-00619,EMEA-E,Poland,4,3.7,6,68,-0.04
P-006398,V-00703,NA-MX,Mexico,5,-4.8,12,77,0.02
P-006399,V-00272,SA,Argentina,2,-4.3,4,23,0.02
P-006399,V-00379,APAC-NE,South Korea,4,11.9,8,80,-0.05
P-006400,V-00123,EMEA-W,Spain,5,11.6,4,59,-0.05
P-006400,V-00344,NA-MX,Mexico,5,0.5,6,97,0
P-006400,V-00376,SA,Brazil,4,-3.6,6,70,0.01
P-006401,V-00053,APAC-IN,India,2,19.1,8,82,-0.21
P-006401,V-00600,APAC-IN,India,7,0.2,0,87,0
P-006404,V-00094,APAC-NE,China,1,17.7,12,96,-0.07
P-006406,V-00225,NA-MX,Mexico,5,-4.2,6,79,0.02
P-006408,V-00189,EMEA-W,Spain,8,0.2,8,94,0
P-006408,V-00248,APAC-SE,Indonesia,7,-1.7,8,29,0.01
P-006408,V-00724,EMEA-E,Turkey,6,-6,8,36,0.02
P-006409,V-00536,SA,Brazil,8,17.2,4,26,-0.07
P-006411,V-00247,NA-US,United States,5,9.6,12,35,-0.04
P-006411,V-00047,APAC-SE,Vietnam,5,20.3,12,55,-0.08
P-006412,V-00340,NA-US,United States,3,13.3,4,50,-0.05
P-006413,V-00700,NA-US,United States,7,0.1,6,50,0
P-006414,V-00818,APAC-NE,South Korea,7,13.6,0,47,-0.05
P-006414,V-00808,APAC-SE,Thailand,7,3.7,12,88,-0.01
P-006414,V-00822,NA-US,United States,7,17,8,43,-0.07
P-006415,V-00725,EMEA-W,France,5,17.9,8,20,-0.07
P-006415,V-00756,APAC-IN,India,5,-5.3,4,68,0.02
P-006416,V-00417,APAC-IN,India,6,0.5,8,77,0
P-006417,V-00115,APAC-NE,Taiwan,4,13.5,0,81,-0.15
P-006417,V-00421,NA-US,United States,5,3,6,48,-0.03
P-006417,V-00006,APAC-SE,Indonesia,3,7,4,56,-0.08
P-006418,V-00536,SA,Brazil,7,14.2,6,34,-0.06
P-006418,V-00136,APAC-SE,Indonesia,8,-1.4,12,62,0.01
P-006418,V-00072,APAC-SE,Vietnam,7,0.1,6,45,0
P-006421,V-00078,APAC-NE,China,2,16.8,0,51,-0.07
P-006421,V-00648,APAC-IN,India,4,6,6,83,-0.02
P-006421,V-00792,EMEA-E,Romania,6,6.7,6,49,-0.03
P-006423,V-00630,APAC-NE,China,6,-3,0,38,0.01
P-006423,V-00298,APAC-SE,Thailand,6,19.9,0,51,-0.08
P-006423,V-00417,APAC-IN,India,6,4.6,8,21,-0.02
P-006425,V-00674,NA-MX,Mexico,7,4.9,8,71,-0.02
P-006425,V-00698,APAC-SE,Indonesia,9,12.6,8,17,-0.05
P-006426,V-00308,APAC-SE,Indonesia,6,2.2,6,39,-0.01
P-006427,V-00391,SA,Argentina,8,3.2,12,75,-0.01
P-006428,V-00314,SA,Brazil,7,9.2,0,27,-0.04
P-006430,V-00506,SA,Argentina,3,6.2,8,68,-0.02
P-006431,V-00482,APAC-NE,Taiwan,2,16.1,8,95,-0.06
P-006432,V-00765,EMEA-E,Poland,8,14.7,8,41,-0.06
P-006433,V-00105,APAC-SE,Thailand,6,6.9,0,92,-0.03
P-006435,V-00242,APAC-NE,Japan,6,19.7,4,89,-0.08
P-006437,V-00547,EMEA-W,Spain,4,13.5,4,100,-0.05
P-006438,V-00184,SA,Argentina,4,7.4,0,16,-0.03
P-006441,V-00744,SA,Brazil,6,2.5,12,63,-0.01
P-006441,V-00771,NA-MX,Mexico,8,0.7,0,79,0
P-006442,V-00338,APAC-SE,Vietnam,8,18.1,4,54,-0.07
P-006443,V-00358,APAC-NE,Japan,3,12.2,6,43,-0.05
P-006444,V-00507,APAC-NE,Taiwan,4,12.8,12,25,-0.05
P-006444,V-00167,APAC-IN,India,5,-5.4,12,45,0.02
P-006444,V-00778,NA-US,United States,7,20.2,12,30,-0.08
P-006445,V-00113,APAC-NE,China,7,17.3,6,92,-0.19
P-006446,V-00623,APAC-NE,South Korea,8,12.1,0,62,-0.05
P-006446,V-00429,APAC-NE,Japan,4,2.2,8,77,-0.01
P-006448,V-00024,NA-US,United States,4,15.4,8,37,-0.06
P-006449,V-00510,APAC-SE,Vietnam,5,-1,6,79,0.01
P-006449,V-00610,SA,Brazil,9,-0.5,0,46,0.01
P-006449,V-00748,NA-US,United States,5,21.4,12,38,-0.24
P-006450,V-00088,APAC-SE,Vietnam,4,-1.7,0,56,0.01
P-006450,V-00964,EMEA-W,Germany,7,-5.2,6,58,0.02
P-006450,V-00206,APAC-NE,South Korea,2,-1.1,6,60,0
P-006452,V-00361,NA-MX,Mexico,3,8.6,12,18,-0.03
P-006452,V-00106,NA-MX,Mexico,5,9.4,12,67,-0.04
P-006452,V-00030,SA,Brazil,2,0.2,4,98,0
P-006455,V-00413,APAC-NE,South Korea,4,18.2,12,63,-0.07
P-006457,V-00608,EMEA-W,Germany,7,17.2,4,83,-0.07
P-006458,V-00725,EMEA-W,France,7,11.7,12,78,-0.05
P-006459,V-00256,APAC-NE,Taiwan,5,10.9,4,18,-0.12
P-006459,V-00568,APAC-IN,India,7,5.6,12,54,-0.06
P-006460,V-00629,NA-MX,Mexico,4,-1,8,93,0.01
P-006462,V-00189,EMEA-W,Spain,9,5.1,8,16,-0.02
P-006463,V-00200,EMEA-W,Germany,4,10.9,8,92,-0.04
P-006466,V-00769,EMEA-W,Spain,6,2,6,73,-0.01
P-006466,V-00357,SA,Brazil,7,19.3,4,87,-0.08
P-006467,V-00240,NA-US,United States,3,21.7,0,60,-0.09
P-006467,V-00112,NA-US,United States,9,16,4,43,-0.06
P-006469,V-00629,NA-MX,Mexico,3,2.6,4,35,-0.01
P-006470,V-00533,APAC-IN,India,4,21.9,12,71,-0.09
P-006470,V-00359,NA-MX,Mexico,7,19.1,8,26,-0.08
P-006471,V-00398,EMEA-E,Czechia,6,14.7,6,98,-0.06
P-006471,V-00286,SA,Argentina,6,8.6,4,69,-0.03
P-006471,V-00484,EMEA-E,Romania,7,14.2,0,96,-0.06
P-006472,V-00011,APAC-SE,Indonesia,5,6.2,8,75,-0.02
P-006472,V-00312,NA-US,United States,6,3,6,96,-0.01
P-006472,V-00350,NA-US,United States,7,-1.2,4,24,0
P-006475,V-00065,EMEA-E,Romania,7,4.4,4,60,-0.05
P-006475,V-00089,NA-US,United States,6,0,0,46,0
P-006476,V-00170,EMEA-W,Germany,9,7.3,0,99,-0.03
P-006476,V-00274,EMEA-W,Spain,5,13.4,12,86,-0.05
P-006477,V-00588,APAC-NE,China,6,16.3,8,68,-0.07
P-006477,V-00366,NA-MX,Mexico,5,22,12,75,-0.09
P-006477,V-00242,APAC-NE,Japan,4,17.2,12,72,-0.07
P-006479,V-00097,SA,Brazil,6,9.3,12,92,-0.04
P-006479,V-00809,SA,Brazil,9,-2.8,4,73,0.01
P-006479,V-00732,EMEA-E,Turkey,5,14.8,6,36,-0.06
P-006483,V-00264,APAC-IN,India,7,7.8,6,88,-0.03
P-006483,V-00012,APAC-NE,Taiwan,7,17.9,0,42,-0.07
P-006483,V-00737,APAC-SE,Indonesia,8,7,6,88,-0.03
P-006484,V-00353,APAC-SE,Thailand,7,21.4,12,70,-0.24
P-006484,V-00450,APAC-IN,India,6,13.7,4,77,-0.15
P-006485,V-00601,EMEA-W,France,6,7.1,6,86,-0.03
P-006486,V-00180,APAC-IN,India,5,9.1,6,74,-0.1
P-006487,V-00427,NA-US,United States,4,8.4,0,70,-0.03
P-006487,V-00623,APAC-NE,South Korea,8,-0.6,12,26,0
P-006489,V-00643,APAC-IN,India,6,19.9,6,54,-0.22
P-006489,V-00542,SA,Argentina,6,10.2,6,98,-0.11
P-006489,V-00520,SA,Brazil,6,15.2,0,95,-0.17
P-006491,V-00704,SA,Argentina,9,19.9,0,33,-0.22
P-006491,V-00611,NA-MX,Mexico,7,2.4,0,79,-0.03
P-006491,V-00031,APAC-NE,China,5,-1.1,4,71,0.01
P-006492,V-00658,SA,Brazil,7,6.6,0,78,-0.03
P-006493,V-00230,APAC-SE,Vietnam,6,10.7,0,94,-0.04
P-006493,V-00024,NA-US,United States,5,-2,6,69,0.01
P-006493,V-00570,APAC-NE,Japan,4,0.7,0,62,0
P-006494,V-00592,EMEA-W,Germany,8,14,0,58,-0.15
P-006495,V-00415,APAC-NE,Taiwan,3,11.2,6,28,-0.04
P-006497,V-00671,SA,Argentina,3,10.5,12,95,-0.04
P-006498,V-00339,SA,Argentina,3,-3.8,6,54,0.02
P-006498,V-00449,NA-US,United States,5,9.9,12,51,-0.04
P-006498,V-00298,APAC-SE,Thailand,6,-0.7,12,26,0
P-006501,V-00094,APAC-NE,China,2,2.7,0,75,-0.01
P-006505,V-00330,NA-MX,Mexico,5,-4.3,0,52,0.02
P-006505,V-00161,SA,Argentina,4,13.5,6,94,-0.05
P-006505,V-00608,EMEA-W,Germany,6,4.8,0,18,-0.02
P-006506,V-00447,NA-MX,Mexico,6,17.8,4,96,-0.07
P-006508,V-00044,NA-US,United States,4,9.7,0,74,-0.04
P-006508,V-00213,NA-US,United States,3,-1.5,8,94,0.01
P-006508,V-00506,SA,Argentina,4,-1.6,4,60,0.01
P-006510,V-00627,SA,Brazil,7,12.1,4,42,-0.05
P-006510,V-00188,EMEA-W,France,5,10.4,12,33,-0.04
P-006510,V-00121,SA,Argentina,6,14.8,0,77,-0.06
P-006511,V-00618,APAC-NE,South Korea,4,10.6,0,18,-0.04
P-006511,V-00578,EMEA-E,Turkey,6,0.4,6,88,0
P-006512,V-00821,NA-US,United States,7,3.6,6,49,-0.01
P-006512,V-00838,NA-US,United States,6,2.3,12,92,-0.01
P-006513,V-00652,SA,Argentina,9,15.4,4,43,-0.06
P-006513,V-00451,NA-MX,Mexico,4,-5.5,4,80,0.02
P-006514,V-00330,NA-MX,Mexico,7,-4.8,0,87,0.05
P-006514,V-00325,EMEA-W,France,2,16.8,12,23,-0.18
P-006514,V-00369,EMEA-E,Romania,2,-5.2,12,76,0.06
P-006516,V-00673,NA-US,United States,6,15.5,0,59,-0.06
P-006517,V-00223,NA-MX,Mexico,5,15,4,50,-0.17
P-006520,V-00200,EMEA-W,Germany,4,7.4,6,23,-0.03
P-006520,V-00073,NA-MX,Mexico,5,11.4,0,70,-0.05
P-006521,V-00398,EMEA-E,Czechia,8,-3.4,12,75,0.01
P-006521,V-00484,EMEA-E,Romania,5,12.4,6,80,-0.05
P-006521,V-00203,NA-US,United States,5,9.7,4,64,-0.04
P-006522,V-00165,SA,Brazil,2,-2.3,8,78,0.01
P-006522,V-00295,NA-US,United States,4,1.1,8,93,0
P-006523,V-00349,NA-US,United States,5,3.2,12,40,-0.01
P-006524,V-00194,APAC-IN,India,1,4.8,8,58,-0.02
P-006526,V-00503,APAC-SE,Vietnam,7,7.7,0,67,-0.08
P-006527,V-00008,NA-US,United States,6,15.6,12,15,-0.17
P-006527,V-00340,NA-US,United States,4,2.7,0,35,-0.03
P-006527,V-00481,EMEA-W,Italy,7,6.1,0,37,-0.07
P-006530,V-00265,SA,Brazil,9,6.4,8,77,-0.03
P-006530,V-00118,SA,Brazil,7,14,4,28,-0.06
P-006531,V-00312,NA-US,United States,8,20.7,12,48,-0.08
P-006531,V-00244,EMEA-E,Czechia,2,4.5,4,79,-0.02
P-006531,V-00750,EMEA-E,Poland,6,12.2,12,26,-0.05
P-006532,V-00593,APAC-IN,India,7,-1.1,8,58,0.01
P-006532,V-00745,APAC-SE,Malaysia,4,7.6,6,21,-0.08
P-006532,V-00851,SA,Argentina,5,12.7,0,66,-0.14
P-006533,V-00358,APAC-NE,Japan,2,-4,6,56,0.02
P-006533,V-00008,NA-US,United States,6,21.5,0,40,-0.09
P-006535,V-00253,APAC-NE,Taiwan,7,12,0,69,-0.05
P-006536,V-00685,APAC-SE,Vietnam,4,2.3,4,54,-0.01
P-006536,V-00882,APAC-NE,South Korea,7,2.2,12,90,-0.01
P-006537,V-00460,NA-US,United States,5,2.5,12,67,-0.01
P-006537,V-00373,NA-MX,Mexico,5,-1.1,12,92,0
P-006537,V-00616,APAC-SE,Malaysia,2,3.5,12,18,-0.01
P-006540,V-00350,NA-US,United States,6,-1.8,0,27,0.01
P-006541,V-00095,APAC-NE,China,6,3.5,6,82,-0.04
P-006542,V-00072,APAC-SE,Vietnam,7,16.6,0,92,-0.07
P-006542,V-00321,APAC-SE,Malaysia,5,16.6,0,66,-0.07
P-006548,V-00818,APAC-NE,South Korea,7,9.2,4,68,-0.04
P-006548,V-00200,EMEA-W,Germany,5,9.2,8,49,-0.04
P-006549,V-00518,APAC-SE,Vietnam,1,16.7,6,33,-0.07
P-006549,V-00022,APAC-IN,India,3,11.6,6,27,-0.05
P-006549,V-00352,SA,Brazil,6,15.4,0,93,-0.06
P-006550,V-00572,EMEA-W,Spain,4,21.8,12,82,-0.24
P-006551,V-00424,NA-US,United States,7,2.1,6,39,-0.01
P-006552,V-00756,APAC-IN,India,7,12.2,0,68,-0.13
P-006552,V-00314,SA,Brazil,7,20.7,0,44,-0.23
P-006553,V-00819,APAC-NE,Taiwan,5,12,0,26,-0.05
P-006555,V-00238,SA,Argentina,4,-3.5,12,90,0.01
P-006555,V-00032,APAC-IN,India,6,16.2,6,96,-0.06
P-006555,V-00414,NA-US,United States,8,-3.2,8,65,0.01
P-006556,V-00625,APAC-SE,Malaysia,5,-4.2,8,86,0.02
P-006556,V-00105,APAC-SE,Thailand,7,2.6,6,47,-0.01
P-006556,V-00432,NA-US,United States,2,-2.2,6,27,0.01
P-006558,V-00495,SA,Brazil,6,4.9,6,44,-0.02
P-006558,V-00700,NA-US,United States,4,15.8,12,16,-0.06
P-006559,V-00174,EMEA-E,Turkey,4,1.6,12,50,-0.02
P-006559,V-00517,NA-MX,Mexico,7,13.3,0,35,-0.15
P-006560,V-00442,NA-MX,Mexico,2,5.1,0,100,-0.06
P-006560,V-00442,NA-MX,Mexico,4,0.2,0,77,0
P-006560,V-00265,SA,Brazil,7,4.8,8,23,-0.05
P-006561,V-00542,SA,Argentina,6,15.1,12,35,-0.06
P-006561,V-00434,APAC-NE,Japan,4,0.5,8,68,0
P-006566,V-00713,APAC-IN,India,6,20.6,0,95,-0.23
P-006566,V-00962,APAC-NE,Japan,9,16.5,0,80,-0.18
P-006566,V-00708,EMEA-W,Spain,6,14.3,4,94,-0.16
P-006567,V-00168,APAC-SE,Vietnam,4,15.3,0,98,-0.06
P-006567,V-00617,EMEA-W,Spain,6,-2.2,0,44,0.01
P-006567,V-00009,APAC-SE,Indonesia,3,7.5,6,41,-0.03
P-006568,V-00148,NA-US,United States,3,10.9,6,92,-0.04
P-006568,V-00550,SA,Argentina,4,10.1,4,56,-0.04
P-006568,V-00385,SA,Brazil,6,-2.8,0,49,0.01
P-006569,V-00275,EMEA-E,Turkey,1,18.2,12,36,-0.07
P-006571,V-00775,NA-US,United States,4,-0.6,4,95,0
P-006572,V-00179,APAC-SE,Thailand,4,11.4,6,60,-0.05
P-006572,V-00028,APAC-IN,India,3,13.7,8,54,-0.05
P-006573,V-00512,NA-US,United States,7,17.8,8,94,-0.07
P-006574,V-00906,EMEA-E,Poland,9,19.3,6,93,-0.08
P-006574,V-00313,APAC-SE,Malaysia,5,-5.6,0,72,0.02
P-006575,V-00202,APAC-NE,China,5,-4.5,0,40,0.02
P-006575,V-00388,EMEA-W,Spain,5,-0.6,8,73,0
P-006575,V-00398,EMEA-E,Czechia,8,2.5,0,78,-0.01
P-006578,V-00661,APAC-SE,Vietnam,4,-2.6,0,52,0.03
P-006579,V-00287,EMEA-W,France,3,-2.8,0,57,0.01
P-006579,V-00678,NA-MX,Mexico,4,2.4,0,92,-0.01
P-006580,V-00208,EMEA-W,France,8,1.2,12,29,0
P-006580,V-00207,APAC-SE,Indonesia,5,11.9,0,87,-0.05
P-006580,V-00779,APAC-SE,Malaysia,7,7,0,21,-0.03
P-006583,V-00135,NA-MX,Mexico,6,11,4,97,-0.04
P-006583,V-00481,EMEA-W,Italy,7,-4.4,6,78,0.02
P-006584,V-00774,EMEA-E,Romania,7,5.1,6,71,-0.02
P-006584,V-00165,SA,Brazil,3,21.8,8,18,-0.09
P-006584,V-00518,APAC-SE,Vietnam,3,1.8,8,71,-0.01
P-006585,V-00640,SA,Argentina,4,5,0,76,-0.02
P-006585,V-00417,APAC-IN,India,5,7.4,4,45,-0.03
P-006585,V-00370,EMEA-E,Poland,6,18.5,12,94,-0.07
P-006586,V-00802,EMEA-W,Italy,3,14.1,6,38,-0.06
P-006588,V-00071,EMEA-E,Turkey,5,9.7,0,66,-0.04
P-006588,V-00323,EMEA-E,Czechia,3,-5.6,0,24,0.02
P-006590,V-00209,SA,Brazil,3,17.5,12,51,-0.07
P-006590,V-00421,NA-US,United States,4,9.6,4,21,-0.04
P-006591,V-00511,EMEA-W,France,7,14.2,6,46,-0.06
P-006591,V-00557,EMEA-W,Germany,5,6.6,8,62,-0.03
P-006591,V-00164,EMEA-W,Spain,6,-1.4,12,66,0.01
P-006592,V-00913,SA,Brazil,4,17.9,0,20,-0.07
P-006593,V-00649,EMEA-W,France,3,5.2,4,47,-0.02
P-006593,V-00157,APAC-IN,India,5,-5.6,0,79,0.02
P-006593,V-00067,EMEA-W,France,4,2.8,4,59,-0.01
P-006594,V-00105,APAC-SE,Thailand,8,11,0,80,-0.04
P-006594,V-00224,NA-US,United States,4,3.4,0,39,-0.01
P-006596,V-00114,APAC-NE,Taiwan,7,16.3,6,27,-0.07
P-006596,V-00737,APAC-SE,Indonesia,7,4.3,12,90,-0.02
P-006596,V-00788,NA-MX,Mexico,5,20.4,4,75,-0.08
P-006597,V-00410,APAC-SE,Malaysia,3,8.9,0,15,-0.04
P-006597,V-00538,APAC-IN,India,6,8.1,12,59,-0.03
P-006598,V-00556,EMEA-E,Romania,2,0.3,0,15,0
P-006599,V-00468,NA-US,United States,6,19.5,4,49,-0.08
P-006600,V-00317,APAC-IN,India,6,17.9,6,28,-0.2
P-006600,V-00407,EMEA-E,Poland,6,0.4,8,16,0
P-006601,V-00420,APAC-SE,Malaysia,4,5.1,4,56,-0.02
P-006601,V-00268,APAC-NE,South Korea,2,17.3,0,25,-0.07
P-006604,V-00549,EMEA-W,Italy,6,2.7,6,44,-0.01
P-006605,V-00433,SA,Brazil,6,-0.5,0,45,0.01
P-006607,V-00261,NA-US,United States,5,18.4,0,68,-0.2
P-006610,V-00105,APAC-SE,Thailand,8,21.5,8,98,-0.09
P-006611,V-00658,SA,Brazil,6,2.8,6,44,-0.01
P-006611,V-00418,APAC-NE,Taiwan,4,17.4,0,58,-0.07
P-006613,V-00946,NA-MX,Mexico,4,9.9,0,62,-0.04
P-006614,V-00428,NA-MX,Mexico,4,14,4,39,-0.06
P-006614,V-00350,NA-US,United States,7,2.2,4,90,-0.01
P-006614,V-00777,EMEA-W,Germany,3,-2.3,8,37,0.01
P-006615,V-00388,EMEA-W,Spain,3,17.6,0,30,-0.19
P-006615,V-00487,APAC-IN,India,5,9.8,12,34,-0.11
P-006616,V-00217,EMEA-W,Spain,4,12.1,12,45,-0.05
P-006616,V-00583,APAC-NE,Japan,3,21,4,30,-0.08
P-006616,V-00565,SA,Argentina,5,12.8,8,69,-0.05
P-006618,V-00573,NA-MX,Mexico,5,17.3,6,81,-0.07
P-006618,V-00778,NA-US,United States,4,-5,8,16,0.02
P-006620,V-00465,APAC-NE,South Korea,8,15.8,6,93,-0.06
P-006620,V-00398,EMEA-E,Czechia,8,18.8,8,42,-0.08
P-006622,V-00369,EMEA-E,Romania,4,18.6,12,62,-0.07
P-006623,V-00137,SA,Brazil,6,0.8,8,25,0
P-006624,V-00070,EMEA-E,Turkey,7,20.8,8,88,-0.23
P-006625,V-00908,NA-MX,Mexico,6,0.2,6,55,0
P-006625,V-00703,NA-MX,Mexico,5,3.8,6,41,-0.04
P-006626,V-00378,NA-MX,Mexico,7,-0.3,12,78,0
P-006626,V-00504,NA-US,United States,7,20.1,0,89,-0.08
P-006627,V-00505,SA,Argentina,7,3.9,0,79,-0.02
P-006628,V-00264,APAC-IN,India,7,6.7,4,18,-0.03
P-006629,V-00068,EMEA-E,Romania,8,-3.5,0,65,0.01
P-006629,V-00158,NA-US,United States,2,13,0,82,-0.05
P-006629,V-00458,APAC-SE,Indonesia,2,3.9,4,77,-0.02
P-006632,V-00629,NA-MX,Mexico,5,8,12,78,-0.03
P-006633,V-00198,EMEA-W,Spain,6,2.3,6,87,-0.03
P-006633,V-00329,SA,Argentina,4,4.2,0,47,-0.05
P-006634,V-00829,APAC-NE,Japan,6,2.5,6,66,-0.01
P-006635,V-00818,APAC-NE,South Korea,8,14.2,6,39,-0.06
P-006636,V-00823,NA-US,United States,2,-0.4,0,54,0
P-006636,V-00200,EMEA-W,Germany,4,18,8,90,-0.07
P-006637,V-00235,APAC-NE,Japan,5,12.7,4,68,-0.05
P-006637,V-00437,EMEA-W,Germany,8,-4.1,4,47,0.02
P-006637,V-00242,APAC-NE,Japan,4,3.8,0,99,-0.02
P-006638,V-00323,EMEA-E,Czechia,4,18.8,0,79,-0.08
P-006640,V-00602,APAC-SE,Thailand,3,11.4,8,70,-0.05
P-006640,V-00602,APAC-SE,Thailand,3,21.5,0,43,-0.09
P-006641,V-00130,NA-US,United States,7,1.2,4,53,0
P-006641,V-00770,EMEA-E,Turkey,6,13.9,4,32,-0.06
P-006642,V-00450,APAC-IN,India,8,18.4,4,70,-0.2
P-006642,V-00625,APAC-SE,Malaysia,6,5.5,8,21,-0.06
P-006642,V-00141,APAC-SE,Malaysia,4,-4.7,8,92,0.05
P-006643,V-00468,NA-US,United States,6,5.2,8,70,-0.06
P-006643,V-00698,APAC-SE,Indonesia,8,2.5,12,98,-0.03
P-006645,V-00397,NA-MX,Mexico,4,-2.1,8,86,0.02
P-006647,V-00166,APAC-IN,India,6,1.4,12,98,-0.01
P-006647,V-00476,EMEA-E,Romania,8,-2.2,0,24,0.01
P-006650,V-00013,SA,Argentina,3,-0.2,6,66,0
P-006650,V-00531,NA-MX,Mexico,5,21.7,0,45,-0.09
P-006652,V-00375,SA,Brazil,4,2.5,4,37,-0.01
P-006652,V-00539,EMEA-E,Turkey,7,11.9,0,90,-0.05
P-006653,V-00648,APAC-IN,India,5,-0.3,6,55,0
P-006653,V-00121,SA,Argentina,5,8.5,12,55,-0.03
P-006653,V-00188,EMEA-W,France,4,16.5,12,92,-0.07
P-006656,V-00824,SA,Argentina,6,8.7,4,87,-0.1
P-006656,V-00414,NA-US,United States,9,11.9,6,69,-0.13
P-006656,V-00260,APAC-IN,India,4,18.9,12,25,-0.21
P-006657,V-00166,APAC-IN,India,7,-3.5,0,87,0.01
P-006658,V-00290,APAC-SE,Indonesia,9,0.4,0,44,0
P-006658,V-00698,APAC-SE,Indonesia,7,17.9,6,51,-0.2
P-006658,V-00092,APAC-IN,India,5,-4.5,0,48,0.05
P-006659,V-00259,APAC-NE,China,7,2.9,4,81,-0.01
P-006662,V-00237,EMEA-W,Italy,4,20.5,8,98,-0.08
P-006662,V-00130,NA-US,United States,6,6.7,4,55,-0.03
P-006664,V-00809,SA,Brazil,8,1.5,6,39,-0.01
P-006665,V-00168,APAC-SE,Vietnam,4,18.9,4,93,-0.08
P-006665,V-00559,SA,Brazil,3,0.2,12,58,0
P-006665,V-00158,NA-US,United States,2,3.2,4,92,-0.01
P-006666,V-00258,NA-US,United States,6,3.1,0,15,-0.01
P-006668,V-00476,EMEA-E,Romania,8,19.4,4,83,-0.08
P-006669,V-00206,APAC-NE,South Korea,2,16,0,64,-0.06
P-006670,V-00024,NA-US,United States,4,12.6,12,35,-0.05
P-006672,V-00245,NA-US,United States,6,17.8,12,27,-0.07
P-006672,V-00239,NA-MX,Mexico,8,-4,0,41,0.02
P-006672,V-00374,APAC-SE,Thailand,4,-0.2,0,30,0
P-006673,V-00347,APAC-SE,Malaysia,5,9.9,6,92,-0.04
P-006673,V-00636,NA-US,United States,7,4.3,12,51,-0.02
P-006673,V-00270,APAC-IN,India,6,13.6,0,95,-0.05
P-006674,V-00764,EMEA-W,Italy,5,19.5,4,46,-0.21
P-006676,V-00580,NA-MX,Mexico,5,5.3,0,39,-0.02
P-006677,V-00381,APAC-SE,Vietnam,2,7,12,20,-0.03
P-006677,V-00852,EMEA-W,Italy,4,8.6,8,100,-0.03
P-006677,V-00774,EMEA-E,Romania,6,12.6,6,84,-0.05
P-006678,V-00353,APAC-SE,Thailand,9,5.4,4,77,-0.02
P-006678,V-00345,EMEA-E,Poland,6,14.4,0,91,-0.06
P-006678,V-00007,SA,Brazil,3,8.9,0,85,-0.04
P-006679,V-00018,NA-US,United States,2,12.9,0,24,-0.14
P-006679,V-00018,NA-US,United States,3,6.4,6,56,-0.07
P-006679,V-00036,APAC-SE,Vietnam,3,19.6,6,67,-0.22
P-006683,V-00444,APAC-SE,Vietnam,7,5.6,4,75,-0.02
P-006683,V-00111,NA-MX,Mexico,7,19.1,8,89,-0.08
P-006685,V-00072,APAC-SE,Vietnam,7,4.8,12,50,-0.02
P-006686,V-00698,APAC-SE,Indonesia,8,-4.3,12,81,0.05
P-006687,V-00030,SA,Brazil,4,21.3,0,83,-0.23
P-006690,V-00357,SA,Brazil,8,-4.9,8,26,0.02
P-006692,V-00398,EMEA-E,Czechia,8,6,4,28,-0.02
P-006692,V-00397,NA-MX,Mexico,2,7.8,6,33,-0.03
P-006693,V-00030,SA,Brazil,1,-5.8,6,85,0.02
P-006694,V-00305,APAC-SE,Vietnam,4,15.6,8,54,-0.06
P-006694,V-00540,NA-US,United States,2,15.4,4,79,-0.06
P-006696,V-00655,APAC-NE,South Korea,8,18.6,8,80,-0.07
P-006696,V-00546,NA-MX,Mexico,6,18.6,6,80,-0.07
P-006697,V-00754,NA-MX,Mexico,3,8.4,4,99,-0.09
P-006699,V-00207,APAC-SE,Indonesia,7,3.2,4,98,-0.01
P-006701,V-00161,SA,Argentina,2,18.8,0,65,-0.08
P-006701,V-00148,NA-US,United States,2,13.4,12,84,-0.05
P-006701,V-00326,NA-US,United States,6,15.3,4,92,-0.06
P-006702,V-00604,EMEA-E,Czechia,7,12.7,12,62,-0.05
P-006702,V-00585,SA,Brazil,5,0.4,8,58,0
P-006703,V-00364,APAC-SE,Malaysia,5,17.9,8,69,-0.07
P-006703,V-00017,APAC-NE,China,4,21.7,8,78,-0.09
P-006703,V-00371,APAC-SE,Indonesia,5,15.5,12,87,-0.06
P-006704,V-00174,EMEA-E,Turkey,5,9.6,6,44,-0.04
P-006704,V-00339,SA,Argentina,3,-2.9,12,92,0.01
P-006706,V-00821,NA-US,United States,7,4.1,0,40,-0.02
P-006707,V-00648,APAC-IN,India,5,14.5,4,91,-0.06
P-006708,V-00161,SA,Argentina,2,1.6,0,57,-0.01
P-006708,V-00306,EMEA-E,Turkey,7,-5.4,4,22,0.02
P-006709,V-00977,NA-MX,Mexico,3,4.6,0,93,-0.02
P-006709,V-00732,EMEA-E,Turkey,7,1.9,4,79,-0.01
P-006716,V-00394,SA,Argentina,7,-2,0,72,0.02
P-006717,V-00281,APAC-IN,India,7,17.5,4,62,-0.07
P-006717,V-00498,EMEA-W,France,5,19.9,0,54,-0.08
P-006719,V-00505,SA,Argentina,7,20.3,0,51,-0.08
P-006722,V-00668,APAC-NE,Taiwan,4,1.7,8,54,-0.01
P-006722,V-00238,SA,Argentina,5,2.3,4,45,-0.01
P-006722,V-00632,EMEA-W,Germany,7,-0.8,0,72,0
P-006723,V-00359,NA-MX,Mexico,6,1.8,0,88,-0.02
P-006723,V-00324,NA-US,United States,9,-1.4,6,21,0.02
P-006724,V-00018,NA-US,United States,5,18.2,6,18,-0.07
P-006724,V-00015,EMEA-E,Turkey,9,15.8,12,72,-0.06
P-006726,V-00426,APAC-SE,Malaysia,9,17.2,6,59,-0.07
P-006727,V-00140,APAC-NE,Taiwan,3,10.1,8,75,-0.04
P-006728,V-00372,NA-MX,Mexico,4,0.3,0,61,0
P-006728,V-00340,NA-US,United States,3,-5.4,0,40,0.02
P-006728,V-00199,NA-MX,Mexico,4,-5.8,4,72,0.02
P-006729,V-00602,APAC-SE,Thailand,3,16.3,4,61,-0.18
P-006729,V-00050,NA-US,United States,3,4.8,12,33,-0.05
P-006732,V-00535,EMEA-W,France,4,14,12,70,-0.15
P-006733,V-00307,SA,Brazil,6,4,12,95,-0.02
P-006733,V-00349,NA-US,United States,4,21.9,0,59,-0.09
P-006734,V-00010,EMEA-E,Romania,6,9,12,87,-0.1
P-006734,V-00104,SA,Brazil,4,21.9,4,38,-0.24
P-006735,V-00366,NA-MX,Mexico,5,8.3,4,52,-0.03
P-006735,V-00391,SA,Argentina,8,11,4,89,-0.04
P-006736,V-00646,APAC-SE,Malaysia,4,-0.7,4,58,0
P-006738,V-00348,EMEA-W,Spain,6,7.6,0,34,-0.08
P-006738,V-00778,NA-US,United States,5,-4.5,8,63,0.05
P-006738,V-00778,NA-US,United States,7,0,0,75,0
P-006740,V-00783,APAC-IN,India,4,12.9,8,93,-0.05
P-006740,V-00734,EMEA-E,Poland,6,3.8,0,51,-0.02
P-006740,V-00238,SA,Argentina,5,11.1,6,22,-0.04
P-006742,V-00184,SA,Argentina,5,1.5,8,92,-0.01
P-006744,V-00204,NA-MX,Mexico,3,14.9,0,27,-0.06
P-006745,V-00034,APAC-IN,India,3,21.3,4,56,-0.09
P-006747,V-00759,EMEA-W,Italy,3,20.4,0,99,-0.08
P-006747,V-00111,NA-MX,Mexico,6,1.7,0,65,-0.01
P-006747,V-00421,NA-US,United States,6,15.5,0,17,-0.06
P-006748,V-00773,SA,Brazil,3,-1.8,8,65,0.01
P-006748,V-00269,APAC-IN,India,8,2.2,4,65,-0.01
P-006748,V-00569,APAC-IN,India,8,1.7,12,90,-0.01
P-006749,V-00600,APAC-IN,India,8,16.1,6,34,-0.06
P-006749,V-00366,NA-MX,Mexico,4,5.3,6,51,-0.02
P-006749,V-00704,SA,Argentina,9,20.5,6,31,-0.08
P-006750,V-00470,SA,Brazil,6,7.7,0,53,-0.03
P-006750,V-00349,NA-US,United States,4,7.3,8,42,-0.03
P-006751,V-00022,APAC-IN,India,4,1.7,12,74,-0.01
P-006751,V-00381,APAC-SE,Vietnam,2,11.1,4,27,-0.04
P-006751,V-00626,NA-MX,Mexico,8,-2.1,12,84,0.01
P-006752,V-00376,SA,Brazil,3,3.8,8,67,-0.02
P-006753,V-00338,APAC-SE,Vietnam,7,-4.8,4,15,0.02
P-006754,V-00774,EMEA-E,Romania,5,6.2,12,73,-0.02
P-006754,V-00090,APAC-SE,Thailand,4,-1.6,0,73,0.01
P-006755,V-00532,APAC-SE,Thailand,4,19,8,48,-0.21
P-006755,V-00342,SA,Argentina,5,5.5,0,36,-0.06
P-006755,V-00288,NA-MX,Mexico,6,-4.3,8,19,0.05
P-006756,V-00134,APAC-SE,Indonesia,4,5.7,0,63,-0.06
P-006756,V-00849,APAC-SE,Vietnam,9,8.2,0,43,-0.09
P-006756,V-00472,APAC-SE,Vietnam,7,-1.4,0,95,0.02
P-006757,V-00008,NA-US,United States,8,18.4,4,21,-0.07
P-006757,V-00505,SA,Argentina,6,9,12,100,-0.04
P-006757,V-00629,NA-MX,Mexico,4,-1.1,12,15,0
P-006758,V-00515,EMEA-E,Turkey,7,17,12,18,-0.19
P-006758,V-00427,NA-US,United States,5,-4.5,0,23,0.05
P-006758,V-00629,NA-MX,Mexico,4,-2.2,6,97,0.02
P-006759,V-00195,APAC-NE,Taiwan,6,1.6,0,35,-0.02
P-006759,V-00625,APAC-SE,Malaysia,5,0.2,0,20,0
P-006760,V-00098,EMEA-E,Turkey,5,-3.2,4,23,0.04
P-006762,V-00176,NA-US,United States,8,11.9,0,41,-0.05
P-006763,V-00602,APAC-SE,Thailand,2,0.4,8,27,0
P-006764,V-00891,EMEA-E,Poland,6,6.8,4,100,-0.07
P-006764,V-00436,NA-US,United States,6,21.5,6,45,-0.24
P-006765,V-00036,APAC-SE,Vietnam,3,19.2,8,24,-0.08
P-006765,V-00340,NA-US,United States,3,6.3,8,31,-0.03
P-006765,V-00008,NA-US,United States,8,19.1,8,36,-0.08
P-006766,V-00641,NA-US,United States,9,-2,0,92,0.01
P-006768,V-00445,EMEA-W,France,3,17.9,12,75,-0.07
P-006769,V-00260,APAC-IN,India,3,11.2,0,71,-0.04
P-006769,V-00736,NA-US,United States,5,18.5,8,16,-0.07
P-006772,V-00366,NA-MX,Mexico,5,-2.9,12,32,0.01
P-006772,V-00430,EMEA-W,Italy,6,10.8,8,52,-0.04
P-006772,V-00317,APAC-IN,India,4,7.3,6,72,-0.03
P-006774,V-00179,APAC-SE,Thailand,5,-4.8,8,34,0.02
P-006776,V-00229,EMEA-E,Czechia,3,12.4,8,70,-0.05
P-006776,V-00407,EMEA-E,Poland,5,0.6,0,79,0
P-006776,V-00477,APAC-IN,India,7,12.9,0,57,-0.05
P-006777,V-00216,EMEA-W,Italy,5,0.4,8,61,0
P-006777,V-00096,EMEA-W,Spain,3,16.7,0,62,-0.18
P-006777,V-00441,APAC-SE,Malaysia,4,18.2,4,61,-0.2
P-006778,V-00269,APAC-IN,India,9,2.2,4,96,-0.01
P-006778,V-00654,NA-US,United States,5,11,0,18,-0.04
P-006778,V-00764,EMEA-W,Italy,7,10.9,0,25,-0.04
P-006779,V-00166,APAC-IN,India,6,2.7,8,46,-0.03
P-006779,V-00447,NA-MX,Mexico,7,-4.4,12,82,0.05
P-006779,V-00644,EMEA-E,Turkey,4,12.4,0,41,-0.14
P-006780,V-00159,EMEA-W,Italy,4,20.2,0,23,-0.22
P-006783,V-00217,EMEA-W,Spain,3,0.7,6,20,0
P-006785,V-00477,APAC-IN,India,6,19.5,8,17,-0.08
P-006787,V-00069,APAC-SE,Vietnam,3,12,12,38,-0.13
P-006787,V-00436,NA-US,United States,4,11.5,0,18,-0.13
P-006787,V-00288,NA-MX,Mexico,5,16.2,12,96,-0.18
P-006788,V-00847,APAC-NE,Japan,4,10.8,8,45,-0.04
P-006788,V-00817,APAC-IN,India,4,-5.2,0,83,0.02
P-006789,V-00540,NA-US,United States,5,14.5,0,95,-0.16
P-006789,V-00689,NA-US,United States,4,8.9,12,48,-0.1
P-006789,V-00086,EMEA-E,Czechia,8,2.9,12,99,-0.03
P-006792,V-00216,EMEA-W,Italy,3,-2.8,8,42,0.01
P-006793,V-00726,APAC-IN,India,4,14.1,4,62,-0.06
P-006793,V-00282,APAC-IN,India,8,13,6,54,-0.05
P-006793,V-00155,SA,Argentina,7,2.2,8,88,-0.01
P-006794,V-00682,NA-US,United States,3,0.9,8,22,0
P-006794,V-00451,NA-MX,Mexico,3,4.1,0,54,-0.02
P-006794,V-00532,APAC-SE,Thailand,6,15.3,4,77,-0.06
P-006795,V-00040,APAC-NE,China,8,2.2,12,28,-0.02
P-006795,V-00139,EMEA-E,Poland,2,-1,0,49,0.01
P-006797,V-00908,NA-MX,Mexico,5,-2.4,8,38,0.03
P-006797,V-00964,EMEA-W,Germany,7,-2,12,36,0.02
P-006798,V-00042,APAC-IN,India,8,21.7,12,97,-0.09
P-006799,V-00639,EMEA-E,Turkey,4,3.5,4,78,-0.01
P-006799,V-00792,EMEA-E,Romania,5,7.5,8,66,-0.03
P-006800,V-00724,EMEA-E,Turkey,6,11.1,4,46,-0.04
P-006800,V-00093,APAC-SE,Indonesia,4,4.8,0,98,-0.02
P-006801,V-00764,EMEA-W,Italy,6,-1.3,0,95,0.01
P-006802,V-00020,APAC-NE,Japan,7,1.4,8,61,-0.01
P-006803,V-00178,APAC-IN,India,5,11.3,0,43,-0.05
P-006803,V-00196,APAC-NE,Taiwan,4,14.5,0,59,-0.06
P-006804,V-00213,NA-US,United States,2,10,8,16,-0.04
P-006804,V-00374,APAC-SE,Thailand,4,5.4,0,81,-0.02
P-006804,V-00225,NA-MX,Mexico,5,21,0,36,-0.08
P-006805,V-00554,NA-US,United States,7,11.7,0,66,-0.05
P-006805,V-00173,APAC-NE,South Korea,3,15.6,8,42,-0.06
P-006806,V-00725,EMEA-W,France,7,20.1,12,53,-0.08
P-006806,V-00318,EMEA-W,France,3,-5.2,12,62,0.02
P-006809,V-00005,EMEA-E,Turkey,5,11.7,12,32,-0.05
P-006809,V-00703,NA-MX,Mexico,4,-2.4,4,24,0.01
P-006809,V-00746,EMEA-W,Spain,1,-4.2,0,66,0.02
P-006810,V-00186,EMEA-E,Romania,9,18.8,8,73,-0.08
P-006811,V-00457,NA-MX,Mexico,4,12.6,4,19,-0.05
P-006811,V-00340,NA-US,United States,3,16.9,12,71,-0.07
P-006813,V-00198,EMEA-W,Spain,6,19.1,6,99,-0.08
P-006814,V-00240,NA-US,United States,4,-1.6,12,44,0.01
P-006815,V-00250,APAC-NE,Japan,3,0.7,0,50,0
P-006816,V-00513,APAC-NE,Taiwan,9,16.6,0,63,-0.07
P-006818,V-00094,APAC-NE,China,4,1.4,0,29,-0.01
P-006819,V-00292,NA-MX,Mexico,4,3.8,8,91,-0.02
P-006819,V-00080,EMEA-W,France,3,17.9,0,93,-0.07
P-006820,V-00539,EMEA-E,Turkey,8,16.6,8,51,-0.07
P-006820,V-00325,EMEA-W,France,2,0.8,8,31,0
P-006820,V-00607,APAC-NE,Taiwan,4,19.8,0,75,-0.08
P-006822,V-00475,APAC-SE,Thailand,5,9.9,0,45,-0.11
P-006824,V-00433,SA,Brazil,8,10.2,12,57,-0.11
P-006826,V-00974,NA-MX,Mexico,7,7,0,100,-0.03
P-006828,V-00199,NA-MX,Mexico,3,-4.5,6,21,0.02
P-006828,V-00372,NA-MX,Mexico,4,11.2,6,67,-0.04
P-006828,V-00629,NA-MX,Mexico,4,12.5,12,69,-0.05
P-006829,V-00202,APAC-NE,China,6,-6,4,52,0.07
P-006832,V-00456,APAC-SE,Malaysia,6,15.2,0,93,-0.17
P-006832,V-00754,NA-MX,Mexico,5,15.9,12,59,-0.17
P-006833,V-00343,NA-MX,Mexico,4,20.3,0,30,-0.22
P-006834,V-00416,APAC-SE,Indonesia,4,-2.3,0,46,0.01
P-006834,V-00463,SA,Argentina,6,6,4,62,-0.02
P-006835,V-00689,NA-US,United States,5,2.7,0,42,-0.01
P-006835,V-00689,NA-US,United States,5,4.8,0,15,-0.02
P-006836,V-00517,NA-MX,Mexico,7,-1.5,4,19,0.01
P-006837,V-00365,APAC-IN,India,5,19.9,8,62,-0.22
P-006839,V-00069,APAC-SE,Vietnam,2,7.9,12,91,-0.03
P-006839,V-00243,APAC-IN,India,2,3.5,6,39,-0.01
P-006842,V-00641,NA-US,United States,8,8.8,6,32,-0.04
P-006842,V-00193,NA-US,United States,8,5.6,0,37,-0.02
P-006842,V-00517,NA-MX,Mexico,8,19.9,12,47,-0.08
P-006843,V-00040,APAC-NE,China,6,15.6,4,38,-0.06
P-006843,V-00153,SA,Argentina,5,15.6,0,18,-0.06
P-006843,V-00545,EMEA-W,France,4,3.3,12,64,-0.01
P-006844,V-00743,EMEA-E,Czechia,5,13,8,21,-0.14
P-006844,V-00625,APAC-SE,Malaysia,5,9.1,12,83,-0.1
P-006844,V-00333,APAC-IN,India,2,10,0,29,-0.11
P-006847,V-00305,APAC-SE,Vietnam,3,2.1,8,23,-0.01
P-006848,V-00732,EMEA-E,Turkey,5,4.3,0,31,-0.02
P-006849,V-00321,APAC-SE,Malaysia,2,3.4,12,22,-0.01
P-006850,V-00590,APAC-IN,India,7,17.8,12,73,-0.07
P-006850,V-00115,APAC-NE,Taiwan,2,12.4,12,79,-0.05
P-006850,V-00365,APAC-IN,India,7,12.2,12,41,-0.05
P-006851,V-00649,EMEA-W,France,4,-0.7,0,58,0
P-006851,V-00120,APAC-IN,India,5,5.9,4,57,-0.02
P-006853,V-00749,NA-US,United States,6,-1.7,0,61,0.02
P-006853,V-00732,EMEA-E,Turkey,7,1.9,0,86,-0.02
P-006855,V-00107,SA,Brazil,4,2.5,0,80,-0.01
P-006856,V-00085,NA-MX,Mexico,2,4.4,12,56,-0.02
P-006856,V-00390,EMEA-E,Poland,8,-3,6,77,0.01
P-006857,V-00065,EMEA-E,Romania,6,16.5,8,44,-0.07
P-006857,V-00388,EMEA-W,Spain,6,18,6,30,-0.07
P-006858,V-00631,NA-MX,Mexico,6,20.4,12,62,-0.08
P-006861,V-00437,EMEA-W,Germany,7,13.8,0,76,-0.06
P-006861,V-00303,APAC-SE,Vietnam,7,19.2,6,61,-0.08
P-006863,V-00495,SA,Brazil,5,-2.4,0,39,0.01
P-006863,V-00554,NA-US,United States,7,16.8,6,99,-0.07
P-006865,V-00008,NA-US,United States,7,19.3,12,47,-0.08
P-006869,V-00208,EMEA-W,France,8,21,6,48,-0.08
P-006870,V-00522,APAC-IN,India,4,20.9,6,70,-0.08
P-006873,V-00240,NA-US,United States,4,18.4,12,52,-0.2
P-006873,V-00201,APAC-IN,India,2,7.7,12,89,-0.08
P-006873,V-00394,SA,Argentina,6,12.3,0,71,-0.14
P-006875,V-00631,NA-MX,Mexico,4,4.7,0,59,-0.02
P-006875,V-00631,NA-MX,Mexico,6,16.6,12,36,-0.07
P-006875,V-00878,EMEA-W,France,6,12.8,4,88,-0.05
P-006877,V-00213,NA-US,United States,1,14.3,8,83,-0.16
P-006877,V-00123,EMEA-W,Spain,6,-3.7,0,59,0.04
P-006877,V-00265,SA,Brazil,8,20,0,100,-0.22
P-006879,V-00045,NA-US,United States,3,13,4,59,-0.05
P-006880,V-00616,APAC-SE,Malaysia,3,20.7,4,84,-0.08
P-006880,V-00335,EMEA-E,Czechia,3,13.3,0,97,-0.05
P-006880,V-00263,EMEA-E,Czechia,9,0.1,12,17,0
P-006881,V-00855,NA-MX,Mexico,7,-5.2,6,84,0.02
P-006883,V-00232,NA-US,United States,2,20.5,8,100,-0.08
P-006883,V-00603,SA,Argentina,5,4.7,4,76,-0.02
P-006884,V-00326,NA-US,United States,7,5.2,0,73,-0.02
P-006884,V-00390,EMEA-E,Poland,8,0.7,4,67,0
P-006884,V-00539,EMEA-E,Turkey,8,16,0,96,-0.06
P-006885,V-00427,NA-US,United States,3,20,6,58,-0.08
P-006891,V-00258,NA-US,United States,6,-2.5,4,16,0.03
P-006891,V-00644,EMEA-E,Turkey,4,13.6,12,32,-0.15
P-006892,V-00345,EMEA-E,Poland,6,3.8,0,74,-0.02
P-006892,V-00329,SA,Argentina,5,5.5,4,83,-0.02
P-006892,V-00013,SA,Argentina,3,9.5,6,51,-0.04
P-006894,V-00223,NA-MX,Mexico,8,19.2,6,77,-0.08
P-006894,V-00515,EMEA-E,Turkey,8,14.5,12,98,-0.06
P-006894,V-00594,APAC-NE,China,6,17.2,0,31,-0.07
P-006895,V-00147,APAC-SE,Malaysia,4,5.7,0,56,-0.02
P-006895,V-00085,NA-MX,Mexico,3,0.7,6,89,0
P-006895,V-00587,APAC-NE,Taiwan,5,5,0,67,-0.02
P-006896,V-00223,NA-MX,Mexico,6,1.4,4,88,-0.01
P-006896,V-00589,NA-MX,Mexico,4,17.7,12,81,-0.07
P-006898,V-00857,APAC-NE,Japan,4,3.2,12,90,-0.01
P-006898,V-00382,APAC-NE,South Korea,6,6.7,8,21,-0.03
P-006898,V-00387,EMEA-W,Germany,6,12.4,12,29,-0.05
P-006899,V-00249,APAC-SE,Indonesia,5,9.7,0,79,-0.04
P-006899,V-00331,NA-MX,Mexico,4,9.4,4,30,-0.04
P-006899,V-00431,APAC-SE,Thailand,5,2.6,8,78,-0.01
P-006900,V-00099,SA,Brazil,5,6.8,12,76,-0.03
P-006900,V-00146,NA-MX,Mexico,3,11.1,12,100,-0.04
P-006901,V-00645,NA-MX,Mexico,5,7.7,0,86,-0.08
P-006901,V-00561,APAC-NE,Japan,8,13.6,0,27,-0.15
P-006902,V-01000,EMEA-W,Spain,4,6.3,0,36,-0.03
P-006903,V-00089,NA-US,United States,6,20.7,6,24,-0.23
P-006903,V-00602,APAC-SE,Thailand,4,0.2,8,19,0
P-006905,V-00790,APAC-SE,Malaysia,6,7.7,6,44,-0.03
P-006905,V-00365,APAC-IN,India,5,0,4,94,0
P-006906,V-00796,NA-MX,Mexico,4,3.7,8,30,-0.04
P-006907,V-00537,SA,Brazil,8,4.9,0,15,-0.02
P-006907,V-00066,EMEA-E,Turkey,7,-3.2,0,25,0.01
P-006907,V-00544,APAC-IN,India,4,7.5,8,81,-0.03
P-006908,V-00305,APAC-SE,Vietnam,4,-3.6,0,36,0.01
P-006908,V-00540,NA-US,United States,4,4.5,12,58,-0.02
P-006912,V-00038,APAC-IN,India,4,6,12,38,-0.07
P-006912,V-00227,APAC-SE,Indonesia,4,8.3,0,62,-0.09
P-006912,V-00926,EMEA-E,Czechia,3,10,6,27,-0.11
P-006913,V-00168,APAC-SE,Vietnam,4,18.3,0,85,-0.07
P-006913,V-00706,APAC-IN,India,4,6.7,4,66,-0.03
P-006914,V-00256,APAC-NE,Taiwan,6,17.2,8,62,-0.07
P-006914,V-00748,NA-US,United States,3,15.8,0,22,-0.06
P-006914,V-00665,APAC-SE,Vietnam,2,7,4,31,-0.03
P-006915,V-00632,EMEA-W,Germany,7,-1.6,8,49,0.01
P-006915,V-00412,APAC-SE,Vietnam,8,14.9,4,62,-0.06
P-006916,V-00378,NA-MX,Mexico,6,21.5,12,63,-0.24
P-006920,V-00312,NA-US,United States,7,-0.4,12,48,0
P-006920,V-00569,APAC-IN,India,8,-6,12,54,0.07
P-006920,V-00654,NA-US,United States,6,7.5,8,38,-0.08
P-006921,V-00217,EMEA-W,Spain,4,17.2,6,91,-0.19
P-006921,V-00890,APAC-IN,India,4,21,8,20,-0.23
P-006922,V-00303,APAC-SE,Vietnam,9,21.2,12,49,-0.23
P-006922,V-00231,APAC-SE,Vietnam,6,3.8,6,34,-0.04
P-006922,V-00317,APAC-IN,India,4,7.9,12,30,-0.09
P-006923,V-00628,APAC-SE,Indonesia,8,0.7,12,21,0
P-006925,V-00964,EMEA-W,Germany,9,19.1,12,38,-0.08
P-006926,V-00425,NA-US,United States,6,20.6,8,85,-0.08
P-006926,V-00516,EMEA-W,Italy,3,19.1,4,72,-0.08
P-006929,V-00107,SA,Brazil,3,-4.1,8,95,0.05
P-006929,V-00514,APAC-NE,Japan,6,-3.2,8,33,0.04
P-006930,V-00463,SA,Argentina,6,20.2,8,87,-0.22
P-006930,V-00024,NA-US,United States,5,3.7,0,59,-0.04
P-006932,V-00575,EMEA-W,France,5,12,6,72,-0.13
P-006934,V-00233,NA-MX,Mexico,6,15.5,6,73,-0.17
P-006934,V-00581,NA-MX,Mexico,5,9.1,12,16,-0.1
P-006937,V-00635,SA,Argentina,7,-3.6,6,97,0.01
P-006937,V-00127,NA-MX,Mexico,4,-1.3,4,25,0.01
P-006937,V-00490,APAC-IN,India,4,2,8,84,-0.01
P-006938,V-00347,APAC-SE,Malaysia,5,0,4,75,0
P-006938,V-00791,APAC-SE,Vietnam,7,-0.9,0,47,0
P-006941,V-00458,APAC-SE,Indonesia,4,11.2,12,37,-0.04
P-006941,V-00269,APAC-IN,India,7,10.5,6,24,-0.04
P-006941,V-00287,EMEA-W,France,3,11.6,8,48,-0.05
P-006944,V-00662,APAC-IN,India,3,5.3,6,78,-0.06
P-006944,V-00002,APAC-NE,China,3,20.1,0,33,-0.22
P-006945,V-00672,EMEA-E,Romania,3,-0.4,8,69,0
P-006945,V-00762,NA-US,United States,5,0.9,8,50,0
P-006949,V-00237,EMEA-W,Italy,1,13,6,38,-0.14
P-006949,V-00537,SA,Brazil,7,15.4,4,23,-0.17
P-006953,V-00682,NA-US,United States,3,18.8,0,79,-0.08
P-006953,V-00672,EMEA-E,Romania,6,9.6,8,40,-0.04
P-006953,V-00847,APAC-NE,Japan,4,-1.4,0,68,0.01
P-006954,V-00347,APAC-SE,Malaysia,4,13.2,4,93,-0.05
P-006954,V-00605,APAC-NE,Taiwan,9,4.8,12,75,-0.02
P-006954,V-00537,SA,Brazil,8,14.4,4,36,-0.06
P-006956,V-00140,APAC-NE,Taiwan,4,6.3,0,26,-0.03
P-006956,V-00158,NA-US,United States,3,14.5,8,74,-0.06
P-006958,V-00709,NA-MX,Mexico,7,14.8,6,94,-0.16
P-006958,V-00812,NA-MX,Mexico,6,4.4,0,36,-0.05
P-006959,V-00737,APAC-SE,Indonesia,8,13.4,8,87,-0.05
P-006959,V-00281,APAC-IN,India,5,17.8,0,46,-0.07
P-006959,V-00098,EMEA-E,Turkey,3,-0.9,0,83,0
P-006960,V-00844,SA,Brazil,6,7.8,0,79,-0.03
P-006960,V-00630,APAC-NE,China,8,-3.8,6,61,0.02
P-006961,V-00464,EMEA-W,Spain,7,10.1,6,69,-0.04
P-006961,V-00737,APAC-SE,Indonesia,7,11,6,76,-0.04
P-006961,V-00652,SA,Argentina,9,8.5,4,49,-0.03
P-006962,V-00511,EMEA-W,France,7,19.6,8,41,-0.08
P-006962,V-00572,EMEA-W,Spain,5,7.6,6,17,-0.03
P-006962,V-00149,NA-US,United States,5,16.4,8,78,-0.07
P-006963,V-00560,NA-US,United States,8,11,4,40,-0.04
P-006963,V-00509,APAC-IN,India,3,1.9,4,31,-0.01
P-006963,V-00847,APAC-NE,Japan,5,20.8,0,61,-0.08
P-006965,V-00140,APAC-NE,Taiwan,2,5.8,12,29,-0.02
P-006965,V-00569,APAC-IN,India,8,0.3,8,20,0
P-006966,V-00484,EMEA-E,Romania,6,16.6,0,35,-0.07
P-006966,V-00422,EMEA-E,Turkey,7,14.9,12,32,-0.06
P-006966,V-00049,NA-MX,Mexico,6,-5.1,4,76,0.02
P-006970,V-00709,NA-MX,Mexico,6,-1.7,12,80,0.01
P-006970,V-00649,EMEA-W,France,5,6.8,4,20,-0.03
P-006970,V-00232,NA-US,United States,4,19.2,12,15,-0.08
P-006971,V-00160,EMEA-E,Czechia,5,-1.7,0,32,0.01
P-006971,V-00671,SA,Argentina,2,10.7,6,27,-0.04
P-006972,V-00158,NA-US,United States,3,6.4,0,34,-0.03
P-006973,V-00839,EMEA-E,Czechia,8,15.8,4,92,-0.06
P-006973,V-00759,EMEA-W,Italy,4,20.6,0,79,-0.08
P-006973,V-00794,APAC-IN,India,4,5.2,6,47,-0.02
P-006975,V-00671,SA,Argentina,4,2.3,4,91,-0.01
P-006975,V-00768,APAC-SE,Indonesia,4,20.9,12,60,-0.08
P-006975,V-00601,EMEA-W,France,5,10.9,8,26,-0.04
P-006976,V-00613,EMEA-W,Spain,8,15.7,0,85,-0.06
P-006977,V-00213,NA-US,United States,3,1.9,0,51,-0.01
P-006980,V-00021,SA,Argentina,8,8.6,8,70,-0.03
P-006981,V-00412,APAC-SE,Vietnam,8,1.3,6,61,-0.01
P-006981,V-00542,SA,Argentina,6,11.5,6,58,-0.05
P-006981,V-00251,SA,Argentina,4,-5.6,0,50,0.02
P-006984,V-00507,APAC-NE,Taiwan,4,2,8,67,-0.01
P-006984,V-00765,EMEA-E,Poland,9,3.4,8,54,-0.01
P-006984,V-00271,APAC-NE,China,7,-5.4,0,93,0.02
P-006985,V-00098,EMEA-E,Turkey,5,4,8,46,-0.02
P-006986,V-00791,APAC-SE,Vietnam,7,1.7,8,29,-0.01
P-006986,V-00528,SA,Brazil,4,-4,4,47,0.02
P-006986,V-00791,APAC-SE,Vietnam,8,6.9,4,20,-0.03
P-006987,V-00043,APAC-NE,Taiwan,2,7.8,8,77,-0.03
P-006990,V-00969,NA-MX,Mexico,5,10.1,0,54,-0.04
P-006992,V-00009,APAC-SE,Indonesia,2,-4.2,8,60,0.05
P-006992,V-00061,NA-MX,Mexico,2,12.6,0,88,-0.14
P-006994,V-00917,APAC-NE,Japan,4,5.4,0,87,-0.02
P-006995,V-00628,APAC-SE,Indonesia,8,-2,4,68,0.01
P-006996,V-00061,NA-MX,Mexico,2,-0.4,6,44,0
P-006996,V-00269,APAC-IN,India,6,-0.2,12,75,0
P-006997,V-00868,SA,Brazil,7,5.8,8,43,-0.02
P-006998,V-00745,APAC-SE,Malaysia,1,10.2,8,62,-0.11
P-006998,V-00227,APAC-SE,Indonesia,6,7.6,0,60,-0.08
P-006998,V-00055,APAC-IN,India,6,13.9,0,35,-0.15
P-006999,V-00023,NA-MX,Mexico,7,19.7,12,52,-0.08
P-006999,V-00134,APAC-SE,Indonesia,3,13.9,12,79,-0.06
P-006999,V-00583,APAC-NE,Japan,4,1.5,6,53,-0.01
P-007000,V-00067,EMEA-W,France,4,19,8,84,-0.08
P-007000,V-00639,EMEA-E,Turkey,4,13.3,0,16,-0.05
P-007000,V-00014,APAC-NE,South Korea,7,14,0,53,-0.06
P-007004,V-00788,NA-MX,Mexico,4,-5.1,12,50,0.02
P-007005,V-00736,NA-US,United States,4,21.8,4,92,-0.24
P-007005,V-00377,EMEA-W,Spain,4,20.1,8,63,-0.22
P-007007,V-00329,SA,Argentina,4,7.3,8,38,-0.03
P-007008,V-00164,EMEA-W,Spain,8,2.7,4,19,-0.01
P-007008,V-00604,EMEA-E,Czechia,7,8.9,12,37,-0.04
P-007009,V-00239,NA-MX,Mexico,6,7.6,0,45,-0.03
P-007009,V-00384,EMEA-W,Italy,6,0.4,6,88,0
P-007009,V-00309,APAC-NE,China,4,13.8,12,48,-0.06
P-007010,V-00138,EMEA-W,France,2,11.4,6,94,-0.05
P-007010,V-00398,EMEA-E,Czechia,7,-1.8,4,91,0.01
P-007010,V-00179,APAC-SE,Thailand,5,-5.6,0,72,0.02
P-007015,V-00212,NA-MX,Mexico,5,1.4,0,58,-0.01
P-007015,V-00779,APAC-SE,Malaysia,5,18.6,12,87,-0.07
P-007015,V-00789,SA,Argentina,3,21.8,0,97,-0.09
P-007017,V-00647,APAC-SE,Vietnam,4,14.6,6,74,-0.16
P-007019,V-00453,SA,Brazil,5,17.6,0,69,-0.07
P-007019,V-00504,NA-US,United States,5,3.6,8,96,-0.01
P-007019,V-00142,EMEA-W,Italy,5,-3.5,4,78,0.01
P-007021,V-00214,EMEA-W,France,6,19,6,32,-0.08
P-007021,V-00724,EMEA-E,Turkey,8,-5.9,0,59,0.02
P-007022,V-00516,EMEA-W,Italy,4,17.5,12,22,-0.19
P-007022,V-00215,APAC-SE,Indonesia,4,20.3,4,50,-0.22
P-007022,V-00088,APAC-SE,Vietnam,5,3.5,6,35,-0.04
P-007023,V-00185,APAC-IN,India,8,-4.9,12,78,0.02
P-007023,V-00494,APAC-IN,India,7,0.9,6,62,0
P-007023,V-00719,NA-US,United States,5,13,4,54,-0.05
P-007024,V-00044,NA-US,United States,4,-0.4,4,48,0
P-007025,V-00216,EMEA-W,Italy,4,0.8,0,76,0
P-007025,V-00204,NA-MX,Mexico,4,22,4,100,-0.09
P-007025,V-00253,APAC-NE,Taiwan,6,-4,0,40,0.02
P-007026,V-00484,EMEA-E,Romania,7,4.9,12,39,-0.05
P-007026,V-00661,APAC-SE,Vietnam,3,-5,4,76,0.06
P-007026,V-00469,APAC-SE,Indonesia,4,20.9,0,30,-0.23
P-007027,V-00388,EMEA-W,Spain,6,-0.4,0,85,0
P-007027,V-00081,EMEA-E,Romania,8,11.4,0,17,-0.05
P-007027,V-00089,NA-US,United States,5,7.7,12,26,-0.03
P-007032,V-00539,EMEA-E,Turkey,8,12.3,6,51,-0.05
P-007032,V-00257,SA,Brazil,5,8.3,6,100,-0.03
P-007036,V-00169,NA-MX,Mexico,7,13.6,6,90,-0.05
P-007036,V-00277,NA-US,United States,6,2.5,0,89,-0.01
P-007037,V-00226,SA,Brazil,7,20.5,8,88,-0.08
P-007037,V-00645,NA-MX,Mexico,7,-4.4,6,80,0.02
P-007037,V-00807,EMEA-E,Turkey,7,18.4,8,49,-0.07
P-007038,V-00329,SA,Argentina,4,20.8,4,37,-0.23
P-007039,V-00533,APAC-IN,India,4,10.4,12,53,-0.04
P-007041,V-00369,EMEA-E,Romania,2,-4.6,12,96,0.02
P-007041,V-00306,EMEA-E,Turkey,8,0.2,0,32,0
P-007042,V-00946,NA-MX,Mexico,4,21.5,6,96,-0.09
P-007042,V-00974,NA-MX,Mexico,8,-3.1,0,35,0.01
P-007043,V-00456,APAC-SE,Malaysia,5,13.4,0,64,-0.05
P-007044,V-00672,EMEA-E,Romania,4,5.1,0,30,-0.02
P-007044,V-00281,APAC-IN,India,7,13.8,12,91,-0.06
P-007044,V-00762,NA-US,United States,5,2.9,0,30,-0.01
P-007045,V-00490,APAC-IN,India,6,4.7,0,37,-0.02
P-007045,V-00627,SA,Brazil,7,9.3,12,80,-0.04
P-007047,V-00519,APAC-NE,Taiwan,6,3,12,20,-0.01
P-007047,V-00158,NA-US,United States,3,9.6,0,99,-0.04
P-007048,V-00618,APAC-NE,South Korea,6,-3.5,6,75,0.04
P-007048,V-00654,NA-US,United States,6,10.8,8,86,-0.12
P-007049,V-00624,NA-US,United States,4,9.2,4,33,-0.04
P-007050,V-00624,NA-US,United States,2,19.5,4,54,-0.08
P-007050,V-00558,EMEA-E,Turkey,8,19.3,6,47,-0.08
P-007050,V-00974,NA-MX,Mexico,7,4.4,0,35,-0.02
P-007051,V-00114,APAC-NE,Taiwan,5,-0.6,4,93,0
P-007051,V-00817,APAC-IN,India,2,1,4,50,0
P-007052,V-00822,NA-US,United States,9,8.3,0,24,-0.03
P-007052,V-00449,NA-US,United States,5,-5.3,6,82,0.02
P-007052,V-00277,NA-US,United States,6,17.4,6,60,-0.07
P-007053,V-00517,NA-MX,Mexico,9,-0.9,6,33,0.01
P-007053,V-00597,NA-US,United States,3,-0.5,4,52,0.01
P-007053,V-00042,APAC-IN,India,7,12.4,8,92,-0.14
P-007056,V-00168,APAC-SE,Vietnam,4,-0.7,0,70,0
P-007059,V-00181,APAC-NE,Taiwan,8,2.1,0,98,-0.01
P-007059,V-00384,EMEA-W,Italy,7,5.4,0,81,-0.02
P-007060,V-00283,EMEA-W,France,4,5.1,0,72,-0.02
P-007060,V-00541,APAC-SE,Malaysia,8,-0.4,6,32,0
P-007060,V-00266,SA,Brazil,6,7.9,4,76,-0.03
P-007062,V-00139,EMEA-E,Poland,3,10.5,0,100,-0.12
P-007062,V-00778,NA-US,United States,7,-2.8,0,61,0.03
P-007063,V-00528,SA,Brazil,4,10.9,6,85,-0.04
P-007064,V-00420,APAC-SE,Malaysia,5,8.6,4,90,-0.03
P-007065,V-00509,APAC-IN,India,2,3.6,0,94,-0.01
P-007065,V-00114,APAC-NE,Taiwan,5,7,6,72,-0.03
P-007066,V-00040,APAC-NE,China,5,16.9,4,33,-0.19
P-007066,V-00545,EMEA-W,France,4,11.4,0,85,-0.13
P-007067,V-00020,APAC-NE,Japan,5,-4.1,6,89,0.02
P-007067,V-00783,APAC-IN,India,4,8.3,4,73,-0.03
P-007067,V-00632,EMEA-W,Germany,7,-3.7,4,74,0.01
P-007069,V-00459,EMEA-E,Turkey,4,-4.8,0,50,0.05
P-007069,V-00568,APAC-IN,India,7,20.6,4,71,-0.23
P-007071,V-00072,APAC-SE,Vietnam,8,15.4,6,40,-0.17
P-007071,V-00348,EMEA-W,Spain,4,12.3,6,88,-0.14
P-007073,V-00112,NA-US,United States,7,13.3,0,64,-0.15
P-007073,V-00373,NA-MX,Mexico,6,11.8,8,33,-0.13
P-007073,V-00128,SA,Brazil,5,17.4,8,75,-0.19
P-007074,V-00415,APAC-NE,Taiwan,3,11.5,0,80,-0.05
P-007078,V-00411,EMEA-E,Turkey,6,0.3,0,89,0
P-007080,V-00378,NA-MX,Mexico,5,13.6,0,22,-0.05
P-007083,V-00725,EMEA-W,France,7,15.8,0,39,-0.06
P-007083,V-00395,NA-US,United States,4,-3.7,12,53,0.01
P-007083,V-00545,EMEA-W,France,4,21.2,8,85,-0.08
P-007085,V-00443,NA-US,United States,3,13.1,0,72,-0.05
P-007085,V-00079,APAC-IN,India,7,-4.4,0,23,0.02
P-007085,V-00112,NA-US,United States,7,-0.6,12,33,0
P-007086,V-00734,EMEA-E,Poland,6,20.2,0,21,-0.08
P-007086,V-00402,EMEA-W,France,5,19.4,12,75,-0.08
P-007087,V-00115,APAC-NE,Taiwan,3,-1.3,12,85,0.01
P-007087,V-00023,NA-MX,Mexico,6,13.5,4,65,-0.05
P-007090,V-00310,EMEA-E,Czechia,8,21.2,8,47,-0.08
P-007091,V-00647,APAC-SE,Vietnam,3,7.1,8,34,-0.03
P-007091,V-00627,SA,Brazil,7,1.6,8,94,-0.01
P-007091,V-00060,APAC-SE,Indonesia,5,16.2,0,46,-0.06
P-007092,V-00502,SA,Argentina,3,15.1,6,88,-0.06
P-007093,V-00125,EMEA-W,France,7,3.6,4,31,-0.01
P-007093,V-00759,EMEA-W,Italy,6,11.7,6,25,-0.05
P-007093,V-00057,NA-MX,Mexico,8,7,6,98,-0.03
P-007095,V-00586,NA-MX,Mexico,7,-6,4,45,0.02
P-007096,V-00102,APAC-IN,India,4,-5.5,4,23,0.02
P-007096,V-00829,APAC-NE,Japan,3,8.1,4,55,-0.03
P-007097,V-00077,NA-US,United States,4,9.2,6,35,-0.04
P-007097,V-00278,APAC-IN,India,8,5.7,4,38,-0.02
P-007097,V-00005,EMEA-E,Turkey,4,-0.4,4,61,0
P-007098,V-00765,EMEA-E,Poland,8,11.5,0,42,-0.05
P-007098,V-00314,SA,Brazil,9,3,4,51,-0.01
P-007098,V-00321,APAC-SE,Malaysia,2,-5.4,8,32,0.02
P-007099,V-00783,APAC-IN,India,2,-3.4,0,55,0.01
P-007099,V-00785,SA,Argentina,5,8.6,0,52,-0.03
P-007099,V-00542,SA,Argentina,5,-0.2,0,96,0
P-007100,V-00488,APAC-IN,India,4,21,6,78,-0.23
P-007100,V-00555,APAC-IN,India,7,10.4,8,47,-0.11
P-007102,V-00281,APAC-IN,India,5,20.8,0,66,-0.08
P-007104,V-00102,APAC-IN,India,4,5,0,48,-0.02
P-007105,V-00586,NA-MX,Mexico,6,14.8,6,36,-0.06
P-007105,V-00514,APAC-NE,Japan,4,9.1,0,70,-0.04
P-007107,V-00124,EMEA-W,France,5,-5.7,4,95,0.06
P-007107,V-00106,NA-MX,Mexico,5,-0.9,12,76,0.01
P-007107,V-00056,APAC-SE,Malaysia,5,6.1,0,56,-0.07
P-007108,V-00476,EMEA-E,Romania,8,13.3,8,31,-0.05
P-007110,V-00566,APAC-NE,South Korea,4,18.5,12,75,-0.2
P-007110,V-01139,EMEA-E,Czechia,6,16.2,6,77,-0.18
P-007110,V-00802,EMEA-W,Italy,6,11.7,8,66,-0.13
P-007111,V-00678,NA-MX,Mexico,4,6.1,0,47,-0.02
P-007111,V-00428,NA-MX,Mexico,6,19.6,8,53,-0.08
P-007112,V-00259,APAC-NE,China,5,6.2,8,25,-0.07
P-007112,V-00571,EMEA-E,Czechia,6,9.4,4,26,-0.1
P-007114,V-00616,APAC-SE,Malaysia,3,14.3,0,16,-0.06
P-007114,V-00201,APAC-IN,India,3,4.5,12,61,-0.02
P-007115,V-00914,EMEA-W,Italy,3,20.7,6,72,-0.08
P-007115,V-00596,EMEA-E,Turkey,4,16.5,0,49,-0.07
P-007116,V-00140,APAC-NE,Taiwan,3,15.5,12,22,-0.06
P-007117,V-00127,NA-MX,Mexico,3,11.1,12,32,-0.04
P-007118,V-00358,APAC-NE,Japan,4,12.6,0,38,-0.05
P-007118,V-00015,EMEA-E,Turkey,8,-2.6,8,72,0.01
P-007122,V-00131,EMEA-E,Czechia,6,18.4,12,62,-0.07
P-007122,V-00422,EMEA-E,Turkey,6,-0.9,8,78,0
P-007124,V-00573,NA-MX,Mexico,8,20.7,6,79,-0.08
P-007124,V-00323,EMEA-E,Czechia,4,19.2,4,62,-0.08
P-007125,V-00126,APAC-SE,Indonesia,3,2.1,12,54,-0.01
P-007125,V-00557,EMEA-W,Germany,4,8.6,4,29,-0.03
P-007125,V-00056,APAC-SE,Malaysia,8,18.6,0,61,-0.07
P-007126,V-00325,EMEA-W,France,2,0.5,8,90,0
P-007126,V-00385,SA,Brazil,8,7.5,6,61,-0.03
P-007126,V-00147,APAC-SE,Malaysia,5,17.7,8,85,-0.07
P-007129,V-00075,APAC-IN,India,5,12.8,8,71,-0.05
P-007129,V-00563,APAC-SE,Thailand,2,8.4,12,48,-0.03
P-007130,V-00744,SA,Brazil,5,7.9,12,27,-0.09
P-007130,V-00329,SA,Argentina,4,-1.5,6,91,0.02
P-007130,V-00598,APAC-IN,India,7,-4.6,12,47,0.05
P-007133,V-00167,APAC-IN,India,6,-2.8,0,74,0.03
P-007134,V-00392,NA-US,United States,3,17.4,4,91,-0.07
P-007135,V-00245,NA-US,United States,5,5.6,4,92,-0.02
P-007135,V-00118,SA,Brazil,6,2,4,26,-0.01
P-007135,V-00620,EMEA-W,Germany,4,20.2,0,68,-0.08
P-007136,V-00557,EMEA-W,Germany,3,1.2,8,51,0
P-007136,V-00124,EMEA-W,France,8,-0.5,12,70,0
P-007136,V-00274,EMEA-W,Spain,2,4.9,0,33,-0.02
P-007138,V-00300,APAC-NE,Japan,6,20.6,4,36,-0.23
P-007139,V-00851,SA,Argentina,4,14.3,4,60,-0.06
P-007139,V-00022,APAC-IN,India,3,5.3,0,20,-0.02
P-007139,V-00508,SA,Brazil,3,-0.3,6,58,0
P-007140,V-00434,APAC-NE,Japan,5,15.5,4,49,-0.06
P-007140,V-00197,APAC-SE,Indonesia,6,-0.4,0,89,0
P-007140,V-00836,SA,Argentina,6,5.9,12,69,-0.02
P-007141,V-00637,NA-MX,Mexico,4,14.1,0,40,-0.06
P-007143,V-00064,NA-MX,Mexico,5,2.4,4,70,-0.01
P-007143,V-00969,NA-MX,Mexico,3,21.2,4,24,-0.08
P-007143,V-00878,EMEA-W,France,7,15.2,0,55,-0.06
P-007145,V-00280,APAC-IN,India,5,4.9,6,63,-0.02
P-007148,V-00156,SA,Argentina,5,-0.2,12,62,0
P-007148,V-00748,NA-US,United States,4,7.9,0,59,-0.03
P-007148,V-00401,SA,Brazil,6,0.2,4,70,0
P-007149,V-00187,APAC-NE,South Korea,3,10.8,12,74,-0.04
P-007149,V-00554,NA-US,United States,5,19.6,4,58,-0.08
P-007149,V-00306,EMEA-E,Turkey,6,1,4,64,0
P-007150,V-00059,EMEA-E,Czechia,3,17.8,0,87,-0.2
P-007152,V-00962,APAC-NE,Japan,7,14.1,12,97,-0.06
P-007152,V-00270,APAC-IN,India,6,17.6,6,77,-0.07
P-007152,V-00556,EMEA-E,Romania,5,2.2,0,34,-0.01
P-007153,V-00082,SA,Argentina,5,8.2,12,23,-0.09
P-007153,V-00134,APAC-SE,Indonesia,4,14.4,0,97,-0.16
P-007153,V-00297,APAC-NE,Taiwan,6,14.3,12,89,-0.16
P-007154,V-00623,APAC-NE,South Korea,7,1.1,0,43,-0.01
P-007154,V-00405,NA-MX,Mexico,2,-5.5,12,40,0.06
P-007154,V-00515,EMEA-E,Turkey,8,2.5,12,98,-0.03
P-007155,V-00028,APAC-IN,India,5,-3,12,93,0.01
P-007155,V-00179,APAC-SE,Thailand,5,-5.4,12,53,0.02
P-007155,V-00131,EMEA-E,Czechia,8,-5.4,8,68,0.02
P-007156,V-00227,APAC-SE,Indonesia,7,9.2,0,29,-0.04
P-007157,V-00822,NA-US,United States,6,9,0,77,-0.04
P-007158,V-00093,APAC-SE,Indonesia,5,6.6,4,94,-0.03
P-007158,V-00596,EMEA-E,Turkey,4,3.5,0,27,-0.01
P-007158,V-00077,NA-US,United States,6,5.6,6,40,-0.02
P-007159,V-00855,NA-MX,Mexico,8,13.5,6,45,-0.05
P-007162,V-00196,APAC-NE,Taiwan,7,2,8,42,-0.02
P-007162,V-00669,APAC-SE,Vietnam,6,19.3,4,64,-0.21
P-007162,V-00342,SA,Argentina,5,8,4,95,-0.09
P-007163,V-00046,NA-MX,Mexico,4,16.9,4,88,-0.07
P-007165,V-00421,NA-US,United States,6,8.9,8,85,-0.04
P-007165,V-00115,APAC-NE,Taiwan,3,16.6,8,90,-0.07
P-007165,V-00217,EMEA-W,Spain,2,17.9,12,97,-0.07
P-007167,V-00577,EMEA-E,Czechia,4,-0.6,0,24,0.01
P-007169,V-00149,NA-US,United States,4,3.6,12,75,-0.01
P-007170,V-00312,NA-US,United States,8,5.7,8,56,-0.02
P-007170,V-00302,NA-US,United States,4,19.1,12,80,-0.08
P-007171,V-00751,APAC-SE,Indonesia,6,18.7,4,80,-0.07
P-007171,V-00625,APAC-SE,Malaysia,6,15.8,8,76,-0.06
P-007171,V-00538,APAC-IN,India,6,20.5,6,56,-0.08
P-007174,V-00653,EMEA-E,Czechia,4,14.4,0,22,-0.06
P-007176,V-00338,APAC-SE,Vietnam,7,13,6,70,-0.05
P-007176,V-00037,SA,Brazil,8,1.1,4,32,0
P-007178,V-00500,SA,Argentina,6,15.7,0,79,-0.06
P-007179,V-00831,APAC-SE,Thailand,2,20.9,4,83,-0.23
P-007180,V-00475,APAC-SE,Thailand,5,13,12,83,-0.05
P-007180,V-00304,NA-US,United States,4,19.9,8,53,-0.08
P-007182,V-00300,APAC-NE,Japan,4,18.6,8,31,-0.07
P-007182,V-00557,EMEA-W,Germany,3,18.3,12,74,-0.07
P-007183,V-00923,NA-MX,Mexico,5,20.6,8,95,-0.23
P-007184,V-00764,EMEA-W,Italy,7,3.1,8,57,-0.01
P-007186,V-00182,SA,Argentina,5,19.4,0,77,-0.08
P-007186,V-00264,APAC-IN,India,8,17.9,12,42,-0.07
P-007186,V-00842,EMEA-E,Romania,7,-5.4,0,49,0.02
P-007187,V-00144,SA,Brazil,3,4.4,0,87,-0.05
P-007189,V-00739,SA,Brazil,3,8.6,4,88,-0.03
P-007189,V-00569,APAC-IN,India,8,15.8,6,67,-0.06
P-007189,V-00350,NA-US,United States,6,19.6,6,15,-0.08
P-007190,V-00304,NA-US,United States,4,13.2,4,71,-0.05
P-007192,V-00480,APAC-NE,Taiwan,6,8,4,56,-0.03
P-007193,V-00672,EMEA-E,Romania,5,6.3,0,82,-0.03
P-007196,V-00004,APAC-NE,Japan,1,-0.4,8,38,0
P-007196,V-00022,APAC-IN,India,5,0.7,0,51,-0.01
P-007196,V-00593,APAC-IN,India,5,-4.1,8,54,0.05
P-007197,V-00630,APAC-NE,China,6,6.8,6,49,-0.03
P-007198,V-00133,EMEA-E,Turkey,2,-2,6,75,0.02
P-007198,V-00804,SA,Brazil,2,10.6,12,90,-0.12
P-007199,V-00124,EMEA-W,France,7,14,0,57,-0.06
P-007199,V-00371,APAC-SE,Indonesia,7,-5,4,23,0.02
P-007199,V-00170,EMEA-W,Germany,6,7.5,12,68,-0.03
P-007201,V-00930,EMEA-W,France,2,1.7,12,28,-0.01
P-007201,V-00553,EMEA-E,Romania,2,14.4,8,91,-0.06
P-007201,V-00726,APAC-IN,India,5,9.7,12,16,-0.04
P-007202,V-00062,NA-US,United States,8,12.5,8,78,-0.14
P-007203,V-00237,EMEA-W,Italy,2,8.9,12,37,-0.04
P-007203,V-00537,SA,Brazil,6,-1.8,0,48,0.01
P-007204,V-00239,NA-MX,Mexico,8,5.6,0,47,-0.06
P-007205,V-00129,APAC-NE,Japan,4,1.1,0,46,0
P-007206,V-00802,EMEA-W,Italy,6,19.1,0,59,-0.08
P-007206,V-01000,EMEA-W,Spain,2,10.3,6,33,-0.04
P-007206,V-00974,NA-MX,Mexico,8,15.3,6,44,-0.06
P-007207,V-00822,NA-US,United States,7,13.5,6,47,-0.05
P-007208,V-00683,NA-US,United States,2,20.6,8,98,-0.23
P-007209,V-00739,SA,Brazil,4,1,12,47,0
P-007210,V-00483,EMEA-W,Germany,6,15.3,0,39,-0.06
P-007210,V-00607,APAC-NE,Taiwan,5,10.6,8,43,-0.04
P-007211,V-00143,APAC-SE,Vietnam,4,8.6,0,50,-0.03
P-007212,V-00135,NA-MX,Mexico,5,7.1,8,63,-0.03
P-007212,V-00515,EMEA-E,Turkey,7,14.5,6,16,-0.06
P-007213,V-00081,EMEA-E,Romania,8,17.7,0,43,-0.19
P-007214,V-00145,NA-MX,Mexico,7,12.9,6,39,-0.05
P-007214,V-00540,NA-US,United States,4,17.3,6,38,-0.07
P-007214,V-00407,EMEA-E,Poland,4,1.6,6,63,-0.01
P-007215,V-00557,EMEA-W,Germany,4,21.9,0,92,-0.09
P-007216,V-00334,NA-US,United States,3,1.2,12,41,0
P-007217,V-00703,NA-MX,Mexico,5,20.1,12,32,-0.08
P-007219,V-00570,APAC-NE,Japan,4,18.2,12,70,-0.07
P-007219,V-00118,SA,Brazil,6,17.5,12,78,-0.07
P-007220,V-00546,NA-MX,Mexico,4,9.4,12,30,-0.04
P-007220,V-00411,EMEA-E,Turkey,6,-2.2,12,91,0.01
P-007220,V-00411,EMEA-E,Turkey,5,21.4,4,86,-0.09
P-007224,V-00527,NA-MX,Mexico,4,4.9,4,94,-0.02
P-007225,V-00518,APAC-SE,Vietnam,4,8.7,0,68,-0.03
P-007225,V-00352,SA,Brazil,5,0.9,0,15,0
P-007225,V-00307,SA,Brazil,6,16.6,0,67,-0.07
P-007226,V-00676,NA-US,United States,4,-2.6,8,49,0.01
P-007227,V-00022,APAC-IN,India,5,-4.5,4,58,0.02
P-007227,V-00228,SA,Brazil,5,-4,12,49,0.02
P-007227,V-00356,NA-MX,Mexico,7,3.9,4,77,-0.02
P-007229,V-00728,NA-US,United States,4,4.6,0,70,-0.02
P-007229,V-01073,EMEA-W,Spain,9,12.9,8,54,-0.05
P-007231,V-00282,APAC-IN,India,8,0.3,12,24,0
P-007231,V-00548,EMEA-W,Italy,6,6.5,4,95,-0.07
P-007231,V-00548,EMEA-W,Italy,8,1.4,6,50,-0.02
P-007232,V-00723,EMEA-E,Poland,3,18.7,12,53,-0.21
P-007233,V-00164,EMEA-W,Spain,7,20.5,12,42,-0.23
P-007236,V-00154,APAC-SE,Malaysia,6,-3.8,0,41,0.02
P-007237,V-00240,NA-US,United States,3,-3.4,0,64,0.01
P-007240,V-00014,APAC-NE,South Korea,5,10.9,6,52,-0.04
P-007241,V-00304,NA-US,United States,4,-1.4,0,20,0.02
P-007242,V-00311,EMEA-W,Spain,5,20.4,4,49,-0.22
P-007242,V-00674,NA-MX,Mexico,7,2,12,75,-0.02
P-007243,V-00614,SA,Brazil,6,12.7,8,41,-0.05
P-007244,V-00512,NA-US,United States,6,9,6,96,-0.1
P-007244,V-00572,EMEA-W,Spain,5,1.8,4,78,-0.02
P-007244,V-00462,NA-MX,Mexico,4,-5.9,4,99,0.06
P-007245,V-00344,NA-MX,Mexico,7,19.4,0,47,-0.08
P-007248,V-00112,NA-US,United States,7,19.5,12,20,-0.08
P-007249,V-00829,APAC-NE,Japan,6,-5.1,4,27,0.02
P-007250,V-00558,EMEA-E,Turkey,6,7.6,0,86,-0.08
P-007250,V-00064,NA-MX,Mexico,7,11,8,26,-0.12
P-007250,V-00655,APAC-NE,South Korea,9,15.9,4,28,-0.17
P-007251,V-00816,EMEA-E,Poland,4,5,0,76,-0.02
P-007251,V-00337,EMEA-W,France,4,2.6,12,27,-0.01
P-007253,V-00355,NA-MX,Mexico,8,16.3,0,85,-0.07
P-007255,V-00025,NA-US,United States,6,9.9,0,35,-0.04
P-007255,V-00411,EMEA-E,Turkey,6,0.4,0,32,0
P-007255,V-00171,EMEA-E,Turkey,2,5.8,4,62,-0.02
P-007256,V-00388,EMEA-W,Spain,6,-5.4,6,66,0.02
P-007256,V-00037,SA,Brazil,6,-4.1,6,53,0.02
P-007256,V-00048,NA-US,United States,9,5.2,0,79,-0.02
P-007258,V-00417,APAC-IN,India,6,3.2,4,56,-0.01
P-007259,V-00201,APAC-IN,India,1,9.4,12,54,-0.04
P-007262,V-00238,SA,Argentina,6,0.6,4,79,0
P-007262,V-00379,APAC-NE,South Korea,3,3.2,6,64,-0.01
P-007263,V-00278,APAC-IN,India,7,8.7,6,56,-0.03
P-007263,V-00749,NA-US,United States,4,-3.1,6,20,0.01
P-007264,V-00521,NA-US,United States,6,0.8,8,75,0
P-007264,V-00095,APAC-NE,China,8,-5.2,0,19,0.02
P-007265,V-00318,EMEA-W,France,4,14.6,12,74,-0.06
P-007266,V-00224,NA-US,United States,4,21.7,8,30,-0.09
P-007266,V-00432,NA-US,United States,5,-4.2,4,81,0.02
P-007267,V-00494,APAC-IN,India,6,15.3,0,28,-0.06
P-007269,V-00803,EMEA-E,Czechia,5,-0.6,4,54,0.01
P-007269,V-00415,APAC-NE,Taiwan,4,-4.1,12,96,0.05
P-007269,V-00448,EMEA-E,Poland,8,20,4,70,-0.22
P-007270,V-00733,EMEA-W,Spain,9,20.3,6,15,-0.08
P-007270,V-00025,NA-US,United States,8,-2.4,4,59,0.01
P-007270,V-01073,EMEA-W,Spain,8,21,0,20,-0.08
P-007271,V-00082,SA,Argentina,5,9.8,8,16,-0.04
P-007271,V-00408,NA-US,United States,2,-2.9,8,59,0.01
P-007273,V-00118,SA,Brazil,4,2.4,8,28,-0.01
P-007273,V-00435,NA-US,United States,3,0.9,4,68,0
P-007273,V-00239,NA-MX,Mexico,6,8.5,12,40,-0.03
P-007274,V-00733,EMEA-W,Spain,7,3,6,25,-0.01
P-007274,V-00423,NA-US,United States,1,11.8,0,20,-0.05
P-007275,V-00498,EMEA-W,France,6,1.2,0,100,0
P-007275,V-00669,APAC-SE,Vietnam,5,21,12,52,-0.08
P-007276,V-00029,APAC-IN,India,5,-5.1,8,85,0.02
P-007278,V-00446,EMEA-W,France,7,16.7,4,32,-0.18
P-007278,V-00400,SA,Argentina,5,12.4,4,83,-0.14
P-007278,V-00753,APAC-SE,Vietnam,4,14.7,0,69,-0.16
P-007279,V-00603,SA,Argentina,2,6.8,0,63,-0.03
P-007280,V-00458,APAC-SE,Indonesia,3,-3.2,6,33,0.01
P-007280,V-00485,EMEA-E,Czechia,6,-5.4,0,96,0.02
P-007280,V-00061,NA-MX,Mexico,4,18.3,0,99,-0.07
P-007281,V-00370,EMEA-E,Poland,6,-5.4,0,16,0.02
P-007281,V-00562,APAC-IN,India,3,14.6,8,41,-0.06
P-007283,V-00538,APAC-IN,India,8,2.4,4,44,-0.01
P-007284,V-00460,NA-US,United States,5,6.1,8,81,-0.07
P-007284,V-00204,NA-MX,Mexico,6,7.6,0,92,-0.08
P-007284,V-00335,EMEA-E,Czechia,3,-5.3,4,59,0.06
P-007285,V-00227,APAC-SE,Indonesia,6,4.6,0,68,-0.02
P-007285,V-00381,APAC-SE,Vietnam,4,-0.5,8,35,0
P-007286,V-00647,APAC-SE,Vietnam,3,5.1,6,69,-0.02
P-007286,V-00603,SA,Argentina,3,-5.7,12,55,0.02
P-007286,V-00814,APAC-IN,India,4,-3.7,6,51,0.01
P-007287,V-00067,EMEA-W,France,4,15.5,4,36,-0.06
P-007288,V-00652,SA,Argentina,7,19.5,12,72,-0.08
P-007289,V-00376,SA,Brazil,4,16.6,12,96,-0.07
P-007289,V-00504,NA-US,United States,8,18.6,4,32,-0.07
P-007292,V-00236,SA,Brazil,4,8,0,38,-0.03
P-007294,V-00868,SA,Brazil,7,1.5,4,75,-0.01
P-007295,V-00305,APAC-SE,Vietnam,3,5.1,6,47,-0.02
P-007295,V-00541,APAC-SE,Malaysia,8,-4.7,4,66,0.02
P-007297,V-00651,SA,Brazil,6,6.8,0,86,-0.03
P-007297,V-00169,NA-MX,Mexico,9,4.4,6,26,-0.02
P-007298,V-00197,APAC-SE,Indonesia,7,-0.2,0,27,0
P-007298,V-00094,APAC-NE,China,2,20.7,0,73,-0.08
P-007300,V-00854,NA-US,United States,5,-3.8,0,81,0.02
P-007302,V-00461,SA,Brazil,9,12.8,0,96,-0.05
P-007303,V-00186,EMEA-E,Romania,6,-3.1,6,66,0.01
P-007303,V-00598,APAC-IN,India,9,-4.9,4,24,0.02
P-007304,V-00055,APAC-IN,India,8,3.1,12,30,-0.01
P-007306,V-00553,EMEA-E,Romania,3,5.1,0,77,-0.02
P-007306,V-00500,SA,Argentina,5,19.5,8,94,-0.08
P-007306,V-00310,EMEA-E,Czechia,7,-3.4,4,89,0.01
P-007311,V-00237,EMEA-W,Italy,3,2,12,81,-0.01
P-007311,V-00636,NA-US,United States,7,20.4,0,29,-0.08
P-007312,V-00116,APAC-IN,India,8,-2.7,4,66,0.03
P-007313,V-00671,SA,Argentina,4,12.1,12,68,-0.05
P-007313,V-00563,APAC-SE,Thailand,2,14.8,4,63,-0.06
P-007315,V-00226,SA,Brazil,5,5.5,6,31,-0.06
P-007315,V-00561,APAC-NE,Japan,6,-0.2,4,100,0
P-007316,V-00116,APAC-IN,India,7,17.8,12,99,-0.07
P-007320,V-00487,APAC-IN,India,3,15.9,8,78,-0.06
P-007320,V-00048,NA-US,United States,7,17.9,8,56,-0.07
P-007321,V-00040,APAC-NE,China,6,1.6,8,88,-0.02
P-007322,V-00111,NA-MX,Mexico,7,12.5,8,91,-0.05
P-007322,V-00444,APAC-SE,Vietnam,5,14,12,51,-0.06
P-007324,V-00156,SA,Argentina,4,4.7,8,84,-0.02
P-007324,V-00019,APAC-NE,Taiwan,3,19.9,6,82,-0.08
P-007324,V-00459,EMEA-E,Turkey,2,18,0,80,-0.07
P-007326,V-00244,EMEA-E,Czechia,4,-2,8,40,0.01
P-007327,V-00079,APAC-IN,India,6,5.9,4,27,-0.06
P-007329,V-00201,APAC-IN,India,3,16.8,8,81,-0.07
P-007329,V-00441,APAC-SE,Malaysia,2,-0.6,12,97,0
P-007329,V-00253,APAC-NE,Taiwan,9,11.3,0,82,-0.05
P-007330,V-00638,EMEA-W,Germany,8,14.7,0,84,-0.06
P-007332,V-00497,APAC-NE,Taiwan,6,19.5,0,65,-0.21
P-007332,V-00697,NA-US,United States,4,10.3,0,91,-0.11
P-007332,V-00693,NA-US,United States,6,11.9,12,92,-0.13
P-007335,V-00128,SA,Brazil,6,4.7,12,78,-0.05
P-007335,V-00109,NA-US,United States,4,9,8,62,-0.1
P-007339,V-00291,APAC-NE,South Korea,6,9.6,6,85,-0.04
P-007340,V-00271,APAC-NE,China,7,-2.5,12,49,0.01
P-007340,V-00357,SA,Brazil,7,7.5,8,56,-0.03
P-007341,V-00339,SA,Argentina,4,21.6,0,53,-0.09
P-007341,V-00183,EMEA-W,Germany,4,-5.4,4,32,0.02
P-007341,V-00101,EMEA-W,Spain,6,6.4,12,37,-0.03
P-007342,V-00483,EMEA-W,Germany,6,15.3,4,57,-0.17
P-007343,V-00192,APAC-SE,Malaysia,4,3.9,4,27,-0.02
P-007343,V-00350,NA-US,United States,6,18,0,51,-0.07
P-007344,V-00231,APAC-SE,Vietnam,5,1.8,8,76,-0.01
P-007345,V-00345,EMEA-E,Poland,5,6.8,4,87,-0.03
P-007346,V-00660,EMEA-W,Germany,6,8.2,8,76,-0.03
P-007346,V-00230,APAC-SE,Vietnam,7,9.4,6,17,-0.04
P-007346,V-00571,EMEA-E,Czechia,4,18.8,4,98,-0.08
P-007348,V-00303,APAC-SE,Vietnam,9,17,0,27,-0.07
P-007348,V-00235,APAC-NE,Japan,4,21,8,37,-0.08
P-007349,V-00221,APAC-NE,South Korea,7,20.1,4,43,-0.08
P-007349,V-00471,APAC-NE,Japan,6,21,6,51,-0.08
P-007350,V-00561,APAC-NE,Japan,6,4.2,4,77,-0.02
P-007351,V-00075,APAC-IN,India,5,10.8,6,31,-0.12
P-007351,V-00752,NA-US,United States,7,19,12,34,-0.21
P-007351,V-00250,APAC-NE,Japan,1,8.6,0,64,-0.09
P-007354,V-00322,EMEA-E,Poland,6,4.9,8,24,-0.02
P-007354,V-00200,EMEA-W,Germany,6,-4.2,6,69,0.02
P-007355,V-00065,EMEA-E,Romania,4,4,0,53,-0.04
P-007355,V-00048,NA-US,United States,8,2.6,8,35,-0.03
P-007355,V-00343,NA-MX,Mexico,3,16.3,8,97,-0.18
P-007357,V-00189,EMEA-W,Spain,9,6,12,29,-0.07
P-007357,V-00622,APAC-NE,China,3,0.5,0,76,-0.01
P-007358,V-00044,NA-US,United States,3,12.9,4,33,-0.05
P-007358,V-00378,NA-MX,Mexico,7,4.1,8,28,-0.02
P-007358,V-00576,NA-MX,Mexico,4,17.5,0,81,-0.07
P-007360,V-00052,EMEA-E,Turkey,3,14.3,12,41,-0.06
P-007361,V-00470,SA,Brazil,7,5.3,0,53,-0.02
P-007361,V-00400,SA,Argentina,5,6.4,4,92,-0.03
P-007361,V-00456,APAC-SE,Malaysia,5,1.6,8,60,-0.01
P-007362,V-00440,EMEA-E,Turkey,9,1.2,0,40,0
P-007362,V-00098,EMEA-E,Turkey,5,17.6,8,82,-0.07
P-007362,V-00114,APAC-NE,Taiwan,7,20.5,8,21,-0.08
P-007363,V-00013,SA,Argentina,2,17.6,4,66,-0.07
P-007363,V-00041,NA-US,United States,9,5.9,6,49,-0.02
P-007366,V-00602,APAC-SE,Thailand,4,2.3,12,81,-0.01
P-007367,V-00029,APAC-IN,India,4,0.1,0,57,0
P-007368,V-00165,SA,Brazil,4,11.7,0,51,-0.05
P-007368,V-00745,APAC-SE,Malaysia,4,2.3,0,94,-0.01
P-007368,V-00381,APAC-SE,Vietnam,1,12.8,0,87,-0.05
P-007370,V-00154,APAC-SE,Malaysia,6,13.1,12,93,-0.05
P-007370,V-00964,EMEA-W,Germany,8,-2.1,0,16,0.01
P-007370,V-00077,NA-US,United States,5,9.9,0,36,-0.04
P-007372,V-00602,APAC-SE,Thailand,2,-5.9,6,93,0.02
P-007372,V-00367,EMEA-W,France,5,16,6,42,-0.06
P-007373,V-00107,SA,Brazil,4,0.2,0,46,0
P-007373,V-00492,APAC-IN,India,4,-5.7,0,55,0.06
P-007373,V-00514,APAC-NE,Japan,5,0.1,8,57,0
P-007376,V-00681,EMEA-E,Turkey,5,6.9,4,30,-0.03
P-007378,V-00506,SA,Argentina,3,18.3,4,90,-0.07
P-007379,V-00312,NA-US,United States,8,20.5,12,48,-0.08
P-007379,V-00137,SA,Brazil,6,17.5,0,81,-0.07
P-007381,V-00654,NA-US,United States,7,4.6,4,49,-0.02
P-007381,V-00137,SA,Brazil,7,0.9,12,63,0
P-007381,V-00236,SA,Brazil,5,9.1,4,68,-0.04
P-007382,V-00761,SA,Brazil,5,0.1,12,29,0
P-007384,V-00144,SA,Brazil,4,12.1,0,28,-0.05
P-007384,V-00792,EMEA-E,Romania,5,7.8,4,35,-0.03
P-007384,V-00415,APAC-NE,Taiwan,4,18.9,4,58,-0.08
P-007385,V-00202,APAC-NE,China,7,-4.6,8,35,0.02
P-007385,V-00050,NA-US,United States,4,-3.1,8,25,0.01
P-007385,V-00029,APAC-IN,India,3,2.9,12,34,-0.01
P-007386,V-00414,NA-US,United States,9,-1.7,8,94,0.01
P-007388,V-00298,APAC-SE,Thailand,5,12.6,8,82,-0.05
P-007388,V-00183,EMEA-W,Germany,5,8,4,99,-0.03
P-007388,V-00710,EMEA-W,France,3,-1.3,8,57,0.01
P-007389,V-00422,EMEA-E,Turkey,6,7.9,0,23,-0.03
P-007390,V-00018,NA-US,United States,4,1.4,4,21,-0.01
P-007390,V-00405,NA-MX,Mexico,4,0.4,6,99,0
P-007390,V-00629,NA-MX,Mexico,3,7.3,0,51,-0.03
P-007394,V-00804,SA,Brazil,2,1.2,6,61,0
P-007394,V-00620,EMEA-W,Germany,4,-2.5,6,61,0.01
P-007394,V-00265,SA,Brazil,8,-3.3,12,86,0.01
P-007396,V-00116,APAC-IN,India,6,-1.6,0,79,0.01
P-007396,V-00403,NA-MX,Mexico,4,1.5,12,24,-0.01
P-007396,V-00659,EMEA-E,Poland,4,15.6,6,53,-0.06
P-007397,V-00164,EMEA-W,Spain,8,5,8,71,-0.02
P-007398,V-00286,SA,Argentina,4,20.3,4,26,-0.08
P-007399,V-00379,APAC-NE,South Korea,2,0,6,79,0
P-007400,V-00270,APAC-IN,India,6,5.4,6,62,-0.02
P-007400,V-00083,SA,Brazil,6,-3.3,4,47,0.01
P-007400,V-00770,EMEA-E,Turkey,7,2.7,4,98,-0.01
P-007401,V-00177,APAC-IN,India,4,18.9,4,82,-0.21
P-007402,V-00137,SA,Brazil,6,11.2,0,26,-0.04
P-007402,V-00428,NA-MX,Mexico,4,2.4,8,78,-0.01
P-007402,V-00559,SA,Brazil,4,12.1,8,32,-0.05
P-007404,V-00338,APAC-SE,Vietnam,7,4.5,0,36,-0.02
P-007404,V-00050,NA-US,United States,3,7.9,6,22,-0.03
P-007404,V-00249,APAC-SE,Indonesia,3,12.1,0,89,-0.05
P-007405,V-00050,NA-US,United States,2,0.9,0,68,0
P-007405,V-00388,EMEA-W,Spain,4,13.5,0,91,-0.05
P-007405,V-00249,APAC-SE,Indonesia,3,-0.4,0,95,0
P-007407,V-00066,EMEA-E,Turkey,9,-1,4,22,0
P-007407,V-00270,APAC-IN,India,4,6.2,0,50,-0.02
P-007410,V-00263,EMEA-E,Czechia,8,12.2,0,43,-0.13
P-007410,V-00616,APAC-SE,Malaysia,4,13.5,0,80,-0.15
P-007411,V-00585,SA,Brazil,6,11.2,8,30,-0.04
P-007413,V-00191,EMEA-E,Turkey,6,8.3,0,49,-0.09
P-007413,V-00346,EMEA-E,Poland,3,13,6,80,-0.14
P-007415,V-00773,SA,Brazil,4,6.9,6,28,-0.03
P-007415,V-00618,APAC-NE,South Korea,7,-5.1,0,76,0.02
P-007415,V-00061,NA-MX,Mexico,3,20.3,12,48,-0.08
P-007416,V-00370,EMEA-E,Poland,7,21,0,83,-0.08
P-007417,V-00564,EMEA-W,Italy,6,14.2,0,93,-0.06
P-007417,V-00908,NA-MX,Mexico,7,-1,8,78,0
P-007417,V-00703,NA-MX,Mexico,5,-3.1,8,74,0.01
P-007418,V-00056,APAC-SE,Malaysia,6,21.2,6,19,-0.08
P-007418,V-00512,NA-US,United States,5,1,4,39,0
P-007424,V-00151,APAC-IN,India,5,-1.4,0,50,0.01
P-007424,V-00098,EMEA-E,Turkey,3,13.2,0,68,-0.05
P-007426,V-00671,SA,Argentina,4,7.5,8,43,-0.03
P-007426,V-00156,SA,Argentina,5,17.1,0,73,-0.07
P-007427,V-00372,NA-MX,Mexico,3,0.5,0,89,0
P-007427,V-00418,APAC-NE,Taiwan,3,13.4,12,42,-0.05
P-007428,V-00930,EMEA-W,France,3,12.5,0,73,-0.05
P-007431,V-00364,APAC-SE,Malaysia,6,20.7,0,95,-0.08
P-007431,V-00170,EMEA-W,Germany,9,-4.3,0,64,0.02
P-007431,V-00511,EMEA-W,France,8,11.6,4,42,-0.05
P-007432,V-00794,APAC-IN,India,3,13.3,12,71,-0.05
P-007434,V-00302,NA-US,United States,5,0,0,50,0
P-007434,V-00617,EMEA-W,Spain,7,19.6,0,88,-0.08
P-007435,V-00306,EMEA-E,Turkey,8,3.6,12,28,-0.01
P-007435,V-00406,EMEA-W,Spain,6,18,8,67,-0.07
P-007436,V-00360,EMEA-E,Czechia,5,15.6,6,15,-0.17
P-007436,V-00439,APAC-NE,China,3,3.2,6,31,-0.04
P-007437,V-00709,NA-MX,Mexico,6,17.9,4,20,-0.07
P-007437,V-00232,NA-US,United States,4,-1.8,12,22,0.01
P-007437,V-00679,APAC-NE,South Korea,9,-1.2,4,98,0
P-007438,V-00814,APAC-IN,India,4,-4.9,6,78,0.05
P-007439,V-00376,SA,Brazil,5,3.6,4,72,-0.04
P-007439,V-00344,NA-MX,Mexico,7,14.7,12,61,-0.16
P-007441,V-00035,SA,Argentina,6,5,0,50,-0.02
P-007441,V-00106,NA-MX,Mexico,5,19,6,38,-0.08
P-007441,V-00574,APAC-SE,Malaysia,7,0.6,8,79,0
P-007442,V-00580,NA-MX,Mexico,5,15.5,4,97,-0.06
P-007443,V-00538,APAC-IN,India,6,20.8,8,68,-0.08
P-007443,V-00789,SA,Argentina,3,-3.3,6,65,0.01
P-007444,V-00086,EMEA-E,Czechia,9,5.7,0,95,-0.06
P-007445,V-00001,NA-US,United States,6,3.8,12,16,-0.02
P-007445,V-00322,EMEA-E,Poland,5,12.1,0,76,-0.05
P-007445,V-00640,SA,Argentina,4,5.9,4,77,-0.02
P-007446,V-00607,APAC-NE,Taiwan,6,-4.2,8,33,0.02
P-007448,V-00814,APAC-IN,India,2,4.4,12,73,-0.02
P-007448,V-00577,EMEA-E,Czechia,6,0.6,6,78,0
P-007448,V-00577,EMEA-E,Czechia,3,7.8,0,89,-0.03
P-007449,V-00701,EMEA-W,Italy,3,15.5,6,93,-0.06
P-007449,V-00204,NA-MX,Mexico,3,4.5,6,71,-0.02
P-007451,V-00578,EMEA-E,Turkey,4,-1.8,0,51,0.01
P-007451,V-00068,EMEA-E,Romania,9,0.3,8,99,0
P-007451,V-00291,APAC-NE,South Korea,7,12.8,12,59,-0.05
P-007452,V-00404,EMEA-E,Romania,3,21.4,8,39,-0.09
P-007452,V-00753,APAC-SE,Vietnam,3,2,8,88,-0.01
P-007453,V-00501,APAC-NE,China,5,0,8,15,0
P-007453,V-00639,EMEA-E,Turkey,5,5.9,6,85,-0.02
P-007454,V-00605,APAC-NE,Taiwan,8,-0.8,8,56,0
P-007454,V-00310,EMEA-E,Czechia,9,12.3,0,77,-0.05
P-007454,V-00685,APAC-SE,Vietnam,3,12.5,4,84,-0.05
P-007456,V-00408,NA-US,United States,5,8.9,0,93,-0.04
P-007456,V-00163,APAC-NE,Taiwan,7,7.9,0,80,-0.03
P-007457,V-00630,APAC-NE,China,7,10.1,4,60,-0.11
P-007457,V-00850,APAC-NE,Japan,9,13.6,8,43,-0.15
P-007459,V-00131,EMEA-E,Czechia,9,5.3,4,90,-0.02
P-007459,V-00220,EMEA-W,Spain,8,3.5,6,74,-0.01
P-007459,V-00028,APAC-IN,India,4,14.6,12,51,-0.06
P-007461,V-00164,EMEA-W,Spain,6,10.8,4,90,-0.04
P-007463,V-00384,EMEA-W,Italy,7,9.7,4,33,-0.04
P-007463,V-00024,NA-US,United States,6,-1.4,0,17,0.01
P-007464,V-00631,NA-MX,Mexico,4,14.1,0,54,-0.06
P-007465,V-00098,EMEA-E,Turkey,3,8.6,0,48,-0.09
P-007465,V-00891,EMEA-E,Poland,5,4.1,12,53,-0.05
P-007465,V-00413,APAC-NE,South Korea,2,6.3,8,28,-0.07
P-007466,V-00007,SA,Brazil,4,3.4,8,71,-0.01
P-007467,V-00619,EMEA-E,Poland,5,0.6,6,68,-0.01
P-007468,V-00581,NA-MX,Mexico,6,15.5,0,54,-0.06
P-007470,V-00421,NA-US,United States,5,13.5,4,29,-0.05
P-007470,V-00759,EMEA-W,Italy,5,-1.5,12,68,0.01
P-007470,V-00134,APAC-SE,Indonesia,3,5.3,12,75,-0.02
P-007471,V-00615,EMEA-E,Romania,2,6.9,12,50,-0.03
P-007472,V-00342,SA,Argentina,6,13.4,4,18,-0.05
P-007472,V-00021,SA,Argentina,7,10.4,8,86,-0.04
P-007473,V-00655,APAC-NE,South Korea,8,19.6,8,94,-0.08
P-007473,V-00493,EMEA-E,Romania,7,18.4,8,23,-0.07
P-007474,V-00423,NA-US,United States,3,-2.6,6,83,0.01
P-007474,V-00969,NA-MX,Mexico,5,-3.2,8,45,0.01
P-007474,V-00479,APAC-IN,India,6,-3.4,6,96,0.01
P-007475,V-00822,NA-US,United States,6,2.8,6,99,-0.01
P-007475,V-00857,APAC-NE,Japan,5,4.1,4,80,-0.02
P-007476,V-00066,EMEA-E,Turkey,7,-2.5,12,24,0.01
P-007476,V-00636,NA-US,United States,6,14,0,49,-0.06
P-007477,V-00420,APAC-SE,Malaysia,5,-0.5,6,52,0
P-007477,V-00300,APAC-NE,Japan,6,-5.2,12,36,0.02
P-007478,V-00637,NA-MX,Mexico,2,5.6,0,97,-0.06
P-007479,V-00705,NA-US,United States,5,14.5,4,67,-0.06
P-007482,V-00221,APAC-NE,South Korea,6,-5.1,12,87,0.02
P-007482,V-00512,NA-US,United States,5,6.8,4,47,-0.03
P-007482,V-00334,NA-US,United States,4,8.2,12,53,-0.03
P-007483,V-00647,APAC-SE,Vietnam,4,19.8,12,60,-0.08
P-007483,V-00060,APAC-SE,Indonesia,4,18.6,0,88,-0.07
P-007483,V-00188,EMEA-W,France,4,-0.4,0,82,0
P-007484,V-00640,SA,Argentina,4,9.4,6,88,-0.04
P-007485,V-00398,EMEA-E,Czechia,7,3.4,12,39,-0.01
P-007485,V-00388,EMEA-W,Spain,5,21.5,4,38,-0.09
P-007485,V-00280,APAC-IN,India,6,1.6,0,41,-0.01
P-007486,V-00431,APAC-SE,Thailand,4,6.6,0,47,-0.07
P-007486,V-00048,NA-US,United States,7,11.6,0,43,-0.13
P-007487,V-00802,EMEA-W,Italy,5,20.9,4,44,-0.08
P-007488,V-00121,SA,Argentina,6,-3.4,8,69,0.01
P-007489,V-00415,APAC-NE,Taiwan,4,8.2,6,75,-0.03
P-007489,V-00490,APAC-IN,India,5,17.5,12,53,-0.07
P-007492,V-00749,NA-US,United States,5,3.6,4,83,-0.04
P-007492,V-00152,APAC-SE,Indonesia,4,-1.3,0,54,0.01
P-007492,V-00097,SA,Brazil,6,8.7,6,57,-0.1
P-007493,V-00255,EMEA-E,Czechia,6,8.5,0,37,-0.03
P-007493,V-00216,EMEA-W,Italy,3,13.7,4,29,-0.05
P-007493,V-00336,EMEA-W,Germany,8,14.2,12,50,-0.06
P-007494,V-00691,APAC-IN,India,4,9.6,6,50,-0.04
P-007495,V-00357,SA,Brazil,6,17.1,12,97,-0.07
P-007496,V-00251,SA,Argentina,3,6.2,0,73,-0.02
P-007497,V-00724,EMEA-E,Turkey,6,20.3,0,43,-0.22
P-007497,V-00119,APAC-SE,Malaysia,5,7.4,8,68,-0.08
P-007499,V-00179,APAC-SE,Thailand,4,17.7,0,71,-0.07
P-007499,V-00063,APAC-NE,Japan,4,10.9,0,94,-0.04
P-007501,V-00589,NA-MX,Mexico,4,-3.2,4,16,0.01
P-007501,V-00122,APAC-SE,Malaysia,7,-2.6,12,78,0.01
P-007501,V-00122,APAC-SE,Malaysia,7,10.4,0,46,-0.04
P-007502,V-00517,NA-MX,Mexico,7,7.8,12,80,-0.09
P-007502,V-00200,EMEA-W,Germany,5,-3.9,4,79,0.04
P-007502,V-00478,APAC-SE,Vietnam,3,18.5,0,93,-0.2
P-007504,V-00285,NA-US,United States,4,-3.6,0,52,0.04
P-007504,V-00567,EMEA-E,Romania,4,7.4,0,99,-0.08
P-007506,V-00471,APAC-NE,Japan,5,2,0,17,-0.01
P-007507,V-00632,EMEA-W,Germany,5,-3,12,99,0.01
P-007507,V-00377,EMEA-W,Spain,2,14,6,66,-0.06
P-007507,V-00783,APAC-IN,India,5,4.4,0,73,-0.02
P-007508,V-00161,SA,Argentina,4,11.8,8,85,-0.05
P-007508,V-00085,NA-MX,Mexico,4,14.8,4,71,-0.06
P-007509,V-00304,NA-US,United States,4,1.9,4,18,-0.01
P-007509,V-00299,NA-MX,Mexico,4,18.5,0,31,-0.07
P-007510,V-00484,EMEA-E,Romania,7,-2.5,4,58,0.01
P-007511,V-00111,NA-MX,Mexico,6,4.3,0,85,-0.05
P-007511,V-00567,EMEA-E,Romania,4,1.6,0,43,-0.02
P-007511,V-00134,APAC-SE,Indonesia,3,2.7,0,67,-0.03
P-007512,V-00611,NA-MX,Mexico,8,7.6,0,71,-0.03
P-007512,V-00540,NA-US,United States,4,0,0,16,0
P-007513,V-00534,APAC-NE,Japan,2,6.2,6,95,-0.02
P-007515,V-00181,APAC-NE,Taiwan,7,18.7,4,79,-0.07
P-007517,V-00733,EMEA-W,Spain,7,-3.3,6,50,0.04
P-007519,V-00066,EMEA-E,Turkey,8,-1.7,8,83,0.01
P-007519,V-00155,SA,Argentina,8,19.6,8,51,-0.08
P-007520,V-00627,SA,Brazil,6,18.9,4,56,-0.08
P-007520,V-00252,APAC-NE,China,2,-3.3,4,26,0.01
P-007521,V-00632,EMEA-W,Germany,6,3.5,12,99,-0.01
P-007521,V-00402,EMEA-W,France,5,16.4,0,43,-0.07
P-007521,V-00736,NA-US,United States,6,10.6,0,57,-0.04
P-007522,V-00403,NA-MX,Mexico,4,-4.7,0,96,0.02
P-007524,V-00469,APAC-SE,Indonesia,5,0.7,12,57,-0.01
P-007524,V-00089,NA-US,United States,8,-0.1,8,33,0
P-007526,V-00628,APAC-SE,Indonesia,8,7.2,8,37,-0.03
P-007526,V-00499,NA-US,United States,4,7.7,0,31,-0.03
P-007528,V-00223,NA-MX,Mexico,7,-2.1,8,28,0.01
P-007528,V-00526,APAC-IN,India,1,19.2,0,89,-0.08
P-007529,V-00570,APAC-NE,Japan,6,12.6,4,58,-0.14
P-007530,V-00410,APAC-SE,Malaysia,2,1.5,0,22,-0.01
P-007530,V-00531,NA-MX,Mexico,5,5.6,0,52,-0.02
P-007531,V-00383,APAC-NE,Taiwan,7,20.7,0,69,-0.08
P-007531,V-00908,NA-MX,Mexico,5,-2.3,0,50,0.01
P-007532,V-00578,EMEA-E,Turkey,4,8,12,60,-0.03
P-007532,V-00559,SA,Brazil,1,-3,0,37,0.01
P-007532,V-00617,EMEA-W,Spain,5,14.6,4,68,-0.06
P-007534,V-00339,SA,Argentina,5,16.1,4,71,-0.06
P-007534,V-00844,SA,Brazil,7,14,0,88,-0.06
P-007534,V-00641,NA-US,United States,8,11.8,0,64,-0.05
P-007538,V-00338,APAC-SE,Vietnam,7,4.5,8,62,-0.05
P-007538,V-00220,EMEA-W,Spain,8,15.1,0,80,-0.17
P-007539,V-00654,NA-US,United States,5,19.8,0,57,-0.08
P-007541,V-00548,EMEA-W,Italy,8,12.5,6,31,-0.05
P-007541,V-00636,NA-US,United States,8,16,8,58,-0.06
P-007541,V-00155,SA,Argentina,8,14.5,8,17,-0.06
P-007542,V-00237,EMEA-W,Italy,2,-4.8,0,81,0.02
P-007542,V-00645,NA-MX,Mexico,5,19.9,12,26,-0.08
P-007543,V-00606,APAC-SE,Malaysia,6,10.7,0,82,-0.04
P-007544,V-00582,NA-US,United States,7,0.7,8,76,-0.01
P-007544,V-00551,EMEA-E,Czechia,4,6,6,73,-0.07
P-007546,V-00129,APAC-NE,Japan,6,11.7,4,74,-0.05
P-007551,V-00321,APAC-SE,Malaysia,3,-4.7,6,39,0.02
P-007553,V-00468,NA-US,United States,7,7.6,0,26,-0.03
P-007553,V-00359,NA-MX,Mexico,7,21.2,4,70,-0.08
P-007553,V-00610,SA,Brazil,9,2.9,0,79,-0.01
P-007555,V-00682,NA-US,United States,6,2.1,0,57,-0.01
P-007555,V-00885,NA-MX,Mexico,7,8.5,4,58,-0.03
P-007555,V-00847,APAC-NE,Japan,4,5.8,6,22,-0.02
P-007556,V-00234,APAC-NE,Japan,6,0.6,0,65,0
P-007558,V-00178,APAC-IN,India,4,21.9,8,73,-0.09
P-007561,V-00612,EMEA-W,Italy,2,20.1,0,77,-0.08
P-007561,V-00072,APAC-SE,Vietnam,6,-4.5,4,33,0.02
P-007561,V-00139,EMEA-E,Poland,2,15.3,6,69,-0.06
P-007562,V-00618,APAC-NE,South Korea,7,16.1,12,85,-0.06
P-007562,V-00569,APAC-IN,India,7,7.9,6,50,-0.03
P-007563,V-00682,NA-US,United States,5,17.8,4,56,-0.07
P-007564,V-00185,APAC-IN,India,6,16.7,12,33,-0.07
P-007564,V-00092,APAC-IN,India,6,9.7,0,59,-0.04
P-007565,V-00389,APAC-NE,Japan,2,6.3,6,92,-0.07
P-007565,V-00246,NA-MX,Mexico,7,-2,0,89,0.02
P-007565,V-00300,APAC-NE,Japan,6,20.7,4,76,-0.23
P-007567,V-00591,SA,Brazil,8,10.5,8,19,-0.04
P-007567,V-00589,NA-MX,Mexico,5,19.7,4,74,-0.08
P-007567,V-00623,APAC-NE,South Korea,8,17,4,42,-0.07
P-007569,V-00337,EMEA-W,France,2,6.8,6,89,-0.03
P-007570,V-00891,EMEA-E,Poland,5,9.9,8,43,-0.04
P-007571,V-00318,EMEA-W,France,4,-4.6,12,16,0.02
P-007571,V-00321,APAC-SE,Malaysia,2,3.6,0,38,-0.01
P-007572,V-00055,APAC-IN,India,6,1.6,0,57,-0.01
P-007573,V-00052,EMEA-E,Turkey,4,7,6,44,-0.08
P-007576,V-00345,EMEA-E,Poland,5,11.3,0,61,-0.05
P-007576,V-00684,APAC-NE,Japan,6,-4.2,12,78,0.02
P-007576,V-00789,SA,Argentina,3,18.1,0,81,-0.07
P-007577,V-00578,EMEA-E,Turkey,5,9.9,6,79,-0.04
P-007577,V-00284,EMEA-E,Romania,6,20,4,47,-0.08
P-007577,V-00485,EMEA-E,Czechia,5,17.8,8,85,-0.07
P-007579,V-00313,APAC-SE,Malaysia,4,14.6,0,70,-0.06
P-007580,V-00033,EMEA-E,Romania,7,14.1,4,48,-0.06
P-007580,V-00233,NA-MX,Mexico,5,17.9,6,54,-0.07
P-007582,V-00065,EMEA-E,Romania,7,4.2,0,41,-0.05
P-007583,V-00348,EMEA-W,Spain,5,11,8,43,-0.04
P-007584,V-00660,EMEA-W,Germany,6,16.4,4,58,-0.07
P-007585,V-00151,APAC-IN,India,5,14.1,0,21,-0.06
P-007587,V-00850,APAC-NE,Japan,7,1.5,0,40,-0.02
P-007588,V-00839,EMEA-E,Czechia,5,16.9,8,51,-0.07
P-007588,V-00590,APAC-IN,India,8,-3.2,4,70,0.01
P-007589,V-00040,APAC-NE,China,6,4.9,6,52,-0.02
P-007589,V-00071,EMEA-E,Turkey,5,-3.2,4,69,0.01
P-007590,V-00332,APAC-IN,India,3,9,0,25,-0.1
P-007593,V-00606,APAC-SE,Malaysia,9,15.4,0,85,-0.06
P-007594,V-00096,EMEA-W,Spain,2,14.6,8,87,-0.06
P-007594,V-00341,NA-US,United States,6,4,0,74,-0.02
P-007595,V-00736,NA-US,United States,5,10,12,15,-0.04
P-007595,V-00238,SA,Argentina,5,8.1,12,94,-0.03
P-007598,V-00042,APAC-IN,India,7,10.1,12,65,-0.04
P-007598,V-00417,APAC-IN,India,5,7.9,0,21,-0.03
P-007598,V-00200,EMEA-W,Germany,5,14.7,0,89,-0.06
P-007599,V-00414,NA-US,United States,8,2.2,6,72,-0.01
P-007600,V-00311,EMEA-W,Spain,7,-3.6,4,70,0.01
P-007602,V-00783,APAC-IN,India,4,9.5,0,55,-0.1
P-007602,V-00668,APAC-NE,Taiwan,3,0.1,0,89,0
P-007605,V-00678,NA-MX,Mexico,2,15.2,0,29,-0.06
P-007605,V-00320,APAC-IN,India,4,1.4,12,45,-0.01
P-007605,V-00559,SA,Brazil,2,20.6,0,32,-0.08
P-007607,V-00414,NA-US,United States,8,5.3,8,44,-0.02
P-007607,V-00542,SA,Argentina,4,11.4,4,51,-0.05
P-007608,V-00246,NA-MX,Mexico,8,-3.7,0,99,0.01
P-007608,V-00512,NA-US,United States,7,16.5,4,33,-0.07
P-007609,V-00602,APAC-SE,Thailand,2,20.9,12,63,-0.08
P-007609,V-00331,NA-MX,Mexico,3,-1.5,6,87,0.01
P-007610,V-00084,NA-MX,Mexico,7,19,0,61,-0.08
P-007611,V-00152,APAC-SE,Indonesia,2,5,12,49,-0.02
P-007612,V-00662,APAC-IN,India,5,9.5,6,24,-0.04
P-007613,V-00549,EMEA-W,Italy,6,13.1,6,77,-0.14
P-007613,V-00839,EMEA-E,Czechia,8,12.8,0,35,-0.14
P-007614,V-00228,SA,Brazil,7,12.2,8,60,-0.13
P-007614,V-00846,NA-MX,Mexico,1,-0.2,8,97,0
P-007614,V-00360,EMEA-E,Czechia,4,14.4,4,59,-0.16
P-007615,V-00520,SA,Brazil,5,15.3,0,76,-0.06
P-007615,V-00643,APAC-IN,India,5,4.5,4,80,-0.02
P-007616,V-00797,APAC-IN,India,4,2.6,8,15,-0.01
P-007616,V-00425,NA-US,United States,4,7.7,12,46,-0.03
P-007616,V-00746,EMEA-W,Spain,4,9.8,0,97,-0.04
P-007617,V-00254,SA,Argentina,4,16.7,8,68,-0.07
P-007617,V-00550,SA,Argentina,5,0.2,0,63,0
P-007618,V-00681,EMEA-E,Turkey,6,19.6,12,56,-0.22
P-007618,V-00357,SA,Brazil,8,14.8,4,80,-0.16
P-007618,V-00072,APAC-SE,Vietnam,8,0.2,0,48,0
P-007619,V-00366,NA-MX,Mexico,5,19.8,8,94,-0.22
P-007619,V-00475,APAC-SE,Thailand,7,0.7,12,41,-0.01
P-007619,V-00231,APAC-SE,Vietnam,5,2.4,12,53,-0.03
P-007621,V-00419,SA,Argentina,5,14.3,6,47,-0.06
P-007621,V-00731,EMEA-W,Spain,3,-3.8,4,17,0.02
P-007627,V-00398,EMEA-E,Czechia,6,16.8,8,95,-0.07
P-007627,V-00129,APAC-NE,Japan,4,12.6,0,18,-0.05
P-007629,V-00072,APAC-SE,Vietnam,7,20.3,6,71,-0.08
P-007629,V-00725,EMEA-W,France,5,12.9,8,78,-0.05
P-007629,V-00612,EMEA-W,Italy,3,17.4,8,97,-0.07
P-007631,V-00388,EMEA-W,Spain,4,10.6,12,50,-0.04
P-007633,V-00885,NA-MX,Mexico,6,16.4,8,47,-0.07
P-007633,V-00521,NA-US,United States,5,-3.6,12,59,0.01
P-007633,V-00762,NA-US,United States,5,4.4,4,23,-0.02
P-007634,V-00544,APAC-IN,India,3,9.5,12,26,-0.04
P-007635,V-00576,NA-MX,Mexico,2,10.1,12,16,-0.11
P-007635,V-00506,SA,Argentina,4,13.4,12,41,-0.15
P-007636,V-00346,EMEA-E,Poland,4,18,12,43,-0.07
P-007636,V-00191,EMEA-E,Turkey,7,3.7,12,71,-0.01
P-007637,V-00475,APAC-SE,Thailand,5,20.2,0,37,-0.08
P-007637,V-00653,EMEA-E,Czechia,6,18.8,12,83,-0.08
P-007639,V-00544,APAC-IN,India,2,10.2,12,50,-0.11
P-007639,V-00534,APAC-NE,Japan,2,-0.9,0,39,0.01
P-007639,V-00083,SA,Brazil,9,2.9,4,36,-0.03
P-007641,V-00062,NA-US,United States,7,16.1,4,64,-0.18
P-007641,V-00610,SA,Brazil,6,-0.7,0,59,0.01
P-007642,V-00173,APAC-NE,South Korea,4,21.8,8,92,-0.24
P-007643,V-00645,NA-MX,Mexico,5,-5.9,8,22,0.02
P-007643,V-00282,APAC-IN,India,6,7.8,6,54,-0.03
P-007643,V-00642,EMEA-E,Czechia,5,15.7,6,23,-0.06
P-007644,V-00119,APAC-SE,Malaysia,4,8.2,6,73,-0.03
P-007646,V-00105,APAC-SE,Thailand,8,13.7,0,47,-0.15
P-007647,V-00695,NA-MX,Mexico,3,0.9,6,24,0
P-007647,V-00528,SA,Brazil,4,2.3,0,49,-0.01
P-007647,V-00791,APAC-SE,Vietnam,7,9.6,0,96,-0.04
P-007649,V-01098,EMEA-W,Germany,7,16,0,65,-0.06
P-007649,V-00946,NA-MX,Mexico,3,9.9,12,85,-0.04
P-007649,V-00624,NA-US,United States,3,18.7,12,70,-0.07
P-007651,V-00671,SA,Argentina,3,3.3,0,40,-0.01
P-007651,V-00468,NA-US,United States,6,5.4,8,79,-0.02
P-007652,V-00154,APAC-SE,Malaysia,5,7.3,12,74,-0.08
P-007652,V-00551,EMEA-E,Czechia,3,-3.6,0,50,0.04
P-007652,V-00959,SA,Argentina,9,17.4,0,25,-0.19
P-007653,V-00855,NA-MX,Mexico,8,21.4,6,72,-0.09
P-007653,V-00641,NA-US,United States,8,21.5,12,59,-0.09
P-007654,V-00269,APAC-IN,India,8,-2.9,8,45,0.01
P-007655,V-00086,EMEA-E,Czechia,7,19.3,12,80,-0.08
P-007655,V-00391,SA,Argentina,9,-4.8,0,55,0.02
P-007655,V-00076,APAC-IN,India,5,12.1,0,78,-0.05
P-007656,V-00362,SA,Brazil,4,15,0,37,-0.06
P-007656,V-00551,EMEA-E,Czechia,4,6.7,6,57,-0.03
P-007657,V-00632,EMEA-W,Germany,5,7.1,6,79,-0.03
P-007657,V-00032,APAC-IN,India,6,-2.1,8,63,0.01
P-007660,V-00447,NA-MX,Mexico,7,21.9,12,77,-0.09
P-007661,V-00123,EMEA-W,Spain,7,-2.4,8,45,0.03
P-007661,V-00384,EMEA-W,Italy,5,13.1,8,42,-0.14
P-007662,V-00428,NA-MX,Mexico,4,2.2,0,35,-0.01
P-007663,V-00194,APAC-IN,India,3,-0.3,6,27,0
P-007663,V-00325,EMEA-W,France,3,-1.3,8,34,0.01
P-007664,V-00466,EMEA-W,Italy,6,11.6,0,93,-0.05
P-007666,V-00416,APAC-SE,Indonesia,4,16.4,0,61,-0.18
P-007666,V-00463,SA,Argentina,8,-5.7,12,69,0.06
P-007666,V-00723,EMEA-E,Poland,3,19.8,6,100,-0.22
P-007668,V-00545,EMEA-W,France,6,13.7,6,38,-0.05
P-007668,V-00545,EMEA-W,France,5,2.1,0,54,-0.01
P-007670,V-00439,APAC-NE,China,4,1.7,0,83,-0.02
P-007671,V-00255,EMEA-E,Czechia,5,1.4,0,21,-0.02
P-007672,V-00689,NA-US,United States,5,1.8,4,40,-0.02
P-007672,V-00305,APAC-SE,Vietnam,3,2.5,8,88,-0.03
P-007672,V-00283,EMEA-W,France,6,9.1,0,99,-0.1
P-007674,V-00365,APAC-IN,India,5,6.1,8,46,-0.02
P-007674,V-00285,NA-US,United States,4,10.2,8,28,-0.04
P-007675,V-00205,NA-MX,Mexico,4,-2.7,0,63,0.01
P-007676,V-00324,NA-US,United States,8,13.4,6,36,-0.15
P-007676,V-00671,SA,Argentina,3,-3.7,6,54,0.04
P-007676,V-00160,EMEA-E,Czechia,3,12.7,4,39,-0.14
P-007680,V-00532,APAC-SE,Thailand,6,19,8,69,-0.08
P-007681,V-00130,NA-US,United States,8,-3,6,29,0.01
P-007681,V-00642,EMEA-E,Czechia,4,4,4,65,-0.02
P-007681,V-00528,SA,Brazil,5,16.9,6,74,-0.07
P-007682,V-00532,APAC-SE,Thailand,4,19.5,0,91,-0.08
P-007682,V-00451,NA-MX,Mexico,5,20.3,0,32,-0.08
P-007682,V-00012,APAC-NE,Taiwan,7,6.2,8,100,-0.02
P-007683,V-00534,APAC-NE,Japan,3,13.7,8,41,-0.05
P-007683,V-00831,APAC-SE,Thailand,3,13.7,12,44,-0.05
P-007684,V-00743,EMEA-E,Czechia,4,9.7,0,89,-0.04
P-007685,V-00435,NA-US,United States,3,-3.9,0,30,0.02
P-007685,V-00463,SA,Argentina,6,13.1,0,66,-0.05
P-007685,V-00506,SA,Argentina,4,20.5,12,24,-0.08
P-007686,V-00210,APAC-IN,India,3,-4.4,6,91,0.02
P-007687,V-00596,EMEA-E,Turkey,3,-1.1,4,84,0.01
P-007687,V-00214,EMEA-W,France,7,6.6,4,26,-0.07
P-007688,V-00618,APAC-NE,South Korea,7,13.9,4,42,-0.15
P-007689,V-00076,APAC-IN,India,4,7.3,0,27,-0.03
P-007689,V-00366,NA-MX,Mexico,6,3.1,12,70,-0.01
P-007689,V-00541,APAC-SE,Malaysia,8,18.9,0,44,-0.08
P-007690,V-00407,EMEA-E,Poland,5,-1.4,6,32,0.02
P-007690,V-00145,NA-MX,Mexico,4,-0.4,12,80,0
P-007691,V-00053,APAC-IN,India,4,6.1,0,91,-0.02
P-007691,V-00437,EMEA-W,Germany,8,-2.5,4,50,0.01
P-007692,V-00627,SA,Brazil,5,-0.8,12,67,0
P-007692,V-00627,SA,Brazil,7,1.5,12,71,-0.01
P-007694,V-00409,APAC-SE,Indonesia,6,9.6,12,84,-0.04
P-007696,V-00438,EMEA-E,Poland,4,3.9,0,97,-0.02
P-007696,V-00056,APAC-SE,Malaysia,8,-2.1,0,31,0.01
P-007696,V-00124,EMEA-W,France,7,3.2,6,86,-0.01
P-007697,V-00698,APAC-SE,Indonesia,6,10.2,4,59,-0.11
P-007697,V-00665,APAC-SE,Vietnam,4,10,0,87,-0.11
P-007697,V-00468,NA-US,United States,6,13,8,74,-0.14
P-007699,V-00125,EMEA-W,France,5,4.9,0,30,-0.02
P-007699,V-00313,APAC-SE,Malaysia,4,19.2,6,50,-0.08
P-007700,V-00434,APAC-NE,Japan,3,-2.8,12,87,0.01
P-007700,V-00032,APAC-IN,India,5,-1.7,8,75,0.01
P-007702,V-00745,APAC-SE,Malaysia,4,3.6,8,63,-0.01
P-007702,V-00753,APAC-SE,Vietnam,5,-2.5,0,92,0.01
P-007704,V-00188,EMEA-W,France,3,16.4,12,73,-0.07
P-007704,V-00480,APAC-NE,Taiwan,9,0.2,12,37,0
P-007705,V-00658,SA,Brazil,6,-5.9,4,100,0.02
P-007705,V-00658,SA,Brazil,5,9.7,12,41,-0.04
P-007707,V-00520,SA,Brazil,6,21.1,0,48,-0.08
P-007710,V-00431,APAC-SE,Thailand,4,7.8,6,100,-0.09
P-007710,V-00220,EMEA-W,Spain,5,4.6,4,50,-0.05
P-007710,V-00063,APAC-NE,Japan,3,3.4,8,96,-0.04
P-007713,V-00360,EMEA-E,Czechia,4,0.8,12,79,0
P-007713,V-00219,NA-US,United States,7,5.4,4,42,-0.02
P-007713,V-00165,SA,Brazil,5,1.9,8,74,-0.01
P-007715,V-00617,EMEA-W,Spain,5,6.3,12,62,-0.03
P-007716,V-00547,EMEA-W,Spain,4,3.4,6,32,-0.01
P-007716,V-00165,SA,Brazil,3,13.1,0,16,-0.05
P-007716,V-00400,SA,Argentina,4,15.1,4,44,-0.06
P-007717,V-00009,APAC-SE,Indonesia,4,8.8,0,49,-0.1
P-007721,V-00081,EMEA-E,Romania,8,20.5,0,36,-0.08
P-007723,V-00664,APAC-NE,Taiwan,9,14.2,0,52,-0.06
P-007724,V-00145,NA-MX,Mexico,4,3.6,12,65,-0.01
P-007724,V-00718,APAC-IN,India,4,5.5,0,61,-0.02
P-007725,V-00089,NA-US,United States,7,9.6,12,68,-0.04
P-007725,V-00338,APAC-SE,Vietnam,8,9.7,0,53,-0.04
P-007726,V-00665,APAC-SE,Vietnam,2,10,4,62,-0.04
P-007726,V-00160,EMEA-E,Czechia,3,7.1,4,48,-0.03
P-007726,V-00401,SA,Brazil,6,13,6,45,-0.05
P-007727,V-00470,SA,Brazil,6,19.5,8,18,-0.08
P-007728,V-00518,APAC-SE,Vietnam,2,17.5,12,84,-0.19
P-007728,V-00165,SA,Brazil,4,-1.6,0,33,0.02
P-007728,V-00392,NA-US,United States,5,3,4,59,-0.03
P-007729,V-00651,SA,Brazil,7,9.5,0,100,-0.04
P-007729,V-00641,NA-US,United States,8,0.9,4,64,0
P-007729,V-00169,NA-MX,Mexico,6,5.5,12,55,-0.02
P-007730,V-00073,NA-MX,Mexico,6,17.3,12,27,-0.07
P-007730,V-00640,SA,Argentina,4,-1.4,6,81,0.01
P-007730,V-00073,NA-MX,Mexico,4,2.5,6,81,-0.01
P-007731,V-00079,APAC-IN,India,7,14.2,0,47,-0.06
P-007732,V-00268,APAC-NE,South Korea,3,19.1,0,88,-0.21
P-007732,V-00170,EMEA-W,Germany,8,-5.3,4,52,0.06
P-007733,V-00405,NA-MX,Mexico,4,11.8,0,79,-0.05
P-007733,V-00586,NA-MX,Mexico,5,20.2,0,58,-0.08
P-007734,V-00170,EMEA-W,Germany,9,5.5,12,18,-0.02
P-007734,V-00462,NA-MX,Mexico,6,14.1,0,28,-0.06
P-007736,V-00136,APAC-SE,Indonesia,8,16.1,12,69,-0.06
P-007736,V-00778,NA-US,United States,5,11,0,60,-0.04
P-007736,V-00725,EMEA-W,France,6,-4.9,0,66,0.02
P-007740,V-00325,EMEA-W,France,2,-1.3,0,16,0.01
P-007740,V-00326,NA-US,United States,5,6.8,4,88,-0.03
P-007741,V-00365,APAC-IN,India,5,9.1,12,83,-0.04
P-007741,V-00082,SA,Argentina,6,7.3,4,50,-0.03
P-007741,V-00472,APAC-SE,Vietnam,7,9.3,8,78,-0.04
P-007745,V-00359,NA-MX,Mexico,6,0.7,0,81,0
P-007746,V-00431,APAC-SE,Thailand,5,9.2,4,91,-0.1
P-007746,V-00346,EMEA-E,Poland,3,20.6,12,93,-0.23
P-007746,V-00249,APAC-SE,Indonesia,3,-1.2,6,89,0.01
P-007747,V-00018,NA-US,United States,5,15.7,12,15,-0.06
P-007747,V-00018,NA-US,United States,5,9,4,96,-0.04
P-007748,V-00140,APAC-NE,Taiwan,4,21.1,0,53,-0.08
P-007750,V-00455,NA-US,United States,4,5.7,6,64,-0.02
P-007750,V-00626,NA-MX,Mexico,7,7,0,17,-0.03
P-007751,V-00003,NA-MX,Mexico,6,15.4,12,32,-0.06
P-007751,V-00245,NA-US,United States,5,18.5,6,64,-0.07
P-007753,V-00067,EMEA-W,France,3,1.4,8,38,-0.01
P-007753,V-00473,NA-MX,Mexico,5,16.7,8,38,-0.07
P-007753,V-00474,NA-US,United States,1,16.9,12,42,-0.07
P-007755,V-00708,EMEA-W,Spain,6,-0.5,0,98,0
P-007757,V-00255,EMEA-E,Czechia,3,1.4,6,59,-0.01
P-007758,V-00507,APAC-NE,Taiwan,3,-0.9,0,77,0
P-007758,V-00190,NA-MX,Mexico,3,6.5,4,90,-0.03
P-007758,V-00545,EMEA-W,France,5,-5.9,6,62,0.02
P-007760,V-00099,SA,Brazil,6,-4,4,25,0.02
P-007760,V-00726,APAC-IN,India,3,11.4,0,66,-0.05
P-007760,V-00695,NA-MX,Mexico,4,10.2,0,96,-0.04
P-007762,V-00611,NA-MX,Mexico,6,12.5,12,15,-0.14
P-007762,V-00489,SA,Brazil,9,-4.3,0,15,0.05
P-007762,V-00477,APAC-IN,India,8,16.3,4,34,-0.18
P-007763,V-00445,EMEA-W,France,5,15.2,0,27,-0.17
P-007763,V-00374,APAC-SE,Thailand,4,-1.4,4,78,0.02
P-007763,V-00384,EMEA-W,Italy,6,20.1,12,37,-0.22
P-007764,V-00671,SA,Argentina,3,-3.3,6,25,0.01
P-007766,V-00195,APAC-NE,Taiwan,6,11.4,6,90,-0.05
P-007767,V-00397,NA-MX,Mexico,2,7.8,0,20,-0.09
P-007768,V-00475,APAC-SE,Thailand,5,21.8,0,73,-0.09
P-007768,V-00145,NA-MX,Mexico,4,4.4,6,79,-0.02
P-007768,V-00541,APAC-SE,Malaysia,8,21.1,0,29,-0.08
P-007769,V-00543,NA-US,United States,4,8.5,6,17,-0.03
P-007769,V-00188,EMEA-W,France,2,15.9,4,79,-0.06
P-007770,V-00598,APAC-IN,India,9,19.3,0,27,-0.08
P-007770,V-00212,NA-MX,Mexico,3,12.1,0,57,-0.05
P-007772,V-00469,APAC-SE,Indonesia,4,18,4,35,-0.07
P-007772,V-00220,EMEA-W,Spain,5,15.9,0,56,-0.06
P-007773,V-00178,APAC-IN,India,6,13.7,0,44,-0.05
P-007774,V-00750,EMEA-E,Poland,7,16.2,0,26,-0.06
P-007774,V-00706,APAC-IN,India,2,-0.2,4,32,0
P-007774,V-00192,APAC-SE,Malaysia,4,6.4,4,44,-0.03
P-007775,V-00438,EMEA-E,Poland,6,6.5,8,74,-0.03
P-007776,V-00400,SA,Argentina,6,2.8,8,24,-0.01
P-007776,V-00522,APAC-IN,India,5,9.6,8,82,-0.04
P-007778,V-00287,EMEA-W,France,4,1.9,12,16,-0.02
P-007778,V-00750,EMEA-E,Poland,5,-5.2,4,19,0.06
P-007779,V-00586,NA-MX,Mexico,6,10.3,12,62,-0.11
P-007785,V-00379,APAC-NE,South Korea,1,1.4,8,34,-0.01
P-007785,V-00785,SA,Argentina,6,5.7,8,100,-0.02
P-007786,V-00440,EMEA-E,Turkey,6,-2,12,65,0.01
P-007787,V-00458,APAC-SE,Indonesia,3,-4.2,0,42,0.02
P-007787,V-00656,SA,Brazil,3,8.2,12,61,-0.03
P-007788,V-00566,APAC-NE,South Korea,2,18,4,32,-0.07
P-007788,V-00969,NA-MX,Mexico,3,14.6,0,81,-0.06
P-007788,V-00070,EMEA-E,Turkey,7,6.5,8,92,-0.03
P-007789,V-00499,NA-US,United States,4,13.2,0,80,-0.05
P-007789,V-00491,APAC-SE,Malaysia,8,-1.4,0,100,0.01
P-007790,V-00237,EMEA-W,Italy,1,8.5,4,42,-0.03
P-007791,V-00560,NA-US,United States,8,15.8,8,26,-0.06
P-007795,V-00775,NA-US,United States,5,11.9,6,29,-0.13
P-007798,V-00041,NA-US,United States,8,8.6,0,31,-0.03
P-007798,V-00141,APAC-SE,Malaysia,7,16.2,6,64,-0.06
P-007799,V-00578,EMEA-E,Turkey,3,2.9,12,65,-0.01
P-007799,V-00764,EMEA-W,Italy,8,6.6,8,72,-0.03
P-007799,V-00739,SA,Brazil,4,15.4,12,16,-0.06
P-007800,V-00291,APAC-NE,South Korea,7,-1.5,6,73,0.01
P-007800,V-00773,SA,Brazil,2,-5.2,6,17,0.02
P-007803,V-00327,SA,Brazil,6,15.2,6,19,-0.06
P-007803,V-00068,EMEA-E,Romania,8,-1.4,0,50,0.01
P-007804,V-00734,EMEA-E,Poland,6,17.8,0,100,-0.2
P-007804,V-00738,APAC-IN,India,8,-4.1,4,41,0.05
P-007804,V-00535,EMEA-W,France,5,15.2,6,59,-0.17
P-007805,V-00407,EMEA-E,Poland,5,19.3,0,93,-0.21
P-007805,V-00076,APAC-IN,India,5,11.8,4,19,-0.13
P-007806,V-00045,NA-US,United States,2,16.9,6,29,-0.07
P-007806,V-00016,SA,Brazil,4,9.3,12,28,-0.04
P-007807,V-00626,NA-MX,Mexico,9,11.4,8,42,-0.13
P-007807,V-00022,APAC-IN,India,3,10.7,0,43,-0.12
P-007807,V-00392,NA-US,United States,4,7.5,0,36,-0.08
P-007808,V-00158,NA-US,United States,4,15.2,4,27,-0.06
P-007808,V-00320,APAC-IN,India,3,12.1,4,81,-0.05
P-007808,V-00061,NA-MX,Mexico,2,9.1,0,53,-0.04
P-007809,V-00607,APAC-NE,Taiwan,5,9.6,8,26,-0.04
P-007809,V-00043,APAC-NE,Taiwan,5,0.4,4,67,0
P-007809,V-00499,NA-US,United States,5,4.2,6,76,-0.02
P-007814,V-00206,APAC-NE,South Korea,1,7.9,8,69,-0.03
P-007815,V-00200,EMEA-W,Germany,6,4.4,6,94,-0.02
P-007819,V-00816,EMEA-E,Poland,3,11,0,79,-0.04
P-007819,V-00105,APAC-SE,Thailand,5,20.5,8,74,-0.08
P-007820,V-00969,NA-MX,Mexico,5,19.6,6,45,-0.08
P-007822,V-00072,APAC-SE,Vietnam,6,14.2,0,15,-0.06
P-007822,V-00162,EMEA-W,Italy,6,14.1,4,44,-0.06
P-007822,V-00040,APAC-NE,China,6,-3.8,6,16,0.02
P-007824,V-00411,EMEA-E,Turkey,5,-3.4,0,89,0.01
P-007824,V-00925,NA-MX,Mexico,5,-1.5,12,81,0.01
P-007824,V-00728,NA-US,United States,5,13.9,8,79,-0.06
P-007826,V-00641,NA-US,United States,6,12.1,6,84,-0.05
P-007826,V-00449,NA-US,United States,4,-1.6,8,64,0.01
P-007828,V-00309,APAC-NE,China,6,16.8,0,84,-0.07
P-007829,V-00769,EMEA-W,Spain,6,19.4,0,94,-0.21
P-007829,V-00778,NA-US,United States,7,13.5,12,34,-0.15
P-007829,V-00071,EMEA-E,Turkey,5,11.7,6,74,-0.13
P-007830,V-00276,APAC-NE,Taiwan,3,-1.3,4,72,0.01
P-007830,V-00252,APAC-NE,China,2,0.5,0,31,0
P-007830,V-00627,SA,Brazil,5,11.4,6,79,-0.05
P-007831,V-00393,APAC-NE,China,3,12.1,4,33,-0.13
P-007832,V-00649,EMEA-W,France,5,1.4,12,65,-0.01
P-007832,V-00647,APAC-SE,Vietnam,3,8.2,6,36,-0.03
P-007833,V-01073,EMEA-W,Spain,7,10.9,8,64,-0.04
P-007833,V-00566,APAC-NE,South Korea,2,4.6,0,49,-0.02
P-007836,V-00785,SA,Argentina,7,10.2,4,22,-0.11
P-007836,V-00379,APAC-NE,South Korea,3,-3,6,72,0.03
P-007837,V-00617,EMEA-W,Spain,6,14,0,20,-0.15
P-007837,V-00618,APAC-NE,South Korea,7,17.8,4,43,-0.2
P-007839,V-00235,APAC-NE,Japan,3,8.1,0,44,-0.03
P-007839,V-00615,EMEA-E,Romania,3,-1.3,4,45,0.01
P-007839,V-00303,APAC-SE,Vietnam,9,13.5,12,99,-0.05
P-007840,V-00422,EMEA-E,Turkey,7,19.2,0,72,-0.08
P-007841,V-00072,APAC-SE,Vietnam,7,13,0,51,-0.05
P-007841,V-00573,NA-MX,Mexico,7,2.6,12,59,-0.01
P-007842,V-00520,SA,Brazil,5,15.2,0,31,-0.06
P-007842,V-00454,EMEA-W,Germany,7,13,0,16,-0.05
P-007842,V-00032,APAC-IN,India,5,18.4,4,33,-0.07
P-007845,V-00252,APAC-NE,China,3,-1.5,12,36,0.01
P-007845,V-00577,EMEA-E,Czechia,4,-5,0,27,0.02
P-007846,V-00459,EMEA-E,Turkey,2,0.8,6,57,0
P-007846,V-00497,APAC-NE,Taiwan,6,7.1,4,55,-0.03
P-007847,V-00660,EMEA-W,Germany,7,9.7,4,87,-0.11
P-007847,V-00239,NA-MX,Mexico,8,19.7,0,52,-0.22
P-007848,V-00233,NA-MX,Mexico,4,0.3,6,81,0
P-007848,V-00335,EMEA-E,Czechia,2,-5.9,12,25,0.02
P-007848,V-00275,EMEA-E,Turkey,2,10,8,31,-0.04
P-007849,V-00850,APAC-NE,Japan,9,4.1,12,82,-0.02
P-007852,V-00642,EMEA-E,Czechia,5,6,6,33,-0.02
P-007853,V-00494,APAC-IN,India,5,5.3,8,27,-0.02
P-007854,V-00621,SA,Brazil,3,12.3,8,49,-0.05
P-007854,V-00546,NA-MX,Mexico,6,0.1,12,85,0
P-007854,V-00829,APAC-NE,Japan,4,11.8,4,87,-0.05
P-007855,V-00021,SA,Argentina,8,1.6,6,73,-0.01
P-007857,V-00050,NA-US,United States,4,5.4,6,71,-0.02
P-007859,V-00401,SA,Brazil,6,20.6,8,72,-0.08
P-007861,V-00138,EMEA-W,France,2,-3,12,39,0.01
P-007863,V-00414,NA-US,United States,9,16.3,4,36,-0.07
P-007863,V-00379,APAC-NE,South Korea,2,4.1,0,79,-0.02
P-007864,V-00173,APAC-NE,South Korea,6,10.7,4,50,-0.04
P-007865,V-00041,NA-US,United States,8,19.6,0,28,-0.08
P-007865,V-00207,APAC-SE,Indonesia,8,-5.5,12,87,0.02
P-007866,V-00578,EMEA-E,Turkey,5,21.8,4,79,-0.09
P-007866,V-00158,NA-US,United States,3,14.2,0,59,-0.06
P-007866,V-00244,EMEA-E,Czechia,3,8,12,39,-0.03
P-007867,V-00496,NA-US,United States,2,7.2,0,44,-0.03
P-007867,V-00689,NA-US,United States,6,-3.9,0,71,0.02
P-007867,V-00177,APAC-IN,India,3,17.9,4,79,-0.07
P-007868,V-00541,APAC-SE,Malaysia,8,-1.9,0,35,0.02
P-007868,V-00235,APAC-NE,Japan,5,7,12,41,-0.08
P-007869,V-00586,NA-MX,Mexico,7,1.8,12,98,-0.01
P-007869,V-00409,APAC-SE,Indonesia,7,15.5,0,36,-0.06
P-007871,V-00609,APAC-NE,Japan,1,21.5,12,29,-0.09
P-007872,V-00408,NA-US,United States,2,21.5,12,58,-0.09
P-007872,V-00125,EMEA-W,France,6,11.4,0,34,-0.05
P-007872,V-00111,NA-MX,Mexico,5,15.5,0,17,-0.06
P-007873,V-00543,NA-US,United States,6,11.5,12,66,-0.05
P-007875,V-00029,APAC-IN,India,3,9.3,0,16,-0.04
P-007875,V-00131,EMEA-E,Czechia,9,-5.2,0,46,0.02
P-007877,V-00656,SA,Brazil,2,16.5,8,30,-0.07
P-007877,V-00656,SA,Brazil,3,-1.6,6,83,0.01
P-007877,V-00137,SA,Brazil,7,-3.6,8,100,0.01
P-007878,V-00609,APAC-NE,Japan,4,5.5,12,69,-0.06
P-007878,V-00594,APAC-NE,China,5,8.5,8,50,-0.09
P-007882,V-00090,APAC-SE,Thailand,5,6.6,4,43,-0.03
P-007883,V-00451,NA-MX,Mexico,5,3.7,0,86,-0.01
P-007885,V-00734,EMEA-E,Poland,6,18.1,8,41,-0.07
P-007885,V-00210,APAC-IN,India,2,11.5,0,58,-0.05
P-007886,V-00545,EMEA-W,France,4,4.9,6,92,-0.02
P-007886,V-00318,EMEA-W,France,4,13.6,6,98,-0.05
P-007886,V-00314,SA,Brazil,9,8.3,4,66,-0.03
P-007889,V-00135,NA-MX,Mexico,5,-3.9,0,35,0.04
P-007890,V-01073,EMEA-W,Spain,8,16.3,6,94,-0.07
P-007890,V-00393,APAC-NE,China,4,-5.9,0,39,0.02
P-007890,V-00829,APAC-NE,Japan,4,2.6,8,18,-0.01
P-007892,V-00286,SA,Argentina,6,20.3,6,47,-0.22
P-007892,V-00029,APAC-IN,India,5,5.3,4,17,-0.06
P-007893,V-00768,APAC-SE,Indonesia,3,-0.2,8,48,0
P-007893,V-00674,NA-MX,Mexico,7,-0.8,6,61,0
P-007893,V-00156,SA,Argentina,6,0,6,66,0
P-007894,V-00072,APAC-SE,Vietnam,8,7.9,12,48,-0.03
P-007894,V-00348,EMEA-W,Spain,4,-1.1,0,92,0
P-007895,V-00726,APAC-IN,India,4,6.6,12,56,-0.03
P-007895,V-00316,NA-MX,Mexico,4,3.7,0,89,-0.01
P-007895,V-00066,EMEA-E,Turkey,8,-3.6,12,95,0.01
P-007897,V-00044,NA-US,United States,4,3.1,12,38,-0.03
P-007897,V-00118,SA,Brazil,5,12.6,12,84,-0.14
P-007898,V-00422,EMEA-E,Turkey,5,10.5,0,40,-0.04
P-007898,V-00222,NA-US,United States,5,-5.2,12,88,0.02
P-007899,V-00628,APAC-SE,Indonesia,7,12.5,6,96,-0.05
P-007899,V-00390,EMEA-E,Poland,7,3.8,8,79,-0.02
P-007899,V-00399,APAC-NE,South Korea,7,-5.1,4,35,0.02
P-007900,V-00509,APAC-IN,India,4,18.6,12,20,-0.2
P-007900,V-00762,NA-US,United States,5,15,6,31,-0.17
P-007901,V-00188,EMEA-W,France,3,6.2,4,45,-0.02
P-007901,V-00232,NA-US,United States,3,11.1,0,77,-0.04
P-007901,V-00792,EMEA-E,Romania,7,9.1,12,84,-0.04
P-007902,V-00484,EMEA-E,Romania,5,21.1,6,65,-0.08
P-007902,V-00131,EMEA-E,Czechia,8,-4.1,6,53,0.02
P-007902,V-00487,APAC-IN,India,2,3.9,0,41,-0.02
P-007903,V-00571,EMEA-E,Czechia,7,1.8,8,34,-0.01
P-007903,V-00181,APAC-NE,Taiwan,7,6.2,8,33,-0.02
P-007903,V-00419,SA,Argentina,5,21.6,0,76,-0.09
P-007905,V-00555,APAC-IN,India,6,1.6,8,23,-0.01
P-007905,V-00329,SA,Argentina,3,9.6,8,32,-0.04
P-007906,V-00405,NA-MX,Mexico,4,6.2,4,93,-0.02
P-007907,V-00526,APAC-IN,India,3,0.2,0,100,0
P-007907,V-00116,APAC-IN,India,8,-2.6,4,20,0.01
P-007908,V-00468,NA-US,United States,7,11,8,54,-0.04
P-007908,V-00671,SA,Argentina,4,-5.6,0,19,0.02
P-007911,V-00648,APAC-IN,India,5,2.9,6,100,-0.03
P-007911,V-00276,APAC-NE,Taiwan,4,18.7,6,52,-0.21
P-007913,V-00868,SA,Brazil,9,7.9,6,73,-0.03
P-007914,V-00286,SA,Argentina,5,1.2,0,65,0
P-007914,V-00220,EMEA-W,Spain,7,4.6,0,61,-0.02
P-007914,V-00398,EMEA-E,Czechia,7,1,0,28,0
P-007916,V-00792,EMEA-E,Romania,5,2.2,6,36,-0.01
P-007916,V-00276,APAC-NE,Taiwan,3,5.5,12,99,-0.02
P-007918,V-00201,APAC-IN,India,3,20,12,51,-0.08
P-007918,V-00581,NA-MX,Mexico,5,4.2,0,96,-0.02
P-007918,V-00476,EMEA-E,Romania,8,5.5,0,97,-0.02
P-007919,V-00306,EMEA-E,Turkey,8,7.6,6,99,-0.03
P-007920,V-00770,EMEA-E,Turkey,8,-3.4,12,80,0.04
P-007920,V-00713,APAC-IN,India,7,20.6,6,59,-0.23
P-007920,V-00347,APAC-SE,Malaysia,4,7.7,4,90,-0.08
P-007921,V-00855,NA-MX,Mexico,7,1.4,6,91,-0.01
P-007922,V-00162,EMEA-W,Italy,7,6.2,0,15,-0.02
P-007922,V-00765,EMEA-E,Poland,8,13.9,6,68,-0.06
P-007922,V-00612,EMEA-W,Italy,4,8.1,4,20,-0.03
P-007923,V-00788,NA-MX,Mexico,5,20.1,6,36,-0.08
P-007924,V-00371,APAC-SE,Indonesia,7,1,6,49,0
P-007925,V-00327,SA,Brazil,5,2.6,4,99,-0.03
P-007925,V-00011,APAC-SE,Indonesia,4,18,0,77,-0.2
P-007925,V-00302,NA-US,United States,4,14.4,8,91,-0.16
P-007927,V-00566,APAC-NE,South Korea,3,16.1,0,60,-0.06
P-007927,V-01139,EMEA-E,Czechia,5,-3.9,0,21,0.02
P-007929,V-00254,SA,Argentina,4,5.7,6,21,-0.06
P-007929,V-00662,APAC-IN,India,6,19.5,12,25,-0.21
P-007933,V-00298,APAC-SE,Thailand,4,0.4,12,89,0
P-007934,V-00384,EMEA-W,Italy,7,-5.6,6,25,0.02
P-007934,V-00245,NA-US,United States,5,9.2,6,58,-0.04
P-007935,V-00005,EMEA-E,Turkey,3,12.2,8,40,-0.05
P-007935,V-00425,NA-US,United States,6,-5.6,6,97,0.02
P-007936,V-00039,EMEA-E,Romania,7,-3.9,4,49,0.02
P-007936,V-00560,NA-US,United States,8,14.8,0,78,-0.06
P-007937,V-00234,APAC-NE,Japan,3,14.4,6,15,-0.06
P-007937,V-00124,EMEA-W,France,6,-3.5,6,44,0.01
P-007938,V-00437,EMEA-W,Germany,6,8,12,28,-0.03
P-007940,V-00529,APAC-IN,India,6,-0.7,12,19,0.01
P-007940,V-00674,NA-MX,Mexico,7,6.1,12,72,-0.07
P-007940,V-00359,NA-MX,Mexico,7,-4.1,6,48,0.05
P-007946,V-00107,SA,Brazil,2,-5.2,4,59,0.02
P-007946,V-00403,NA-MX,Mexico,4,10.6,12,43,-0.04
P-007946,V-00340,NA-US,United States,4,-2.8,8,42,0.01
P-007947,V-00023,NA-MX,Mexico,6,6.1,12,36,-0.02
P-007948,V-00123,EMEA-W,Spain,5,15.7,8,26,-0.06
P-007948,V-00044,NA-US,United States,4,19.7,12,77,-0.08
P-007949,V-00746,EMEA-W,Spain,4,13.9,12,61,-0.15
P-007951,V-00091,APAC-NE,South Korea,4,13.5,0,66,-0.05
P-007951,V-00589,NA-MX,Mexico,3,6.2,12,16,-0.02
P-007951,V-00515,EMEA-E,Turkey,6,10.9,12,64,-0.04
P-007952,V-00662,APAC-IN,India,5,6,0,29,-0.07
P-007952,V-00194,APAC-IN,India,1,9.9,4,86,-0.11
P-007952,V-00104,SA,Brazil,3,19.6,12,73,-0.22
P-007954,V-00624,NA-US,United States,3,1,0,31,0
P-007954,V-00923,NA-MX,Mexico,5,18.2,0,25,-0.07
P-007955,V-00556,EMEA-E,Romania,3,-3.3,12,48,0.01
P-007955,V-00930,EMEA-W,France,2,-5.3,6,52,0.02
P-007956,V-00166,APAC-IN,India,5,4.7,0,29,-0.02
P-007958,V-00589,NA-MX,Mexico,4,-0.2,0,59,0
P-007958,V-00514,APAC-NE,Japan,4,20.8,12,55,-0.08
P-007958,V-00199,NA-MX,Mexico,5,1.2,0,48,0
P-007960,V-00001,NA-US,United States,8,-2.7,6,78,0.01
P-007960,V-00562,APAC-IN,India,1,1.7,8,44,-0.01
P-007962,V-00268,APAC-NE,South Korea,3,16.7,0,23,-0.07
P-007962,V-00035,SA,Argentina,9,11.7,8,15,-0.05
P-007963,V-00623,APAC-NE,South Korea,8,15,12,39,-0.06
P-007964,V-00477,APAC-IN,India,5,8.9,8,62,-0.04
P-007965,V-00530,SA,Brazil,9,8.1,0,72,-0.03
P-007965,V-00258,NA-US,United States,5,11,8,19,-0.04
P-007966,V-00197,APAC-SE,Indonesia,7,-1.8,4,49,0.01
P-007969,V-00604,EMEA-E,Czechia,6,-1,6,56,0
P-007969,V-00619,EMEA-E,Poland,5,-2.9,0,51,0.01
P-007969,V-00170,EMEA-W,Germany,9,7.3,12,26,-0.03
P-007972,V-00376,SA,Brazil,3,19.5,0,43,-0.08
P-007974,V-00703,NA-MX,Mexico,5,9.2,0,30,-0.04
P-007974,V-00582,NA-US,United States,6,-1.6,6,37,0.01
P-007974,V-00749,NA-US,United States,6,12.3,6,22,-0.05
P-007975,V-00367,EMEA-W,France,5,11.9,8,77,-0.13
P-007975,V-00431,APAC-SE,Thailand,4,-0.1,12,86,0
P-007976,V-00105,APAC-SE,Thailand,7,17.2,6,64,-0.07
P-007976,V-00208,EMEA-W,France,7,-1.5,0,67,0.01
P-007976,V-00555,APAC-IN,India,5,10.1,6,45,-0.04
P-007977,V-00872,NA-US,United States,4,-1.7,12,45,0.01
P-007977,V-00349,NA-US,United States,4,8.8,12,73,-0.04
P-007977,V-00470,SA,Brazil,5,17.4,0,24,-0.07
P-007978,V-00509,APAC-IN,India,1,18.8,12,97,-0.08
P-007978,V-00842,EMEA-E,Romania,7,0.5,0,77,0
P-007978,V-00868,SA,Brazil,7,3.2,0,33,-0.01
P-007979,V-00832,APAC-NE,Taiwan,5,20.5,12,28,-0.23
P-007979,V-00537,SA,Brazil,9,2.7,0,86,-0.03
P-007979,V-00556,EMEA-E,Romania,5,15.9,0,77,-0.17
P-007980,V-00341,NA-US,United States,6,-5.5,4,48,0.02
P-007980,V-00460,NA-US,United States,7,11.5,0,50,-0.05
P-007982,V-00135,NA-MX,Mexico,3,11.4,4,60,-0.13
P-007982,V-00427,NA-US,United States,6,14.8,6,97,-0.16
P-007982,V-00594,APAC-NE,China,4,10.6,12,81,-0.12
P-007983,V-00817,APAC-IN,India,3,7.6,4,34,-0.08
P-007983,V-00288,NA-MX,Mexico,5,9.2,0,93,-0.1
P-007983,V-00464,EMEA-W,Spain,5,11.4,0,53,-0.13
P-007984,V-00700,NA-US,United States,6,-2.2,0,42,0.02
P-007984,V-00104,SA,Brazil,4,3.7,12,67,-0.04
P-007985,V-00320,APAC-IN,India,2,18.8,0,44,-0.21
P-007985,V-00192,APAC-SE,Malaysia,2,20.7,12,29,-0.23
P-007986,V-00440,EMEA-E,Turkey,6,11,0,80,-0.04
P-007986,V-00288,NA-MX,Mexico,5,-1.4,12,84,0.01
P-007986,V-00672,EMEA-E,Romania,6,-3.8,0,59,0.02
P-007989,V-00048,NA-US,United States,8,21.2,6,29,-0.08
P-007989,V-00286,SA,Argentina,4,-0.2,4,100,0
P-007991,V-00689,NA-US,United States,3,21.7,0,83,-0.09
P-007992,V-00602,APAC-SE,Thailand,2,12.2,0,52,-0.05
P-007992,V-00037,SA,Brazil,6,17.7,0,28,-0.07
P-007992,V-00131,EMEA-E,Czechia,7,14.2,4,48,-0.06
P-007994,V-00335,EMEA-E,Czechia,2,8,12,38,-0.09
P-007994,V-00443,NA-US,United States,3,13.5,0,64,-0.15
P-007995,V-00018,NA-US,United States,3,21.8,0,22,-0.24
P-007995,V-00015,EMEA-E,Turkey,7,21.4,0,96,-0.24
P-007995,V-00340,NA-US,United States,4,4.1,6,70,-0.05
P-007996,V-00442,NA-MX,Mexico,4,1.5,12,77,-0.01
P-007997,V-00533,APAC-IN,India,5,11.3,4,74,-0.12
P-007998,V-00203,NA-US,United States,7,6.3,8,98,-0.03
P-007998,V-00280,APAC-IN,India,5,-4.9,12,63,0.02
P-007998,V-00294,NA-US,United States,2,3.6,6,50,-0.01
P-007999,V-00422,EMEA-E,Turkey,6,-0.4,12,40,0
P-008000,V-00281,APAC-IN,India,7,1,6,41,0
P-008000,V-00281,APAC-IN,India,7,-3,0,81,0.01
P-008000,V-00464,EMEA-W,Spain,6,-1.6,6,90,0.01
P-008001,V-00128,SA,Brazil,7,21.6,6,93,-0.09
P-008001,V-00033,EMEA-E,Romania,5,20.8,12,92,-0.08
P-008006,V-00289,EMEA-E,Turkey,2,21.7,8,89,-0.09
P-008006,V-00060,APAC-SE,Indonesia,7,12.6,0,91,-0.05
P-008007,V-00561,APAC-NE,Japan,6,-1.4,12,35,0.01
P-008007,V-00534,APAC-NE,Japan,3,20.1,0,23,-0.08
P-008008,V-00872,NA-US,United States,5,-5.5,0,95,0.02
P-008008,V-00852,EMEA-W,Italy,6,2.1,12,27,-0.01
P-008008,V-00228,SA,Brazil,5,-0.3,0,26,0
P-008010,V-00419,SA,Argentina,6,9.5,8,80,-0.04
P-008010,V-00442,NA-MX,Mexico,4,14.7,6,86,-0.06
P-008011,V-00457,NA-MX,Mexico,5,20.4,0,20,-0.22
P-008011,V-00623,APAC-NE,South Korea,7,17,12,54,-0.19
P-008012,V-00517,NA-MX,Mexico,7,1.3,8,45,-0.01
P-008014,V-01098,EMEA-W,Germany,9,16.5,0,99,-0.07
P-008014,V-00102,APAC-IN,India,4,18.4,12,42,-0.07
P-008014,V-00502,SA,Argentina,3,8.9,0,78,-0.04
P-008015,V-00538,APAC-IN,India,6,3.5,12,37,-0.01
P-008019,V-00701,EMEA-W,Italy,3,14.3,0,46,-0.06
P-008020,V-00377,EMEA-W,Spain,3,5.4,6,84,-0.02
P-008020,V-00377,EMEA-W,Spain,3,15,12,54,-0.06
P-008020,V-00260,APAC-IN,India,3,-4.1,8,72,0.02
P-008021,V-00332,APAC-IN,India,5,2.2,8,19,-0.02
P-008023,V-00112,NA-US,United States,8,4,6,15,-0.04
P-008023,V-00688,NA-US,United States,4,17.4,12,49,-0.19
P-008025,V-00076,APAC-IN,India,5,5.4,12,51,-0.02
P-008027,V-00309,APAC-NE,China,6,18.6,0,82,-0.2
P-008027,V-00445,EMEA-W,France,4,-2.2,12,70,0.02
P-008028,V-00838,NA-US,United States,7,17.9,8,21,-0.07
P-008029,V-00594,APAC-NE,China,4,-5.1,4,75,0.02
P-008029,V-00279,EMEA-E,Czechia,5,15.7,6,98,-0.06
P-008029,V-00481,EMEA-W,Italy,8,18.7,12,80,-0.07
P-008030,V-00376,SA,Brazil,4,12.1,8,32,-0.05
P-008030,V-00660,EMEA-W,Germany,7,19.9,8,18,-0.08
P-008031,V-00557,EMEA-W,Germany,4,-5.8,6,63,0.02
P-008031,V-00106,NA-MX,Mexico,6,2.8,4,53,-0.01
P-008031,V-00149,NA-US,United States,6,-2.7,0,60,0.01
P-008033,V-00566,APAC-NE,South Korea,4,5.5,12,35,-0.02
P-008033,V-00102,APAC-IN,India,4,18.6,0,90,-0.07
P-008033,V-00624,NA-US,United States,5,2.2,8,81,-0.01
P-008037,V-00600,APAC-IN,India,8,17.5,12,18,-0.07
P-008037,V-00588,APAC-NE,China,6,14,0,38,-0.06
P-008038,V-00769,EMEA-W,Spain,5,-0.9,0,71,0
P-008040,V-00656,SA,Brazil,3,17.2,8,34,-0.07
P-008040,V-00137,SA,Brazil,7,10.5,12,41,-0.04
P-008040,V-00287,EMEA-W,France,2,17.6,6,56,-0.07
P-008041,V-00059,EMEA-E,Czechia,2,3.7,4,28,-0.01
P-008041,V-00443,NA-US,United States,3,0.5,0,36,0
P-008042,V-00485,EMEA-E,Czechia,3,19.6,12,88,-0.08
P-008043,V-00209,SA,Brazil,3,7.9,8,18,-0.09
P-008043,V-00452,APAC-IN,India,8,20,0,46,-0.22
P-008044,V-00626,NA-MX,Mexico,6,-3.3,6,26,0.01
P-008044,V-00508,SA,Brazil,3,4.8,8,35,-0.02
P-008044,V-00522,APAC-IN,India,4,18.6,0,40,-0.07
P-008045,V-00218,APAC-SE,Indonesia,5,20.9,4,71,-0.23
P-008045,V-00218,APAC-SE,Indonesia,4,10.8,12,93,-0.12
P-008045,V-00581,NA-MX,Mexico,7,2.2,0,75,-0.02
P-008046,V-00382,APAC-NE,South Korea,6,20.6,0,35,-0.08
P-008046,V-00001,NA-US,United States,8,12.5,4,47,-0.05
P-008047,V-00020,APAC-NE,Japan,7,8,12,94,-0.03
P-008047,V-00238,SA,Argentina,3,12.2,4,65,-0.05
P-008048,V-00485,EMEA-E,Czechia,3,20.6,12,67,-0.23
P-008048,V-00523,EMEA-W,France,4,9.5,4,22,-0.1
P-008048,V-00706,APAC-IN,India,4,-0.7,8,45,0.01
P-008049,V-00736,NA-US,United States,5,10.9,6,50,-0.12
P-008052,V-00636,NA-US,United States,7,17.8,12,86,-0.07
P-008053,V-00027,APAC-IN,India,7,-4.7,6,92,0.02
P-008053,V-00041,NA-US,United States,6,-3.9,12,18,0.02
P-008053,V-00538,APAC-IN,India,5,0.2,6,18,0
P-008055,V-00746,EMEA-W,Spain,3,8.4,6,57,-0.03
P-008055,V-00732,EMEA-E,Turkey,4,2.9,12,93,-0.01
P-008055,V-00005,EMEA-E,Turkey,3,-2.5,12,49,0.01
P-008056,V-00636,NA-US,United States,6,10.7,0,51,-0.12
P-008056,V-00556,EMEA-E,Romania,5,6.7,0,89,-0.07
P-008057,V-00278,APAC-IN,India,9,-1.2,6,69,0
P-008057,V-00189,EMEA-W,Spain,7,2.1,0,83,-0.01
P-008059,V-00118,SA,Brazil,7,-0.5,6,93,0
P-008062,V-00262,EMEA-E,Poland,7,20.5,6,34,-0.08
P-008062,V-01032,APAC-SE,Indonesia,8,-3.8,4,79,0.02
P-008062,V-00051,NA-MX,Mexico,4,14.1,4,36,-0.06
P-008063,V-00072,APAC-SE,Vietnam,6,-1.2,4,25,0.01
P-008064,V-00600,APAC-IN,India,7,1.4,6,48,-0.01
P-008066,V-00625,APAC-SE,Malaysia,7,19.5,6,98,-0.08
P-008067,V-00052,EMEA-E,Turkey,4,-3.1,0,66,0.03
P-008068,V-00926,EMEA-E,Czechia,3,1.1,6,17,-0.01
P-008068,V-00439,APAC-NE,China,2,3.7,8,79,-0.04
P-008068,V-00753,APAC-SE,Vietnam,3,17.6,0,38,-0.19
P-008071,V-00564,EMEA-W,Italy,5,8,0,73,-0.03
P-008071,V-00362,SA,Brazil,3,11.1,8,23,-0.04
P-008071,V-00143,APAC-SE,Vietnam,3,-3.2,0,63,0.01
P-008072,V-00379,APAC-NE,South Korea,3,21.1,6,61,-0.08
P-008073,V-00433,SA,Brazil,8,9.2,4,51,-0.04
P-008073,V-00736,NA-US,United States,6,2.2,12,42,-0.01
P-008074,V-00974,NA-MX,Mexico,7,-6,8,34,0.02
P-008074,V-00493,EMEA-E,Romania,8,3.7,0,97,-0.01
P-008074,V-00262,EMEA-E,Poland,8,7.7,12,68,-0.03
P-008075,V-00977,NA-MX,Mexico,6,20.7,0,32,-0.08
P-008076,V-00570,APAC-NE,Japan,4,17.2,0,56,-0.07
P-008076,V-00620,EMEA-W,Germany,2,21.9,4,47,-0.09
P-008076,V-00265,SA,Brazil,6,0.2,0,25,0
P-008078,V-00331,NA-MX,Mexico,5,5.5,6,37,-0.02
P-008078,V-00661,APAC-SE,Vietnam,5,1.5,4,60,-0.01
P-008080,V-00416,APAC-SE,Indonesia,5,15.1,12,72,-0.06
P-008080,V-00419,SA,Argentina,6,10.5,8,44,-0.04
P-008080,V-00453,SA,Brazil,5,15.7,0,44,-0.06
P-008082,V-00007,SA,Brazil,4,13.6,12,53,-0.05
P-008082,V-00789,SA,Argentina,5,15.4,4,74,-0.06
P-008084,V-00839,EMEA-E,Czechia,6,3.4,12,15,-0.01
P-008084,V-00759,EMEA-W,Italy,6,17.1,12,76,-0.07
P-008084,V-00386,APAC-NE,South Korea,4,12.8,6,51,-0.05
P-008085,V-00219,NA-US,United States,6,21.9,0,81,-0.24
P-008085,V-00456,APAC-SE,Malaysia,6,5.2,6,80,-0.06
P-008085,V-00227,APAC-SE,Indonesia,6,4.2,4,96,-0.05
P-008086,V-00244,EMEA-E,Czechia,5,-3.1,0,73,0.01
P-008086,V-00061,NA-MX,Mexico,2,9.4,4,78,-0.04
P-008086,V-00503,APAC-SE,Vietnam,6,10.5,0,23,-0.04
P-008087,V-00069,APAC-SE,Vietnam,3,5.2,12,85,-0.06
P-008087,V-00150,EMEA-E,Poland,3,20.7,8,76,-0.23
P-008088,V-00295,NA-US,United States,2,-1.4,0,51,0.01
P-008089,V-00794,APAC-IN,India,2,16.8,12,44,-0.18
P-008089,V-00110,EMEA-E,Poland,3,-0.1,0,59,0
P-008090,V-00458,APAC-SE,Indonesia,3,9.6,6,69,-0.04
P-008092,V-00130,NA-US,United States,8,15.7,0,75,-0.06
P-008092,V-00500,SA,Argentina,5,-0.6,0,94,0
P-008093,V-01032,APAC-SE,Indonesia,7,-4.9,12,31,0.02
P-008093,V-00064,NA-MX,Mexico,7,14.5,6,17,-0.06
P-008093,V-00363,APAC-IN,India,9,6.8,0,95,-0.03
P-008094,V-00219,NA-US,United States,6,6.5,0,93,-0.07
P-008094,V-00227,APAC-SE,Indonesia,4,5.3,8,17,-0.06
P-008095,V-00035,SA,Argentina,7,-0.2,12,97,0
P-008095,V-00172,EMEA-W,Germany,3,-5.9,0,15,0.06
P-008095,V-00274,EMEA-W,Spain,3,2,4,33,-0.02
P-008096,V-00237,EMEA-W,Italy,3,-1.2,6,90,0
P-008096,V-00130,NA-US,United States,6,12.2,4,32,-0.05
P-008096,V-00642,EMEA-E,Czechia,5,17.2,0,44,-0.07
P-008097,V-00878,EMEA-W,France,4,16.4,0,63,-0.07
P-008097,V-00686,APAC-NE,South Korea,5,-5.9,6,63,0.02
P-008098,V-00501,APAC-NE,China,6,1.8,12,83,-0.01
P-008098,V-00603,SA,Argentina,2,17.6,12,66,-0.07
P-008098,V-00473,NA-MX,Mexico,7,16.5,0,75,-0.07
P-008100,V-00120,APAC-IN,India,7,-4.8,0,55,0.05
P-008101,V-00823,NA-US,United States,4,6,0,89,-0.02
P-008101,V-00387,EMEA-W,Germany,4,4.8,0,51,-0.02
P-008107,V-00764,EMEA-W,Italy,6,2.4,0,45,-0.03
P-008108,V-00339,SA,Argentina,3,5,12,20,-0.02
P-008109,V-00327,SA,Brazil,5,7.3,0,56,-0.03
P-008109,V-00654,NA-US,United States,5,-1.9,4,73,0.01
P-008112,V-00381,APAC-SE,Vietnam,3,4.6,12,16,-0.02
P-008112,V-00626,NA-MX,Mexico,6,4.9,0,78,-0.02
P-008115,V-00496,NA-US,United States,4,21.7,12,98,-0.09
P-008115,V-00242,APAC-NE,Japan,6,3.1,4,79,-0.01
P-008116,V-00195,APAC-NE,Taiwan,6,0,4,70,0
P-008116,V-00538,APAC-IN,India,7,16.3,12,95,-0.07
P-008116,V-00751,APAC-SE,Indonesia,6,15,0,51,-0.06
P-008117,V-00049,NA-MX,Mexico,8,16.7,4,42,-0.18
P-008119,V-00078,APAC-NE,China,4,16.2,12,43,-0.06
P-008119,V-00647,APAC-SE,Vietnam,4,20.9,8,20,-0.08
P-008124,V-00232,NA-US,United States,3,1.8,8,93,-0.02
P-008124,V-00060,APAC-SE,Indonesia,5,5.7,6,81,-0.06
P-008124,V-00639,EMEA-E,Turkey,5,8.2,6,54,-0.09
P-008125,V-00193,NA-US,United States,8,-5.8,12,96,0.02
P-008126,V-00151,APAC-IN,India,4,21.2,12,95,-0.08
P-008128,V-00168,APAC-SE,Vietnam,3,10.2,4,81,-0.04
P-008129,V-00409,APAC-SE,Indonesia,6,-5.5,8,90,0.02
P-008129,V-00340,NA-US,United States,3,10.2,0,22,-0.04
P-008129,V-00267,NA-MX,Mexico,5,17.1,0,75,-0.07
P-008130,V-00245,NA-US,United States,5,14.2,4,86,-0.16
P-008130,V-00259,APAC-NE,China,6,2.7,6,66,-0.03
P-008131,V-00770,EMEA-E,Turkey,6,-0.4,8,63,0
P-008131,V-00237,EMEA-W,Italy,4,14.2,12,51,-0.06
P-008134,V-00060,APAC-SE,Indonesia,5,-2,4,70,0.01
P-008134,V-00709,NA-MX,Mexico,7,-3.2,6,73,0.01
P-008138,V-00239,NA-MX,Mexico,6,14.4,0,42,-0.06
P-008139,V-00658,SA,Brazil,6,20.6,12,62,-0.08
P-008139,V-00589,NA-MX,Mexico,6,21,6,95,-0.08
P-008140,V-00637,NA-MX,Mexico,3,9,0,56,-0.04
P-008140,V-00007,SA,Brazil,4,16.1,12,73,-0.06
P-008140,V-00625,APAC-SE,Malaysia,7,3.2,12,88,-0.01
P-008143,V-00719,NA-US,United States,5,14.9,0,56,-0.06
P-008144,V-00850,APAC-NE,Japan,8,-4.4,4,34,0.05
P-008145,V-00385,SA,Brazil,8,4.4,8,41,-0.05
P-008146,V-00648,APAC-IN,India,6,13.3,4,35,-0.05
P-008148,V-00641,NA-US,United States,9,-2.7,0,25,0.01
P-008149,V-00632,EMEA-W,Germany,6,-0.8,8,89,0
P-008149,V-00402,EMEA-W,France,6,8.8,6,37,-0.04
P-008150,V-00265,SA,Brazil,8,16.3,0,18,-0.07
P-008153,V-00579,NA-US,United States,7,14.2,12,88,-0.06
P-008153,V-00541,APAC-SE,Malaysia,8,8.6,8,69,-0.03
P-008154,V-00211,EMEA-E,Turkey,4,-4.2,12,60,0.02
P-008154,V-00647,APAC-SE,Vietnam,2,8.7,8,32,-0.03
P-008154,V-00867,NA-US,United States,4,3.8,6,24,-0.02
P-008155,V-00263,EMEA-E,Czechia,7,19.8,6,19,-0.08
P-008155,V-00216,EMEA-W,Italy,2,13.9,12,62,-0.06
P-008157,V-00391,SA,Argentina,8,7.9,0,34,-0.09
P-008157,V-00299,NA-MX,Mexico,5,13.5,4,57,-0.15
P-008157,V-00391,SA,Argentina,8,1.6,4,63,-0.02
P-008159,V-00135,NA-MX,Mexico,6,17.4,8,19,-0.07
P-008159,V-00429,APAC-NE,Japan,6,9.3,0,100,-0.04
P-008161,V-00505,SA,Argentina,7,-6,0,80,0.02
P-008161,V-00054,NA-MX,Mexico,3,8,12,55,-0.03
P-008161,V-00054,NA-MX,Mexico,4,-0.3,12,28,0
P-008163,V-00184,SA,Argentina,5,-2.2,0,87,0.02
P-008163,V-00389,APAC-NE,Japan,4,4.9,8,16,-0.05
P-008163,V-00124,EMEA-W,France,5,-2.8,6,69,0.03
P-008164,V-00168,APAC-SE,Vietnam,3,12.5,0,78,-0.05
P-008164,V-00519,APAC-NE,Taiwan,4,5.5,12,31,-0.02
P-008164,V-00739,SA,Brazil,5,-2.4,4,81,0.01
P-008165,V-00571,EMEA-E,Czechia,5,14.7,8,36,-0.06
P-008165,V-00453,SA,Brazil,6,-1.1,0,33,0
P-008165,V-00344,NA-MX,Mexico,7,-4.5,0,39,0.02
P-008166,V-00569,APAC-IN,India,8,-2.1,6,84,0.01
P-008168,V-00128,SA,Brazil,7,18.7,4,42,-0.07
P-008170,V-00221,APAC-NE,South Korea,8,11.1,4,42,-0.04
P-008170,V-00512,NA-US,United States,5,14.2,0,89,-0.06
P-008170,V-00126,APAC-SE,Indonesia,2,2.3,6,28,-0.01
P-008171,V-00207,APAC-SE,Indonesia,6,10.7,8,85,-0.04
P-008173,V-00347,APAC-SE,Malaysia,5,-4.9,4,18,0.02
P-008173,V-00146,NA-MX,Mexico,3,2.7,0,80,-0.01
P-008173,V-00930,EMEA-W,France,3,9.6,0,97,-0.04
P-008175,V-00872,NA-US,United States,6,17.9,8,88,-0.07
P-008175,V-00508,SA,Brazil,5,-0.4,12,55,0
P-008175,V-00439,APAC-NE,China,3,9.1,6,74,-0.04
P-008179,V-00186,EMEA-E,Romania,7,-1.7,12,91,0.01
P-008180,V-00459,EMEA-E,Turkey,3,2.8,12,45,-0.01
P-008180,V-00595,SA,Brazil,1,-3.3,6,16,0.01
P-008181,V-00544,APAC-IN,India,3,13.6,0,27,-0.05
P-008182,V-00364,APAC-SE,Malaysia,5,13.1,8,44,-0.05
P-008182,V-00334,NA-US,United States,4,-3.5,4,18,0.01
P-008182,V-00512,NA-US,United States,5,21.6,0,27,-0.09
P-008184,V-00049,NA-MX,Mexico,8,-4.8,8,91,0.02
P-008184,V-00037,SA,Brazil,9,18.7,4,61,-0.07
P-008184,V-00179,APAC-SE,Thailand,6,1.3,6,72,-0.01
P-008186,V-00456,APAC-SE,Malaysia,5,7,12,32,-0.08
P-008187,V-00657,SA,Argentina,4,5,4,53,-0.02
P-008187,V-00701,EMEA-W,Italy,4,6.5,0,42,-0.03
P-008188,V-00298,APAC-SE,Thailand,3,5.2,12,43,-0.02
P-008190,V-00210,APAC-IN,India,3,11.5,0,49,-0.05
P-008190,V-00020,APAC-NE,Japan,6,18.9,4,83,-0.08
P-008191,V-00557,EMEA-W,Germany,4,9.6,0,95,-0.11
P-008191,V-00585,SA,Brazil,7,9.9,8,78,-0.11
P-008191,V-00557,EMEA-W,Germany,4,8.1,12,97,-0.09
P-008192,V-00500,SA,Argentina,7,14.6,8,52,-0.06
P-008192,V-00807,EMEA-E,Turkey,7,5.5,12,30,-0.02
P-008193,V-00791,APAC-SE,Vietnam,7,-2,8,39,0.02
P-008194,V-00819,APAC-NE,Taiwan,5,15.2,0,97,-0.06
P-008194,V-00005,EMEA-E,Turkey,3,1.1,4,90,0
P-008196,V-00803,EMEA-E,Czechia,6,7.9,0,32,-0.03
P-008196,V-00014,APAC-NE,South Korea,7,8.2,0,94,-0.03
P-008197,V-00814,APAC-IN,India,2,2.2,8,37,-0.01
P-008197,V-00473,NA-MX,Mexico,7,2.2,8,94,-0.01
P-008198,V-00819,APAC-NE,Taiwan,5,16.8,8,86,-0.18
P-008198,V-00215,APAC-SE,Indonesia,4,-4.9,8,24,0.05
P-008198,V-00383,APAC-NE,Taiwan,8,0.3,0,41,0
P-008199,V-00235,APAC-NE,Japan,4,-3.7,12,16,0.04
P-008200,V-00598,APAC-IN,India,7,1.6,4,60,-0.01
P-008202,V-00622,APAC-NE,China,4,1.6,4,89,-0.01
P-008202,V-00143,APAC-SE,Vietnam,3,12.3,0,20,-0.05
P-008202,V-00809,SA,Brazil,9,8,6,30,-0.03
P-008204,V-00478,APAC-SE,Vietnam,5,-2.8,0,73,0.01
P-008204,V-00822,NA-US,United States,9,1.6,0,59,-0.01
P-008208,V-00017,APAC-NE,China,6,-4.1,12,42,0.02
P-008209,V-00372,NA-MX,Mexico,2,3.4,0,27,-0.01
P-008210,V-00080,EMEA-W,France,4,16.4,6,97,-0.07
P-008210,V-00132,APAC-NE,Taiwan,9,6.3,0,35,-0.03
P-008210,V-00671,SA,Argentina,4,6.2,4,36,-0.02
P-008211,V-00008,NA-US,United States,8,-4.3,6,96,0.05
P-008211,V-00609,APAC-NE,Japan,1,18.6,12,90,-0.2
P-008211,V-00418,APAC-NE,Taiwan,2,2.3,4,42,-0.03
P-008212,V-00657,SA,Argentina,3,18.7,4,91,-0.07
P-008212,V-00201,APAC-IN,India,2,15.5,12,44,-0.06
P-008212,V-00616,APAC-SE,Malaysia,3,-1.3,6,38,0.01
P-008216,V-00753,APAC-SE,Vietnam,4,18.7,4,37,-0.07
P-008216,V-00404,EMEA-E,Romania,2,21.4,8,76,-0.09
P-008221,V-00550,SA,Argentina,3,3.7,4,30,-0.01
P-008221,V-00550,SA,Argentina,3,2.4,12,41,-0.01
P-008221,V-00257,SA,Brazil,5,7,8,29,-0.03
P-008222,V-00094,APAC-NE,China,4,19.2,0,46,-0.08
P-008222,V-00380,APAC-SE,Vietnam,4,7.4,4,80,-0.03
P-008224,V-00429,APAC-NE,Japan,3,7.8,6,46,-0.03
P-008224,V-00409,APAC-SE,Indonesia,7,0.3,12,39,0
P-008224,V-00591,SA,Brazil,8,-2.6,4,87,0.01
P-008225,V-00320,APAC-IN,India,3,-4.1,6,21,0.02
P-008225,V-00061,NA-MX,Mexico,2,7.9,8,76,-0.03
P-008225,V-00485,EMEA-E,Czechia,3,12.9,0,66,-0.05
P-008226,V-00326,NA-US,United States,7,12.4,0,100,-0.05
P-008228,V-00718,APAC-IN,India,4,21.2,6,27,-0.23
P-008229,V-00322,EMEA-E,Poland,4,16.2,6,28,-0.06
P-008231,V-00390,EMEA-E,Poland,7,2.7,0,71,-0.01
P-008231,V-00026,APAC-NE,China,6,6.1,8,54,-0.02
P-008233,V-00593,APAC-IN,India,8,-4.7,4,68,0.02
P-008233,V-00352,SA,Brazil,6,-4.3,0,83,0.02
P-008234,V-00770,EMEA-E,Turkey,7,13,12,69,-0.05
P-008234,V-00556,EMEA-E,Romania,4,17.6,12,21,-0.07
P-008234,V-00645,NA-MX,Mexico,5,1,0,33,0
P-008235,V-00493,EMEA-E,Romania,7,-5.8,6,87,0.02
P-008236,V-00541,APAC-SE,Malaysia,8,1,0,31,0
P-008236,V-00475,APAC-SE,Thailand,6,5.8,4,47,-0.02
P-008236,V-00477,APAC-IN,India,5,19.7,12,74,-0.08
P-008237,V-00809,SA,Brazil,8,-1.8,12,17,0.01
P-008238,V-00510,APAC-SE,Vietnam,4,-5.2,4,46,0.02
P-008239,V-00145,NA-MX,Mexico,4,6.3,0,73,-0.03
P-008239,V-00430,EMEA-W,Italy,7,5.9,0,31,-0.02
P-008239,V-00235,APAC-NE,Japan,3,8.5,12,23,-0.03
P-008240,V-00745,APAC-SE,Malaysia,4,20.6,0,20,-0.08
P-008240,V-00319,NA-MX,Mexico,5,11.9,4,16,-0.05
P-008240,V-00165,SA,Brazil,3,0.2,12,97,0
P-008242,V-00859,NA-US,United States,4,16.4,8,84,-0.07
P-008246,V-00220,EMEA-W,Spain,7,17.2,0,67,-0.07
P-008247,V-00616,APAC-SE,Malaysia,3,2.8,0,35,-0.01
P-008247,V-00530,SA,Brazil,6,2.6,12,61,-0.01
P-008247,V-00447,NA-MX,Mexico,7,7.5,4,59,-0.03
P-008248,V-00091,APAC-NE,South Korea,3,6.5,8,53,-0.03
P-008248,V-00091,APAC-NE,South Korea,4,3,8,59,-0.01
P-008248,V-00279,EMEA-E,Czechia,7,16.2,0,45,-0.06
P-008249,V-00350,NA-US,United States,6,17.3,6,85,-0.07
P-008251,V-00477,APAC-IN,India,5,-2.1,0,20,0.01
P-008252,V-00004,APAC-NE,Japan,1,4.4,0,23,-0.02
P-008253,V-00477,APAC-IN,India,8,11.9,4,87,-0.05
P-008254,V-00445,EMEA-W,France,4,-1.4,8,87,0.01
P-008255,V-00681,EMEA-E,Turkey,5,11.3,0,19,-0.12
P-008255,V-00524,APAC-SE,Thailand,9,21.5,6,70,-0.24
P-008256,V-00070,EMEA-E,Turkey,6,10.1,8,98,-0.04
P-008256,V-00686,APAC-NE,South Korea,5,-5.3,8,62,0.02
P-008257,V-00191,EMEA-E,Turkey,5,12.2,0,72,-0.05
P-008259,V-00227,APAC-SE,Indonesia,4,-3.8,0,20,0.04
P-008259,V-00846,NA-MX,Mexico,1,18,12,19,-0.2
P-008260,V-00325,EMEA-W,France,2,-5.6,12,16,0.06
P-008260,V-00173,APAC-NE,South Korea,5,-4.7,12,28,0.05
P-008263,V-00838,NA-US,United States,8,7.7,6,21,-0.03
P-008264,V-00083,SA,Brazil,9,-5.7,4,27,0.02
P-008267,V-00194,APAC-IN,India,4,12.2,12,61,-0.05
P-008267,V-00552,EMEA-W,France,4,-4.3,0,47,0.02
P-008267,V-00700,NA-US,United States,6,-5.7,6,97,0.02
P-008269,V-00490,APAC-IN,India,4,-0.6,0,30,0
P-008269,V-00480,APAC-NE,Taiwan,7,0.4,4,19,0
P-008269,V-00296,NA-MX,Mexico,3,-4.9,4,68,0.02
P-008270,V-00013,SA,Argentina,3,15.4,12,22,-0.17
P-008270,V-00488,APAC-IN,India,6,3.5,12,100,-0.04
P-008271,V-00623,APAC-NE,South Korea,7,2.2,4,100,-0.01
P-008271,V-00418,APAC-NE,Taiwan,2,21,0,90,-0.08
P-008271,V-00586,NA-MX,Mexico,6,6.7,4,78,-0.03
P-008272,V-00402,EMEA-W,France,6,-5.6,8,65,0.02
P-008272,V-00260,APAC-IN,India,3,2.5,0,99,-0.01
P-008272,V-00377,EMEA-W,Spain,3,18.9,12,58,-0.08
P-008275,V-00390,EMEA-E,Poland,6,15.6,0,99,-0.06
P-008276,V-00159,EMEA-W,Italy,4,-3.8,8,33,0.02
P-008277,V-00617,EMEA-W,Spain,6,19.8,4,68,-0.08
P-008277,V-00168,APAC-SE,Vietnam,3,5.8,8,53,-0.02
P-008277,V-00706,APAC-IN,India,2,-0.7,4,75,0
P-008278,V-00046,NA-MX,Mexico,5,1.6,12,77,-0.02
P-008278,V-00506,SA,Argentina,6,-0.7,4,80,0.01
P-008278,V-00416,APAC-SE,Indonesia,4,16,8,83,-0.18
P-008279,V-00713,APAC-IN,India,6,1.8,0,86,-0.01
P-008279,V-00528,SA,Brazil,6,11.7,12,32,-0.05
P-008280,V-00615,EMEA-E,Romania,5,10.5,4,61,-0.04
P-008281,V-00041,NA-US,United States,9,13.9,0,17,-0.06
P-008281,V-00538,APAC-IN,India,5,20.4,6,45,-0.08
P-008283,V-00759,EMEA-W,Italy,3,-3.3,0,86,0.04
P-008284,V-00365,APAC-IN,India,4,18.8,0,18,-0.08
P-008284,V-00285,NA-US,United States,4,7.1,12,68,-0.03
P-008284,V-00057,NA-MX,Mexico,5,6.9,8,85,-0.03
P-008286,V-00116,APAC-IN,India,9,-3.7,4,38,0.04
P-008286,V-00054,NA-MX,Mexico,4,7,6,49,-0.08
P-008287,V-00485,EMEA-E,Czechia,6,6.8,0,54,-0.03
P-008287,V-00009,APAC-SE,Indonesia,2,11.2,4,61,-0.04
P-008288,V-00612,EMEA-W,Italy,2,21.4,0,72,-0.09
P-008290,V-00619,EMEA-E,Poland,4,11,6,22,-0.04
P-008290,V-00268,APAC-NE,South Korea,3,9.4,6,53,-0.04
P-008291,V-00087,APAC-NE,Japan,6,2.2,0,90,-0.01
P-008291,V-00402,EMEA-W,France,4,5.1,6,57,-0.02
P-008291,V-00691,APAC-IN,India,5,13,0,15,-0.05
P-008292,V-00606,APAC-SE,Malaysia,7,-0.6,0,21,0.01
P-008292,V-00613,EMEA-W,Spain,7,-0.7,8,35,0.01
P-008292,V-00612,EMEA-W,Italy,2,12.3,0,36,-0.14
P-008294,V-00616,APAC-SE,Malaysia,4,2.8,8,65,-0.01
P-008294,V-00638,EMEA-W,Germany,7,-0.5,6,74,0
P-008297,V-00131,EMEA-E,Czechia,7,17.6,12,86,-0.07
P-008297,V-00222,NA-US,United States,4,20.4,4,17,-0.08
P-008298,V-00159,EMEA-W,Italy,5,14.7,6,96,-0.06
P-008298,V-00487,APAC-IN,India,2,-0.9,0,58,0
P-008300,V-00203,NA-US,United States,5,9.7,12,66,-0.04
P-008300,V-00388,EMEA-W,Spain,3,13.6,0,71,-0.05
P-008301,V-00473,NA-MX,Mexico,5,8.8,0,52,-0.04
P-008301,V-00627,SA,Brazil,4,18.3,6,16,-0.07
P-008302,V-00285,NA-US,United States,5,19.5,12,41,-0.08
P-008302,V-00386,APAC-NE,South Korea,6,8.3,4,82,-0.03
P-008303,V-00371,APAC-SE,Indonesia,5,-0.6,12,78,0
P-008303,V-00030,SA,Brazil,3,-1.3,12,15,0.01
P-008303,V-00056,APAC-SE,Malaysia,7,16.8,0,44,-0.07
P-008304,V-00200,EMEA-W,Germany,5,21.6,6,38,-0.09
P-008305,V-00528,SA,Brazil,4,1.3,6,77,-0.01
P-008305,V-00355,NA-MX,Mexico,7,18.5,6,94,-0.07
P-008306,V-00489,SA,Brazil,9,16.2,0,19,-0.06
P-008306,V-00231,APAC-SE,Vietnam,5,-1.9,8,47,0.01
P-008307,V-00673,NA-US,United States,6,5.6,12,89,-0.02
P-008307,V-00339,SA,Argentina,5,8.5,0,30,-0.03
P-008307,V-00850,APAC-NE,Japan,8,-3.3,12,55,0.01
P-008308,V-00109,NA-US,United States,3,13.5,8,48,-0.05
P-008308,V-00253,APAC-NE,Taiwan,8,0.7,0,82,0
P-008308,V-00255,EMEA-E,Czechia,6,6.6,6,90,-0.03
P-008309,V-00090,APAC-SE,Thailand,7,12.6,8,73,-0.05
P-008309,V-00307,SA,Brazil,6,17.1,12,27,-0.07
P-008309,V-00349,NA-US,United States,3,-1.1,4,23,0
P-008310,V-00442,NA-MX,Mexico,2,9.2,8,98,-0.1
P-008312,V-00367,EMEA-W,France,4,-4.7,6,94,0.02
P-008312,V-00081,EMEA-E,Romania,8,9.3,0,70,-0.04
P-008312,V-00203,NA-US,United States,8,4.8,12,23,-0.02
P-008313,V-00426,APAC-SE,Malaysia,7,12.6,6,46,-0.05
P-008313,V-00379,APAC-NE,South Korea,2,15.8,0,61,-0.06
P-008313,V-00380,APAC-SE,Vietnam,6,-0.2,0,73,0
P-008314,V-00099,SA,Brazil,7,7.1,0,87,-0.03
P-008315,V-00196,APAC-NE,Taiwan,6,13.9,8,61,-0.06
P-008315,V-00762,NA-US,United States,5,7.7,0,18,-0.03
P-008316,V-00266,SA,Brazil,5,8.5,0,49,-0.03
P-008316,V-00305,APAC-SE,Vietnam,3,2.4,4,100,-0.01
P-008316,V-00299,NA-MX,Mexico,4,-2.3,0,79,0.01
P-008319,V-00153,SA,Argentina,5,17.2,0,49,-0.07
P-008320,V-00783,APAC-IN,India,2,17.1,0,58,-0.19
P-008320,V-00180,APAC-IN,India,6,-0.7,0,47,0.01
P-008321,V-00689,NA-US,United States,4,13.9,8,39,-0.06
P-008322,V-00127,NA-MX,Mexico,3,-2.6,12,45,0.01
P-008323,V-00568,APAC-IN,India,5,17.7,0,28,-0.07
P-008323,V-00359,NA-MX,Mexico,7,0.7,4,91,0
P-008323,V-00497,APAC-NE,Taiwan,6,-1.4,0,20,0.01
P-008324,V-00207,APAC-SE,Indonesia,7,-5.8,0,84,0.02
P-008325,V-00051,NA-MX,Mexico,4,17.6,0,24,-0.07
P-008325,V-00262,EMEA-E,Poland,9,5.6,8,43,-0.02
P-008325,V-00493,EMEA-E,Romania,6,20.4,0,33,-0.08
P-008328,V-00183,EMEA-W,Germany,7,-2.3,4,42,0.01
P-008329,V-00643,APAC-IN,India,7,16.5,12,59,-0.07
P-008329,V-00414,NA-US,United States,6,19.5,4,87,-0.08
P-008330,V-00638,EMEA-W,Germany,7,17.8,6,96,-0.07
P-008332,V-00634,EMEA-E,Czechia,5,5.4,4,25,-0.02
P-008333,V-00235,APAC-NE,Japan,4,5.5,0,73,-0.02
P-008333,V-00600,APAC-IN,India,5,16.1,0,63,-0.06
P-008335,V-00539,EMEA-E,Turkey,7,17.3,4,65,-0.07
P-008335,V-00026,APAC-NE,China,4,1,4,43,0
P-008335,V-00700,NA-US,United States,5,-0.5,12,74,0
P-008336,V-00129,APAC-NE,Japan,4,12.3,0,35,-0.05
P-008336,V-00050,NA-US,United States,3,7.6,4,57,-0.03
P-008336,V-00331,NA-MX,Mexico,3,15.4,6,84,-0.06
P-008337,V-00331,NA-MX,Mexico,5,21.4,4,42,-0.09
P-008337,V-00338,APAC-SE,Vietnam,8,15.1,0,58,-0.06
P-008337,V-00222,NA-US,United States,4,18.4,0,38,-0.07
P-008339,V-00334,NA-US,United States,5,-4.1,6,33,0.02
P-008339,V-00585,SA,Brazil,6,13.5,0,26,-0.05
P-008339,V-00512,NA-US,United States,7,14.7,4,45,-0.06
P-008340,V-00632,EMEA-W,Germany,7,4.9,8,69,-0.02
P-008347,V-00013,SA,Argentina,4,8.1,6,62,-0.09
P-008348,V-00346,EMEA-E,Poland,4,15.6,0,97,-0.06
P-008348,V-00286,SA,Argentina,4,-1.6,0,67,0.01
P-008349,V-00115,APAC-NE,Taiwan,5,12.2,8,92,-0.05
P-008349,V-00111,NA-MX,Mexico,4,10.9,6,67,-0.04
P-008349,V-00209,SA,Brazil,4,2.1,6,70,-0.01
P-008351,V-00622,APAC-NE,China,4,-1.9,0,94,0.01
P-008351,V-00650,APAC-IN,India,3,20.2,0,99,-0.08
P-008351,V-00119,APAC-SE,Malaysia,4,-4.8,4,61,0.02
P-008352,V-00647,APAC-SE,Vietnam,2,0.6,6,87,0
P-008355,V-00249,APAC-SE,Indonesia,5,18.5,8,56,-0.2
P-008355,V-00367,EMEA-W,France,6,16.2,6,83,-0.18
P-008359,V-00779,APAC-SE,Malaysia,7,19.7,0,20,-0.08
P-008360,V-00451,NA-MX,Mexico,5,17.9,6,44,-0.07
P-008361,V-00596,EMEA-E,Turkey,4,11.1,12,64,-0.04
P-008361,V-00746,EMEA-W,Spain,1,15.3,0,54,-0.06
P-008362,V-00041,NA-US,United States,8,13.2,4,29,-0.05
P-008362,V-00625,APAC-SE,Malaysia,5,-3.5,6,33,0.01
P-008362,V-00353,APAC-SE,Thailand,8,16.4,12,93,-0.07
P-008363,V-00192,APAC-SE,Malaysia,3,9.5,0,38,-0.04
P-008363,V-00485,EMEA-E,Czechia,5,7.5,8,39,-0.03
P-008363,V-00764,EMEA-W,Italy,6,6.5,6,55,-0.03
P-008364,V-00210,APAC-IN,India,3,7.6,12,47,-0.03
P-008364,V-00434,APAC-NE,Japan,3,21,8,60,-0.08
P-008364,V-00426,APAC-SE,Malaysia,7,20.8,12,74,-0.08
P-008365,V-00559,SA,Brazil,4,0,8,96,0
P-008365,V-00618,APAC-NE,South Korea,7,18.9,12,24,-0.08
P-008366,V-00268,APAC-NE,South Korea,3,3.9,6,74,-0.02
P-008369,V-00658,SA,Brazil,5,9.4,6,69,-0.1
P-008369,V-00199,NA-MX,Mexico,3,-2.3,6,35,0.03
P-008369,V-00403,NA-MX,Mexico,3,6.1,0,52,-0.07
P-008370,V-00146,NA-MX,Mexico,2,1.7,0,31,-0.01
P-008370,V-00130,NA-US,United States,6,2.4,0,87,-0.01
P-008372,V-00925,NA-MX,Mexico,5,4,0,82,-0.02
P-008373,V-00067,EMEA-W,France,1,10.5,12,87,-0.04
P-008373,V-00679,APAC-NE,South Korea,6,19.6,0,97,-0.08
P-008374,V-00592,EMEA-W,Germany,9,7.5,0,80,-0.03
P-008374,V-00816,EMEA-E,Poland,2,6.5,0,33,-0.03
P-008375,V-00449,NA-US,United States,6,-1.8,4,17,0.01
P-008375,V-00857,APAC-NE,Japan,5,-1.6,0,17,0.01
P-008375,V-00673,NA-US,United States,5,9.7,0,16,-0.04
P-008379,V-00581,NA-MX,Mexico,7,12.5,12,44,-0.14
P-008379,V-00441,APAC-SE,Malaysia,4,0.6,0,95,-0.01
P-008380,V-00443,NA-US,United States,4,6,0,83,-0.07
P-008380,V-00263,EMEA-E,Czechia,9,2.2,6,44,-0.02
P-008380,V-00263,EMEA-E,Czechia,9,18.5,4,33,-0.2
P-008382,V-00671,SA,Argentina,4,1.6,6,81,-0.02
P-008382,V-00292,NA-MX,Mexico,3,10.8,8,70,-0.12
P-008382,V-00697,NA-US,United States,4,-0.5,0,45,0.01
P-008383,V-00839,EMEA-E,Czechia,5,-4.8,12,23,0.02
P-008383,V-00854,NA-US,United States,8,10.9,12,98,-0.04
P-008383,V-00590,APAC-IN,India,7,9.8,0,53,-0.04
P-008384,V-00452,APAC-IN,India,6,10.1,0,39,-0.04
P-008384,V-00111,NA-MX,Mexico,6,6.4,6,82,-0.03
P-008385,V-00751,APAC-SE,Indonesia,7,6.3,0,87,-0.03
P-008385,V-00212,NA-MX,Mexico,4,-0.1,8,41,0
P-008385,V-00013,SA,Argentina,4,18.1,4,87,-0.07
P-008386,V-00739,SA,Brazil,4,19.8,0,24,-0.08
P-008386,V-00678,NA-MX,Mexico,3,-4.2,6,28,0.02
P-008387,V-00733,EMEA-W,Spain,9,12.9,0,62,-0.05
P-008387,V-00493,EMEA-E,Romania,7,21.2,6,60,-0.08
P-008387,V-00670,EMEA-E,Czechia,3,-3.9,0,91,0.02
P-008388,V-00018,NA-US,United States,2,18.2,0,99,-0.07
P-008388,V-00108,NA-US,United States,8,-2.2,6,22,0.01
P-008388,V-00405,NA-MX,Mexico,1,5.3,4,80,-0.02
P-008389,V-00180,APAC-IN,India,6,9.5,6,97,-0.04
P-008389,V-00668,APAC-NE,Taiwan,3,4.8,6,51,-0.02
P-008393,V-00516,EMEA-W,Italy,3,7.3,4,62,-0.03
P-008393,V-00248,APAC-SE,Indonesia,5,-4.7,6,28,0.02
P-008393,V-00215,APAC-SE,Indonesia,3,17.5,0,77,-0.07
P-008394,V-00371,APAC-SE,Indonesia,5,0.6,8,24,0
P-008394,V-00471,APAC-NE,Japan,4,15.8,0,19,-0.06
P-008395,V-00022,APAC-IN,India,3,16.2,8,90,-0.06
P-008396,V-00062,NA-US,United States,8,3.8,0,93,-0.02
P-008396,V-00092,APAC-IN,India,5,2.3,8,97,-0.01
P-008397,V-00181,APAC-NE,Taiwan,6,14.1,8,54,-0.16
P-008397,V-00633,NA-MX,Mexico,4,19.3,8,77,-0.21
P-008398,V-00759,EMEA-W,Italy,5,-2,8,33,0.01
P-008399,V-00750,EMEA-E,Poland,8,-1.7,12,35,0.01
P-008400,V-00543,NA-US,United States,3,9.2,12,87,-0.04
P-008402,V-00867,NA-US,United States,3,10.6,12,87,-0.04
P-008402,V-00121,SA,Argentina,5,12.6,12,41,-0.05
P-008403,V-00646,APAC-SE,Malaysia,3,4.1,0,52,-0.02
P-008403,V-00260,APAC-IN,India,3,15.4,6,83,-0.06
P-008407,V-00657,SA,Argentina,2,-1.9,0,53,0.01
P-008407,V-00638,EMEA-W,Germany,9,-1.8,0,70,0.01
P-008407,V-00336,EMEA-W,Germany,7,-4.2,8,64,0.02
P-008408,V-00185,APAC-IN,India,5,-4.4,6,56,0.05
P-008409,V-00180,APAC-IN,India,4,16.8,12,64,-0.07
P-008410,V-00424,NA-US,United States,8,-1,12,56,0
P-008410,V-00612,EMEA-W,Italy,4,10.8,0,20,-0.04
P-008410,V-00612,EMEA-W,Italy,3,3.9,0,95,-0.02
P-008411,V-00696,APAC-SE,Indonesia,8,5.5,12,87,-0.02
P-008414,V-00005,EMEA-E,Turkey,4,20.8,12,71,-0.08
P-008414,V-00596,EMEA-E,Turkey,4,-2.5,4,53,0.01
P-008414,V-00797,APAC-IN,India,4,10.9,12,68,-0.04
P-008415,V-00003,NA-MX,Mexico,8,15.9,4,92,-0.17
P-008415,V-00384,EMEA-W,Italy,7,-5.3,12,71,0.06
P-008415,V-00123,EMEA-W,Spain,6,2,0,72,-0.02
P-008417,V-00257,SA,Brazil,4,20.9,0,86,-0.08
P-008417,V-00187,APAC-NE,South Korea,4,22,4,75,-0.09
P-008419,V-00531,NA-MX,Mexico,6,-0.9,4,30,0
P-008421,V-00393,APAC-NE,China,4,15.4,6,62,-0.06
P-008421,V-01129,EMEA-E,Czechia,6,6,6,45,-0.02
P-008423,V-00551,EMEA-E,Czechia,3,2.1,8,97,-0.01
P-008423,V-00152,APAC-SE,Indonesia,4,17.6,4,39,-0.07
P-008425,V-00162,EMEA-W,Italy,7,19.7,12,99,-0.08
P-008425,V-00321,APAC-SE,Malaysia,2,9.9,0,70,-0.04
P-008426,V-00708,EMEA-W,Spain,7,16.9,4,52,-0.19
P-008427,V-00334,NA-US,United States,4,17.1,12,81,-0.07
P-008427,V-00184,SA,Argentina,4,-4.5,4,91,0.02
P-008427,V-00471,APAC-NE,Japan,5,18.4,6,17,-0.07
P-008428,V-00203,NA-US,United States,6,-3.5,4,27,0.01
P-008429,V-00141,APAC-SE,Malaysia,5,-3,6,54,0.01
P-008429,V-00779,APAC-SE,Malaysia,5,-3.6,4,67,0.01
P-008429,V-00007,SA,Brazil,2,12.2,4,73,-0.05
P-008431,V-00307,SA,Brazil,5,14.9,12,35,-0.06
P-008433,V-00019,APAC-NE,Taiwan,3,3.1,0,95,-0.01
P-008435,V-00374,APAC-SE,Thailand,6,10.4,12,98,-0.04
P-008435,V-00230,APAC-SE,Vietnam,7,-4,0,73,0.02
P-008435,V-00463,SA,Argentina,8,19.7,6,53,-0.08
P-008436,V-00196,APAC-NE,Taiwan,5,-3.3,0,75,0.01
P-008436,V-00762,NA-US,United States,4,-4.1,4,58,0.02
P-008437,V-00501,APAC-NE,China,6,15.6,0,68,-0.06
P-008437,V-00060,APAC-SE,Indonesia,6,8.8,0,28,-0.04
P-008437,V-00603,SA,Argentina,3,16.6,0,29,-0.07
P-008439,V-00625,APAC-SE,Malaysia,6,8.1,4,93,-0.03
P-008440,V-00291,APAC-NE,South Korea,7,13.2,6,52,-0.05
P-008441,V-00681,EMEA-E,Turkey,7,1.1,6,74,0
P-008442,V-00230,APAC-SE,Vietnam,5,6.2,0,27,-0.07
P-008442,V-00123,EMEA-W,Spain,7,18.8,0,81,-0.21
P-008442,V-00024,NA-US,United States,6,4.5,12,22,-0.05
P-008444,V-00155,SA,Argentina,7,-3.2,0,38,0.01
P-008445,V-00266,SA,Brazil,6,-1.7,0,96,0.01
P-008445,V-00076,APAC-IN,India,5,15.6,6,77,-0.06
P-008446,V-00088,APAC-SE,Vietnam,4,10.8,12,63,-0.12
P-008446,V-00215,APAC-SE,Indonesia,3,21.4,12,15,-0.24
P-008448,V-00368,NA-US,United States,6,3.6,0,53,-0.01
P-008448,V-00854,NA-US,United States,5,2,8,46,-0.01
P-008448,V-00565,SA,Argentina,4,20.1,6,84,-0.08
P-008449,V-00565,SA,Argentina,3,3.4,4,41,-0.01
P-008449,V-00567,EMEA-E,Romania,2,13,4,27,-0.05
P-008449,V-00297,APAC-NE,Taiwan,6,15.9,0,51,-0.06
P-008450,V-00362,SA,Brazil,4,1.9,0,38,-0.01
P-008451,V-00697,NA-US,United States,3,6,8,97,-0.07
P-008451,V-00693,NA-US,United States,5,5,0,76,-0.06
P-008451,V-00529,APAC-IN,India,3,19.3,4,62,-0.21
P-008453,V-00355,NA-MX,Mexico,8,-2.8,4,19,0.01
P-008453,V-00770,EMEA-E,Turkey,7,15.6,6,67,-0.06
P-008455,V-00157,APAC-IN,India,4,2.5,4,20,-0.03
P-008455,V-00121,SA,Argentina,5,6.9,0,36,-0.08
P-008456,V-00017,APAC-NE,China,3,12.1,12,16,-0.05
P-008456,V-00246,NA-MX,Mexico,8,11.7,4,74,-0.05
P-008457,V-00779,APAC-SE,Malaysia,5,20.8,8,52,-0.23
P-008458,V-00306,EMEA-E,Turkey,8,-3,4,59,0.01
P-008462,V-00481,EMEA-W,Italy,7,4.2,12,59,-0.02
P-008463,V-00301,APAC-SE,Vietnam,3,0.3,0,26,0
P-008463,V-00207,APAC-SE,Indonesia,6,18.3,0,83,-0.07
P-008463,V-00637,NA-MX,Mexico,3,12,12,17,-0.05
P-008464,V-00258,NA-US,United States,6,-3.6,12,56,0.01
P-008464,V-00204,NA-MX,Mexico,5,-0.8,6,65,0
P-008465,V-00538,APAC-IN,India,6,21.9,0,48,-0.09
P-008466,V-00314,SA,Brazil,9,1.2,12,68,0
P-008468,V-00147,APAC-SE,Malaysia,5,2,4,53,-0.01
P-008468,V-00550,SA,Argentina,4,19.4,8,38,-0.08
P-008468,V-00147,APAC-SE,Malaysia,4,16.4,8,98,-0.07
P-008469,V-00198,EMEA-W,Spain,6,14.6,0,57,-0.16
P-008471,V-00018,NA-US,United States,5,8.9,6,90,-0.04
P-008472,V-00284,EMEA-E,Romania,6,1.4,12,76,-0.02
P-008472,V-00284,EMEA-E,Romania,4,10,8,30,-0.11
P-008473,V-00379,APAC-NE,South Korea,2,6.4,0,93,-0.03
P-008473,V-00272,SA,Argentina,1,13.6,6,75,-0.05
P-008479,V-00094,APAC-NE,China,3,12.3,12,19,-0.05
P-008479,V-00238,SA,Argentina,4,7.8,0,94,-0.03
P-008482,V-00293,APAC-NE,Taiwan,6,3.6,4,72,-0.01
P-008484,V-00556,EMEA-E,Romania,4,0.7,0,47,0
P-008484,V-00726,APAC-IN,India,4,7.5,4,32,-0.03
P-008485,V-00717,SA,Argentina,9,5.5,12,100,-0.02
P-008485,V-00709,NA-MX,Mexico,8,0.1,8,71,0
P-008486,V-00312,NA-US,United States,7,-5.5,4,44,0.02
P-008486,V-00618,APAC-NE,South Korea,6,6.5,8,20,-0.03
P-008487,V-00540,NA-US,United States,5,-3.3,12,63,0.01
P-008487,V-00229,EMEA-E,Czechia,4,14.3,0,65,-0.06
P-008489,V-00705,NA-US,United States,5,0.5,12,42,0
P-008490,V-00380,APAC-SE,Vietnam,5,-1.3,4,84,0.01
P-008491,V-00108,NA-US,United States,7,2.7,6,71,-0.01
P-008491,V-00457,NA-MX,Mexico,7,21.9,0,53,-0.09
P-008491,V-00457,NA-MX,Mexico,5,-1.9,4,91,0.01
P-008492,V-00208,EMEA-W,France,8,-3.5,4,74,0.01
P-008492,V-00625,APAC-SE,Malaysia,5,-2.8,0,26,0.01
P-008493,V-00626,NA-MX,Mexico,9,4.8,0,92,-0.02
P-008494,V-00030,SA,Brazil,1,17.1,0,33,-0.19
P-008496,V-00145,NA-MX,Mexico,6,12.4,0,87,-0.05
P-008496,V-00489,SA,Brazil,9,9.3,6,99,-0.04
P-008497,V-00135,NA-MX,Mexico,5,13,4,98,-0.05
P-008497,V-00492,APAC-IN,India,6,5,6,69,-0.02
P-008497,V-00515,EMEA-E,Turkey,8,13.4,8,27,-0.05
P-008498,V-00433,SA,Brazil,7,20.5,8,42,-0.08
P-008498,V-00377,EMEA-W,Spain,2,5.3,4,96,-0.02
P-008498,V-00836,SA,Argentina,3,-5.1,8,78,0.02
P-008499,V-00666,APAC-SE,Indonesia,6,9,8,66,-0.04
P-008499,V-00548,EMEA-W,Italy,6,18.7,6,73,-0.07
P-008500,V-00513,APAC-NE,Taiwan,8,-1.6,8,56,0.01
P-008500,V-00415,APAC-NE,Taiwan,4,21.5,4,39,-0.09
P-008501,V-00908,NA-MX,Mexico,5,4.5,4,74,-0.05
P-008501,V-00206,APAC-NE,South Korea,4,13,12,25,-0.14
P-008503,V-00183,EMEA-W,Germany,7,16.5,0,18,-0.07
P-008503,V-00822,NA-US,United States,7,-0.6,8,42,0
P-008504,V-00488,APAC-IN,India,4,11.2,6,77,-0.12
P-008506,V-00977,NA-MX,Mexico,4,2.2,0,28,-0.01
P-008508,V-00585,SA,Brazil,6,18.5,0,22,-0.07
P-008508,V-00300,APAC-NE,Japan,6,1.6,12,84,-0.01
P-008508,V-00574,APAC-SE,Malaysia,4,12.7,8,98,-0.05
P-008509,V-00056,APAC-SE,Malaysia,7,17.2,6,89,-0.07
P-008510,V-00486,NA-MX,Mexico,7,-2.1,4,30,0.01
P-008511,V-00314,SA,Brazil,8,22,0,48,-0.24
P-008512,V-00762,NA-US,United States,6,0.8,12,99,0
P-008512,V-00672,EMEA-E,Romania,3,16.1,12,31,-0.06
P-008512,V-00521,NA-US,United States,5,17.1,8,22,-0.07
P-008513,V-00256,APAC-NE,Taiwan,5,0.8,4,90,-0.01
P-008514,V-00055,APAC-IN,India,8,0,12,91,0
P-008517,V-00357,SA,Brazil,8,10.1,0,26,-0.04
P-008517,V-00323,EMEA-E,Czechia,4,2.2,0,51,-0.01
P-008518,V-00307,SA,Brazil,6,-1.5,0,23,0.02
P-008518,V-00352,SA,Brazil,8,5.7,12,83,-0.06
P-008518,V-00626,NA-MX,Mexico,8,1.9,0,34,-0.02
P-008520,V-00378,NA-MX,Mexico,6,16.5,6,96,-0.18
P-008522,V-00345,EMEA-E,Poland,6,2.8,6,55,-0.01
P-008522,V-00410,APAC-SE,Malaysia,4,21.6,6,99,-0.09
P-008524,V-00274,EMEA-W,Spain,3,16.5,0,73,-0.07
P-008524,V-00106,NA-MX,Mexico,4,19.1,0,70,-0.08
P-008524,V-00030,SA,Brazil,4,17.7,6,55,-0.07
P-008525,V-00212,NA-MX,Mexico,4,-5.4,12,30,0.02
P-008525,V-00771,NA-MX,Mexico,7,1.9,8,25,-0.01
P-008526,V-00412,APAC-SE,Vietnam,9,1.4,4,50,-0.01
P-008526,V-00646,APAC-SE,Malaysia,5,-3,0,79,0.01
P-008526,V-00260,APAC-IN,India,4,11.4,0,72,-0.05
P-008527,V-00508,SA,Brazil,5,14.8,12,55,-0.06
P-008530,V-00577,EMEA-E,Czechia,3,21,6,24,-0.08
P-008530,V-00120,APAC-IN,India,7,14.6,0,84,-0.06
P-008530,V-00289,EMEA-E,Turkey,5,-2,4,74,0.01
P-008531,V-00022,APAC-IN,India,4,-5.6,4,88,0.02
P-008531,V-00228,SA,Brazil,7,-4.4,12,59,0.02
P-008531,V-00913,SA,Brazil,2,0.8,8,83,0
P-008533,V-00778,NA-US,United States,7,7.9,8,17,-0.09
P-008535,V-00492,APAC-IN,India,5,6.6,4,20,-0.03
P-008535,V-00623,APAC-NE,South Korea,9,-1.5,0,77,0.01
P-008535,V-00403,NA-MX,Mexico,3,3.3,4,76,-0.01
P-008536,V-00314,SA,Brazil,6,12.8,12,95,-0.14
P-008536,V-00136,APAC-SE,Indonesia,9,21.3,8,64,-0.23
P-008536,V-00314,SA,Brazil,6,21.1,0,19,-0.23
P-008537,V-00306,EMEA-E,Turkey,8,4.1,0,65,-0.02
P-008537,V-00026,APAC-NE,China,5,14.9,6,97,-0.06
P-008538,V-00340,NA-US,United States,3,3.9,8,26,-0.04
P-008538,V-00623,APAC-NE,South Korea,7,20.1,4,34,-0.22
P-008538,V-00008,NA-US,United States,6,14,4,30,-0.15
P-008539,V-00533,APAC-IN,India,4,16.9,0,86,-0.07
P-008539,V-00697,NA-US,United States,3,14.2,4,78,-0.06
P-008541,V-00785,SA,Argentina,6,19.5,8,19,-0.08
P-008541,V-00785,SA,Argentina,6,2.4,0,61,-0.01
P-008541,V-00377,EMEA-W,Spain,3,17.3,0,15,-0.07
P-008542,V-00404,EMEA-E,Romania,1,15.7,8,89,-0.06
P-008542,V-00851,SA,Argentina,5,7.7,12,81,-0.03
P-008546,V-00066,EMEA-E,Turkey,8,14.8,4,86,-0.06
P-008546,V-00544,APAC-IN,India,3,4.2,0,95,-0.02
P-008546,V-00066,EMEA-E,Turkey,8,-4.5,0,31,0.02
P-008548,V-00409,APAC-SE,Indonesia,9,3.5,4,20,-0.04
P-008548,V-00340,NA-US,United States,3,5.9,4,42,-0.06
P-008548,V-00457,NA-MX,Mexico,6,-5.8,4,28,0.06
P-008549,V-00322,EMEA-E,Poland,3,11.6,6,85,-0.13
P-008549,V-00417,APAC-IN,India,3,18.5,6,80,-0.2
P-008551,V-00650,APAC-IN,India,4,20.5,0,47,-0.08
P-008551,V-00214,EMEA-W,France,8,19.1,0,64,-0.08
P-008552,V-00913,SA,Brazil,3,-2.3,6,17,0.03
P-008552,V-00753,APAC-SE,Vietnam,5,3,6,24,-0.03
P-008553,V-00429,APAC-NE,Japan,3,-3.6,0,30,0.01
P-008554,V-00539,EMEA-E,Turkey,8,0.6,12,82,0
P-008555,V-00107,SA,Brazil,5,14.1,0,94,-0.06
P-008559,V-00802,EMEA-W,Italy,5,19.5,6,50,-0.21
P-008561,V-00274,EMEA-W,Spain,2,16.2,12,81,-0.06
P-008565,V-00189,EMEA-W,Spain,7,21.1,4,70,-0.08
P-008565,V-00119,APAC-SE,Malaysia,5,16.8,4,25,-0.07
P-008565,V-00945,APAC-IN,India,6,15.6,12,91,-0.06
P-008566,V-00296,NA-MX,Mexico,3,10.8,8,50,-0.04
P-008566,V-00014,APAC-NE,South Korea,5,4.5,0,40,-0.02
P-008566,V-00635,SA,Argentina,8,6.9,12,85,-0.03
P-008567,V-00736,NA-US,United States,4,21.1,4,49,-0.08
P-008567,V-00238,SA,Argentina,3,-1.6,12,91,0.01
P-008568,V-00455,NA-US,United States,4,17.6,6,98,-0.19
P-008568,V-00307,SA,Brazil,7,5.2,8,33,-0.06
P-008569,V-00696,APAC-SE,Indonesia,7,19.5,6,58,-0.08
P-008570,V-00223,NA-MX,Mexico,5,6.6,12,75,-0.03
P-008570,V-00514,APAC-NE,Japan,4,5.6,6,79,-0.02
P-008570,V-00091,APAC-NE,South Korea,3,19.7,4,90,-0.08
P-008572,V-00062,NA-US,United States,7,1.1,0,21,0
P-008572,V-00290,APAC-SE,Indonesia,7,9.3,8,75,-0.04
P-008572,V-00674,NA-MX,Mexico,7,15.7,4,27,-0.06
P-008575,V-00882,APAC-NE,South Korea,6,-3.7,4,20,0.01
P-008576,V-00224,NA-US,United States,1,-4.3,0,49,0.02
P-008577,V-00574,APAC-SE,Malaysia,7,2,6,36,-0.01
P-008577,V-00462,NA-MX,Mexico,6,10.3,8,64,-0.04
P-008578,V-00789,SA,Argentina,5,11.7,0,97,-0.05
P-008579,V-00107,SA,Brazil,2,-1.6,6,78,0.01
P-008581,V-00349,NA-US,United States,5,-1.7,0,42,0.01
P-008581,V-00455,NA-US,United States,4,16.9,8,17,-0.07
P-008582,V-00344,NA-MX,Mexico,7,4.6,8,40,-0.02
P-008582,V-00230,APAC-SE,Vietnam,5,17.7,6,89,-0.07
P-008583,V-00007,SA,Brazil,3,15.2,0,93,-0.06
P-008583,V-00013,SA,Argentina,3,-2.4,12,36,0.01
P-008584,V-00882,APAC-NE,South Korea,6,-2.8,0,29,0.03
P-008584,V-00066,EMEA-E,Turkey,8,-3.8,4,95,0.04
P-008588,V-00367,EMEA-W,France,5,4.6,0,48,-0.05
P-008590,V-00817,APAC-IN,India,2,8.2,0,66,-0.09
P-008591,V-00093,APAC-SE,Indonesia,5,0.2,6,21,0
P-008591,V-00362,SA,Brazil,5,21.8,4,50,-0.24
P-008592,V-00578,EMEA-E,Turkey,6,15.6,12,33,-0.06
P-008592,V-00678,NA-MX,Mexico,2,14.2,0,90,-0.06
P-008592,V-00137,SA,Brazil,7,19.2,4,80,-0.08
P-008593,V-00614,SA,Brazil,6,4.3,8,62,-0.02
P-008593,V-00614,SA,Brazil,5,18.4,4,19,-0.07
P-008594,V-00244,EMEA-E,Czechia,4,20.9,12,42,-0.23
P-008594,V-00519,APAC-NE,Taiwan,4,20.3,4,97,-0.22
P-008595,V-00655,APAC-NE,South Korea,8,6,0,79,-0.02
P-008595,V-00974,NA-MX,Mexico,8,-1.4,8,67,0.01
P-008595,V-00631,NA-MX,Mexico,4,12.1,6,65,-0.05
P-008596,V-00882,APAC-NE,South Korea,7,15,8,46,-0.06
P-008596,V-00500,SA,Argentina,7,15.4,12,61,-0.06
P-008596,V-00237,EMEA-W,Italy,1,14.2,8,83,-0.06
P-008598,V-00132,APAC-NE,Taiwan,6,-2.6,12,32,0.01
P-008598,V-00748,NA-US,United States,4,20.7,8,17,-0.08
P-008601,V-00488,APAC-IN,India,5,12,12,26,-0.05
P-008602,V-00323,EMEA-E,Czechia,4,10.9,0,28,-0.04
P-008605,V-00131,EMEA-E,Czechia,9,17.8,4,47,-0.07
P-008605,V-00159,EMEA-W,Italy,5,2.4,8,98,-0.01
P-008606,V-00208,EMEA-W,France,7,3.6,12,30,-0.01
P-008607,V-00418,APAC-NE,Taiwan,2,-5.3,8,26,0.02
P-008609,V-00101,EMEA-W,Spain,4,4.3,0,100,-0.02
P-008609,V-00277,NA-US,United States,8,17.1,6,42,-0.07
P-008609,V-00641,NA-US,United States,9,-5.2,12,28,0.02
P-008610,V-00170,EMEA-W,Germany,8,-5.6,8,98,0.02
P-008610,V-00557,EMEA-W,Germany,4,7.1,6,33,-0.03
P-008611,V-00257,SA,Brazil,5,12.4,12,64,-0.05
P-008612,V-00206,APAC-NE,South Korea,3,-2.6,0,16,0.01
P-008612,V-00005,EMEA-E,Turkey,4,17.6,4,72,-0.07
P-008612,V-00564,EMEA-W,Italy,6,-0.8,8,18,0
P-008613,V-00122,APAC-SE,Malaysia,5,20.8,8,24,-0.08
P-008614,V-00038,APAC-IN,India,4,-3.2,0,24,0.01
P-008614,V-00470,SA,Brazil,5,-5.7,0,83,0.02
P-008614,V-00446,EMEA-W,France,7,7.7,6,46,-0.03
P-008615,V-00162,EMEA-W,Italy,8,0.5,12,32,-0.01
P-008615,V-00162,EMEA-W,Italy,9,17.2,8,37,-0.19
P-008616,V-00320,APAC-IN,India,3,17.4,8,74,-0.19
P-008616,V-00764,EMEA-W,Italy,6,-2.6,8,29,0.03
P-008617,V-00497,APAC-NE,Taiwan,7,16.2,12,96,-0.06
P-008617,V-00256,APAC-NE,Taiwan,6,-2.1,8,90,0.01
P-008618,V-00280,APAC-IN,India,4,19.3,6,46,-0.08
P-008618,V-00469,APAC-SE,Indonesia,4,6,6,51,-0.02
P-008620,V-00193,NA-US,United States,9,6.4,0,57,-0.07
P-008621,V-00754,NA-MX,Mexico,3,3.2,6,71,-0.01
P-008621,V-00165,SA,Brazil,5,7.1,6,80,-0.03
P-008621,V-00404,EMEA-E,Romania,2,0.9,6,28,0
P-008623,V-00150,EMEA-E,Poland,2,9.8,4,61,-0.04
P-008623,V-00868,SA,Brazil,8,7.9,0,48,-0.03
P-008623,V-00178,APAC-IN,India,3,8.4,8,98,-0.03
P-008625,V-00412,APAC-SE,Vietnam,9,12.7,8,60,-0.05
P-008625,V-00433,SA,Brazil,8,2.1,4,76,-0.01
P-008627,V-00371,APAC-SE,Indonesia,7,8.2,6,55,-0.09
P-008627,V-00599,APAC-IN,India,3,17.8,4,97,-0.2
P-008628,V-00601,EMEA-W,France,5,21.8,8,55,-0.09
P-008628,V-00527,NA-MX,Mexico,4,-0.4,6,74,0
P-008629,V-00267,NA-MX,Mexico,5,3.3,0,57,-0.01
P-008631,V-00452,APAC-IN,India,6,12,0,78,-0.05
P-008632,V-00679,APAC-NE,South Korea,6,2.9,0,49,-0.01
P-008632,V-00814,APAC-IN,India,3,13.9,8,30,-0.06
P-008632,V-00501,APAC-NE,China,4,14.8,6,24,-0.06
P-008633,V-00328,NA-MX,Mexico,5,14.1,0,83,-0.06
P-008634,V-00632,EMEA-W,Germany,5,9.9,6,35,-0.04
P-008634,V-00402,EMEA-W,France,5,7.8,8,70,-0.03
P-008634,V-00454,EMEA-W,Germany,7,21.3,0,47,-0.09
P-008636,V-00762,NA-US,United States,5,19.5,0,81,-0.08
P-008640,V-00334,NA-US,United States,4,-4.4,4,84,0.02
P-008640,V-00170,EMEA-W,Germany,9,-5.3,12,78,0.02
P-008640,V-00585,SA,Brazil,7,7.5,0,68,-0.03
P-008642,V-00111,NA-MX,Mexico,5,10.8,4,62,-0.04
P-008642,V-00849,APAC-SE,Vietnam,9,14.6,0,99,-0.06
P-008642,V-00217,EMEA-W,Spain,3,9.9,0,93,-0.04
P-008643,V-00159,EMEA-W,Italy,6,9.9,12,97,-0.11
P-008643,V-00482,APAC-NE,Taiwan,3,8.4,0,37,-0.09
P-008645,V-00132,APAC-NE,Taiwan,6,1.3,12,48,-0.01
P-008645,V-00568,APAC-IN,India,5,21.1,0,93,-0.08
P-008645,V-00697,NA-US,United States,5,-4,4,70,0.02
P-008646,V-00203,NA-US,United States,7,14.9,12,27,-0.06
P-008646,V-00028,APAC-IN,India,2,-5.1,12,96,0.02
P-008646,V-00159,EMEA-W,Italy,5,2.2,0,77,-0.01
P-008649,V-00674,NA-MX,Mexico,7,18.2,6,75,-0.07
P-008649,V-00671,SA,Argentina,4,-4.6,0,56,0.02
P-008649,V-00290,APAC-SE,Indonesia,8,13.3,8,90,-0.05
P-008651,V-00309,APAC-NE,China,4,11.9,6,49,-0.05
P-008651,V-00419,SA,Argentina,5,18.3,0,50,-0.07
P-008654,V-00496,NA-US,United States,4,-3.2,0,96,0.01
P-008654,V-00351,APAC-NE,Japan,9,15.5,8,86,-0.06
P-008655,V-00184,SA,Argentina,4,1.8,8,48,-0.01
P-008655,V-00274,EMEA-W,Spain,2,-5.6,0,94,0.02
P-008656,V-00481,EMEA-W,Italy,7,1.3,6,49,-0.01
P-008661,V-00718,APAC-IN,India,5,8.7,6,76,-0.03
P-008661,V-00177,APAC-IN,India,3,-2.4,12,89,0.01
P-008663,V-00327,SA,Brazil,5,-5.7,6,47,0.02
P-008663,V-00519,APAC-NE,Taiwan,6,14.6,8,81,-0.06
P-008664,V-00022,APAC-IN,India,3,1.5,8,40,-0.01
P-008664,V-00745,APAC-SE,Malaysia,3,20.1,8,87,-0.08
P-008666,V-00349,NA-US,United States,3,-2.1,6,28,0.01
P-008667,V-00514,APAC-NE,Japan,6,1,4,97,0
P-008668,V-00650,APAC-IN,India,3,15.4,4,93,-0.06
P-008668,V-00516,EMEA-W,Italy,4,3.8,8,99,-0.02
P-008668,V-00908,NA-MX,Mexico,6,2.7,0,98,-0.01
P-008669,V-00019,APAC-NE,Taiwan,3,5,4,93,-0.02
P-008670,V-00059,EMEA-E,Czechia,2,20.8,12,60,-0.08
P-008672,V-00715,EMEA-E,Turkey,2,1.4,8,68,-0.01
P-008672,V-00258,NA-US,United States,5,21,4,79,-0.08
P-008672,V-00258,NA-US,United States,7,21.5,0,28,-0.09
P-008673,V-00855,NA-MX,Mexico,8,-4.6,4,76,0.02
P-008673,V-00101,EMEA-W,Spain,4,12.9,6,85,-0.05
P-008674,V-00060,APAC-SE,Indonesia,5,3.2,8,37,-0.01
P-008674,V-00121,SA,Argentina,5,18.4,6,15,-0.07
P-008675,V-00329,SA,Argentina,5,11.2,6,50,-0.04
P-008675,V-00345,EMEA-E,Poland,5,13.4,6,75,-0.05
P-008676,V-00471,APAC-NE,Japan,5,-0.6,0,50,0
P-008676,V-00056,APAC-SE,Malaysia,6,-3,4,54,0.01
P-008679,V-00327,SA,Brazil,6,-2.3,0,54,0.01
P-008679,V-00244,EMEA-E,Czechia,3,15.4,12,79,-0.06
P-008679,V-00578,EMEA-E,Turkey,4,-3.7,4,22,0.01
P-008681,V-00733,EMEA-W,Spain,9,13.1,12,75,-0.05
P-008681,V-00655,APAC-NE,South Korea,8,14.8,6,16,-0.06
P-008682,V-00167,APAC-IN,India,5,5.7,6,22,-0.02
P-008682,V-00756,APAC-IN,India,5,2.8,8,29,-0.01
P-008685,V-00007,SA,Brazil,3,15.8,6,75,-0.06
P-008685,V-00013,SA,Argentina,4,8.7,0,27,-0.03
P-008685,V-00208,EMEA-W,France,8,18.8,6,31,-0.08
P-008688,V-00085,NA-MX,Mexico,4,13.8,8,100,-0.06
P-008688,V-00554,NA-US,United States,6,4.1,12,32,-0.02
P-008688,V-00406,EMEA-W,Spain,7,-3,4,35,0.01
P-008689,V-00283,EMEA-W,France,5,6.5,12,84,-0.03
P-008689,V-00704,SA,Argentina,8,-3.1,8,74,0.01
P-008691,V-00756,APAC-IN,India,7,16.4,0,93,-0.07
P-008691,V-00725,EMEA-W,France,7,16.4,12,17,-0.07
P-008694,V-00092,APAC-IN,India,5,-3.2,12,89,0.01
P-008694,V-00256,APAC-NE,Taiwan,5,14.9,0,59,-0.06
P-008694,V-00075,APAC-IN,India,5,19.2,8,40,-0.08
P-008697,V-00574,APAC-SE,Malaysia,5,20.6,0,40,-0.08
P-008697,V-00234,APAC-NE,Japan,4,4.4,0,68,-0.02
P-008697,V-00149,NA-US,United States,3,22,12,20,-0.09
P-008699,V-00179,APAC-SE,Thailand,3,16.5,12,46,-0.07
P-008699,V-00338,APAC-SE,Vietnam,7,18.8,8,95,-0.08
P-008700,V-00021,SA,Argentina,8,-4,0,18,0.02
P-008701,V-00283,EMEA-W,France,5,17,0,42,-0.19
P-008701,V-00053,APAC-IN,India,4,11.5,4,61,-0.13
P-008702,V-00283,EMEA-W,France,6,-1.4,0,55,0.01
P-008703,V-00683,NA-US,United States,2,16.2,4,38,-0.18
P-008703,V-00673,NA-US,United States,5,-5.2,0,45,0.06
P-008703,V-00387,EMEA-W,Germany,4,8.1,8,91,-0.09
P-008706,V-01139,EMEA-E,Czechia,4,11.1,0,73,-0.04
P-008706,V-00878,EMEA-W,France,5,9.3,12,76,-0.04
P-008708,V-00484,EMEA-E,Romania,6,19.2,12,74,-0.08
P-008708,V-00222,NA-US,United States,5,21.2,8,88,-0.08
P-008711,V-00781,NA-MX,Mexico,3,4,6,16,-0.04
P-008711,V-00019,APAC-NE,Taiwan,3,9.5,12,78,-0.1
P-008712,V-00424,NA-US,United States,6,18.2,8,44,-0.07
P-008713,V-00390,EMEA-E,Poland,8,6.7,6,30,-0.03
P-008714,V-00052,EMEA-E,Turkey,5,-0.6,6,37,0.01
P-008714,V-00141,APAC-SE,Malaysia,5,12.8,4,85,-0.14
P-008715,V-00661,APAC-SE,Vietnam,2,9.8,8,92,-0.04
P-008715,V-00202,APAC-NE,China,6,13.4,6,92,-0.05
P-008716,V-00055,APAC-IN,India,6,-1.7,4,22,0.01
P-008716,V-00352,SA,Brazil,7,21.2,0,91,-0.08
P-008717,V-00264,APAC-IN,India,8,0,12,21,0
P-008717,V-00151,APAC-IN,India,6,2.2,0,29,-0.01
P-008719,V-00393,APAC-NE,China,3,21.4,8,21,-0.09
P-008719,V-00686,APAC-NE,South Korea,4,0.2,0,54,0
P-008719,V-00070,EMEA-E,Turkey,7,11.7,4,18,-0.05
P-008720,V-00037,SA,Brazil,8,17.9,8,64,-0.07
P-008721,V-00016,SA,Brazil,3,-2,4,79,0.01
P-008721,V-00106,NA-MX,Mexico,4,18,4,25,-0.07
P-008721,V-00572,EMEA-W,Spain,4,-6,0,83,0.02
P-008723,V-00461,SA,Brazil,8,1.4,12,56,-0.01
P-008723,V-00306,EMEA-E,Turkey,6,-5.2,6,24,0.02
P-008725,V-00221,APAC-NE,South Korea,7,-2.9,4,72,0.03
P-008726,V-00025,NA-US,United States,7,20.3,12,83,-0.08
P-008726,V-00925,NA-MX,Mexico,6,-5.9,4,91,0.02
P-008727,V-00428,NA-MX,Mexico,4,14,0,36,-0.06
P-008728,V-00522,APAC-IN,India,4,3.4,4,89,-0.01
P-008728,V-00349,NA-US,United States,6,14.8,8,90,-0.06
P-008728,V-00319,NA-MX,Mexico,6,1,8,73,0
P-008729,V-00450,APAC-IN,India,8,7.8,8,99,-0.09
P-008729,V-00198,EMEA-W,Spain,7,-3.3,6,68,0.04
P-008729,V-00013,SA,Argentina,4,19.6,8,78,-0.22
P-008731,V-00583,APAC-NE,Japan,4,-2.3,4,95,0.01
P-008731,V-00163,APAC-NE,Taiwan,6,12.2,4,67,-0.05
P-008734,V-00148,NA-US,United States,3,4.8,0,93,-0.02
P-008734,V-00628,APAC-SE,Indonesia,8,11.5,6,95,-0.05
P-008734,V-00326,NA-US,United States,7,1.8,4,66,-0.01
P-008735,V-00506,SA,Argentina,4,2,6,91,-0.01
P-008735,V-00633,NA-MX,Mexico,4,-0.8,4,89,0
P-008735,V-00123,EMEA-W,Spain,8,-2.7,4,93,0.01
P-008736,V-00188,EMEA-W,France,3,21.9,0,35,-0.09
P-008736,V-00649,EMEA-W,France,5,8.2,6,61,-0.03
P-008736,V-00679,APAC-NE,South Korea,6,5,0,91,-0.02
P-008737,V-00708,EMEA-W,Spain,7,15.5,0,48,-0.06
P-008737,V-00882,APAC-NE,South Korea,8,9.1,0,45,-0.04
P-008738,V-00057,NA-MX,Mexico,6,-2.2,6,77,0.01
P-008738,V-00821,NA-US,United States,7,14.8,8,81,-0.06
P-008739,V-00150,EMEA-E,Poland,1,4.4,8,63,-0.02
P-008739,V-00464,EMEA-W,Spain,6,-4.3,0,97,0.02
P-008739,V-00436,NA-US,United States,3,18.8,6,74,-0.08
P-008743,V-00108,NA-US,United States,9,-0.2,6,42,0
P-008743,V-00015,EMEA-E,Turkey,8,18.3,8,40,-0.2
P-008743,V-00015,EMEA-E,Turkey,6,2.2,8,53,-0.02
P-008744,V-00093,APAC-SE,Indonesia,6,-5.3,4,41,0.02
P-008744,V-00119,APAC-SE,Malaysia,3,10.9,0,29,-0.04
P-008744,V-00154,APAC-SE,Malaysia,6,17.1,4,64,-0.07
P-008746,V-00974,NA-MX,Mexico,7,18.8,12,29,-0.08
P-008746,V-01098,EMEA-W,Germany,6,21.6,6,81,-0.09
P-008748,V-00245,NA-US,United States,5,-3.9,4,66,0.04
P-008748,V-00344,NA-MX,Mexico,6,8.5,8,92,-0.09
P-008748,V-00378,NA-MX,Mexico,7,2.1,4,62,-0.02
P-008750,V-00184,SA,Argentina,4,12.9,4,33,-0.05
P-008750,V-00420,APAC-SE,Malaysia,2,8.7,12,50,-0.03
P-008750,V-00585,SA,Brazil,6,0.6,12,24,0
P-008751,V-00270,APAC-IN,India,6,8,4,63,-0.09
P-008751,V-00548,EMEA-W,Italy,8,22,0,53,-0.24
P-008751,V-00316,NA-MX,Mexico,4,16.2,0,21,-0.18
P-008752,V-00120,APAC-IN,India,6,14,4,88,-0.15
P-008752,V-00814,APAC-IN,India,4,18.4,6,27,-0.2
P-008755,V-00818,APAC-NE,South Korea,7,-4.9,8,18,0.05
P-008755,V-00001,NA-US,United States,9,17.2,6,50,-0.19
P-008757,V-00179,APAC-SE,Thailand,6,1,12,44,0
P-008758,V-00153,SA,Argentina,5,20.9,4,72,-0.08
P-008758,V-00139,EMEA-E,Poland,4,16.1,6,55,-0.06
P-008758,V-00395,NA-US,United States,2,20.4,4,80,-0.08
P-008759,V-00792,EMEA-E,Romania,6,6.4,6,84,-0.03
P-008759,V-00289,EMEA-E,Turkey,3,9.2,12,97,-0.04
P-008760,V-00148,NA-US,United States,2,4.2,12,62,-0.02
P-008761,V-00424,NA-US,United States,9,21.4,0,59,-0.09
P-008761,V-00071,EMEA-E,Turkey,4,0.7,0,96,0
P-008762,V-00788,NA-MX,Mexico,4,17.9,6,36,-0.07
P-008762,V-00196,APAC-NE,Taiwan,6,15,4,33,-0.06
P-008762,V-00182,SA,Argentina,4,-1.3,12,73,0.01
P-008764,V-00286,SA,Argentina,4,-5.6,4,16,0.02
P-008764,V-00028,APAC-IN,India,4,-2.7,12,43,0.01
P-008764,V-00220,EMEA-W,Spain,5,18.5,0,28,-0.07
P-008765,V-00704,SA,Argentina,8,-0.6,0,61,0
P-008765,V-00600,APAC-IN,India,8,0.1,6,90,0
P-008765,V-00299,NA-MX,Mexico,6,13.7,12,69,-0.05
P-008767,V-00728,NA-US,United States,3,17.2,0,16,-0.07
P-008768,V-00038,APAC-IN,India,6,9.4,8,97,-0.04
P-008768,V-00518,APAC-SE,Vietnam,3,19.5,4,90,-0.08
P-008769,V-00454,EMEA-W,Germany,5,-0.7,0,32,0
P-008769,V-00691,APAC-IN,India,6,-3.7,6,77,0.01
P-008769,V-00238,SA,Argentina,5,-1.1,6,47,0
P-008771,V-00409,APAC-SE,Indonesia,6,14.7,4,72,-0.06
P-008774,V-00743,EMEA-E,Czechia,4,3.3,6,90,-0.01
P-008774,V-00531,NA-MX,Mexico,4,12,4,63,-0.05
P-008775,V-00394,SA,Argentina,4,21.6,6,40,-0.09
P-008775,V-00335,EMEA-E,Czechia,4,9.1,12,51,-0.04
P-008778,V-00469,APAC-SE,Indonesia,7,0.8,0,97,0
P-008778,V-00343,NA-MX,Mexico,4,1.2,0,45,0
P-008779,V-00556,EMEA-E,Romania,5,1,4,47,-0.01
P-008779,V-00695,NA-MX,Mexico,4,14.8,0,21,-0.16
P-008779,V-00066,EMEA-E,Turkey,8,12.9,8,89,-0.14
P-008780,V-00350,NA-US,United States,5,14.6,8,31,-0.06
P-008780,V-00706,APAC-IN,India,4,-5.1,6,42,0.02
P-008781,V-00559,SA,Brazil,3,1.4,4,73,-0.01
P-008781,V-00327,SA,Brazil,7,12.4,4,64,-0.05
P-008782,V-00528,SA,Brazil,6,16,4,36,-0.18
P-008782,V-00708,EMEA-W,Spain,6,15.7,8,91,-0.17
P-008783,V-00564,EMEA-W,Italy,7,-3.9,8,66,0.02
P-008786,V-00809,SA,Brazil,9,5.9,8,46,-0.02
P-008786,V-00819,APAC-NE,Taiwan,5,19.2,6,36,-0.08
P-008786,V-00206,APAC-NE,South Korea,3,-5,8,96,0.02
P-008788,V-00964,EMEA-W,Germany,8,6.1,12,95,-0.02
P-008788,V-00964,EMEA-W,Germany,7,14.7,12,72,-0.06
P-008788,V-00724,EMEA-E,Turkey,6,-1.1,0,56,0
P-008789,V-00676,NA-US,United States,2,13.7,4,53,-0.05
P-008789,V-00615,EMEA-E,Romania,3,13.7,0,74,-0.05
P-008791,V-00122,APAC-SE,Malaysia,6,11,8,61,-0.04
P-008791,V-00135,NA-MX,Mexico,4,-2.2,6,98,0.01
P-008791,V-00525,EMEA-E,Poland,4,-4.5,8,53,0.02
P-008792,V-00397,NA-MX,Mexico,4,-0.3,8,96,0
P-008794,V-00508,SA,Brazil,2,12,6,61,-0.05
P-008794,V-00400,SA,Argentina,6,19,8,25,-0.08
P-008794,V-00851,SA,Argentina,4,11.6,0,64,-0.05
P-008795,V-00484,EMEA-E,Romania,6,-2.4,0,38,0.01
P-008795,V-00465,APAC-NE,South Korea,7,9.8,8,26,-0.04
P-008796,V-00428,NA-MX,Mexico,6,15.4,4,69,-0.06
P-008797,V-00444,APAC-SE,Vietnam,7,7.6,0,95,-0.08
P-008797,V-00821,NA-US,United States,6,20.8,0,39,-0.23
P-008798,V-00187,APAC-NE,South Korea,4,5.6,4,32,-0.02
P-008800,V-00161,SA,Argentina,2,8.8,4,18,-0.04
P-008800,V-00326,NA-US,United States,7,18.2,0,25,-0.07
P-008800,V-00554,NA-US,United States,5,8.9,6,24,-0.04
P-008803,V-00306,EMEA-E,Turkey,8,11.3,4,58,-0.05
P-008804,V-00222,NA-US,United States,3,3,8,19,-0.01
P-008805,V-00573,NA-MX,Mexico,7,-4.6,4,65,0.02
P-008805,V-00573,NA-MX,Mexico,8,-4.6,6,76,0.02
P-008806,V-00210,APAC-IN,India,1,5,4,52,-0.02
P-008806,V-00632,EMEA-W,Germany,6,2.9,12,43,-0.01
P-008808,V-00061,NA-MX,Mexico,4,3.7,4,98,-0.01
P-008808,V-00009,APAC-SE,Indonesia,4,0.1,4,63,0
P-008808,V-00244,EMEA-E,Czechia,4,19.8,8,57,-0.08
P-008810,V-00249,APAC-SE,Indonesia,5,21.4,6,38,-0.09
P-008810,V-00484,EMEA-E,Romania,5,6.3,0,50,-0.03
P-008811,V-00275,EMEA-E,Turkey,3,7.5,8,94,-0.03
P-008811,V-00701,EMEA-W,Italy,3,2,8,34,-0.01
P-008811,V-00335,EMEA-E,Czechia,2,18,4,21,-0.07
P-008812,V-00320,APAC-IN,India,5,10.8,4,43,-0.04
P-008812,V-00503,APAC-SE,Vietnam,7,20.5,0,49,-0.08
P-008812,V-00291,APAC-NE,South Korea,8,9.7,0,97,-0.04
P-008816,V-00750,EMEA-E,Poland,7,10.3,12,63,-0.11
P-008817,V-00703,NA-MX,Mexico,7,-4,8,97,0.02
P-008817,V-00362,SA,Brazil,5,-2.4,0,54,0.01
P-008818,V-00831,APAC-SE,Thailand,2,7,12,44,-0.03
P-008820,V-00505,SA,Argentina,8,7.8,0,34,-0.03
P-008820,V-00107,SA,Brazil,2,21.9,12,74,-0.09
P-008822,V-00515,EMEA-E,Turkey,7,14.9,6,49,-0.16
P-008822,V-00594,APAC-NE,China,6,1.8,12,21,-0.02
P-008822,V-00054,NA-MX,Mexico,4,14.9,8,53,-0.16
P-008824,V-00657,SA,Argentina,3,13.9,0,65,-0.15
P-008825,V-00045,NA-US,United States,2,-2.7,6,57,0.01
P-008825,V-00361,NA-MX,Mexico,4,9.6,0,42,-0.04
P-008825,V-00371,APAC-SE,Indonesia,5,13.9,0,31,-0.06
P-008827,V-00658,SA,Brazil,5,-2.2,4,90,0.02
P-008827,V-00492,APAC-IN,India,5,5.4,4,87,-0.06
P-008829,V-00607,APAC-NE,Taiwan,7,2.2,4,74,-0.02
P-008829,V-00491,APAC-SE,Malaysia,8,0.2,12,48,0
P-008830,V-00857,APAC-NE,Japan,7,9,0,77,-0.04
P-008830,V-00417,APAC-IN,India,6,-0.9,12,72,0
P-008830,V-00183,EMEA-W,Germany,7,10.4,8,35,-0.04
P-008831,V-00170,EMEA-W,Germany,6,3.6,6,28,-0.01
P-008832,V-00596,EMEA-E,Turkey,4,2.8,0,17,-0.01
P-008832,V-00516,EMEA-W,Italy,3,10.3,12,90,-0.04
P-008832,V-00724,EMEA-E,Turkey,8,14.6,8,92,-0.06
P-008833,V-00376,SA,Brazil,5,17.8,6,94,-0.07
P-008833,V-00142,EMEA-W,Italy,4,21.5,12,33,-0.09
P-008835,V-00309,APAC-NE,China,5,11.2,4,33,-0.04
P-008835,V-00416,APAC-SE,Indonesia,5,13.2,0,15,-0.05
P-008836,V-00418,APAC-NE,Taiwan,3,5.1,12,51,-0.02
P-008837,V-01000,EMEA-W,Spain,4,7.2,8,43,-0.03
P-008837,V-00423,NA-US,United States,3,14.9,6,35,-0.06
P-008839,V-00505,SA,Argentina,8,19.7,6,86,-0.08
P-008840,V-00752,NA-US,United States,8,-3.3,0,62,0.04
P-008840,V-00610,SA,Brazil,8,0.3,4,50,0
P-008840,V-00497,APAC-NE,Taiwan,6,9.8,0,53,-0.11
P-008841,V-00114,APAC-NE,Taiwan,5,13.2,0,33,-0.05
P-008841,V-00682,NA-US,United States,6,21.8,8,93,-0.09
P-008841,V-00652,SA,Argentina,9,6.9,0,55,-0.03
P-008842,V-00167,APAC-IN,India,5,-3.9,12,52,0.02
P-008845,V-00524,APAC-SE,Thailand,8,1.9,8,93,-0.01
P-008846,V-00553,EMEA-E,Romania,2,-2.4,8,87,0.03
P-008847,V-00257,SA,Brazil,4,9.3,0,71,-0.1
P-008847,V-00608,EMEA-W,Germany,6,5.6,12,45,-0.06
P-008848,V-00360,EMEA-E,Czechia,6,1.7,0,90,-0.01
P-008848,V-00470,SA,Brazil,6,16.4,4,63,-0.07
P-008851,V-00273,NA-MX,Mexico,7,-3.8,6,15,0.04
P-008852,V-00312,NA-US,United States,6,2,0,95,-0.01
P-008852,V-00750,EMEA-E,Poland,7,17.1,6,89,-0.07
P-008853,V-00653,EMEA-E,Czechia,6,4.3,4,81,-0.05
P-008853,V-00653,EMEA-E,Czechia,4,-5.9,0,66,0.06
P-008856,V-00608,EMEA-W,Germany,8,5.2,4,29,-0.02
P-008856,V-00608,EMEA-W,Germany,7,4.7,0,31,-0.02
P-008857,V-00396,APAC-NE,China,6,12.9,0,87,-0.05
P-008857,V-00205,NA-MX,Mexico,4,12.8,0,54,-0.05
P-008858,V-00565,SA,Argentina,5,20,6,94,-0.08
P-008862,V-00536,SA,Brazil,7,12.9,4,57,-0.14
P-008864,V-00261,NA-US,United States,3,13.5,4,96,-0.05
P-008864,V-00842,EMEA-E,Romania,7,6,8,80,-0.02
P-008865,V-00683,NA-US,United States,3,5.9,12,18,-0.02
P-008867,V-00462,NA-MX,Mexico,3,15.5,12,89,-0.06
P-008869,V-00034,APAC-IN,India,2,10.1,6,48,-0.04
P-008870,V-00774,EMEA-E,Romania,8,16.2,0,67,-0.06
P-008870,V-00446,EMEA-W,France,7,15,12,56,-0.06
P-008870,V-00470,SA,Brazil,6,15.9,8,32,-0.06
P-008871,V-00090,APAC-SE,Thailand,7,3.6,4,97,-0.01
P-008871,V-00227,APAC-SE,Indonesia,5,-3.9,0,91,0.02
P-008872,V-00418,APAC-NE,Taiwan,3,3.5,0,36,-0.01
P-008872,V-00122,APAC-SE,Malaysia,4,1.3,4,39,-0.01
P-008873,V-00531,NA-MX,Mexico,6,17.1,4,53,-0.07
P-008874,V-00746,EMEA-W,Spain,3,-1.6,6,53,0.01
P-008876,V-00132,APAC-NE,Taiwan,8,0.2,8,87,0
P-008878,V-00808,APAC-SE,Thailand,7,-3.5,0,40,0.04
P-008878,V-00808,APAC-SE,Thailand,7,10.4,8,22,-0.11
P-008879,V-00584,APAC-IN,India,9,16.1,8,34,-0.06
P-008879,V-00339,SA,Argentina,4,3.4,12,33,-0.01
P-008880,V-00416,APAC-SE,Indonesia,6,-3.1,4,82,0.01
P-008880,V-00265,SA,Brazil,6,12.2,8,44,-0.05
P-008880,V-00453,SA,Brazil,4,17.3,12,36,-0.07
P-008881,V-00286,SA,Argentina,5,-3.2,4,33,0.01
P-008881,V-00089,NA-US,United States,8,11.7,4,36,-0.05
P-008882,V-00913,SA,Brazil,5,8.5,0,59,-0.03
P-008885,V-00294,NA-US,United States,4,4.4,0,97,-0.02
P-008885,V-00220,EMEA-W,Spain,7,3.9,8,73,-0.02
P-008886,V-00510,APAC-SE,Vietnam,5,21.4,12,99,-0.09
P-008886,V-00752,NA-US,United States,6,-4.5,4,52,0.02
P-008887,V-00850,APAC-NE,Japan,8,18.3,8,39,-0.2
P-008887,V-00169,NA-MX,Mexico,6,1.2,0,18,-0.01
P-008889,V-00021,SA,Argentina,7,1.2,0,64,0
P-008889,V-00069,APAC-SE,Vietnam,3,-2.2,0,85,0.01
P-008889,V-00672,EMEA-E,Romania,3,21.5,6,28,-0.09
P-008890,V-00141,APAC-SE,Malaysia,5,5.6,6,66,-0.06
P-008890,V-00195,APAC-NE,Taiwan,5,19.4,0,67,-0.21
P-008890,V-00816,EMEA-E,Poland,2,-5.3,12,48,0.06
P-008892,V-00625,APAC-SE,Malaysia,7,5.2,0,57,-0.06
P-008892,V-00488,APAC-IN,India,5,18.6,0,52,-0.2
P-008893,V-00026,APAC-NE,China,5,2.8,12,65,-0.01
P-008893,V-00495,SA,Brazil,4,17,0,57,-0.07
P-008895,V-00583,APAC-NE,Japan,4,6.3,4,98,-0.03
P-008895,V-00839,EMEA-E,Czechia,5,17,6,33,-0.07
P-008895,V-00217,EMEA-W,Spain,2,4.4,12,86,-0.02
P-008896,V-00364,APAC-SE,Malaysia,8,-5.7,8,45,0.06
P-008897,V-00657,SA,Argentina,1,11.1,12,58,-0.12
P-008897,V-00530,SA,Brazil,8,18.9,4,85,-0.21
P-008897,V-00201,APAC-IN,India,2,8.3,0,51,-0.09
P-008898,V-00393,APAC-NE,China,3,-1.8,12,65,0.01
P-008901,V-00698,APAC-SE,Indonesia,8,-4,0,78,0.02
P-008902,V-00705,NA-US,United States,4,16.4,12,45,-0.07
P-008902,V-00257,SA,Brazil,6,15.9,12,78,-0.06
P-008902,V-00491,APAC-SE,Malaysia,6,16.8,0,66,-0.07
P-008904,V-00685,APAC-SE,Vietnam,4,17.8,4,91,-0.07
P-008904,V-00636,NA-US,United States,7,3,8,90,-0.01
P-008904,V-00882,APAC-NE,South Korea,5,2.8,12,48,-0.01
P-008905,V-00759,EMEA-W,Italy,6,19.5,0,89,-0.08
P-008905,V-00906,EMEA-E,Poland,8,-4.5,0,37,0.02
P-008906,V-00511,EMEA-W,France,9,16,4,59,-0.06
P-008906,V-00599,APAC-IN,India,5,1.7,0,24,-0.01
P-008907,V-00513,APAC-NE,Taiwan,6,14.4,6,35,-0.06
P-008907,V-00211,EMEA-E,Turkey,3,15.4,8,93,-0.06
P-008907,V-00501,APAC-NE,China,5,-4.9,8,16,0.02
P-008908,V-00155,SA,Argentina,7,20.1,0,100,-0.22
P-008909,V-00689,NA-US,United States,6,4.3,6,73,-0.02
P-008910,V-00328,NA-MX,Mexico,5,15.2,0,54,-0.06
P-008910,V-00749,NA-US,United States,5,17.7,8,43,-0.07
P-008911,V-00759,EMEA-W,Italy,4,7.3,0,67,-0.08
P-008911,V-00421,NA-US,United States,4,-1.4,0,35,0.02
P-008911,V-00583,APAC-NE,Japan,4,-0.8,8,73,0.01
P-008912,V-00504,NA-US,United States,5,-4.1,0,55,0.02
P-008913,V-00946,NA-MX,Mexico,1,15.3,12,55,-0.06
P-008913,V-00974,NA-MX,Mexico,6,21.4,0,27,-0.09
P-008913,V-00621,SA,Brazil,5,11,4,50,-0.04
P-008914,V-00278,APAC-IN,India,7,10.1,0,35,-0.11
P-008915,V-00829,APAC-NE,Japan,4,17.4,8,47,-0.19
P-008915,V-00025,NA-US,United States,7,-4.3,12,57,0.05
P-008916,V-00414,NA-US,United States,9,19.2,0,83,-0.08
P-008917,V-00109,NA-US,United States,4,1.9,8,60,-0.01
P-008918,V-00290,APAC-SE,Indonesia,8,-1.8,0,84,0.01
P-008918,V-00075,APAC-IN,India,6,7.9,0,63,-0.03
P-008918,V-00610,SA,Brazil,7,-4.2,6,59,0.02
P-008919,V-00467,APAC-SE,Malaysia,5,17.3,12,44,-0.07
P-008921,V-00235,APAC-NE,Japan,4,12.6,0,28,-0.05
P-008921,V-00351,APAC-NE,Japan,9,-5.3,12,69,0.02
P-008923,V-00214,EMEA-W,France,6,-2,0,57,0.01
P-008923,V-00622,APAC-NE,China,2,3.9,0,48,-0.02
P-008924,V-00077,NA-US,United States,5,-3.7,8,17,0.01
P-008924,V-00551,EMEA-E,Czechia,4,3.3,4,67,-0.01
P-008924,V-00596,EMEA-E,Turkey,1,22,0,16,-0.09
P-008926,V-00140,APAC-NE,Taiwan,3,-1,8,97,0
P-008926,V-00519,APAC-NE,Taiwan,4,2.3,0,96,-0.01
P-008926,V-00011,APAC-SE,Indonesia,3,17.7,4,44,-0.07
P-008927,V-00234,APAC-NE,Japan,5,18.3,0,69,-0.07
P-008928,V-00451,NA-MX,Mexico,5,-5.7,0,17,0.06
P-008928,V-00652,SA,Argentina,7,18.9,0,38,-0.21
P-008928,V-00182,SA,Argentina,6,-5.5,0,73,0.06
P-008930,V-00764,EMEA-W,Italy,8,5,0,38,-0.02
P-008930,V-00168,APAC-SE,Vietnam,5,-4.3,6,89,0.02
P-008931,V-00567,EMEA-E,Romania,3,7.6,0,36,-0.03
P-008931,V-00111,NA-MX,Mexico,7,6.7,0,51,-0.03
P-008932,V-00773,SA,Brazil,3,-1.7,0,78,0.01
P-008933,V-00199,NA-MX,Mexico,3,-0.7,6,100,0
P-008933,V-00505,SA,Argentina,6,-5.5,0,60,0.02
P-008933,V-00591,SA,Brazil,7,19,0,23,-0.08
P-008935,V-00483,EMEA-W,Germany,5,0.3,0,27,0
P-008936,V-00583,APAC-NE,Japan,4,21.6,0,93,-0.09
P-008936,V-00917,APAC-NE,Japan,3,16.8,12,57,-0.07
P-008937,V-00399,APAC-NE,South Korea,8,16.3,0,78,-0.07
P-008937,V-00550,SA,Argentina,3,-2.2,12,66,0.01
P-008939,V-00836,SA,Argentina,6,9.5,12,41,-0.1
P-008939,V-00836,SA,Argentina,6,2.6,12,62,-0.03
P-008940,V-00078,APAC-NE,China,4,0.4,6,69,0
P-008940,V-00501,APAC-NE,China,4,2.8,8,54,-0.01
P-008942,V-00456,APAC-SE,Malaysia,4,1.1,4,76,0
P-008942,V-00360,EMEA-E,Czechia,5,4.6,8,27,-0.02
P-008943,V-00449,NA-US,United States,4,5.8,4,83,-0.02
P-008944,V-00142,EMEA-W,Italy,4,1.8,4,29,-0.01
P-008944,V-00453,SA,Brazil,6,8.4,0,49,-0.03
P-008946,V-00412,APAC-SE,Vietnam,9,-3,4,92,0.01
P-008946,V-00836,SA,Argentina,6,-1.4,12,82,0.01
P-008950,V-00213,NA-US,United States,3,3.3,0,36,-0.01
P-008950,V-00506,SA,Argentina,5,-2.6,0,22,0.01
P-008952,V-00548,EMEA-W,Italy,7,10.1,0,42,-0.11
P-008952,V-00537,SA,Brazil,7,-5.3,8,89,0.06
P-008952,V-00282,APAC-IN,India,7,22,4,15,-0.24
P-008954,V-00254,SA,Argentina,4,14.1,0,85,-0.06
P-008954,V-00103,APAC-SE,Indonesia,8,-5.2,0,25,0.02
P-008954,V-00043,APAC-NE,Taiwan,3,-4.4,8,97,0.02
P-008955,V-00006,APAC-SE,Indonesia,4,-4.6,6,16,0.02
P-008956,V-00686,APAC-NE,South Korea,5,-0.6,0,89,0.01
P-008957,V-00037,SA,Brazil,6,-5.2,4,55,0.02
P-008957,V-00346,EMEA-E,Poland,4,21.4,0,55,-0.09
P-008959,V-00377,EMEA-W,Spain,2,2.2,12,37,-0.01
P-008962,V-00356,NA-MX,Mexico,7,7,12,28,-0.08
P-008965,V-00397,NA-MX,Mexico,3,18,4,26,-0.2
P-008965,V-00191,EMEA-E,Turkey,5,15.7,0,95,-0.17
P-008966,V-00346,EMEA-E,Poland,4,12.7,0,83,-0.14
P-008966,V-00028,APAC-IN,India,4,10.2,12,69,-0.11
P-008968,V-00195,APAC-NE,Taiwan,6,11.7,12,31,-0.05
P-008968,V-00432,NA-US,United States,2,6.1,6,51,-0.02
P-008971,V-00576,NA-MX,Mexico,4,18.3,0,97,-0.2
P-008972,V-00442,NA-MX,Mexico,3,5.1,0,57,-0.02
P-008972,V-00142,EMEA-W,Italy,6,1.8,12,28,-0.01
P-008972,V-00044,NA-US,United States,4,20.6,0,16,-0.08
P-008973,V-00454,EMEA-W,Germany,7,12.3,0,60,-0.14
P-008974,V-00533,APAC-IN,India,3,14.5,8,43,-0.06
P-008974,V-00693,NA-US,United States,6,11.5,0,70,-0.05
P-008975,V-00124,EMEA-W,France,6,13,0,85,-0.05
P-008975,V-00221,APAC-NE,South Korea,6,5.9,0,84,-0.02
P-008975,V-00389,APAC-NE,Japan,2,-3.6,0,80,0.01
P-008976,V-00434,APAC-NE,Japan,4,6.8,6,30,-0.03
P-008976,V-00210,APAC-IN,India,4,0,0,100,0
P-008976,V-00412,APAC-SE,Vietnam,7,0.6,6,57,0
P-008977,V-00322,EMEA-E,Poland,3,3.3,12,31,-0.04
P-008977,V-00277,NA-US,United States,7,8.8,0,62,-0.1
P-008977,V-00101,EMEA-W,Spain,3,-5.7,4,94,0.06
P-008978,V-00913,SA,Brazil,2,3.8,0,56,-0.02
P-008978,V-00547,EMEA-W,Spain,5,4,0,58,-0.02
P-008980,V-00229,EMEA-E,Czechia,5,-3.7,6,19,0.01
P-008981,V-00459,EMEA-E,Turkey,4,5.3,6,77,-0.02
P-008982,V-00554,NA-US,United States,6,-3.5,6,76,0.01
P-008983,V-00489,SA,Brazil,9,-0.1,0,74,0
P-008984,V-00579,NA-US,United States,9,18.9,12,81,-0.08
P-008985,V-00423,NA-US,United States,2,20.7,12,43,-0.08
P-008986,V-00048,NA-US,United States,7,-2.8,6,27,0.01
P-008986,V-00280,APAC-IN,India,4,12.3,8,62,-0.05
P-008986,V-00487,APAC-IN,India,5,18.5,12,46,-0.07
P-008988,V-00646,APAC-SE,Malaysia,4,3.6,0,63,-0.04
P-008988,V-00646,APAC-SE,Malaysia,6,-0.1,0,16,0
P-008989,V-00423,NA-US,United States,3,2.5,0,89,-0.01
P-008989,V-00546,NA-MX,Mexico,4,20.9,4,16,-0.08
P-008990,V-00079,APAC-IN,India,7,-2.7,6,74,0.01
P-008991,V-00177,APAC-IN,India,2,20.2,12,28,-0.08
P-008992,V-00136,APAC-SE,Indonesia,7,7.4,0,63,-0.03
P-008992,V-00321,APAC-SE,Malaysia,3,-5.6,12,37,0.02
P-008994,V-00685,APAC-SE,Vietnam,3,-3.2,0,72,0.01
P-008994,V-00553,EMEA-E,Romania,3,4.2,4,64,-0.02
P-008994,V-00636,NA-US,United States,5,6.8,4,63,-0.03
P-008996,V-00310,EMEA-E,Czechia,8,19.3,0,36,-0.21
P-008996,V-00130,NA-US,United States,8,5.9,0,53,-0.06
P-008996,V-00645,NA-MX,Mexico,6,11.3,0,97,-0.12
P-008997,V-00611,NA-MX,Mexico,7,6.9,8,39,-0.03
P-008998,V-00418,APAC-NE,Taiwan,3,15.1,0,42,-0.17
P-008998,V-00427,NA-US,United States,5,4.2,8,39,-0.05
P-008999,V-00049,NA-MX,Mexico,6,1.3,6,87,-0.01
P-008999,V-00063,APAC-NE,Japan,4,-0.2,0,80,0
P-008999,V-00331,NA-MX,Mexico,3,-4.8,8,85,0.05
P-009001,V-00095,APAC-NE,China,7,4.4,0,68,-0.02
P-009001,V-00261,NA-US,United States,5,20,8,68,-0.08
P-009001,V-00151,APAC-IN,India,4,-3.6,4,37,0.01
P-009002,V-01129,EMEA-E,Czechia,8,21,8,95,-0.08
P-009002,V-00084,NA-MX,Mexico,7,20.5,6,88,-0.08
P-009002,V-00974,NA-MX,Mexico,6,-2.4,8,16,0.01
P-009003,V-00635,SA,Argentina,8,20.8,0,97,-0.23
P-009003,V-00060,APAC-SE,Indonesia,6,1.3,0,23,-0.01
P-009003,V-00415,APAC-NE,Taiwan,4,20.6,4,77,-0.23
P-009005,V-00445,EMEA-W,France,2,1.3,6,70,-0.01
P-009005,V-00142,EMEA-W,Italy,4,18.5,4,98,-0.07
P-009005,V-00176,NA-US,United States,6,17,4,89,-0.07
P-009007,V-00128,SA,Brazil,5,8.3,8,43,-0.09
P-009007,V-00644,EMEA-E,Turkey,4,17.2,4,42,-0.19
P-009007,V-00335,EMEA-E,Czechia,3,19.2,4,81,-0.21
P-009009,V-00547,EMEA-W,Spain,4,9,12,41,-0.04
P-009010,V-00775,NA-US,United States,4,18.1,0,60,-0.07
P-009010,V-00686,APAC-NE,South Korea,5,-1.7,4,28,0.01
P-009010,V-00802,EMEA-W,Italy,4,17.4,0,24,-0.07
P-009013,V-00325,EMEA-W,France,2,-4.4,8,99,0.02
P-009013,V-00483,EMEA-W,Germany,8,15.4,0,97,-0.06
P-009013,V-00085,NA-MX,Mexico,4,12.8,4,33,-0.05
P-009014,V-00146,NA-MX,Mexico,3,-4.1,8,38,0.02
P-009014,V-00528,SA,Brazil,4,10.3,0,42,-0.04
P-009014,V-00685,APAC-SE,Vietnam,4,7.9,4,90,-0.03
P-009015,V-00540,NA-US,United States,5,-5.4,0,71,0.02
P-009015,V-00235,APAC-NE,Japan,6,-0.9,8,99,0
P-009015,V-00229,EMEA-E,Czechia,3,-1.5,8,52,0.01
P-009017,V-00551,EMEA-E,Czechia,2,10.1,8,40,-0.04
P-009018,V-00181,APAC-NE,Taiwan,7,6.2,4,88,-0.02
P-009018,V-00506,SA,Argentina,4,13.9,6,26,-0.06
P-009018,V-00384,EMEA-W,Italy,7,18.1,12,84,-0.07
P-009021,V-00644,EMEA-E,Turkey,6,16.9,4,26,-0.07
P-009022,V-00298,APAC-SE,Thailand,6,6.6,8,15,-0.07
P-009022,V-00822,NA-US,United States,6,21.1,0,85,-0.23
P-009022,V-00174,EMEA-E,Turkey,3,15.2,8,18,-0.17
P-009025,V-00300,APAC-NE,Japan,6,16.5,4,65,-0.07
P-009025,V-00396,APAC-NE,China,7,1.9,12,27,-0.01
P-009027,V-00959,SA,Argentina,7,15,0,15,-0.06
P-009027,V-00088,APAC-SE,Vietnam,5,13.2,8,86,-0.05
P-009028,V-00641,NA-US,United States,9,-4.1,0,60,0.02
P-009028,V-00761,SA,Brazil,8,11.9,0,60,-0.05
P-009030,V-00176,NA-US,United States,7,5,12,59,-0.06
P-009030,V-00576,NA-MX,Mexico,3,6.1,0,89,-0.07
P-009031,V-00554,NA-US,United States,7,17.8,0,44,-0.07
P-009031,V-00539,EMEA-E,Turkey,8,-5.1,8,16,0.02
P-009031,V-00608,EMEA-W,Germany,6,9.6,0,16,-0.04
P-009032,V-00681,EMEA-E,Turkey,4,2.3,8,93,-0.01
P-009032,V-00769,EMEA-W,Spain,6,15.4,8,41,-0.06
P-009033,V-01129,EMEA-E,Czechia,7,17.2,0,89,-0.19
P-009033,V-00084,NA-MX,Mexico,6,3.4,6,98,-0.04
P-009035,V-00494,APAC-IN,India,7,4.5,6,78,-0.02
P-009036,V-00514,APAC-NE,Japan,5,16.2,0,57,-0.06
P-009036,V-00358,APAC-NE,Japan,2,3.6,0,52,-0.01
P-009038,V-00507,APAC-NE,Taiwan,3,7.3,12,32,-0.03
P-009038,V-00321,APAC-SE,Malaysia,2,-2.1,0,86,0.01
P-009039,V-00133,EMEA-E,Turkey,5,4.5,0,89,-0.05
P-009039,V-00463,SA,Argentina,7,11.8,0,18,-0.13
P-009039,V-00384,EMEA-W,Italy,7,5.7,4,92,-0.06
P-009040,V-00541,APAC-SE,Malaysia,9,12.7,0,64,-0.14
P-009040,V-00676,NA-US,United States,4,-5.2,8,84,0.06
P-009040,V-00031,APAC-NE,China,6,9.8,8,95,-0.11
P-009042,V-00142,EMEA-W,Italy,6,17.2,0,95,-0.07
P-009043,V-00009,APAC-SE,Indonesia,2,4.6,0,31,-0.05
P-009043,V-00656,SA,Brazil,2,21.2,8,73,-0.23
P-009043,V-00068,EMEA-E,Romania,7,8.4,0,93,-0.09
P-009044,V-00156,SA,Argentina,5,-3.1,0,65,0.01
P-009044,V-00156,SA,Argentina,4,-3.7,0,32,0.01
P-009045,V-00383,APAC-NE,Taiwan,7,-4.2,0,18,0.02
P-009045,V-00206,APAC-NE,South Korea,3,-0.3,8,34,0
P-009047,V-00107,SA,Brazil,5,-4.1,0,69,0.05
P-009047,V-00492,APAC-IN,India,7,10.1,6,60,-0.11
P-009047,V-00199,NA-MX,Mexico,4,1.7,0,15,-0.02
P-009049,V-00770,EMEA-E,Turkey,8,4.5,0,18,-0.02
P-009049,V-00882,APAC-NE,South Korea,7,3.5,6,49,-0.01
P-009050,V-00509,APAC-IN,India,1,-2.4,0,50,0.01
P-009055,V-00731,EMEA-W,Spain,2,2.1,8,51,-0.01
P-009055,V-00416,APAC-SE,Indonesia,5,-3.8,12,17,0.02
P-009057,V-00553,EMEA-E,Romania,4,12.5,8,94,-0.05
P-009057,V-00146,NA-MX,Mexico,3,12.8,0,47,-0.05
P-009058,V-00435,NA-US,United States,3,7.5,0,76,-0.03
P-009059,V-00739,SA,Brazil,6,-5.5,0,66,0.02
P-009061,V-00400,SA,Argentina,3,8.2,8,24,-0.09
P-009063,V-00232,NA-US,United States,4,18.6,8,62,-0.07
P-009063,V-00814,APAC-IN,India,1,21,4,73,-0.08
P-009063,V-00501,APAC-NE,China,6,-2.9,0,40,0.01
P-009064,V-00282,APAC-IN,India,6,15.1,0,77,-0.06
P-009064,V-00548,EMEA-W,Italy,7,11.1,0,57,-0.04
P-009064,V-00807,EMEA-E,Turkey,8,-3.8,0,61,0.02
P-009065,V-00790,APAC-SE,Malaysia,8,14.3,0,86,-0.06
P-009066,V-00664,APAC-NE,Taiwan,6,-3.9,8,90,0.04
P-009066,V-00395,NA-US,United States,2,-2,12,76,0.02
P-009066,V-00323,EMEA-E,Czechia,5,11,6,69,-0.12
P-009067,V-00345,EMEA-E,Poland,6,13.8,12,72,-0.06
P-009068,V-00450,APAC-IN,India,6,14.5,6,48,-0.06
P-009068,V-00186,EMEA-E,Romania,6,9.1,8,37,-0.04
P-009069,V-00490,APAC-IN,India,5,-0.1,8,55,0
P-009069,V-00490,APAC-IN,India,5,2.9,12,71,-0.01
P-009069,V-00812,NA-MX,Mexico,6,20.2,0,67,-0.08
P-009071,V-00314,SA,Brazil,8,2.9,4,25,-0.03
P-009072,V-00207,APAC-SE,Indonesia,8,15.2,4,35,-0.06
P-009072,V-00625,APAC-SE,Malaysia,6,4.8,4,64,-0.02
P-009072,V-00208,EMEA-W,France,7,4.2,6,66,-0.02
P-009073,V-00512,NA-US,United States,5,18.9,4,30,-0.08
P-009073,V-00511,EMEA-W,France,9,16.1,0,65,-0.06
P-009074,V-00553,EMEA-E,Romania,3,16.5,12,85,-0.07
P-009074,V-00544,APAC-IN,India,4,16.4,0,42,-0.07
P-009075,V-00846,NA-MX,Mexico,4,12.1,0,60,-0.05
P-009075,V-00352,SA,Brazil,6,4.7,6,44,-0.02
P-009076,V-00658,SA,Brazil,5,-3.4,8,72,0.01
P-009076,V-00403,NA-MX,Mexico,3,20.4,4,98,-0.08
P-009076,V-00199,NA-MX,Mexico,4,3.2,12,52,-0.01
P-009077,V-00261,NA-US,United States,5,3.4,0,61,-0.01
P-009077,V-00672,EMEA-E,Romania,3,4.6,0,70,-0.02
P-009077,V-00788,NA-MX,Mexico,3,5.8,4,58,-0.02
P-009078,V-00149,NA-US,United States,5,8.3,12,20,-0.03
P-009079,V-00050,NA-US,United States,4,1.2,4,93,0
P-009079,V-00280,APAC-IN,India,4,-2.8,6,91,0.01
P-009081,V-00557,EMEA-W,Germany,4,2,0,73,-0.01
P-009081,V-00234,APAC-NE,Japan,4,16.6,6,80,-0.07
P-009082,V-00055,APAC-IN,India,7,-1.3,0,91,0.01
P-009082,V-00004,APAC-NE,Japan,3,1.7,0,93,-0.02
P-009083,V-00531,NA-MX,Mexico,4,7.7,4,35,-0.03
P-009083,V-00013,SA,Argentina,2,5,6,42,-0.02
P-009085,V-00906,EMEA-E,Poland,9,18.7,8,33,-0.07
P-009085,V-00110,EMEA-E,Poland,5,12.3,12,80,-0.05
P-009085,V-00790,APAC-SE,Malaysia,6,-1.9,0,71,0.01
P-009086,V-00009,APAC-SE,Indonesia,3,19.8,6,55,-0.08
P-009086,V-00503,APAC-SE,Vietnam,7,20.5,4,29,-0.08
P-009086,V-00569,APAC-IN,India,6,5.5,0,68,-0.02
P-009087,V-00405,NA-MX,Mexico,2,17.5,0,93,-0.07
P-009087,V-00091,APAC-NE,South Korea,3,3.2,6,18,-0.01
P-009087,V-00589,NA-MX,Mexico,4,1.2,12,38,0
P-009088,V-00158,NA-US,United States,4,-2.4,0,86,0.03
P-009090,V-00206,APAC-NE,South Korea,2,5.1,4,52,-0.02
P-009090,V-00154,APAC-SE,Malaysia,7,6.9,12,31,-0.03
P-009090,V-00749,NA-US,United States,4,17.2,8,21,-0.07
P-009091,V-00836,SA,Argentina,4,15.5,12,78,-0.06
P-009092,V-00025,NA-US,United States,6,4.8,6,45,-0.02
P-009093,V-00586,NA-MX,Mexico,5,12.6,0,71,-0.05
P-009093,V-00403,NA-MX,Mexico,2,19.9,8,32,-0.08
P-009095,V-00824,SA,Argentina,8,11,8,43,-0.04
P-009095,V-00646,APAC-SE,Malaysia,5,6.4,0,53,-0.03
P-009096,V-00559,SA,Brazil,3,4.9,12,17,-0.02
P-009097,V-00438,EMEA-E,Poland,3,-1.2,4,24,0
P-009097,V-00604,EMEA-E,Czechia,8,-3.8,6,74,0.02
P-009100,V-00627,SA,Brazil,5,10.9,6,59,-0.04
P-009100,V-00474,NA-US,United States,3,10.1,4,89,-0.04
P-009103,V-00641,NA-US,United States,8,6.4,0,38,-0.03
P-009103,V-00073,NA-MX,Mexico,6,-0.1,0,80,0
P-009104,V-00287,EMEA-W,France,3,6.6,0,77,-0.03
P-009105,V-00199,NA-MX,Mexico,4,21.6,0,59,-0.09
P-009105,V-00591,SA,Brazil,7,12.7,4,85,-0.05
P-009107,V-00464,EMEA-W,Spain,6,2.5,4,80,-0.01
P-009107,V-00788,NA-MX,Mexico,5,-4.8,0,85,0.02
P-009107,V-00413,APAC-NE,South Korea,2,-0.7,4,16,0
P-009109,V-00158,NA-US,United States,2,6,4,32,-0.07
P-009109,V-00458,APAC-SE,Indonesia,1,-3,0,74,0.03
P-009110,V-00375,SA,Brazil,6,-0.2,4,34,0
P-009110,V-00161,SA,Argentina,3,7.2,0,75,-0.03
P-009111,V-00410,APAC-SE,Malaysia,3,4,8,95,-0.02
P-009111,V-00555,APAC-IN,India,6,-3.2,0,16,0.01
P-009113,V-00056,APAC-SE,Malaysia,5,6.2,4,44,-0.02
P-009113,V-00361,NA-MX,Mexico,4,-4.5,0,70,0.02
P-009114,V-00011,APAC-SE,Indonesia,4,7.1,0,30,-0.08
P-009114,V-00617,EMEA-W,Spain,7,13,12,92,-0.14
P-009114,V-00569,APAC-IN,India,7,19.6,8,36,-0.22
P-009115,V-00464,EMEA-W,Spain,6,0.9,6,61,0
P-009115,V-00440,EMEA-E,Turkey,6,-1,4,95,0
P-009115,V-00196,APAC-NE,Taiwan,6,18.2,6,60,-0.07
P-009116,V-00114,APAC-NE,Taiwan,5,12.2,6,30,-0.05
P-009116,V-00842,EMEA-E,Romania,8,-3.9,0,64,0.02
P-009119,V-00561,APAC-NE,Japan,7,14.9,0,53,-0.16
P-009119,V-00770,EMEA-E,Turkey,7,1,12,72,-0.01
P-009119,V-00226,SA,Brazil,7,2.7,12,32,-0.03
P-009120,V-00823,NA-US,United States,3,20.1,6,83,-0.22
P-009120,V-00042,APAC-IN,India,7,7,4,64,-0.08
P-009120,V-00183,EMEA-W,Germany,5,-3.2,0,15,0.04
P-009121,V-00131,EMEA-E,Czechia,8,1.9,12,79,-0.02
P-009121,V-00484,EMEA-E,Romania,6,-0.9,12,34,0.01
P-009121,V-00280,APAC-IN,India,3,7.5,0,16,-0.08
P-009122,V-00288,NA-MX,Mexico,6,-1.3,8,61,0.01
P-009122,V-00509,APAC-IN,India,3,2.9,0,85,-0.01
P-009122,V-00288,NA-MX,Mexico,6,-3.1,12,53,0.01
P-009125,V-00561,APAC-NE,Japan,7,15.8,0,35,-0.06
P-009125,V-00685,APAC-SE,Vietnam,3,10.1,0,57,-0.04
P-009125,V-00642,EMEA-E,Czechia,4,-1,12,72,0
P-009126,V-00684,APAC-NE,Japan,4,18.2,6,37,-0.07
P-009126,V-00007,SA,Brazil,3,21.9,0,76,-0.09
P-009127,V-00556,EMEA-E,Romania,4,6.5,8,31,-0.03
P-009129,V-00359,NA-MX,Mexico,7,7.1,12,36,-0.08
P-009129,V-00568,APAC-IN,India,6,7.5,8,59,-0.08
P-009129,V-00132,APAC-NE,Taiwan,8,18.8,12,91,-0.21
P-009130,V-00496,NA-US,United States,3,19.6,12,76,-0.08
P-009130,V-00299,NA-MX,Mexico,6,17.7,6,25,-0.07
P-009130,V-00430,EMEA-W,Italy,5,-2.2,0,76,0.01
P-009131,V-00114,APAC-NE,Taiwan,7,-2.6,0,43,0.03
P-009131,V-00261,NA-US,United States,2,21.1,0,33,-0.23
P-009131,V-00451,NA-MX,Mexico,4,7.4,0,30,-0.08
P-009132,V-00647,APAC-SE,Vietnam,3,18.3,12,92,-0.07
P-009133,V-00541,APAC-SE,Malaysia,8,1.1,0,17,0
P-009133,V-00588,APAC-NE,China,5,-2.4,8,90,0.01
P-009133,V-00579,NA-US,United States,8,-5.5,12,37,0.02
P-009134,V-00540,NA-US,United States,3,1.2,0,45,0
P-009137,V-00187,APAC-NE,South Korea,3,5.5,0,77,-0.02
P-009139,V-00070,EMEA-E,Turkey,8,17.7,6,52,-0.19
P-009140,V-00665,APAC-SE,Vietnam,4,6,0,87,-0.07
P-009140,V-00075,APAC-IN,India,7,1,12,20,-0.01
P-009142,V-00700,NA-US,United States,7,17.8,0,15,-0.07
P-009142,V-00662,APAC-IN,India,3,-4.8,8,48,0.02
P-009142,V-00406,EMEA-W,Spain,8,4.9,6,21,-0.02
P-009143,V-00524,APAC-SE,Thailand,7,3.5,0,100,-0.01
P-009143,V-00247,NA-US,United States,5,17,4,31,-0.07
P-009144,V-00779,APAC-SE,Malaysia,6,6.7,4,32,-0.07
P-009147,V-00647,APAC-SE,Vietnam,2,-1.4,12,76,0.01
P-009147,V-00679,APAC-NE,South Korea,7,21.3,12,68,-0.09
P-009147,V-00717,SA,Argentina,8,1.2,6,49,0
P-009148,V-00394,SA,Argentina,4,6.7,8,65,-0.07
P-009148,V-00644,EMEA-E,Turkey,6,17,6,75,-0.19
P-009148,V-00657,SA,Argentina,1,-1.9,0,88,0.02
P-009151,V-00066,EMEA-E,Turkey,8,-3.1,0,67,0.01
P-009152,V-00281,APAC-IN,India,5,4.5,6,91,-0.02
P-009152,V-00847,APAC-NE,Japan,3,2.3,8,48,-0.01
P-009153,V-00745,APAC-SE,Malaysia,3,1.1,0,71,-0.01
P-009153,V-00352,SA,Brazil,6,10.7,6,41,-0.12
P-009154,V-00668,APAC-NE,Taiwan,3,-3.4,12,62,0.01
P-009154,V-00094,APAC-NE,China,4,19.3,12,78,-0.08
P-009155,V-00664,APAC-NE,Taiwan,9,8.4,8,23,-0.03
P-009155,V-00318,EMEA-W,France,6,20.1,6,57,-0.08
P-009156,V-00592,EMEA-W,Germany,6,-0.1,0,73,0
P-009156,V-00684,APAC-NE,Japan,6,-0.8,12,75,0
P-009157,V-00586,NA-MX,Mexico,4,7.2,4,75,-0.03
P-009157,V-00409,APAC-SE,Indonesia,6,21,0,28,-0.08
P-009157,V-00418,APAC-NE,Taiwan,4,12.1,0,60,-0.05
P-009159,V-00166,APAC-IN,India,6,8.7,12,40,-0.03
P-009160,V-00319,NA-MX,Mexico,6,-3.3,6,67,0.01
P-009160,V-00392,NA-US,United States,3,5.7,0,40,-0.02
P-009161,V-00555,APAC-IN,India,6,19.9,4,28,-0.22
P-009162,V-00551,EMEA-E,Czechia,2,11.1,0,54,-0.04
P-009163,V-01129,EMEA-E,Czechia,6,13.2,12,29,-0.05
P-009163,V-00728,NA-US,United States,2,9.7,8,79,-0.04
P-009164,V-00497,APAC-NE,Taiwan,6,-4.1,0,92,0.02
P-009164,V-00160,EMEA-E,Czechia,4,8.1,8,88,-0.03
P-009164,V-00459,EMEA-E,Turkey,3,19.5,0,23,-0.08
P-009165,V-00046,NA-MX,Mexico,4,20,4,45,-0.08
P-009165,V-00046,NA-MX,Mexico,4,12.9,4,46,-0.05
P-009166,V-00653,EMEA-E,Czechia,3,15.1,8,57,-0.06
P-009171,V-00534,APAC-NE,Japan,3,-0.2,6,91,0
P-009171,V-00282,APAC-IN,India,7,-3.6,12,46,0.04
P-009171,V-00695,NA-MX,Mexico,4,19.1,4,37,-0.21
P-009172,V-00192,APAC-SE,Malaysia,2,19.8,0,76,-0.08
P-009172,V-00618,APAC-NE,South Korea,6,14.7,0,34,-0.06
P-009173,V-00589,NA-MX,Mexico,5,-4.6,8,98,0.02
P-009173,V-00525,EMEA-E,Poland,3,0.4,8,44,0
P-009173,V-00116,APAC-IN,India,8,14.3,12,70,-0.06
P-009174,V-00269,APAC-IN,India,6,13.2,0,100,-0.05
P-009176,V-00179,APAC-SE,Thailand,5,18.8,0,73,-0.08
P-009176,V-00398,EMEA-E,Czechia,5,-1.2,8,32,0
P-009176,V-00159,EMEA-W,Italy,6,14.4,8,100,-0.06
P-009177,V-00738,APAC-IN,India,8,-1.1,0,52,0.01
P-009177,V-00738,APAC-IN,India,8,18.6,4,57,-0.2
P-009177,V-00094,APAC-NE,China,2,18.1,8,19,-0.2
P-009179,V-00087,APAC-NE,Japan,5,11.5,12,62,-0.05
P-009180,V-00205,NA-MX,Mexico,4,-4.7,12,81,0.02
P-009180,V-00361,NA-MX,Mexico,5,15.7,8,86,-0.06
P-009180,V-00557,EMEA-W,Germany,4,18.8,12,93,-0.08
P-009181,V-00174,EMEA-E,Turkey,4,0.3,0,56,0
P-009181,V-00822,NA-US,United States,8,12.7,12,81,-0.05
P-009181,V-00630,APAC-NE,China,6,-0.2,0,95,0
P-009182,V-00664,APAC-NE,Taiwan,7,7.4,8,38,-0.03
P-009183,V-00181,APAC-NE,Taiwan,8,9,12,49,-0.04
P-009183,V-00046,NA-MX,Mexico,3,20.9,12,38,-0.08
P-009185,V-00697,NA-US,United States,4,6.1,0,85,-0.02
P-009186,V-00145,NA-MX,Mexico,5,-3.2,12,86,0.01
P-009186,V-00053,APAC-IN,India,3,4,0,21,-0.02
P-009188,V-00313,APAC-SE,Malaysia,6,15.9,6,96,-0.06
P-009190,V-00408,NA-US,United States,5,6.6,0,77,-0.03
P-009190,V-00006,APAC-SE,Indonesia,4,3,0,74,-0.01
P-009190,V-00838,NA-US,United States,7,1.7,0,55,-0.01
P-009191,V-00602,APAC-SE,Thailand,4,-1.2,0,26,0
P-009192,V-00548,EMEA-W,Italy,9,4.1,8,81,-0.02
P-009193,V-00230,APAC-SE,Vietnam,6,10.9,6,36,-0.04
P-009193,V-00463,SA,Argentina,5,13.4,6,63,-0.05
P-009193,V-00344,NA-MX,Mexico,7,12.6,12,20,-0.05
P-009195,V-00509,APAC-IN,India,2,20.2,12,89,-0.08
P-009195,V-00847,APAC-NE,Japan,4,3.3,0,97,-0.01
P-009195,V-00509,APAC-IN,India,2,-1.2,4,63,0
P-009197,V-00588,APAC-NE,China,6,-0.1,0,22,0
P-009197,V-00242,APAC-NE,Japan,4,15.3,6,42,-0.06
P-009197,V-00031,APAC-NE,China,5,6,0,25,-0.02
P-009198,V-00468,NA-US,United States,5,18.2,6,52,-0.07
P-009198,V-00080,EMEA-W,France,3,16.4,0,58,-0.07
P-009198,V-00311,EMEA-W,Spain,6,10.4,12,37,-0.04
P-009199,V-00633,NA-MX,Mexico,6,2,12,97,-0.01
P-009199,V-00504,NA-US,United States,5,0.1,0,29,0
P-009199,V-00374,APAC-SE,Thailand,4,18.9,0,59,-0.08
P-009200,V-00221,APAC-NE,South Korea,6,4.2,4,74,-0.05
P-009201,V-00039,EMEA-E,Romania,7,1.3,8,40,-0.01
P-009201,V-00440,EMEA-E,Turkey,7,11.5,6,54,-0.05
P-009202,V-00808,APAC-SE,Thailand,8,16.9,8,46,-0.07
P-009202,V-00844,SA,Brazil,8,19.8,8,57,-0.08
P-009204,V-00007,SA,Brazil,5,20.6,8,66,-0.08
P-009204,V-00337,EMEA-W,France,1,8.5,0,35,-0.03
P-009205,V-00268,APAC-NE,South Korea,3,1.1,0,74,0
P-009207,V-00187,APAC-NE,South Korea,4,12,8,81,-0.05
P-009208,V-00201,APAC-IN,India,2,8.3,0,30,-0.03
P-009208,V-00201,APAC-IN,India,4,15.1,4,68,-0.06
P-009208,V-00476,EMEA-E,Romania,7,9.4,8,41,-0.04
P-009211,V-00253,APAC-NE,Taiwan,8,5,6,39,-0.06
P-009211,V-00240,NA-US,United States,2,21.1,0,46,-0.23
P-009211,V-00657,SA,Argentina,4,0.1,6,24,0
P-009212,V-00531,NA-MX,Mexico,4,-5.7,6,60,0.02
P-009215,V-00791,APAC-SE,Vietnam,8,9.6,4,58,-0.11
P-009215,V-00642,EMEA-E,Czechia,5,-0.1,6,54,0
P-009216,V-00187,APAC-NE,South Korea,5,-5.5,0,39,0.02
P-009216,V-00550,SA,Argentina,5,17.5,0,39,-0.07
P-009216,V-00539,EMEA-E,Turkey,6,8.4,4,83,-0.03
P-009217,V-00365,APAC-IN,India,6,14.8,8,48,-0.06
P-009218,V-00738,APAC-IN,India,6,-2.4,0,87,0.01
P-009219,V-00682,NA-US,United States,6,10,6,35,-0.04
P-009219,V-00021,SA,Argentina,8,14.2,6,52,-0.06
P-009219,V-00532,APAC-SE,Thailand,4,-3.2,0,82,0.01
P-009220,V-00628,APAC-SE,Indonesia,6,21.5,12,75,-0.09
P-009220,V-00587,APAC-NE,Taiwan,3,7.5,12,73,-0.03
P-009223,V-00435,NA-US,United States,4,15.6,12,30,-0.17
P-009224,V-00278,APAC-IN,India,9,9.2,6,46,-0.04
P-009224,V-00248,APAC-SE,Indonesia,6,16.3,4,59,-0.07
P-009226,V-00002,APAC-NE,China,2,16.4,12,28,-0.18
P-009226,V-00662,APAC-IN,India,5,12.2,0,46,-0.13
P-009227,V-00878,EMEA-W,France,6,21,6,58,-0.08
P-009227,V-00363,APAC-IN,India,9,13.5,12,80,-0.05
P-009227,V-00566,APAC-NE,South Korea,4,15.9,6,30,-0.06
P-009230,V-00653,EMEA-E,Czechia,4,20.7,0,58,-0.08
P-009230,V-00242,APAC-NE,Japan,4,19.2,4,83,-0.08
P-009230,V-00430,EMEA-W,Italy,6,5.6,4,48,-0.02
P-009231,V-00061,NA-MX,Mexico,2,6.9,6,40,-0.08
P-009231,V-00320,APAC-IN,India,3,11.8,0,65,-0.13
P-009234,V-00086,EMEA-E,Czechia,8,11.3,4,99,-0.05
P-009236,V-00832,APAC-NE,Taiwan,4,-4,12,20,0.02
P-009237,V-00062,NA-US,United States,7,10.8,0,59,-0.04
P-009240,V-00460,NA-US,United States,6,-1.7,0,82,0.01
P-009240,V-00373,NA-MX,Mexico,6,16.8,8,72,-0.07
P-009240,V-00616,APAC-SE,Malaysia,2,19.7,0,63,-0.08
P-009242,V-00641,NA-US,United States,7,2.9,0,26,-0.03
P-009242,V-00339,SA,Argentina,3,5.4,4,71,-0.06
P-009242,V-00478,APAC-SE,Vietnam,4,10.1,6,63,-0.11
P-009244,V-00621,SA,Brazil,5,1.8,6,80,-0.01
P-009244,V-00363,APAC-IN,India,7,0.2,12,37,0
P-009245,V-00552,EMEA-W,France,4,18.5,0,87,-0.07
P-009245,V-00326,NA-US,United States,7,14.5,6,21,-0.06
P-009245,V-00385,SA,Brazil,7,-0.8,6,63,0
P-009246,V-00930,EMEA-W,France,5,-1.4,0,76,0.01
P-009246,V-00770,EMEA-E,Turkey,7,6.4,4,89,-0.03
P-009246,V-00083,SA,Brazil,9,9.4,6,21,-0.04
P-009247,V-00441,APAC-SE,Malaysia,4,9.5,4,61,-0.04
P-009247,V-00059,EMEA-E,Czechia,4,20.8,4,92,-0.08
P-009248,V-00442,NA-MX,Mexico,3,12.1,4,56,-0.05
P-009248,V-00176,NA-US,United States,5,9.8,6,57,-0.04
P-009250,V-00443,NA-US,United States,3,21.2,0,36,-0.08
P-009250,V-00443,NA-US,United States,4,-0.5,8,69,0
P-009250,V-00341,NA-US,United States,8,1,8,93,0
P-009251,V-00521,NA-US,United States,6,13.8,0,73,-0.06
P-009251,V-00012,APAC-NE,Taiwan,6,-1.6,6,74,0.01
P-009252,V-00221,APAC-NE,South Korea,6,1.9,4,31,-0.01
P-009252,V-00035,SA,Argentina,9,5.9,6,42,-0.02
P-009252,V-00389,APAC-NE,Japan,4,7.5,12,85,-0.03
P-009253,V-00229,EMEA-E,Czechia,2,20,12,73,-0.22
P-009255,V-00332,APAC-IN,India,4,-3.7,0,81,0.04
P-009256,V-00662,APAC-IN,India,5,-1.3,4,84,0.01
P-009257,V-00050,NA-US,United States,4,17.4,12,85,-0.07
P-009257,V-00286,SA,Argentina,6,9.3,4,71,-0.04
P-009257,V-00028,APAC-IN,India,3,-3.7,0,51,0.01
P-009259,V-00489,SA,Brazil,9,8.4,0,94,-0.03
P-009261,V-00130,NA-US,United States,8,21.2,8,21,-0.08
P-009261,V-00544,APAC-IN,India,2,-3.2,0,76,0.01
P-009262,V-00347,APAC-SE,Malaysia,4,10.8,4,56,-0.04
P-009262,V-00832,APAC-NE,Taiwan,7,19.5,6,74,-0.08
P-009263,V-00137,SA,Brazil,4,21.4,6,79,-0.24
P-009263,V-00519,APAC-NE,Taiwan,4,11.3,12,64,-0.12
P-009264,V-00658,SA,Brazil,6,19,6,98,-0.08
P-009266,V-00418,APAC-NE,Taiwan,3,18,0,72,-0.07
P-009267,V-00253,APAC-NE,Taiwan,7,-0.1,0,91,0
P-009267,V-00079,APAC-IN,India,6,20.8,6,81,-0.23
P-009267,V-00530,SA,Brazil,7,15.7,8,71,-0.17
P-009268,V-00156,SA,Argentina,3,-3.5,8,29,0.01
P-009268,V-00527,NA-MX,Mexico,3,17.2,0,90,-0.07
P-009271,V-00338,APAC-SE,Vietnam,6,8.2,12,42,-0.03
P-009271,V-00191,EMEA-E,Turkey,6,-4.8,6,71,0.02
P-009271,V-00465,APAC-NE,South Korea,7,-0.5,8,42,0
P-009272,V-00432,NA-US,United States,4,-2.8,12,99,0.03
P-009272,V-00779,APAC-SE,Malaysia,6,-3.6,0,98,0.04
P-009272,V-00531,NA-MX,Mexico,6,18.8,12,79,-0.21
P-009273,V-00281,APAC-IN,India,5,20.3,8,46,-0.08
P-009274,V-00097,SA,Brazil,5,9.1,0,30,-0.04
P-009274,V-00622,APAC-NE,China,4,12.1,4,18,-0.05
P-009275,V-00316,NA-MX,Mexico,5,-2.6,4,18,0.01
P-009275,V-00770,EMEA-E,Turkey,7,11.6,0,39,-0.05
P-009276,V-00023,NA-MX,Mexico,7,1.4,4,90,-0.01
P-009276,V-00906,EMEA-E,Poland,6,10,6,81,-0.04
P-009276,V-00297,APAC-NE,Taiwan,7,8.9,6,88,-0.04
P-009280,V-00534,APAC-NE,Japan,3,11.4,8,41,-0.05
P-009280,V-00544,APAC-IN,India,3,14.7,0,98,-0.06
P-009280,V-00642,EMEA-E,Czechia,6,10.2,8,57,-0.04
P-009281,V-00052,EMEA-E,Turkey,2,14.2,8,77,-0.16
P-009281,V-00301,APAC-SE,Vietnam,5,18.9,0,92,-0.21
P-009283,V-00533,APAC-IN,India,5,2.2,6,87,-0.02
P-009283,V-00359,NA-MX,Mexico,5,6.3,12,41,-0.07
P-009283,V-00568,APAC-IN,India,4,5.2,12,90,-0.06
P-009284,V-00065,EMEA-E,Romania,5,17.2,0,96,-0.19
P-009284,V-00049,NA-MX,Mexico,8,11.3,8,67,-0.12
P-009287,V-00431,APAC-SE,Thailand,4,-4,0,66,0.02
P-009287,V-00469,APAC-SE,Indonesia,4,17,0,86,-0.07
P-009287,V-00294,NA-US,United States,2,-0.5,4,28,0
P-009288,V-00534,APAC-NE,Japan,1,7.5,0,50,-0.03
P-009289,V-00179,APAC-SE,Thailand,4,7.7,12,43,-0.03
P-009289,V-00431,APAC-SE,Thailand,5,19.5,0,85,-0.08
P-009289,V-00037,SA,Brazil,6,11.7,12,66,-0.05
P-009290,V-00394,SA,Argentina,5,-0.1,12,39,0
P-009291,V-00429,APAC-NE,Japan,6,20.3,8,17,-0.08
P-009292,V-00063,APAC-NE,Japan,3,21.9,0,63,-0.24
P-009293,V-00008,NA-US,United States,7,5.7,0,84,-0.02
P-009293,V-00054,NA-MX,Mexico,3,3.1,4,36,-0.01
P-009293,V-00199,NA-MX,Mexico,4,7.6,6,55,-0.03
P-009294,V-00748,NA-US,United States,4,5.4,8,34,-0.02
P-009294,V-00529,APAC-IN,India,4,13.7,0,20,-0.05
P-009294,V-00292,NA-MX,Mexico,2,2.7,12,60,-0.01
P-009295,V-00796,NA-MX,Mexico,7,21.6,4,87,-0.09
P-009295,V-00395,NA-US,United States,5,-2.2,0,73,0.01
P-009296,V-00849,APAC-SE,Vietnam,9,16.1,12,27,-0.06
P-009296,V-00110,EMEA-E,Poland,3,10.9,0,34,-0.04
P-009298,V-00546,NA-MX,Mexico,5,6.4,0,78,-0.03
P-009298,V-00566,APAC-NE,South Korea,2,1.6,8,89,-0.01
P-009299,V-00771,NA-MX,Mexico,8,1.6,6,31,-0.01
P-009300,V-00593,APAC-IN,India,6,9,0,32,-0.04
P-009300,V-00753,APAC-SE,Vietnam,4,22,0,23,-0.09
P-009301,V-00172,EMEA-W,Germany,3,4,12,51,-0.04
P-009301,V-00300,APAC-NE,Japan,6,17.6,4,24,-0.19
P-009304,V-00163,APAC-NE,Taiwan,7,-4.7,12,51,0.05
P-009306,V-00653,EMEA-E,Czechia,4,17.9,8,60,-0.07
P-009306,V-00177,APAC-IN,India,2,-4.9,0,77,0.02
P-009307,V-00297,APAC-NE,Taiwan,8,-5.9,0,41,0.02
P-009308,V-00842,EMEA-E,Romania,8,8.5,0,67,-0.03
P-009308,V-00891,EMEA-E,Poland,5,-4.3,6,19,0.02
P-009308,V-00413,APAC-NE,South Korea,3,-2.2,0,23,0.01
P-009309,V-00773,SA,Brazil,2,-5.3,4,40,0.02
P-009309,V-00578,EMEA-E,Turkey,4,-2,4,83,0.01
P-009309,V-00656,SA,Brazil,3,8.7,12,15,-0.03
P-009312,V-00515,EMEA-E,Turkey,7,-3.8,0,84,0.02
P-009312,V-00091,APAC-NE,South Korea,4,19.7,4,90,-0.08
P-009313,V-00428,NA-MX,Mexico,4,-5.4,6,90,0.02
P-009313,V-00706,APAC-IN,India,2,17.3,4,74,-0.07
P-009315,V-00704,SA,Argentina,7,13.8,12,81,-0.06
P-009315,V-00086,EMEA-E,Czechia,6,15.3,0,25,-0.06
P-009316,V-00764,EMEA-W,Italy,5,-2.6,0,88,0.01
P-009316,V-00503,APAC-SE,Vietnam,7,10.5,4,98,-0.04
P-009318,V-00655,APAC-NE,South Korea,7,2.1,4,71,-0.01
P-009318,V-00493,EMEA-E,Romania,8,19.9,4,63,-0.08
P-009320,V-00410,APAC-SE,Malaysia,3,11,8,72,-0.04
P-009322,V-00769,EMEA-W,Spain,7,0.9,0,33,0
P-009322,V-00606,APAC-SE,Malaysia,9,2,0,29,-0.01
P-009322,V-00318,EMEA-W,France,6,14.8,6,41,-0.06
P-009323,V-00041,NA-US,United States,7,7.8,0,35,-0.03
P-009323,V-00637,NA-MX,Mexico,3,7.6,12,58,-0.03
P-009325,V-00500,SA,Argentina,7,0.6,0,49,0
P-009325,V-00685,APAC-SE,Vietnam,4,8.6,8,72,-0.03
P-009325,V-00237,EMEA-W,Italy,2,18.9,6,39,-0.08
P-009326,V-00572,EMEA-W,Spain,5,19.3,0,96,-0.21
P-009326,V-00462,NA-MX,Mexico,5,19.5,0,87,-0.21
P-009326,V-00030,SA,Brazil,2,-2.5,0,30,0.03
P-009327,V-00664,APAC-NE,Taiwan,7,21.1,0,41,-0.08
P-009327,V-00545,EMEA-W,France,6,3.8,0,39,-0.02
P-009327,V-00047,APAC-SE,Vietnam,6,1.5,0,73,-0.01
P-009328,V-00095,APAC-NE,China,6,10.1,4,53,-0.04
P-009328,V-00788,NA-MX,Mexico,5,-2.9,8,52,0.01
P-009328,V-00672,EMEA-E,Romania,4,19.9,12,97,-0.08
P-009330,V-00754,NA-MX,Mexico,3,11.6,0,75,-0.05
P-009330,V-00470,SA,Brazil,5,18.2,12,84,-0.07
P-009330,V-00913,SA,Brazil,2,15.7,6,86,-0.06
P-009331,V-00733,EMEA-W,Spain,9,19.6,0,20,-0.08
P-009331,V-00624,NA-US,United States,3,17.5,4,29,-0.07
P-009332,V-00284,EMEA-E,Romania,5,1,0,85,0
P-009333,V-00483,EMEA-W,Germany,5,20.2,8,75,-0.08
P-009333,V-00103,APAC-SE,Indonesia,7,13.1,12,42,-0.05
P-009335,V-00450,APAC-IN,India,8,6,12,33,-0.02
P-009336,V-00073,NA-MX,Mexico,5,-0.6,6,23,0
P-009337,V-01000,EMEA-W,Spain,3,3.3,0,68,-0.01
P-009337,V-00728,NA-US,United States,5,14.3,0,47,-0.06
P-009337,V-00655,APAC-NE,South Korea,7,13.9,12,46,-0.06
P-009338,V-00179,APAC-SE,Thailand,5,9.9,0,39,-0.04
P-009338,V-00050,NA-US,United States,4,3.9,6,61,-0.02
P-009339,V-00561,APAC-NE,Japan,7,-1.8,8,70,0.01
P-009339,V-00534,APAC-NE,Japan,2,14.6,8,16,-0.06
P-009339,V-00770,EMEA-E,Turkey,6,13.3,12,99,-0.05
P-009340,V-00769,EMEA-W,Spain,8,0.2,12,21,0
P-009340,V-00694,APAC-NE,China,7,19.5,0,84,-0.08
P-009340,V-00545,EMEA-W,France,5,13.7,8,77,-0.05
P-009341,V-00093,APAC-SE,Indonesia,4,13.7,4,98,-0.05
P-009341,V-00797,APAC-IN,India,2,10.4,6,38,-0.04
P-009342,V-00562,APAC-IN,India,3,-2.2,0,60,0.01
P-009343,V-00342,SA,Argentina,7,10.1,8,60,-0.11
P-009343,V-00095,APAC-NE,China,8,9.5,4,80,-0.1
P-009344,V-00625,APAC-SE,Malaysia,7,-0.1,6,26,0
P-009346,V-00133,EMEA-E,Turkey,4,6.5,6,17,-0.03
P-009347,V-00816,EMEA-E,Poland,5,8.2,12,26,-0.03
P-009347,V-00027,APAC-IN,India,7,20,4,63,-0.08
P-009350,V-00603,SA,Argentina,3,1.5,12,26,-0.02
P-009350,V-00577,EMEA-E,Czechia,4,20.7,0,72,-0.23
P-009352,V-00400,SA,Argentina,4,16.4,0,48,-0.07
P-009354,V-00228,SA,Brazil,7,8.9,4,49,-0.04
P-009354,V-00745,APAC-SE,Malaysia,3,-0.6,0,43,0
P-009354,V-00381,APAC-SE,Vietnam,1,19.8,0,62,-0.08
P-009355,V-00438,EMEA-E,Poland,6,-2.9,0,23,0.01
P-009355,V-00221,APAC-NE,South Korea,6,13.5,0,42,-0.05
P-009355,V-00234,APAC-NE,Japan,6,18.9,6,48,-0.08
P-009357,V-00572,EMEA-W,Spain,5,20.1,0,29,-0.08
P-009358,V-00163,APAC-NE,Taiwan,5,-2,12,20,0.01
P-009358,V-00890,APAC-IN,India,5,20.3,8,27,-0.08
P-009359,V-00063,APAC-NE,Japan,2,12.4,6,41,-0.05
P-009359,V-00138,EMEA-W,France,2,7.5,0,87,-0.03
P-009360,V-00193,NA-US,United States,8,21.9,0,99,-0.09
P-009360,V-00370,EMEA-E,Poland,5,19.5,0,42,-0.08
P-009360,V-00073,NA-MX,Mexico,6,17.4,0,78,-0.07
P-009361,V-00636,NA-US,United States,8,12.3,0,19,-0.05
P-009361,V-00544,APAC-IN,India,4,12,6,29,-0.05
P-009361,V-00310,EMEA-E,Czechia,8,-4.1,0,69,0.02
P-009362,V-00123,EMEA-W,Spain,7,21.9,6,43,-0.24
P-009362,V-00378,NA-MX,Mexico,4,-3.9,8,75,0.04
P-009367,V-00575,EMEA-W,France,5,0.4,0,90,0
P-009368,V-00089,NA-US,United States,7,20.6,0,81,-0.08
P-009368,V-00431,APAC-SE,Thailand,3,20.5,12,22,-0.08
P-009369,V-00394,SA,Argentina,4,-1.8,8,42,0.01
P-009369,V-00616,APAC-SE,Malaysia,3,-2.2,4,16,0.01
P-009369,V-00201,APAC-IN,India,1,-5.3,8,28,0.02
P-009370,V-00094,APAC-NE,China,2,15.3,0,52,-0.06
P-009371,V-00016,SA,Brazil,4,-5.8,6,43,0.02
P-009373,V-00137,SA,Brazil,7,6.2,4,28,-0.02
P-009373,V-00061,NA-MX,Mexico,4,4.6,0,91,-0.02
P-009377,V-00098,EMEA-E,Turkey,5,12.2,12,97,-0.05
P-009377,V-00196,APAC-NE,Taiwan,6,-4.6,0,81,0.02
P-009377,V-00243,APAC-IN,India,4,21.8,0,19,-0.09
P-009380,V-00093,APAC-SE,Indonesia,3,16.5,0,69,-0.07
P-009382,V-00592,EMEA-W,Germany,7,21.7,12,34,-0.09
P-009383,V-00555,APAC-IN,India,6,8.9,0,28,-0.04
P-009387,V-00515,EMEA-E,Turkey,8,-0.9,0,73,0
P-009387,V-00492,APAC-IN,India,5,9.6,4,42,-0.04
P-009387,V-00279,EMEA-E,Czechia,5,-2.5,4,49,0.01
P-009389,V-00431,APAC-SE,Thailand,6,1.4,4,46,-0.01
P-009390,V-00384,EMEA-W,Italy,7,-4.3,12,90,0.05
P-009392,V-00604,EMEA-E,Czechia,8,14.6,12,55,-0.06
P-009392,V-00124,EMEA-W,France,7,14.5,0,23,-0.06
P-009393,V-00149,NA-US,United States,6,-4.1,8,71,0.02
P-009393,V-00016,SA,Brazil,2,4.8,4,74,-0.02
P-009393,V-00438,EMEA-E,Poland,4,21.1,6,19,-0.08
P-009395,V-00322,EMEA-E,Poland,4,2.3,12,86,-0.01
P-009395,V-00844,SA,Brazil,8,10.1,12,31,-0.04
P-009396,V-00859,NA-US,United States,4,14.4,0,89,-0.16
P-009397,V-00977,NA-MX,Mexico,6,-5.8,4,90,0.02
P-009397,V-00945,APAC-IN,India,6,20.6,0,95,-0.08
P-009397,V-00516,EMEA-W,Italy,2,15.3,0,60,-0.06
P-009398,V-00462,NA-MX,Mexico,3,5.6,0,44,-0.06
P-009398,V-00293,APAC-NE,Taiwan,6,21.2,6,24,-0.23
P-009400,V-00245,NA-US,United States,5,3,0,93,-0.01
P-009401,V-00018,NA-US,United States,3,10.3,4,97,-0.11
P-009401,V-00199,NA-MX,Mexico,5,17,8,59,-0.19
P-009402,V-00534,APAC-NE,Japan,1,20.5,6,59,-0.08
P-009402,V-00695,NA-MX,Mexico,4,0.6,4,43,0
P-009404,V-00803,EMEA-E,Czechia,4,13.6,0,15,-0.05
P-009404,V-00480,APAC-NE,Taiwan,6,3.7,6,67,-0.01
P-009406,V-00672,EMEA-E,Romania,4,15.6,0,93,-0.17
P-009407,V-00430,EMEA-W,Italy,5,-2.5,4,82,0.03
P-009407,V-00074,SA,Argentina,4,-5.8,8,32,0.06
P-009407,V-00305,APAC-SE,Vietnam,1,20,4,77,-0.22
P-009409,V-00401,SA,Brazil,6,18.8,0,32,-0.08
P-009409,V-00075,APAC-IN,India,5,12.4,0,62,-0.05
P-009409,V-00459,EMEA-E,Turkey,3,-4.9,12,70,0.02
P-009411,V-00423,NA-US,United States,3,10.5,0,48,-0.04
P-009412,V-00197,APAC-SE,Indonesia,7,9.9,8,85,-0.11
P-009412,V-00836,SA,Argentina,5,0.5,0,26,-0.01
P-009412,V-00785,SA,Argentina,6,17,0,82,-0.19
P-009413,V-00465,APAC-NE,South Korea,6,-1.1,8,61,0
P-009414,V-00280,APAC-IN,India,3,12.6,0,36,-0.05
P-009414,V-00465,APAC-NE,South Korea,8,11.5,0,31,-0.05
P-009415,V-00360,EMEA-E,Czechia,4,16.5,4,32,-0.07
P-009415,V-00227,APAC-SE,Indonesia,6,18.9,8,58,-0.08
P-009415,V-00319,NA-MX,Mexico,6,-5.3,12,66,0.02
P-009416,V-00385,SA,Brazil,8,0.3,12,89,0
P-009417,V-00458,APAC-SE,Indonesia,1,0.4,4,47,0
P-009419,V-00778,NA-US,United States,6,4.9,4,93,-0.02
P-009419,V-00162,EMEA-W,Italy,9,7.7,0,64,-0.03
P-009421,V-00822,NA-US,United States,9,4.7,8,98,-0.05
P-009421,V-00844,SA,Brazil,7,11.7,0,84,-0.13
P-009421,V-00710,EMEA-W,France,3,8.5,0,80,-0.09
P-009422,V-00511,EMEA-W,France,9,-4.5,4,98,0.02
P-009422,V-00334,NA-US,United States,3,-1.4,0,73,0.01
P-009424,V-00391,SA,Argentina,8,13,0,67,-0.14
P-009425,V-00473,NA-MX,Mexico,6,2.5,12,32,-0.01
P-009425,V-00127,NA-MX,Mexico,3,16.5,0,48,-0.07
P-009426,V-00390,EMEA-E,Poland,9,-3.1,4,24,0.01
P-009426,V-00326,NA-US,United States,5,6,0,50,-0.02
P-009427,V-00333,APAC-IN,India,3,18.7,8,98,-0.07
P-009427,V-00555,APAC-IN,India,4,-4,8,79,0.02
P-009427,V-00195,APAC-NE,Taiwan,4,-2.8,4,20,0.01
P-009428,V-00646,APAC-SE,Malaysia,5,12.8,0,17,-0.05
P-009428,V-00380,APAC-SE,Vietnam,5,17.9,4,21,-0.07
P-009431,V-00670,EMEA-E,Czechia,3,15.7,4,79,-0.17
P-009431,V-00051,NA-MX,Mexico,7,16.1,6,33,-0.18
P-009431,V-00423,NA-US,United States,3,8,12,41,-0.09
P-009433,V-00044,NA-US,United States,5,-2.5,0,21,0.01
P-009433,V-00620,EMEA-W,Germany,2,17.7,4,47,-0.07
P-009433,V-00416,APAC-SE,Indonesia,4,18.9,0,98,-0.08
P-009434,V-00246,NA-MX,Mexico,8,-3.7,0,16,0.01
P-009434,V-00268,APAC-NE,South Korea,2,7.3,6,60,-0.03
P-009434,V-00619,EMEA-E,Poland,3,-0.6,0,51,0
P-009435,V-00557,EMEA-W,Germany,4,2.9,0,17,-0.01
P-009436,V-00047,APAC-SE,Vietnam,5,8.7,12,67,-0.03
P-009436,V-00545,EMEA-W,France,6,19.4,0,55,-0.08
P-009437,V-00121,SA,Argentina,5,10.2,8,92,-0.11
P-009437,V-00490,APAC-IN,India,4,5.5,6,89,-0.06
P-009441,V-00379,APAC-NE,South Korea,2,11.7,6,17,-0.05
P-009441,V-00032,APAC-IN,India,5,3.3,12,92,-0.01
P-009442,V-00401,SA,Brazil,4,14.7,0,60,-0.06
P-009442,V-00459,EMEA-E,Turkey,3,6.7,0,27,-0.03
P-009442,V-00671,SA,Argentina,2,20.5,6,40,-0.08
P-009443,V-00523,EMEA-W,France,3,-2,8,93,0.02
P-009443,V-00578,EMEA-E,Turkey,5,-3.4,4,44,0.04
P-009444,V-00387,EMEA-W,Germany,5,21.3,4,78,-0.09
P-009445,V-00479,APAC-IN,India,5,20.5,0,59,-0.08
P-009447,V-00074,SA,Argentina,5,19.1,0,26,-0.08
P-009447,V-00231,APAC-SE,Vietnam,5,20.2,0,26,-0.08
P-009447,V-00541,APAC-SE,Malaysia,6,21.4,0,80,-0.09
P-009448,V-00308,APAC-SE,Indonesia,7,3.1,8,39,-0.01
P-009448,V-00668,APAC-NE,Taiwan,1,7,0,39,-0.03
P-009449,V-00598,APAC-IN,India,6,0.8,4,53,0
P-009449,V-00345,EMEA-E,Poland,4,6.9,0,70,-0.03
P-009451,V-00615,EMEA-E,Romania,3,7,0,94,-0.03
P-009451,V-00477,APAC-IN,India,6,21,6,47,-0.08
P-009454,V-00585,SA,Brazil,7,-1.8,6,52,0.01
P-009455,V-00779,APAC-SE,Malaysia,4,-2.4,0,42,0.03
P-009456,V-00517,NA-MX,Mexico,7,3.3,12,42,-0.04
P-009459,V-00510,APAC-SE,Vietnam,5,2.3,4,35,-0.01
P-009459,V-00697,NA-US,United States,3,-4.6,0,21,0.02
P-009459,V-00359,NA-MX,Mexico,7,8.5,12,50,-0.03
P-009460,V-00563,APAC-SE,Thailand,2,1.5,12,71,-0.01
P-009460,V-00494,APAC-IN,India,7,16.1,4,78,-0.06
P-009460,V-00529,APAC-IN,India,3,3.3,6,40,-0.01
P-009461,V-00202,APAC-NE,China,6,-2.3,0,87,0.01
P-009461,V-00191,EMEA-E,Turkey,7,3.8,0,30,-0.02
P-009461,V-00191,EMEA-E,Turkey,5,14.9,6,31,-0.06
P-009462,V-00305,APAC-SE,Vietnam,2,20.9,0,39,-0.08
P-009462,V-00074,SA,Argentina,6,12.7,12,20,-0.05
P-009463,V-00410,APAC-SE,Malaysia,2,0.8,4,95,0
P-009463,V-00195,APAC-NE,Taiwan,6,-3.5,4,56,0.01
P-009463,V-00333,APAC-IN,India,4,2.4,0,98,-0.01
P-009464,V-00131,EMEA-E,Czechia,7,3.4,8,88,-0.01
P-009464,V-00159,EMEA-W,Italy,6,19.2,12,19,-0.08
P-009464,V-00191,EMEA-E,Turkey,5,10.8,4,88,-0.04
P-009466,V-01073,EMEA-W,Spain,7,14,0,34,-0.06
P-009466,V-00084,NA-MX,Mexico,6,13.7,0,71,-0.05
P-009466,V-00363,APAC-IN,India,8,0.3,0,66,0
P-009467,V-00517,NA-MX,Mexico,7,18.4,6,41,-0.07
P-009467,V-00183,EMEA-W,Germany,5,3.9,4,21,-0.02
P-009467,V-00417,APAC-IN,India,4,-1.8,0,21,0.01
P-009470,V-00097,SA,Brazil,5,13.3,0,50,-0.05
P-009470,V-00189,EMEA-W,Spain,6,3.3,6,57,-0.01
P-009471,V-00601,EMEA-W,France,8,8.2,0,42,-0.03
P-009472,V-00132,APAC-NE,Taiwan,8,18.5,0,61,-0.07
P-009474,V-00623,APAC-NE,South Korea,7,11.2,0,49,-0.04
P-009476,V-00065,EMEA-E,Romania,6,18.8,0,88,-0.08
P-009476,V-00249,APAC-SE,Indonesia,4,2.7,4,52,-0.01
P-009480,V-00116,APAC-IN,India,9,-3.5,0,85,0.04
P-009480,V-00223,NA-MX,Mexico,8,18.6,6,89,-0.2
P-009482,V-00678,NA-MX,Mexico,4,17.8,0,21,-0.07
P-009482,V-00656,SA,Brazil,2,17.7,4,96,-0.07
P-009483,V-00562,APAC-IN,India,2,-5.1,8,40,0.06
P-009483,V-00673,NA-US,United States,5,14.3,0,26,-0.16
P-009483,V-00042,APAC-IN,India,7,18,4,73,-0.2
P-009484,V-00349,NA-US,United States,4,13,0,29,-0.05
P-009484,V-00295,NA-US,United States,4,-2.7,6,60,0.01
P-009484,V-00846,NA-MX,Mexico,2,-2.3,8,64,0.01
P-009485,V-00257,SA,Brazil,7,10.2,4,21,-0.04
P-009485,V-00043,APAC-NE,Taiwan,3,14.4,0,58,-0.06
P-009486,V-00685,APAC-SE,Vietnam,1,13.4,0,80,-0.05
P-009486,V-00695,NA-MX,Mexico,6,1.7,0,96,-0.01
P-009487,V-00682,NA-US,United States,5,-5.7,0,41,0.02
P-009487,V-00532,APAC-SE,Thailand,6,6.2,0,29,-0.02
P-009487,V-00521,NA-US,United States,5,-5.1,0,17,0.02
P-009488,V-00293,APAC-NE,Taiwan,5,-2.8,0,59,0.01
P-009489,V-00636,NA-US,United States,5,12.2,8,30,-0.13
P-009489,V-00500,SA,Argentina,6,-1.4,6,19,0.02
P-009490,V-00304,NA-US,United States,4,-2,6,91,0.01
P-009490,V-00540,NA-US,United States,4,-4,4,100,0.02
P-009490,V-00145,NA-MX,Mexico,7,9.1,0,39,-0.04
P-009491,V-00453,SA,Brazil,6,10.4,0,15,-0.04
P-009491,V-00416,APAC-SE,Indonesia,6,19,0,28,-0.08
P-009494,V-00255,EMEA-E,Czechia,5,-1.3,0,43,0.01
P-009494,V-00701,EMEA-W,Italy,4,12.9,12,19,-0.05
P-009496,V-00537,SA,Brazil,6,12.2,12,53,-0.05
P-009497,V-00016,SA,Brazil,4,-2.4,4,49,0.01
P-009497,V-00599,APAC-IN,India,4,-0.9,12,31,0
P-009497,V-00511,EMEA-W,France,9,15,12,23,-0.06
P-009498,V-00251,SA,Argentina,4,20.8,0,36,-0.23
P-009498,V-00272,SA,Argentina,3,18.6,0,99,-0.2
P-009498,V-00332,APAC-IN,India,4,2.2,6,58,-0.02
P-009499,V-00238,SA,Argentina,3,0,12,98,0
P-009500,V-00646,APAC-SE,Malaysia,5,16.6,12,51,-0.18
P-009501,V-00630,APAC-NE,China,7,3.1,8,43,-0.01
P-009501,V-00200,EMEA-W,Germany,4,3,8,95,-0.01
P-009501,V-00183,EMEA-W,Germany,5,16.3,4,33,-0.07
P-009502,V-00517,NA-MX,Mexico,7,-1.4,12,64,0.01
P-009503,V-00175,NA-US,United States,2,-5.3,0,68,0.02
P-009504,V-00656,SA,Brazil,2,21.7,4,18,-0.09
P-009504,V-00750,EMEA-E,Poland,5,18.7,12,83,-0.07
P-009505,V-00108,NA-US,United States,6,21,0,59,-0.08
P-009506,V-00527,NA-MX,Mexico,3,6.1,12,80,-0.02
P-009507,V-00522,APAC-IN,India,4,17.4,6,65,-0.07
P-009509,V-00339,SA,Argentina,4,17.6,0,26,-0.07
P-009509,V-00651,SA,Brazil,6,-4.9,0,94,0.02
P-009510,V-00484,EMEA-E,Romania,5,7.3,0,16,-0.03
P-009511,V-00228,SA,Brazil,4,1,6,89,0
P-009514,V-00028,APAC-IN,India,4,-4.8,0,65,0.02
P-009514,V-00331,NA-MX,Mexico,3,21.7,6,70,-0.09
P-009515,V-00756,APAC-IN,India,5,7.8,8,33,-0.03
P-009515,V-00318,EMEA-W,France,4,13.5,8,25,-0.05
P-009515,V-00725,EMEA-W,France,5,8.1,0,95,-0.03
P-009517,V-00461,SA,Brazil,8,-2.8,0,76,0.01
P-009519,V-00194,APAC-IN,India,4,6.5,6,93,-0.03
P-009519,V-00043,APAC-NE,Taiwan,3,-2.2,4,53,0.01
P-009519,V-00306,EMEA-E,Turkey,7,5.7,12,93,-0.02
P-009520,V-00945,APAC-IN,India,7,8.9,8,84,-0.04
P-009520,V-00977,NA-MX,Mexico,5,1.8,8,35,-0.01
P-009520,V-00119,APAC-SE,Malaysia,4,-1.7,0,93,0.01
P-009522,V-00733,EMEA-W,Spain,9,14.2,0,99,-0.06
P-009522,V-00631,NA-MX,Mexico,4,-1.7,4,97,0.01
P-009522,V-00728,NA-US,United States,3,20.6,12,16,-0.08
P-009523,V-00525,EMEA-E,Poland,5,16.8,0,70,-0.07
P-009523,V-00589,NA-MX,Mexico,4,3.8,0,34,-0.02
P-009529,V-00562,APAC-IN,India,2,-5.9,6,17,0.02
P-009530,V-00737,APAC-SE,Indonesia,7,18.2,0,79,-0.07
P-009530,V-00737,APAC-SE,Indonesia,6,11,8,44,-0.04
P-009532,V-00068,EMEA-E,Romania,9,-2.5,12,99,0.03
P-009532,V-00777,EMEA-W,Germany,3,-1.3,6,87,0.01
P-009532,V-00458,APAC-SE,Indonesia,2,-5.5,12,30,0.06
P-009533,V-00462,NA-MX,Mexico,5,18.8,4,48,-0.08
P-009537,V-00131,EMEA-E,Czechia,9,12.6,0,75,-0.05
P-009537,V-00431,APAC-SE,Thailand,3,19.9,0,45,-0.08
P-009537,V-00422,EMEA-E,Turkey,5,14.7,4,74,-0.06
P-009539,V-00248,APAC-SE,Indonesia,5,13.6,0,34,-0.05
P-009539,V-00248,APAC-SE,Indonesia,7,16.1,8,23,-0.06
P-009540,V-00320,APAC-IN,India,4,8.8,4,99,-0.1
P-009540,V-00168,APAC-SE,Vietnam,3,-3.6,6,22,0.04
P-009541,V-00160,EMEA-E,Czechia,3,8.7,8,62,-0.03
P-009541,V-00075,APAC-IN,India,5,-3.8,12,42,0.02
P-009543,V-00210,APAC-IN,India,4,4.1,0,51,-0.05
P-009543,V-00377,EMEA-W,Spain,4,0.8,4,56,-0.01
P-009543,V-00859,NA-US,United States,5,17.1,0,83,-0.19
P-009544,V-00788,NA-MX,Mexico,4,-2.4,12,54,0.01
P-009545,V-00254,SA,Argentina,3,13.3,4,75,-0.05
P-009545,V-00499,NA-US,United States,6,15.7,4,52,-0.06
P-009545,V-00010,EMEA-E,Romania,6,8.6,0,69,-0.03
P-009546,V-00248,APAC-SE,Indonesia,5,5,0,30,-0.02
P-009546,V-00215,APAC-SE,Indonesia,4,2.6,0,66,-0.01
P-009547,V-00585,SA,Brazil,5,14.3,8,54,-0.06
P-009547,V-00035,SA,Argentina,7,-1.4,0,43,0.01
P-009547,V-00045,NA-US,United States,3,17.7,8,36,-0.07
P-009548,V-00402,EMEA-W,France,6,-2.3,6,86,0.01
P-009550,V-00622,APAC-NE,China,2,-5.2,8,87,0.02
P-009550,V-00809,SA,Brazil,8,-4.2,12,22,0.02
P-009552,V-00013,SA,Argentina,1,4.1,0,59,-0.02
P-009552,V-00105,APAC-SE,Thailand,5,6.7,12,41,-0.03
P-009553,V-00012,APAC-NE,Taiwan,8,4.4,12,97,-0.02
P-009554,V-00050,NA-US,United States,4,1,6,97,-0.01
P-009555,V-00610,SA,Brazil,8,10.1,6,47,-0.04
P-009555,V-00359,NA-MX,Mexico,5,19,0,44,-0.08
P-009557,V-00335,EMEA-E,Czechia,4,21.8,12,62,-0.24
P-009557,V-00233,NA-MX,Mexico,6,5.8,0,82,-0.06
P-009559,V-00485,EMEA-E,Czechia,4,15,4,99,-0.17
P-009560,V-00443,NA-US,United States,5,21.7,4,57,-0.24
P-009560,V-00476,EMEA-E,Romania,7,16.2,4,79,-0.18
P-009562,V-00748,NA-US,United States,3,21.2,8,19,-0.08
P-009563,V-00161,SA,Argentina,4,17.3,6,81,-0.07
P-009563,V-00254,SA,Argentina,5,-5.7,12,59,0.02
P-009564,V-00571,EMEA-E,Czechia,6,11.6,0,34,-0.05
P-009570,V-00529,APAC-IN,India,3,6.8,6,71,-0.07
P-009570,V-00019,APAC-NE,Taiwan,3,5.7,0,68,-0.06
P-009571,V-00085,NA-MX,Mexico,3,20,4,90,-0.08
P-009571,V-00147,APAC-SE,Malaysia,5,5.9,8,49,-0.02
P-009572,V-00644,EMEA-E,Turkey,6,4,12,94,-0.02
P-009573,V-00175,NA-US,United States,3,-0.8,0,100,0
P-009574,V-00261,NA-US,United States,4,-1.1,12,82,0
P-009574,V-00762,NA-US,United States,3,20.6,6,96,-0.08
P-009576,V-00011,APAC-SE,Indonesia,3,-1.7,0,52,0.01
P-009576,V-00678,NA-MX,Mexico,1,10.1,0,18,-0.04
P-009576,V-00458,APAC-SE,Indonesia,1,6,12,29,-0.02
P-009578,V-00792,EMEA-E,Romania,7,-5.6,0,22,0.02
P-009579,V-00193,NA-US,United States,9,10.8,8,32,-0.04
P-009580,V-00809,SA,Brazil,7,0,6,38,0
P-009580,V-00214,EMEA-W,France,5,3.8,0,23,-0.02
P-009580,V-00703,NA-MX,Mexico,6,20,8,19,-0.08
P-009581,V-00018,NA-US,United States,3,17.2,12,35,-0.07
P-009581,V-00481,EMEA-W,Italy,7,-4.5,4,66,0.02
P-009587,V-00453,SA,Brazil,4,14.9,4,94,-0.06
P-009587,V-00133,EMEA-E,Turkey,5,8,4,60,-0.03
P-009587,V-00044,NA-US,United States,5,13.1,12,100,-0.05
P-009588,V-00203,NA-US,United States,7,16.7,0,56,-0.07
P-009588,V-00202,APAC-NE,China,4,0.2,0,92,0
P-009588,V-00286,SA,Argentina,7,0,0,97,0
P-009589,V-00416,APAC-SE,Indonesia,5,3.6,8,90,-0.01
P-009589,V-00506,SA,Argentina,5,9.7,12,69,-0.04
P-009590,V-00693,NA-US,United States,5,-3.6,12,60,0.01
P-009590,V-00132,APAC-NE,Taiwan,6,0.7,8,78,0
P-009590,V-00563,APAC-SE,Thailand,3,-2.8,12,81,0.01
P-009591,V-00571,EMEA-E,Czechia,7,-2.3,6,71,0.01
P-009593,V-00419,SA,Argentina,5,12.6,4,88,-0.14
P-009596,V-00092,APAC-IN,India,6,5.7,0,61,-0.02
P-009596,V-00595,SA,Brazil,1,0.3,0,91,0
P-009596,V-00256,APAC-NE,Taiwan,4,7.6,6,90,-0.03
P-009597,V-00517,NA-MX,Mexico,8,19,0,100,-0.08
P-009600,V-00560,NA-US,United States,6,13.8,0,26,-0.15
P-009600,V-00672,EMEA-E,Romania,3,9.8,4,98,-0.11
P-009601,V-00595,SA,Brazil,4,12.3,6,25,-0.05
P-009602,V-00460,NA-US,United States,7,-5.5,4,54,0.02
P-009603,V-00838,NA-US,United States,6,10.9,0,75,-0.04
P-009603,V-00134,APAC-SE,Indonesia,4,18.7,0,16,-0.07
P-009604,V-00586,NA-MX,Mexico,5,3.4,6,40,-0.01
P-009604,V-00054,NA-MX,Mexico,3,1.4,8,82,-0.01
P-009604,V-00658,SA,Brazil,6,11.2,4,57,-0.04
P-009605,V-00245,NA-US,United States,6,12.9,8,19,-0.05
P-009605,V-00504,NA-US,United States,5,10.6,0,27,-0.04
P-009607,V-00308,APAC-SE,Indonesia,7,-5,8,45,0.02
P-009607,V-00032,APAC-IN,India,5,14.6,0,82,-0.06
P-009611,V-00055,APAC-IN,India,7,9.9,8,100,-0.04
P-009611,V-00090,APAC-SE,Thailand,6,13.5,12,69,-0.05
P-009611,V-00926,EMEA-E,Czechia,2,-5.3,12,90,0.02
P-009612,V-00838,NA-US,United States,7,7.3,8,29,-0.03
P-009612,V-00696,APAC-SE,Indonesia,7,1.9,4,78,-0.01
P-009614,V-00011,APAC-SE,Indonesia,5,3.6,6,34,-0.01
P-009614,V-00519,APAC-NE,Taiwan,3,1.7,8,40,-0.01
P-009615,V-00748,NA-US,United States,5,0.3,0,22,0
P-009615,V-00601,EMEA-W,France,8,4.9,8,92,-0.02
P-009616,V-00169,NA-MX,Mexico,6,-4.7,4,65,0.02
P-009616,V-00277,NA-US,United States,7,-0.4,12,83,0
P-009616,V-00641,NA-US,United States,7,3.4,6,89,-0.01
P-009618,V-00945,APAC-IN,India,7,10.9,0,63,-0.04
P-009619,V-00946,NA-MX,Mexico,4,-4.9,12,15,0.02
P-009619,V-00621,SA,Brazil,4,1.2,8,83,0
P-009621,V-00493,EMEA-E,Romania,6,1,4,92,-0.01
P-009621,V-00102,APAC-IN,India,5,11.4,0,63,-0.13
P-009622,V-00641,NA-US,United States,8,10.2,8,17,-0.04
P-009622,V-00640,SA,Argentina,3,10.6,6,27,-0.04
P-009624,V-00140,APAC-NE,Taiwan,2,-0.3,8,92,0
P-009624,V-00750,EMEA-E,Poland,8,16.3,4,74,-0.07
P-009625,V-00392,NA-US,United States,4,-3.2,0,23,0.01
P-009625,V-00090,APAC-SE,Thailand,5,0.5,12,45,0
P-009626,V-00413,APAC-NE,South Korea,3,2.3,0,26,-0.01
P-009627,V-00225,NA-MX,Mexico,5,2.2,0,53,-0.01
P-009627,V-00731,EMEA-W,Spain,4,-3.2,0,21,0.01
P-009627,V-00633,NA-MX,Mexico,4,6.2,8,33,-0.02
P-009630,V-00671,SA,Argentina,5,2,6,45,-0.01
P-009631,V-00212,NA-MX,Mexico,4,-0.4,6,42,0
P-009631,V-00751,APAC-SE,Indonesia,6,-5,4,74,0.02
P-009632,V-01000,EMEA-W,Spain,2,21.9,0,47,-0.24
P-009632,V-00171,EMEA-E,Turkey,5,-1.4,4,45,0.02
P-009633,V-00698,APAC-SE,Indonesia,7,17,4,27,-0.07
P-009634,V-00424,NA-US,United States,6,-1.5,4,81,0.01
P-009634,V-00573,NA-MX,Mexico,8,20.4,0,48,-0.08
P-009634,V-00694,APAC-NE,China,7,1.2,8,48,0
P-009635,V-00184,SA,Argentina,4,-1.4,8,30,0.01
P-009636,V-00906,EMEA-E,Poland,7,-3.7,0,72,0.01
P-009636,V-00368,NA-US,United States,7,5.7,12,60,-0.02
P-009636,V-00082,SA,Argentina,4,0.1,12,64,0
P-009637,V-00396,APAC-NE,China,6,6.9,0,98,-0.03
P-009637,V-00300,APAC-NE,Japan,5,4.1,8,78,-0.02
P-009637,V-00334,NA-US,United States,2,-4.6,4,81,0.02
P-009639,V-00494,APAC-IN,India,8,19,4,29,-0.08
P-009639,V-00781,NA-MX,Mexico,3,5.6,6,65,-0.02
P-009639,V-00459,EMEA-E,Turkey,4,8.7,0,28,-0.03
P-009640,V-00849,APAC-SE,Vietnam,8,1.5,0,53,-0.01
P-009640,V-00849,APAC-SE,Vietnam,9,6.4,8,46,-0.03
P-009641,V-00326,NA-US,United States,5,3.6,0,85,-0.01
P-009641,V-00147,APAC-SE,Malaysia,5,-2.9,8,78,0.01
P-009642,V-00466,EMEA-W,Italy,4,18.2,6,20,-0.07
P-009642,V-00072,APAC-SE,Vietnam,8,16.6,8,32,-0.07
P-009642,V-00575,EMEA-W,France,5,3.6,12,55,-0.01
P-009643,V-00247,NA-US,United States,5,-4.2,0,55,0.05
P-009643,V-00040,APAC-NE,China,6,13.2,6,86,-0.15
P-009644,V-00466,EMEA-W,Italy,6,-1.7,12,21,0.01
P-009644,V-00613,EMEA-W,Spain,7,16.2,0,88,-0.06
P-009644,V-00545,EMEA-W,France,6,6.6,6,75,-0.03
P-009645,V-00248,APAC-SE,Indonesia,7,-0.1,0,23,0
P-009645,V-00596,EMEA-E,Turkey,3,20.3,0,86,-0.22
P-009645,V-00749,NA-US,United States,7,14.2,4,52,-0.16
P-009646,V-00211,EMEA-E,Turkey,5,5,6,65,-0.02
P-009646,V-00415,APAC-NE,Taiwan,2,20.4,4,57,-0.08
P-009646,V-00812,NA-MX,Mexico,6,-5.2,8,25,0.02
P-009649,V-00190,NA-MX,Mexico,4,10.7,8,42,-0.04
P-009649,V-00466,EMEA-W,Italy,5,5.8,4,74,-0.02
P-009649,V-00765,EMEA-E,Poland,8,0.6,4,49,0
P-009650,V-00710,EMEA-W,France,4,4.6,4,31,-0.02
P-009650,V-00001,NA-US,United States,7,0.6,0,86,0
P-009650,V-00850,APAC-NE,Japan,9,21,4,32,-0.08
P-009651,V-00946,NA-MX,Mexico,3,-2.4,4,89,0.01
P-009654,V-00505,SA,Argentina,8,11.4,0,63,-0.05
P-009656,V-00136,APAC-SE,Indonesia,9,16.1,0,33,-0.06
P-009657,V-00605,APAC-NE,Taiwan,6,1.7,4,93,-0.02
P-009657,V-00642,EMEA-E,Czechia,6,13.2,8,55,-0.15
P-009658,V-00685,APAC-SE,Vietnam,3,1.9,0,36,-0.01
P-009658,V-00237,EMEA-W,Italy,2,0.3,6,64,0
P-009660,V-00277,NA-US,United States,7,0.4,0,54,0
P-009660,V-00850,APAC-NE,Japan,9,18.6,0,24,-0.07
P-009662,V-00964,EMEA-W,Germany,7,21.4,0,32,-0.09
P-009662,V-00425,NA-US,United States,3,20.1,0,89,-0.08
P-009662,V-00383,APAC-NE,Taiwan,7,3.1,0,80,-0.01
P-009663,V-00042,APAC-IN,India,7,14.7,4,30,-0.06
P-009663,V-00641,NA-US,United States,6,3.4,0,69,-0.01
P-009664,V-00219,NA-US,United States,7,4,4,25,-0.02
P-009664,V-00745,APAC-SE,Malaysia,1,6,8,42,-0.02
P-009665,V-00615,EMEA-E,Romania,4,11.5,12,40,-0.05
P-009666,V-00688,NA-US,United States,3,-0.9,12,76,0
P-009666,V-00240,NA-US,United States,4,17.8,12,72,-0.07
P-009666,V-00253,APAC-NE,Taiwan,6,16.9,12,62,-0.07
P-009667,V-00790,APAC-SE,Malaysia,5,14.1,4,44,-0.06
P-009673,V-00431,APAC-SE,Thailand,6,16,0,76,-0.18
P-009673,V-00028,APAC-IN,India,4,-3.7,6,66,0.04
P-009675,V-00226,SA,Brazil,7,14.5,6,33,-0.06
P-009677,V-00022,APAC-IN,India,5,9.7,0,94,-0.04
P-009677,V-00745,APAC-SE,Malaysia,1,-2.1,8,28,0.01
P-009677,V-00745,APAC-SE,Malaysia,2,9,0,61,-0.04
P-009679,V-00575,EMEA-W,France,4,20.6,6,68,-0.08
P-009683,V-00457,NA-MX,Mexico,4,6.1,0,33,-0.02
P-009685,V-00528,SA,Brazil,6,17.5,0,26,-0.07
P-009685,V-00316,NA-MX,Mexico,6,21.6,6,36,-0.09
P-009685,V-00708,EMEA-W,Spain,6,11.7,8,19,-0.05
P-009686,V-00412,APAC-SE,Vietnam,9,7.8,6,78,-0.03
P-009686,V-00691,APAC-IN,India,5,14.6,0,60,-0.06
P-009686,V-00668,APAC-NE,Taiwan,2,-4.6,4,93,0.02
P-009688,V-00009,APAC-SE,Indonesia,3,17,0,54,-0.07
P-009688,V-00068,EMEA-E,Romania,9,9,0,66,-0.04
P-009688,V-00750,EMEA-E,Poland,8,17.3,0,62,-0.07
P-009689,V-00359,NA-MX,Mexico,5,21.3,0,70,-0.23
P-009689,V-00062,NA-US,United States,7,3.9,0,15,-0.04
P-009690,V-00037,SA,Brazil,6,-1.5,0,84,0.01
P-009690,V-00346,EMEA-E,Poland,3,10.2,8,60,-0.04
P-009690,V-00331,NA-MX,Mexico,3,11.7,4,57,-0.05
P-009691,V-00410,APAC-SE,Malaysia,3,9.8,12,23,-0.11
P-009694,V-00396,APAC-NE,China,6,15.6,6,81,-0.17
P-009694,V-00438,EMEA-E,Poland,6,0.8,8,57,-0.01
P-009695,V-00648,APAC-IN,India,6,3.4,4,32,-0.01
P-009695,V-00120,APAC-IN,India,6,9.3,8,48,-0.04
P-009697,V-00158,NA-US,United States,5,21.1,4,59,-0.08
P-009697,V-00350,NA-US,United States,6,7.4,0,20,-0.03
P-009697,V-00503,APAC-SE,Vietnam,8,13.5,4,51,-0.05
P-009698,V-00723,EMEA-E,Poland,3,9.9,4,97,-0.04
P-009698,V-00213,NA-US,United States,2,7.5,8,39,-0.03
P-009698,V-00504,NA-US,United States,7,11.9,12,60,-0.05
P-009699,V-00022,APAC-IN,India,5,19.7,8,49,-0.08
P-009699,V-00754,NA-MX,Mexico,4,-1.9,6,31,0.01
P-009699,V-00055,APAC-IN,India,7,-5.7,6,75,0.02
P-009701,V-00803,EMEA-E,Czechia,5,15.9,8,91,-0.06
P-009701,V-00060,APAC-SE,Indonesia,6,20.1,6,74,-0.08
P-009703,V-00018,NA-US,United States,2,-4.9,0,36,0.02
P-009704,V-00305,APAC-SE,Vietnam,3,18.5,0,34,-0.2
P-009704,V-00366,NA-MX,Mexico,5,5.4,4,74,-0.06
P-009704,V-00475,APAC-SE,Thailand,6,11.9,12,27,-0.13
P-009708,V-00832,APAC-NE,Taiwan,6,16,8,60,-0.06
P-009708,V-00556,EMEA-E,Romania,3,2.9,0,29,-0.01
P-009708,V-00605,APAC-NE,Taiwan,8,8.1,0,59,-0.03
P-009709,V-00293,APAC-NE,Taiwan,4,0.6,0,64,0
P-009710,V-00423,NA-US,United States,2,2.9,0,22,-0.01
P-009710,V-00969,NA-MX,Mexico,4,16.6,4,66,-0.07
P-009711,V-00676,NA-US,United States,2,1.4,12,92,-0.01
P-009711,V-00477,APAC-IN,India,6,-1.3,0,73,0.01
P-009713,V-00226,SA,Brazil,6,19.2,8,62,-0.08
P-009713,V-00685,APAC-SE,Vietnam,4,17.5,0,63,-0.07
P-009714,V-00583,APAC-NE,Japan,5,12.6,0,32,-0.05
P-009714,V-00472,APAC-SE,Vietnam,8,7.4,8,42,-0.03
P-009715,V-00577,EMEA-E,Czechia,4,18.4,4,43,-0.07
P-009715,V-00639,EMEA-E,Turkey,5,0.1,12,38,0
P-009715,V-00188,EMEA-W,France,3,-4.3,4,77,0.02
P-009717,V-00581,NA-MX,Mexico,7,-1.1,6,92,0
P-009717,V-00079,APAC-IN,India,8,-0.8,12,78,0
P-009718,V-00576,NA-MX,Mexico,3,2.1,12,88,-0.01
P-009718,V-00118,SA,Brazil,5,9,12,34,-0.04
P-009719,V-00508,SA,Brazil,3,12.5,0,31,-0.05
P-009719,V-00547,EMEA-W,Spain,6,5.7,8,91,-0.02
P-009719,V-00872,NA-US,United States,5,14.9,8,77,-0.06
P-009720,V-00612,EMEA-W,Italy,3,2.7,4,66,-0.01
P-009720,V-00167,APAC-IN,India,8,10.6,6,66,-0.04
P-009720,V-00507,APAC-NE,Taiwan,5,-2.5,0,68,0.01
P-009721,V-00153,SA,Argentina,3,18.5,12,59,-0.07
P-009723,V-00002,APAC-NE,China,5,17.4,0,15,-0.07
P-009723,V-00010,EMEA-E,Romania,7,-3.5,0,82,0.01
P-009723,V-00550,SA,Argentina,3,10.7,8,94,-0.04
P-009724,V-00058,NA-US,United States,7,-0.5,8,99,0
P-009724,V-00328,NA-MX,Mexico,7,21.8,6,69,-0.09
P-009724,V-00189,EMEA-W,Spain,6,13.4,12,41,-0.05
P-009725,V-00580,NA-MX,Mexico,6,-1.4,6,31,0.01
P-009725,V-00736,NA-US,United States,5,1.2,0,72,0
P-009726,V-00200,EMEA-W,Germany,3,4.3,0,79,-0.02
P-009727,V-00453,SA,Brazil,6,17.2,6,100,-0.07
P-009728,V-00568,APAC-IN,India,6,19,0,49,-0.08
P-009728,V-00527,NA-MX,Mexico,2,15.2,6,65,-0.06
P-009728,V-00698,APAC-SE,Indonesia,9,0.4,0,80,0
P-009729,V-00661,APAC-SE,Vietnam,5,4.6,6,71,-0.02
P-009730,V-00048,NA-US,United States,6,3.5,6,99,-0.01
P-009730,V-00482,APAC-NE,Taiwan,2,7.5,6,47,-0.03
P-009731,V-00388,EMEA-W,Spain,4,21.2,6,70,-0.08
P-009731,V-00367,EMEA-W,France,4,6.1,6,82,-0.02
P-009731,V-00089,NA-US,United States,7,14.2,4,15,-0.06
P-009733,V-00297,APAC-NE,Taiwan,8,10.2,6,67,-0.11
P-009734,V-00028,APAC-IN,India,2,16.4,0,84,-0.07
P-009734,V-00191,EMEA-E,Turkey,6,4.2,0,17,-0.02
P-009734,V-00138,EMEA-W,France,3,11,12,93,-0.04
P-009736,V-00946,NA-MX,Mexico,2,11.9,12,74,-0.05
P-009736,V-00923,NA-MX,Mexico,4,-5.1,12,57,0.02
P-009739,V-00622,APAC-NE,China,2,4.1,4,98,-0.02
P-009739,V-00362,SA,Brazil,4,14.6,0,30,-0.06
P-009739,V-00152,APAC-SE,Indonesia,4,11.9,4,46,-0.05
P-009740,V-00749,NA-US,United States,6,7.4,0,46,-0.03
P-009741,V-00313,APAC-SE,Malaysia,4,-3.8,4,100,0.02
P-009741,V-00111,NA-MX,Mexico,4,20.1,0,60,-0.08
P-009742,V-00328,NA-MX,Mexico,6,8.1,8,19,-0.09
P-009742,V-00914,EMEA-W,Italy,2,16.1,8,48,-0.18
P-009743,V-00592,EMEA-W,Germany,9,20.9,6,45,-0.08
P-009743,V-00531,NA-MX,Mexico,5,11,0,54,-0.04
P-009747,V-00016,SA,Brazil,4,17.2,6,18,-0.07
P-009748,V-00617,EMEA-W,Spain,5,-2,0,50,0.01
P-009748,V-00458,APAC-SE,Indonesia,2,8.4,0,73,-0.03
P-009748,V-00678,NA-MX,Mexico,3,-2.6,4,66,0.01
P-009749,V-00522,APAC-IN,India,3,12.1,0,66,-0.05
P-009749,V-00522,APAC-IN,India,6,11,6,65,-0.04
P-009749,V-00349,NA-US,United States,5,6.5,8,55,-0.03
P-009750,V-00218,APAC-SE,Indonesia,5,4.6,4,23,-0.05
P-009750,V-00201,APAC-IN,India,4,18.3,8,92,-0.2
P-009750,V-00218,APAC-SE,Indonesia,5,9.9,4,76,-0.11
P-009751,V-00210,APAC-IN,India,3,6.6,4,75,-0.03
P-009751,V-00380,APAC-SE,Vietnam,3,1.1,8,78,0
P-009753,V-00164,EMEA-W,Spain,7,17.7,8,58,-0.19
P-009753,V-00364,APAC-SE,Malaysia,7,-5.7,4,36,0.06
P-009753,V-00124,EMEA-W,France,6,15.4,6,55,-0.17
P-009754,V-00684,APAC-NE,Japan,5,18.1,12,40,-0.07
P-009754,V-00329,SA,Argentina,5,-5.5,6,49,0.02
P-009754,V-00195,APAC-NE,Taiwan,4,3.3,8,67,-0.01
P-009755,V-00614,SA,Brazil,6,16.1,8,57,-0.06
P-009755,V-00444,APAC-SE,Vietnam,6,13.5,6,49,-0.05
P-009756,V-00015,EMEA-E,Turkey,8,13.3,6,44,-0.05
P-009756,V-00267,NA-MX,Mexico,5,17.1,12,92,-0.07
P-009758,V-00144,SA,Brazil,3,16.2,8,55,-0.06
P-009759,V-00847,APAC-NE,Japan,5,16.1,0,83,-0.18
P-009759,V-00451,NA-MX,Mexico,4,19.8,8,73,-0.22
P-009761,V-00430,EMEA-W,Italy,7,17.4,0,28,-0.19
P-009762,V-00121,SA,Argentina,5,0.6,0,15,0
P-009762,V-00480,APAC-NE,Taiwan,9,-3,0,22,0.01
P-009762,V-00501,APAC-NE,China,5,17.8,0,15,-0.07
P-009763,V-00867,NA-US,United States,5,13.1,8,50,-0.14
P-009764,V-00399,APAC-NE,South Korea,8,-5.1,12,56,0.02
P-009764,V-00103,APAC-SE,Indonesia,8,15.6,0,38,-0.06
P-009766,V-00281,APAC-IN,India,7,9.2,0,98,-0.04
P-009768,V-00443,NA-US,United States,3,-0.9,8,18,0
P-009768,V-00447,NA-MX,Mexico,6,10.3,6,39,-0.04
P-009768,V-00113,APAC-NE,China,9,19.9,6,89,-0.08
P-009769,V-00079,APAC-IN,India,6,17.2,6,44,-0.07
P-009770,V-00231,APAC-SE,Vietnam,5,21.4,6,19,-0.09
P-009772,V-00023,NA-MX,Mexico,5,5.7,0,36,-0.02
P-009772,V-00549,EMEA-W,Italy,5,14.4,0,99,-0.06
P-009773,V-00503,APAC-SE,Vietnam,8,-2.3,0,42,0.03
P-009773,V-00312,NA-US,United States,6,1.9,6,81,-0.02
P-009773,V-00068,EMEA-E,Romania,8,5,0,99,-0.06
P-009775,V-00603,SA,Argentina,2,3.8,6,91,-0.02
P-009775,V-00577,EMEA-E,Czechia,4,12.3,4,79,-0.05
P-009779,V-00662,APAC-IN,India,5,17.7,0,40,-0.07
P-009782,V-00173,APAC-NE,South Korea,3,21.9,0,27,-0.24
P-009783,V-00560,NA-US,United States,6,17.9,12,41,-0.07
P-009783,V-00095,APAC-NE,China,7,0.7,4,25,0
P-009783,V-00342,SA,Argentina,5,20.7,8,15,-0.08
P-009786,V-00481,EMEA-W,Italy,9,-2.4,8,82,0.01
P-009786,V-00623,APAC-NE,South Korea,7,12.8,6,55,-0.05
P-009786,V-00658,SA,Brazil,5,2.5,12,66,-0.01
P-009787,V-00053,APAC-IN,India,3,13.9,6,25,-0.06
P-009789,V-00140,APAC-NE,Taiwan,2,16.9,0,95,-0.19
P-009790,V-00076,APAC-IN,India,3,-2.5,0,50,0.03
P-009790,V-00235,APAC-NE,Japan,5,12.3,8,82,-0.14
P-009792,V-00849,APAC-SE,Vietnam,8,-0.1,0,83,0
P-009793,V-00545,EMEA-W,France,5,8.5,0,80,-0.03
P-009793,V-00524,APAC-SE,Thailand,9,18.3,0,62,-0.07
P-009795,V-00187,APAC-NE,South Korea,4,5.7,0,82,-0.06
P-009795,V-00325,EMEA-W,France,3,7,12,100,-0.08
P-009796,V-00331,NA-MX,Mexico,4,21.9,12,29,-0.09
P-009797,V-00423,NA-US,United States,1,12.4,4,94,-0.05
P-009798,V-00613,EMEA-W,Spain,9,0.6,4,55,-0.01
P-009798,V-00139,EMEA-E,Poland,5,5.4,0,95,-0.06
P-009799,V-00792,EMEA-E,Romania,5,20.9,8,34,-0.23
P-009799,V-00067,EMEA-W,France,4,8.2,4,56,-0.09
P-009800,V-00816,EMEA-E,Poland,4,20.4,6,90,-0.22
P-009800,V-00531,NA-MX,Mexico,4,9,12,47,-0.1
P-009801,V-00297,APAC-NE,Taiwan,7,6.6,8,52,-0.07
P-009801,V-00110,EMEA-E,Poland,3,4,8,26,-0.04
P-009801,V-00111,NA-MX,Mexico,4,-5.1,6,83,0.06
P-009802,V-00050,NA-US,United States,3,3.3,4,65,-0.01
P-009802,V-00338,APAC-SE,Vietnam,6,-5.2,12,15,0.02
P-009802,V-00398,EMEA-E,Czechia,8,3,12,24,-0.01
P-009803,V-00035,SA,Argentina,9,18.7,0,50,-0.07
P-009804,V-00789,SA,Argentina,3,15.7,8,54,-0.06
P-009804,V-00488,APAC-IN,India,5,5.4,0,68,-0.02
P-009804,V-00779,APAC-SE,Malaysia,5,9.8,8,15,-0.04
P-009807,V-00710,EMEA-W,France,3,15,0,61,-0.06
P-009808,V-00783,APAC-IN,India,4,11,12,41,-0.04
P-009809,V-00605,APAC-NE,Taiwan,8,17.9,8,62,-0.2
P-009809,V-00155,SA,Argentina,8,21.9,8,23,-0.24
P-009810,V-00637,NA-MX,Mexico,2,10.8,0,35,-0.04
P-009810,V-00207,APAC-SE,Indonesia,7,7.2,4,37,-0.03
P-009811,V-00401,SA,Brazil,6,9.4,12,36,-0.04
P-009812,V-00311,EMEA-W,Spain,8,7,6,22,-0.03
P-009812,V-00510,APAC-SE,Vietnam,3,16.3,12,30,-0.07
P-009812,V-00665,APAC-SE,Vietnam,1,10.2,0,26,-0.04
P-009813,V-00432,NA-US,United States,5,-4.5,0,55,0.02
P-009813,V-00027,APAC-IN,India,6,1.9,8,26,-0.01
P-009815,V-00478,APAC-SE,Vietnam,4,9.8,12,29,-0.04
P-009815,V-00822,NA-US,United States,9,10.3,4,53,-0.04
P-009815,V-00818,APAC-NE,South Korea,8,-3.3,6,34,0.01
P-009816,V-00926,EMEA-E,Czechia,3,-3.7,0,98,0.04
P-009817,V-00491,APAC-SE,Malaysia,7,4.4,0,46,-0.02
P-009817,V-00026,APAC-NE,China,4,5.6,12,60,-0.02
P-009818,V-00556,EMEA-E,Romania,2,4.1,4,89,-0.05
P-009819,V-00490,APAC-IN,India,4,18.6,8,67,-0.07
P-009821,V-00240,NA-US,United States,2,10.4,8,58,-0.04
P-009821,V-00059,EMEA-E,Czechia,4,-5.6,6,54,0.02
P-009821,V-00166,APAC-IN,India,8,0.4,0,38,0
P-009822,V-00150,EMEA-E,Poland,2,-5.8,4,39,0.02
P-009822,V-00498,EMEA-W,France,4,13.1,0,91,-0.05
P-009822,V-00521,NA-US,United States,6,10.9,12,34,-0.04
P-009823,V-00746,EMEA-W,Spain,1,-0.3,0,47,0
P-009824,V-00432,NA-US,United States,5,12.7,0,75,-0.05
P-009824,V-00598,APAC-IN,India,7,21.1,8,70,-0.08
P-009825,V-00376,SA,Brazil,5,14,0,30,-0.06
P-009825,V-00378,NA-MX,Mexico,6,18.9,4,38,-0.08
P-009827,V-00116,APAC-IN,India,6,5.3,6,73,-0.02
P-009829,V-00101,EMEA-W,Spain,4,5.1,8,83,-0.02
P-009831,V-00493,EMEA-E,Romania,7,-3.3,4,46,0.01
P-009831,V-00051,NA-MX,Mexico,5,-2.5,0,24,0.01
P-009831,V-00025,NA-US,United States,8,8.7,6,76,-0.03
P-009832,V-00487,APAC-IN,India,2,0.9,6,53,-0.01
P-009832,V-00294,NA-US,United States,4,8.2,8,95,-0.09
P-009832,V-00286,SA,Argentina,4,20.4,4,68,-0.22
P-009834,V-00185,APAC-IN,India,7,1.4,8,28,-0.01
P-009834,V-00132,APAC-NE,Taiwan,7,-3.2,0,68,0.01
P-009834,V-00292,NA-MX,Mexico,4,-3.4,12,87,0.01
P-009835,V-00054,NA-MX,Mexico,4,-1.7,0,32,0.01
P-009835,V-00418,APAC-NE,Taiwan,2,18.7,0,91,-0.07
P-009836,V-00505,SA,Argentina,6,6.5,8,16,-0.03
P-009837,V-00288,NA-MX,Mexico,4,-1.8,0,28,0.01
P-009838,V-00080,EMEA-W,France,4,6.3,4,19,-0.03
P-009841,V-00198,EMEA-W,Spain,5,-2,6,39,0.02
P-009841,V-00538,APAC-IN,India,6,-3.2,4,37,0.04
P-009842,V-00836,SA,Argentina,5,11.9,8,17,-0.05
P-009842,V-00238,SA,Argentina,3,-0.7,12,79,0
P-009843,V-00481,EMEA-W,Italy,8,21.6,12,47,-0.09
P-009843,V-00591,SA,Brazil,9,21.6,6,22,-0.09
P-009843,V-00623,APAC-NE,South Korea,7,-4.5,0,32,0.02
P-009844,V-00700,NA-US,United States,6,6.7,0,29,-0.07
P-009845,V-00228,SA,Brazil,5,3.3,8,100,-0.01
P-009845,V-00872,NA-US,United States,5,3.5,12,93,-0.01
P-009846,V-00282,APAC-IN,India,6,8.3,6,100,-0.09
P-009846,V-00528,SA,Brazil,4,7.6,8,84,-0.08
P-009848,V-00842,EMEA-E,Romania,7,6.7,8,88,-0.03
P-009848,V-00281,APAC-IN,India,5,21.2,12,48,-0.08
P-009849,V-00773,SA,Brazil,2,1.5,0,76,-0.01
P-009849,V-00236,SA,Brazil,6,-5,0,21,0.02
P-009852,V-00142,EMEA-W,Italy,5,12.6,4,44,-0.05
P-009853,V-00591,SA,Brazil,6,0.2,8,64,0
P-009853,V-00018,NA-US,United States,4,-5,4,72,0.02
P-009854,V-00078,APAC-NE,China,4,-1.2,4,24,0.01
P-009854,V-00211,EMEA-E,Turkey,4,1.5,0,73,-0.02
P-009855,V-00422,EMEA-E,Turkey,5,-5.3,8,73,0.02
P-009856,V-00073,NA-MX,Mexico,6,16.8,0,52,-0.07
P-009856,V-00169,NA-MX,Mexico,8,2.7,0,29,-0.01
P-009856,V-00478,APAC-SE,Vietnam,2,7,4,68,-0.03
P-009857,V-00134,APAC-SE,Indonesia,3,-5.4,12,68,0.02
P-009857,V-00082,SA,Argentina,5,-2.7,12,18,0.01
P-009857,V-00849,APAC-SE,Vietnam,7,17.9,0,74,-0.07
P-009858,V-00708,EMEA-W,Spain,5,7.2,6,54,-0.03
P-009858,V-00099,SA,Brazil,7,6.8,6,90,-0.03
P-009859,V-00579,NA-US,United States,8,16.8,4,54,-0.07
P-009859,V-00437,EMEA-W,Germany,7,-5.2,0,22,0.02
P-009859,V-00177,APAC-IN,India,4,4.3,0,21,-0.02
P-009860,V-00021,SA,Argentina,7,20.4,0,82,-0.08
P-009860,V-00868,SA,Brazil,9,8.9,6,26,-0.04
P-009860,V-00847,APAC-NE,Japan,4,4.8,8,89,-0.02
P-009861,V-00644,EMEA-E,Turkey,5,13.4,8,67,-0.15
P-009861,V-00263,EMEA-E,Czechia,7,8.5,6,45,-0.09
P-009861,V-00275,EMEA-E,Turkey,2,6.1,4,79,-0.07
P-009862,V-00309,APAC-NE,China,6,15.8,0,77,-0.06
P-009862,V-00445,EMEA-W,France,4,14.8,0,90,-0.06
P-009863,V-00171,EMEA-E,Turkey,2,19.9,6,100,-0.08
P-009863,V-00775,NA-US,United States,3,3.3,12,48,-0.01
P-009864,V-00166,APAC-IN,India,5,13.1,8,18,-0.14
P-009864,V-00443,NA-US,United States,2,3.6,12,18,-0.04
P-009864,V-00255,EMEA-E,Czechia,5,15,6,49,-0.17
P-009865,V-00036,APAC-SE,Vietnam,3,14,4,66,-0.15
P-009865,V-00609,APAC-NE,Japan,2,4.3,0,87,-0.05
P-009865,V-00586,NA-MX,Mexico,7,-4.4,4,62,0.05
P-009866,V-00126,APAC-SE,Indonesia,2,21.7,0,99,-0.09
P-009867,V-00047,APAC-SE,Vietnam,6,7.8,0,37,-0.09
P-009867,V-00190,NA-MX,Mexico,4,15.4,6,36,-0.17
P-009868,V-00709,NA-MX,Mexico,5,19.8,6,86,-0.08
P-009868,V-00188,EMEA-W,France,5,0.5,0,82,0
P-009868,V-00709,NA-MX,Mexico,8,16.8,4,43,-0.07
P-009869,V-00854,NA-US,United States,8,13.8,6,41,-0.06
P-009871,V-00486,NA-MX,Mexico,5,-0.7,4,46,0
P-009871,V-00253,APAC-NE,Taiwan,6,0.9,0,97,0
P-009873,V-00495,SA,Brazil,5,-3.4,6,51,0.04
P-009873,V-00254,SA,Argentina,5,17.7,12,71,-0.19
P-009873,V-00026,APAC-NE,China,5,17,0,40,-0.19
P-009874,V-00093,APAC-SE,Indonesia,4,9.4,4,76,-0.04
P-009874,V-00819,APAC-NE,Taiwan,3,15.4,8,49,-0.06
P-009875,V-00503,APAC-SE,Vietnam,7,1.5,8,69,-0.01
P-009875,V-00061,NA-MX,Mexico,3,4.6,12,45,-0.02
P-009875,V-00244,EMEA-E,Czechia,2,-1.5,12,50,0.01
P-009877,V-00205,NA-MX,Mexico,5,12.8,4,46,-0.05
P-009878,V-00646,APAC-SE,Malaysia,4,18.4,6,50,-0.07
P-009880,V-00123,EMEA-W,Spain,7,3.3,6,48,-0.04
P-009880,V-00024,NA-US,United States,4,1.2,12,56,-0.01
P-009881,V-00064,NA-MX,Mexico,6,20.5,12,44,-0.08
P-009881,V-00084,NA-MX,Mexico,6,-0.5,12,31,0
P-009883,V-00395,NA-US,United States,2,18,8,78,-0.2
P-009884,V-00629,NA-MX,Mexico,4,9,6,96,-0.04
P-009884,V-00609,APAC-NE,Japan,4,-2.3,0,96,0.01
P-009887,V-00467,APAC-SE,Malaysia,5,16.9,0,24,-0.19
P-009887,V-00824,SA,Argentina,6,15.1,0,62,-0.17
P-009887,V-00380,APAC-SE,Vietnam,5,2.8,0,17,-0.03
P-009889,V-00559,SA,Brazil,1,18.7,12,45,-0.21
P-009889,V-00291,APAC-NE,South Korea,8,19.3,8,29,-0.21
P-009889,V-00634,EMEA-E,Czechia,3,-5.2,6,71,0.06
P-009890,V-00530,SA,Brazil,7,10.9,4,94,-0.04
P-009890,V-00253,APAC-NE,Taiwan,7,-3.2,4,72,0.01
P-009890,V-00336,EMEA-W,Germany,8,-5.5,6,78,0.02
P-009893,V-00559,SA,Brazil,3,6.4,6,84,-0.07
P-009895,V-00859,NA-US,United States,4,20.1,6,51,-0.08
P-009895,V-00824,SA,Argentina,7,3.6,12,60,-0.01
P-009895,V-00836,SA,Argentina,6,7.6,8,54,-0.03
P-009897,V-00023,NA-MX,Mexico,5,13.4,0,81,-0.05
P-009897,V-00839,EMEA-E,Czechia,6,-1.8,0,59,0.01
P-009898,V-00543,NA-US,United States,5,10.9,12,71,-0.04
P-009899,V-00105,APAC-SE,Thailand,6,17.2,0,51,-0.07
P-009899,V-00027,APAC-IN,India,5,3.8,0,85,-0.02
P-009901,V-00407,EMEA-E,Poland,6,5.4,4,79,-0.02
P-009901,V-00242,APAC-NE,Japan,5,20.8,0,26,-0.08
P-009902,V-00302,NA-US,United States,5,9.6,0,82,-0.11
P-009904,V-00294,NA-US,United States,2,3.6,6,61,-0.01
P-009904,V-00388,EMEA-W,Spain,5,9.8,0,83,-0.04
P-009908,V-00202,APAC-NE,China,6,2.4,8,60,-0.01
P-009910,V-00094,APAC-NE,China,4,11.5,0,85,-0.13
P-009910,V-00738,APAC-IN,India,8,-1.1,0,68,0.01
P-009911,V-00224,NA-US,United States,2,17.2,0,46,-0.07
P-009912,V-00589,NA-MX,Mexico,6,-0.5,12,70,0
P-009912,V-00340,NA-US,United States,2,13.3,4,27,-0.05
P-009912,V-00623,APAC-NE,South Korea,7,2.4,8,97,-0.01
P-009918,V-00446,EMEA-W,France,8,9.3,4,22,-0.04
P-009918,V-00392,NA-US,United States,4,19.9,0,35,-0.08
P-009920,V-00386,APAC-NE,South Korea,6,9.6,12,87,-0.04
P-009920,V-00849,APAC-SE,Vietnam,9,1,0,45,0
P-009920,V-00444,APAC-SE,Vietnam,5,8.3,12,47,-0.03
P-009921,V-00371,APAC-SE,Indonesia,5,8.1,4,77,-0.03
P-009922,V-00053,APAC-IN,India,2,-2.7,4,75,0.01
P-009922,V-00391,SA,Argentina,9,15.7,6,64,-0.06
P-009922,V-00653,EMEA-E,Czechia,6,21,0,87,-0.08
P-009923,V-00094,APAC-NE,China,3,-4,4,62,0.04
P-009925,V-00836,SA,Argentina,4,5.6,0,37,-0.02
P-009925,V-00238,SA,Argentina,5,18.1,0,79,-0.07
P-009926,V-00128,SA,Brazil,5,4.2,6,59,-0.02
P-009926,V-00263,EMEA-E,Czechia,7,-5.8,8,30,0.02
P-009926,V-00486,NA-MX,Mexico,5,3.3,0,61,-0.01
P-009932,V-00178,APAC-IN,India,5,21.1,0,30,-0.08
P-009932,V-00762,NA-US,United States,5,12.3,12,49,-0.05
P-009932,V-00182,SA,Argentina,6,-2,12,91,0.01
P-009934,V-00469,APAC-SE,Indonesia,6,-2.8,0,90,0.03
P-009934,V-00487,APAC-IN,India,4,15.9,0,66,-0.17
P-009934,V-00050,NA-US,United States,2,11,8,72,-0.12
P-009936,V-00610,SA,Brazil,6,12.8,0,20,-0.05
P-009938,V-00653,EMEA-E,Czechia,3,21.9,0,17,-0.09
P-009940,V-00686,APAC-NE,South Korea,6,-2.5,12,36,0.01
P-009940,V-00566,APAC-NE,South Korea,4,0,8,68,0
P-009940,V-00775,NA-US,United States,4,3.1,0,17,-0.01
P-009941,V-00779,APAC-SE,Malaysia,7,-2.4,4,33,0.01
P-009942,V-00383,APAC-NE,Taiwan,9,1.8,6,75,-0.01
P-009947,V-00131,EMEA-E,Czechia,7,10.2,12,99,-0.04
P-009949,V-00118,SA,Brazil,6,5.4,4,28,-0.02
P-009949,V-00181,APAC-NE,Taiwan,7,-1.9,12,67,0.01
P-009949,V-00239,NA-MX,Mexico,6,6,6,26,-0.02
P-009955,V-00351,APAC-NE,Japan,9,-1.3,0,27,0.01
P-009956,V-00612,EMEA-W,Italy,3,11.9,8,66,-0.05
P-009957,V-00974,NA-MX,Mexico,9,2.2,0,38,-0.01
P-009957,V-00624,NA-US,United States,3,1.8,0,45,-0.01
P-009958,V-00945,APAC-IN,India,6,20.1,4,51,-0.22
P-009960,V-00179,APAC-SE,Thailand,4,6.9,12,18,-0.03
P-009960,V-00191,EMEA-E,Turkey,4,4.2,12,49,-0.02
P-009960,V-00367,EMEA-W,France,5,17.6,0,99,-0.07
P-009964,V-00022,APAC-IN,India,3,-4.1,4,73,0.02
P-009964,V-00518,APAC-SE,Vietnam,2,15.9,6,96,-0.06
P-009964,V-00392,NA-US,United States,5,4.9,12,21,-0.02
P-009965,V-00607,APAC-NE,Taiwan,5,19.5,6,83,-0.21
P-009969,V-00570,APAC-NE,Japan,3,-1.1,12,32,0
P-009969,V-00570,APAC-NE,Japan,6,17.5,0,94,-0.07
P-009969,V-00003,NA-MX,Mexico,6,-3.4,0,94,0.01
P-009973,V-00622,APAC-NE,China,2,12,4,58,-0.05
P-009973,V-00328,NA-MX,Mexico,6,14,12,26,-0.06
P-009973,V-00189,EMEA-W,Spain,8,18.4,12,64,-0.07
P-009975,V-00138,EMEA-W,France,4,5.4,4,66,-0.02
P-009975,V-00280,APAC-IN,India,5,-5.4,0,73,0.02
P-009976,V-00746,EMEA-W,Spain,4,0.3,12,22,0
P-009977,V-00317,APAC-IN,India,5,6.4,4,37,-0.03
P-009977,V-00145,NA-MX,Mexico,5,-0.8,0,67,0
P-009977,V-00231,APAC-SE,Vietnam,7,6.7,0,52,-0.03
P-009978,V-00112,NA-US,United States,7,11.7,6,30,-0.05
P-009979,V-00006,APAC-SE,Indonesia,5,13.8,0,59,-0.06
P-009979,V-00421,NA-US,United States,6,18.2,8,81,-0.07
P-009979,V-00590,APAC-IN,India,8,-0.2,6,89,0
P-009981,V-00275,EMEA-E,Turkey,3,-3.7,0,95,0.01
P-009982,V-00598,APAC-IN,India,9,-2.4,0,91,0.03
P-009982,V-00637,NA-MX,Mexico,3,-0.8,4,23,0.01
P-009983,V-00178,APAC-IN,India,4,4.5,0,40,-0.05
P-009983,V-00652,SA,Argentina,7,17.6,0,82,-0.19
P-009984,V-00489,SA,Brazil,9,9,0,36,-0.04
P-009984,V-00689,NA-US,United States,6,0.5,4,75,0
P-009985,V-00584,APAC-IN,India,7,6.1,8,38,-0.02
P-009985,V-00640,SA,Argentina,4,-1.2,6,21,0
P-009986,V-00125,EMEA-W,France,4,11.4,8,85,-0.05
P-009987,V-00657,SA,Argentina,4,9.1,0,78,-0.04
P-009987,V-00255,EMEA-E,Czechia,4,12.9,6,89,-0.05
P-009988,V-00581,NA-MX,Mexico,6,-2.8,12,46,0.03
P-009988,V-00486,NA-MX,Mexico,6,12.5,8,22,-0.14
P-009988,V-00255,EMEA-E,Czechia,3,-4.5,0,42,0.05
P-009991,V-00092,APAC-IN,India,6,1.5,8,100,-0.01
P-009992,V-00422,EMEA-E,Turkey,7,3.5,8,35,-0.01
P-009993,V-00969,NA-MX,Mexico,5,0,0,70,0
P-009993,V-00802,EMEA-W,Italy,5,2.2,0,46,-0.01
P-009994,V-00658,SA,Brazil,7,16.1,0,18,-0.18
P-009994,V-00199,NA-MX,Mexico,4,11.2,8,25,-0.12
P-009994,V-00591,SA,Brazil,6,-2.4,0,71,0.03
P-009996,V-00296,NA-MX,Mexico,5,3.6,0,59,-0.04
P-009996,V-00127,NA-MX,Mexico,5,10.9,0,64,-0.12
P-009997,V-00822,NA-US,United States,7,11.9,12,88,-0.05
P-009998,V-00120,APAC-IN,India,5,1.2,12,43,0
P-009998,V-00448,EMEA-E,Poland,8,-5.3,12,36,0.02
P-009999,V-00700,NA-US,United States,6,7.5,12,25,-0.03
P-010000,V-00205,NA-MX,Mexico,4,11.3,6,62,-0.05
P-010001,V-00710,EMEA-W,France,5,17.8,0,47,-0.07
P-010001,V-00710,EMEA-W,France,4,-0.9,8,31,0
P-010001,V-00073,NA-MX,Mexico,7,-5.6,12,56,0.02
P-010002,V-00016,SA,Brazil,2,6.1,0,73,-0.02
P-010002,V-00030,SA,Brazil,4,3.8,12,56,-0.02
P-010003,V-00559,SA,Brazil,3,-0.3,0,46,0
P-010003,V-00578,EMEA-E,Turkey,5,15.9,12,61,-0.17
P-010003,V-00617,EMEA-W,Spain,6,0.3,0,83,0
P-010004,V-00469,APAC-SE,Indonesia,6,9.8,6,65,-0.04
P-010004,V-00138,EMEA-W,France,2,10,12,21,-0.04
P-010005,V-00173,APAC-NE,South Korea,5,1.6,0,22,-0.01
P-010005,V-00499,NA-US,United States,3,19.3,6,65,-0.08
P-010006,V-00306,EMEA-E,Turkey,8,15.6,0,87,-0.17
P-010007,V-00470,SA,Brazil,8,1.9,4,15,-0.01
P-010008,V-00770,EMEA-E,Turkey,6,16.9,12,53,-0.19
P-010010,V-00251,SA,Argentina,4,4.2,0,87,-0.02
P-010010,V-00734,EMEA-E,Poland,6,4.7,6,99,-0.02
P-010010,V-00535,EMEA-W,France,3,5.1,12,54,-0.02
P-010013,V-00696,APAC-SE,Indonesia,6,6.5,12,92,-0.03
P-010014,V-00020,APAC-NE,Japan,5,20.4,0,27,-0.08
P-010016,V-00075,APAC-IN,India,7,9.4,4,65,-0.04
P-010016,V-00665,APAC-SE,Vietnam,3,1.2,4,21,0
P-010016,V-00324,NA-US,United States,6,15.1,0,93,-0.06
P-010017,V-00378,NA-MX,Mexico,7,8.7,6,64,-0.03
P-010017,V-00024,NA-US,United States,5,-1.7,0,33,0.01
P-010017,V-00181,APAC-NE,Taiwan,8,13.7,12,81,-0.05
P-010019,V-00596,EMEA-E,Turkey,2,18.3,0,89,-0.07
P-010019,V-00152,APAC-SE,Indonesia,5,11,0,51,-0.04
P-010021,V-00576,NA-MX,Mexico,2,-2.4,8,27,0.01
P-010022,V-00564,EMEA-W,Italy,6,18,6,71,-0.2
P-010024,V-00649,EMEA-W,France,5,0.7,0,36,-0.01
P-010024,V-00188,EMEA-W,France,4,11.6,6,86,-0.13
P-010025,V-00326,NA-US,United States,6,15,6,28,-0.06
P-010025,V-00483,EMEA-W,Germany,6,8.4,4,63,-0.03
P-010026,V-00777,EMEA-W,Germany,3,-4,0,25,0.04
P-010026,V-00578,EMEA-E,Turkey,5,-4.1,6,51,0.05
P-010027,V-00791,APAC-SE,Vietnam,6,20.1,4,38,-0.08
P-010027,V-00605,APAC-NE,Taiwan,9,2.5,6,66,-0.01
P-010028,V-00228,SA,Brazil,6,5.8,8,32,-0.02
P-010028,V-00090,APAC-SE,Thailand,5,6.8,0,66,-0.03
P-010028,V-00307,SA,Brazil,6,19.6,4,31,-0.08
P-010030,V-00854,NA-US,United States,7,5.5,6,42,-0.02
P-010031,V-00584,APAC-IN,India,7,15,8,49,-0.06
P-010031,V-00387,EMEA-W,Germany,4,-1.8,6,72,0.01
P-010032,V-00450,APAC-IN,India,7,12.6,0,84,-0.05
P-010035,V-00561,APAC-NE,Japan,7,11.3,0,56,-0.05
P-010036,V-00473,NA-MX,Mexico,5,-1.2,6,50,0
P-010038,V-00201,APAC-IN,India,3,-5.3,6,93,0.02
P-010039,V-00212,NA-MX,Mexico,2,0.9,4,56,0
P-010041,V-00480,APAC-NE,Taiwan,7,0.2,4,86,0
P-010041,V-00474,NA-US,United States,3,-1.2,12,83,0
P-010042,V-00313,APAC-SE,Malaysia,7,6.8,0,56,-0.07
P-010042,V-00472,APAC-SE,Vietnam,8,7.9,12,46,-0.09
P-010042,V-00696,APAC-SE,Indonesia,8,-5.2,4,96,0.06
P-010045,V-00235,APAC-NE,Japan,5,8.7,4,91,-0.1
P-010046,V-00277,NA-US,United States,6,12.7,12,55,-0.05
P-010047,V-00445,EMEA-W,France,4,-4.7,0,100,0.02
P-010047,V-00176,NA-US,United States,7,-5.9,12,45,0.02
P-010048,V-00459,EMEA-E,Turkey,4,18.5,0,90,-0.07
P-010051,V-00158,NA-US,United States,3,1.3,8,58,-0.01
P-010051,V-00773,SA,Brazil,5,14.5,4,22,-0.06
P-010053,V-00657,SA,Argentina,2,14.3,12,40,-0.06
P-010055,V-00205,NA-MX,Mexico,3,16.6,8,32,-0.07
P-010055,V-00462,NA-MX,Mexico,6,1.8,8,99,-0.01
P-010055,V-00371,APAC-SE,Indonesia,5,-5.2,6,80,0.02
P-010057,V-00647,APAC-SE,Vietnam,2,20.5,6,92,-0.08
P-010057,V-00014,APAC-NE,South Korea,6,-3,8,89,0.01
P-010057,V-00127,NA-MX,Mexico,3,9.7,4,91,-0.04
P-010058,V-00409,APAC-SE,Indonesia,7,11.1,8,96,-0.04
P-010060,V-00162,EMEA-W,Italy,7,7.3,0,32,-0.03
P-010062,V-00844,SA,Brazil,8,18.7,12,54,-0.07
P-010063,V-00316,NA-MX,Mexico,6,-1.2,0,56,0
P-010065,V-00244,EMEA-E,Czechia,3,18.8,6,68,-0.08
P-010065,V-00287,EMEA-W,France,2,3.2,4,92,-0.01
P-010065,V-00617,EMEA-W,Spain,5,5.7,4,32,-0.02
P-010066,V-00846,NA-MX,Mexico,1,-1.9,0,19,0.01
P-010066,V-00754,NA-MX,Mexico,4,11.8,0,91,-0.05
P-010068,V-00630,APAC-NE,China,5,2.4,4,50,-0.01
P-010068,V-00174,EMEA-E,Turkey,4,21.4,0,54,-0.09
P-010071,V-00453,SA,Brazil,6,3.6,4,18,-0.01
P-010071,V-00660,EMEA-W,Germany,5,1.2,8,55,0
P-010076,V-00769,EMEA-W,Spain,6,1.6,12,82,-0.01
P-010076,V-00466,EMEA-W,Italy,6,5.6,4,63,-0.02
P-010079,V-00407,EMEA-E,Poland,5,5.8,8,83,-0.02
P-010079,V-00489,SA,Brazil,7,-2.3,6,96,0.01
P-010080,V-00388,EMEA-W,Spain,4,13.6,0,99,-0.05
P-010080,V-00602,APAC-SE,Thailand,3,19.9,12,54,-0.08
P-010082,V-00343,NA-MX,Mexico,2,13.2,6,96,-0.05
P-010082,V-00482,APAC-NE,Taiwan,2,0.2,4,71,0
P-010084,V-00216,EMEA-W,Italy,3,10.6,0,47,-0.04
P-010084,V-00059,EMEA-E,Czechia,4,-2.2,4,30,0.01
P-010084,V-00335,EMEA-E,Czechia,3,-1.9,0,36,0.01
P-010085,V-00691,APAC-IN,India,6,-2.7,6,67,0.01
P-010085,V-00032,APAC-IN,India,4,-3.4,0,26,0.01
P-010086,V-00086,EMEA-E,Czechia,8,10.9,0,27,-0.12
P-010086,V-00303,APAC-SE,Vietnam,8,0.2,8,41,0
P-010087,V-00832,APAC-NE,Taiwan,7,18.1,0,83,-0.2
P-010088,V-00718,APAC-IN,India,4,-0.7,12,98,0
P-010089,V-01098,EMEA-W,Germany,7,19,0,84,-0.08
P-010090,V-00778,NA-US,United States,6,11.8,12,43,-0.05
P-010091,V-00342,SA,Argentina,5,20.2,4,91,-0.08
P-010091,V-00847,APAC-NE,Japan,3,11.9,0,58,-0.05
P-010091,V-00737,APAC-SE,Indonesia,9,3.6,8,37,-0.01
P-010092,V-00129,APAC-NE,Japan,4,1.7,0,49,-0.01
P-010092,V-00338,APAC-SE,Vietnam,6,1.9,0,49,-0.01
P-010093,V-00110,EMEA-E,Poland,3,-0.8,12,46,0.01
P-010093,V-00590,APAC-IN,India,8,0.6,0,53,-0.01
P-010095,V-00052,EMEA-E,Turkey,4,-3.1,12,54,0.01
P-010095,V-00432,NA-US,United States,3,17,0,77,-0.07
P-010095,V-00625,APAC-SE,Malaysia,5,21.9,0,58,-0.09
P-010096,V-00297,APAC-NE,Taiwan,8,2.4,0,64,-0.03
P-010096,V-00313,APAC-SE,Malaysia,5,20.3,12,24,-0.22
P-010097,V-00246,NA-MX,Mexico,7,0.9,6,100,0
P-010097,V-00170,EMEA-W,Germany,7,-3.7,0,92,0.01
P-010098,V-00066,EMEA-E,Turkey,9,20,0,79,-0.08
P-010099,V-00079,APAC-IN,India,7,6.1,0,70,-0.02
P-010099,V-00336,EMEA-W,Germany,7,18,4,61,-0.07
P-010099,V-00486,NA-MX,Mexico,8,4.4,4,87,-0.02
P-010100,V-00466,EMEA-W,Italy,7,5.2,8,40,-0.02
P-010100,V-00034,APAC-IN,India,3,1.5,12,71,-0.01
P-010100,V-00167,APAC-IN,India,5,15.6,8,55,-0.06
P-010101,V-00464,EMEA-W,Spain,7,8,6,68,-0.03
P-010102,V-00150,EMEA-E,Poland,2,1.5,4,90,-0.01
P-010102,V-00868,SA,Brazil,7,2.5,8,85,-0.01
P-010104,V-00736,NA-US,United States,4,9.2,0,65,-0.04
P-010107,V-00310,EMEA-E,Czechia,8,-0.3,6,15,0
P-010109,V-00347,APAC-SE,Malaysia,5,-0.8,0,90,0.01
P-010110,V-00344,NA-MX,Mexico,6,1.8,0,60,-0.01
P-010110,V-00245,NA-US,United States,5,-1.9,4,92,0.01
P-010111,V-00277,NA-US,United States,8,-1.4,4,74,0.01
P-010111,V-00683,NA-US,United States,4,15.5,6,18,-0.06
P-010112,V-00502,SA,Argentina,2,6.7,4,64,-0.03
P-010114,V-00027,APAC-IN,India,6,6,0,19,-0.02
P-010115,V-00616,APAC-SE,Malaysia,2,20.6,0,31,-0.08
P-010116,V-00454,EMEA-W,Germany,5,9.6,0,71,-0.04
P-010116,V-00535,EMEA-W,France,5,0,12,43,0
P-010116,V-00087,APAC-NE,Japan,7,7.3,12,60,-0.03
P-010117,V-00650,APAC-IN,India,4,0.5,4,84,-0.01
P-010117,V-00964,EMEA-W,Germany,9,4.9,4,27,-0.05
P-010117,V-00732,EMEA-E,Turkey,4,16.6,0,91,-0.18
P-010121,V-00168,APAC-SE,Vietnam,2,11.3,0,47,-0.05
P-010121,V-00617,EMEA-W,Spain,6,11.2,0,43,-0.04
P-010121,V-00428,NA-MX,Mexico,4,6.9,6,84,-0.03
P-010123,V-00499,NA-US,United States,5,20.6,4,63,-0.08
P-010123,V-00491,APAC-SE,Malaysia,6,6,0,27,-0.02
P-010125,V-00264,APAC-IN,India,8,-0.2,8,24,0
P-010125,V-00652,SA,Argentina,8,18.3,0,91,-0.07
P-010126,V-00066,EMEA-E,Turkey,7,10.7,8,22,-0.04
P-010128,V-00040,APAC-NE,China,6,19.9,6,79,-0.08
P-010129,V-00646,APAC-SE,Malaysia,5,-4.2,0,71,0.02
P-010130,V-00384,EMEA-W,Italy,5,22,0,15,-0.09
P-010130,V-00384,EMEA-W,Italy,7,6.8,8,98,-0.03
P-010130,V-00046,NA-MX,Mexico,4,11.7,4,92,-0.05
P-010131,V-00178,APAC-IN,India,3,17.3,0,17,-0.07
P-010131,V-00178,APAC-IN,India,6,1.2,6,43,0
P-010131,V-00243,APAC-IN,India,4,-0.8,0,57,0
P-010132,V-00832,APAC-NE,Taiwan,5,4.4,0,93,-0.05
P-010133,V-00232,NA-US,United States,2,19,0,72,-0.08
P-010135,V-00352,SA,Brazil,5,-0.8,6,98,0
P-010135,V-00852,EMEA-W,Italy,5,-0.3,4,43,0
P-010136,V-00759,EMEA-W,Italy,5,3.9,12,15,-0.02
P-010138,V-00516,EMEA-W,Italy,2,16.9,12,53,-0.07
P-010138,V-00278,APAC-IN,India,8,-2.8,4,57,0.01
P-010139,V-00129,APAC-NE,Japan,5,20.6,0,99,-0.08
P-010140,V-00143,APAC-SE,Vietnam,2,12.9,6,69,-0.05
P-010140,V-00077,NA-US,United States,3,19.2,6,45,-0.08
P-010140,V-00154,APAC-SE,Malaysia,5,2.2,12,17,-0.01
P-010142,V-00456,APAC-SE,Malaysia,4,19.3,12,84,-0.08
P-010142,V-00381,APAC-SE,Vietnam,4,9.9,4,85,-0.04
P-010144,V-00243,APAC-IN,India,4,17.5,0,100,-0.19
P-010145,V-00006,APAC-SE,Indonesia,4,10.9,12,83,-0.04
P-010147,V-00076,APAC-IN,India,5,-2.1,6,53,0.01
P-010147,V-00086,EMEA-E,Czechia,7,5.2,0,31,-0.02
P-010148,V-00147,APAC-SE,Malaysia,6,15.6,0,37,-0.06
P-010148,V-00406,EMEA-W,Spain,8,1.7,6,56,-0.01
P-010151,V-00432,NA-US,United States,3,16.2,8,68,-0.06
P-010151,V-00531,NA-MX,Mexico,4,13.2,4,79,-0.05
P-010151,V-00432,NA-US,United States,2,12.1,6,30,-0.05
P-010152,V-00592,EMEA-W,Germany,9,19.5,4,98,-0.08
P-010152,V-00538,APAC-IN,India,6,0.1,4,27,0
P-010152,V-00538,APAC-IN,India,8,15.3,4,59,-0.06
P-010153,V-00728,NA-US,United States,5,-2.1,0,95,0.02
P-010154,V-00461,SA,Brazil,6,16.8,0,97,-0.18
P-010154,V-00369,EMEA-E,Romania,3,16.8,12,40,-0.18
P-010154,V-00147,APAC-SE,Malaysia,4,5.7,0,94,-0.06
P-010156,V-00075,APAC-IN,India,6,16,0,64,-0.06
P-010157,V-00187,APAC-NE,South Korea,4,-5.6,0,98,0.06
P-010157,V-00194,APAC-IN,India,4,21.6,0,47,-0.24
P-010159,V-00137,SA,Brazil,5,-2.3,12,40,0.03
P-010161,V-00024,NA-US,United States,6,7.4,0,92,-0.03
P-010161,V-00435,NA-US,United States,4,2.4,6,53,-0.01
P-010161,V-00003,NA-MX,Mexico,6,11.2,4,88,-0.04
P-010163,V-00164,EMEA-W,Spain,8,2.4,4,59,-0.01
P-010163,V-00585,SA,Brazil,5,17.4,0,77,-0.07
P-010164,V-00085,NA-MX,Mexico,4,8,8,35,-0.09
P-010164,V-00306,EMEA-E,Turkey,7,-4.6,0,73,0.05
P-010165,V-00610,SA,Brazil,7,7.5,8,74,-0.03
P-010165,V-00665,APAC-SE,Vietnam,3,18.7,4,97,-0.07
P-010166,V-00080,EMEA-W,France,6,-5.8,12,99,0.02
P-010166,V-00697,NA-US,United States,6,-5,4,97,0.02
P-010167,V-00126,APAC-SE,Indonesia,2,10.7,0,79,-0.04
P-010167,V-00300,APAC-NE,Japan,4,5.8,0,29,-0.02
P-010167,V-00389,APAC-NE,Japan,2,3.4,0,31,-0.01
P-010169,V-00222,NA-US,United States,5,6.6,0,40,-0.07
P-010172,V-00161,SA,Argentina,3,16.7,8,16,-0.07
P-010174,V-00789,SA,Argentina,4,21.1,6,22,-0.08
P-010174,V-00779,APAC-SE,Malaysia,6,7.3,8,83,-0.03
P-010174,V-00751,APAC-SE,Indonesia,7,20,12,96,-0.08
P-010175,V-00113,APAC-NE,China,7,15.4,12,100,-0.06
P-010175,V-00233,NA-MX,Mexico,5,4.4,12,44,-0.02
P-010175,V-00460,NA-US,United States,6,5.4,4,45,-0.02
P-010176,V-00691,APAC-IN,India,7,2.5,6,34,-0.01
P-010177,V-00517,NA-MX,Mexico,7,3.8,0,45,-0.02
P-010177,V-00683,NA-US,United States,4,14.7,12,94,-0.06
P-010177,V-00417,APAC-IN,India,5,19.3,4,19,-0.08
P-010179,V-00337,EMEA-W,France,3,-5.2,12,93,0.06
P-010181,V-00641,NA-US,United States,8,0.5,12,89,-0.01
P-010181,V-00042,APAC-IN,India,5,21.9,0,41,-0.24
P-010181,V-00517,NA-MX,Mexico,9,15.5,8,53,-0.17
P-010182,V-00259,APAC-NE,China,5,3.6,12,52,-0.01
P-010182,V-00181,APAC-NE,Taiwan,6,17.1,0,95,-0.07
P-010182,V-00213,NA-US,United States,3,10.4,8,16,-0.04
P-010183,V-00302,NA-US,United States,6,21.4,6,38,-0.24
P-010185,V-00254,SA,Argentina,4,-2.9,0,77,0.01
P-010185,V-00257,SA,Brazil,7,20.3,0,34,-0.08
P-010188,V-00237,EMEA-W,Italy,2,1.2,0,24,0
P-010189,V-00768,APAC-SE,Indonesia,5,12.4,0,54,-0.05
P-010192,V-00170,EMEA-W,Germany,9,16.4,8,39,-0.07
P-010192,V-00221,APAC-NE,South Korea,6,-1.5,6,29,0.01
P-010192,V-00574,APAC-SE,Malaysia,5,1.5,6,53,-0.01
P-010196,V-00003,NA-MX,Mexico,7,12.2,0,54,-0.05
P-010196,V-00576,NA-MX,Mexico,1,2.5,12,31,-0.01
P-010196,V-00133,EMEA-E,Turkey,5,13.2,12,82,-0.05
P-010198,V-00792,EMEA-E,Romania,7,-4.9,12,27,0.02
P-010198,V-00501,APAC-NE,China,4,19.9,6,21,-0.08
P-010198,V-00289,EMEA-E,Turkey,4,15.1,8,24,-0.06
P-010199,V-00309,APAC-NE,China,5,3.3,12,35,-0.04
P-010199,V-00416,APAC-SE,Indonesia,6,6.9,6,64,-0.08
P-010200,V-00313,APAC-SE,Malaysia,4,7.8,0,95,-0.03
P-010200,V-00023,NA-MX,Mexico,7,17.7,6,59,-0.07
P-010200,V-00472,APAC-SE,Vietnam,7,4.6,12,48,-0.02
P-010203,V-00084,NA-MX,Mexico,7,14.9,0,74,-0.06
P-010204,V-00219,NA-US,United States,5,1.5,12,44,-0.01
P-010204,V-00165,SA,Brazil,4,-3.2,6,34,0.01
P-010204,V-00381,APAC-SE,Vietnam,4,17.1,12,37,-0.07
P-010205,V-00366,NA-MX,Mexico,4,5.6,0,86,-0.02
P-010206,V-00588,APAC-NE,China,6,15.1,0,57,-0.06
P-010207,V-00196,APAC-NE,Taiwan,5,14.7,8,58,-0.06
P-010207,V-00891,EMEA-E,Poland,7,6.6,6,37,-0.03
P-010207,V-00885,NA-MX,Mexico,7,0.4,0,63,0
P-010209,V-00331,NA-MX,Mexico,2,1.7,6,53,-0.01
P-010209,V-00422,EMEA-E,Turkey,5,6.3,0,46,-0.03
P-010209,V-00065,EMEA-E,Romania,5,15.8,0,27,-0.06
P-010211,V-00003,NA-MX,Mexico,6,5.9,0,100,-0.02
P-010211,V-00576,NA-MX,Mexico,2,-1.4,4,92,0.01
P-010211,V-00804,SA,Brazil,4,18.3,8,54,-0.07
P-010213,V-00285,NA-US,United States,3,11.4,0,26,-0.05
P-010213,V-00854,NA-US,United States,6,3.8,6,18,-0.02
P-010213,V-00759,EMEA-W,Italy,4,8.2,0,85,-0.03
P-010214,V-00366,NA-MX,Mexico,4,20.2,4,87,-0.22
P-010215,V-00630,APAC-NE,China,7,4.1,0,80,-0.02
P-010216,V-00567,EMEA-E,Romania,3,-0.9,12,47,0
P-010217,V-00363,APAC-IN,India,7,2.4,0,92,-0.03
P-010217,V-00411,EMEA-E,Turkey,5,1.2,12,99,-0.01
P-010218,V-00170,EMEA-W,Germany,7,13.7,0,98,-0.05
P-010221,V-00556,EMEA-E,Romania,3,18.2,0,97,-0.07
P-010221,V-00066,EMEA-E,Turkey,6,5.1,0,26,-0.02
P-010221,V-00099,SA,Brazil,7,4.8,0,92,-0.02
P-010222,V-00323,EMEA-E,Czechia,3,2.7,0,29,-0.01
P-010222,V-00756,APAC-IN,India,5,-2.6,12,40,0.01
P-010223,V-00542,SA,Argentina,5,11.1,6,94,-0.12
P-010224,V-00527,NA-MX,Mexico,4,-4.8,8,19,0.05
P-010224,V-00256,APAC-NE,Taiwan,4,9.4,12,50,-0.1
P-010224,V-00185,APAC-IN,India,8,4.3,6,73,-0.05
P-010225,V-00665,APAC-SE,Vietnam,4,15.9,8,90,-0.06
P-010225,V-00132,APAC-NE,Taiwan,8,-2.6,0,98,0.01
P-010225,V-00250,APAC-NE,Japan,1,5.3,8,84,-0.02
P-010226,V-00480,APAC-NE,Taiwan,7,16.7,4,76,-0.07
P-010227,V-00061,NA-MX,Mexico,2,21.5,0,59,-0.09
P-010228,V-00162,EMEA-W,Italy,8,14.6,8,41,-0.16
P-010228,V-00524,APAC-SE,Thailand,9,1.7,0,43,-0.02
P-010228,V-00536,SA,Brazil,6,-5.2,4,60,0.06
P-010229,V-00010,EMEA-E,Romania,5,19.7,8,50,-0.22
P-010229,V-00148,NA-US,United States,3,6.1,4,69,-0.07
P-010230,V-00252,APAC-NE,China,3,11.5,12,28,-0.05
P-010233,V-00855,NA-MX,Mexico,7,4.7,0,40,-0.02
P-010234,V-00831,APAC-SE,Thailand,1,13,6,36,-0.05
P-010234,V-00556,EMEA-E,Romania,5,4.3,6,40,-0.02
P-010234,V-00534,APAC-NE,Japan,2,20,4,80,-0.08
P-010236,V-00847,APAC-NE,Japan,3,14.6,0,92,-0.06
P-010236,V-00151,APAC-IN,India,6,6,6,73,-0.02
P-010236,V-00652,SA,Argentina,6,0.3,12,44,0
P-010237,V-00458,APAC-SE,Indonesia,2,8.6,0,93,-0.03
P-010237,V-00519,APAC-NE,Taiwan,6,13.9,4,47,-0.06
P-010241,V-00131,EMEA-E,Czechia,8,4.9,0,69,-0.02
P-010241,V-00280,APAC-IN,India,4,20,6,25,-0.08
P-010243,V-00468,NA-US,United States,6,3.7,6,65,-0.01
P-010243,V-00401,SA,Brazil,4,18.6,12,19,-0.07
P-010244,V-00402,EMEA-W,France,4,7.6,6,87,-0.03
P-010244,V-00180,APAC-IN,India,5,3,0,54,-0.01
P-010246,V-00305,APAC-SE,Vietnam,3,5.9,6,21,-0.02
P-010246,V-00235,APAC-NE,Japan,6,16.9,6,51,-0.07
P-010246,V-00600,APAC-IN,India,6,18.9,0,62,-0.08
P-010247,V-00386,APAC-NE,South Korea,6,10,0,67,-0.04
P-010250,V-00527,NA-MX,Mexico,5,3.9,8,35,-0.02
P-010250,V-00019,APAC-NE,Taiwan,3,-4.8,6,85,0.02
P-010250,V-00359,NA-MX,Mexico,5,-5.8,12,48,0.02
P-010251,V-00324,NA-US,United States,7,13.3,6,70,-0.05
P-010251,V-00752,NA-US,United States,6,4.6,0,58,-0.02
P-010251,V-00510,APAC-SE,Vietnam,5,5.7,8,34,-0.02
P-010252,V-00292,NA-MX,Mexico,4,16.3,6,80,-0.07
P-010252,V-00674,NA-MX,Mexico,7,-3.6,0,51,0.01
P-010254,V-00115,APAC-NE,Taiwan,4,6.4,0,86,-0.03
P-010254,V-00082,SA,Argentina,6,15.3,6,35,-0.06
P-010254,V-00111,NA-MX,Mexico,4,12.2,12,89,-0.05
P-010255,V-00023,NA-MX,Mexico,4,19,0,80,-0.08
P-010255,V-00285,NA-US,United States,5,10.6,8,93,-0.04
P-010255,V-00006,APAC-SE,Indonesia,5,16.9,12,33,-0.07
P-010256,V-00807,EMEA-E,Turkey,6,-5.9,12,93,0.02
P-010256,V-00534,APAC-NE,Japan,2,1.2,0,70,0
P-010258,V-00076,APAC-IN,India,4,5.2,6,72,-0.02
P-010258,V-00242,APAC-NE,Japan,6,4.8,0,77,-0.02
P-010258,V-00611,NA-MX,Mexico,6,14.1,4,41,-0.06
P-010259,V-00571,EMEA-E,Czechia,7,16.4,12,50,-0.07
P-010259,V-00344,NA-MX,Mexico,6,5.3,12,40,-0.02
P-010259,V-00416,APAC-SE,Indonesia,4,12.6,8,82,-0.05
P-010260,V-00338,APAC-SE,Vietnam,6,4.4,0,98,-0.05
P-010260,V-00388,EMEA-W,Spain,6,18,0,96,-0.2
P-010260,V-00343,NA-MX,Mexico,2,11.3,6,58,-0.12
P-010261,V-00923,NA-MX,Mexico,4,8.6,0,17,-0.09
P-010261,V-00423,NA-US,United States,1,19,6,40,-0.21
P-010261,V-00558,EMEA-E,Turkey,7,16,0,45,-0.18
P-010262,V-00124,EMEA-W,France,6,11.2,4,53,-0.12
P-010265,V-00556,EMEA-E,Romania,2,0.9,12,63,0
P-010266,V-00021,SA,Argentina,7,21.9,8,71,-0.09
P-010266,V-00464,EMEA-W,Spain,7,9.8,4,47,-0.04
P-010267,V-00066,EMEA-E,Turkey,8,-3.2,0,80,0.04
P-010267,V-00642,EMEA-E,Czechia,5,10.7,12,51,-0.12
P-010269,V-00263,EMEA-E,Czechia,8,19.6,12,81,-0.08
P-010269,V-00657,SA,Argentina,3,-4.4,8,22,0.02
P-010269,V-00644,EMEA-E,Turkey,5,6.8,4,78,-0.03
P-010270,V-00829,APAC-NE,Japan,4,10.5,6,90,-0.04
P-010270,V-01129,EMEA-E,Czechia,6,3.8,4,67,-0.02
P-010270,V-00946,NA-MX,Mexico,2,-5.7,0,70,0.02
P-010271,V-00488,APAC-IN,India,6,-4.6,8,53,0.02
P-010271,V-00207,APAC-SE,Indonesia,6,19.1,12,21,-0.08
P-010271,V-00538,APAC-IN,India,6,-4.1,6,75,0.02
P-010273,V-00236,SA,Brazil,5,21.8,0,22,-0.09
P-010274,V-00193,NA-US,United States,6,21.4,4,23,-0.09
P-010275,V-00103,APAC-SE,Indonesia,7,-2.3,6,88,0.01
P-010276,V-00194,APAC-IN,India,4,8.9,0,61,-0.1
P-010278,V-00567,EMEA-E,Romania,2,7.2,4,79,-0.03
P-010280,V-00171,EMEA-E,Turkey,3,15.4,12,33,-0.06
P-010281,V-00514,APAC-NE,Japan,6,-3,6,82,0.03
P-010283,V-00206,APAC-NE,South Korea,3,14.9,8,65,-0.16
P-010283,V-00093,APAC-SE,Indonesia,5,17.1,12,74,-0.19
P-010285,V-00882,APAC-NE,South Korea,8,6.8,6,42,-0.07
P-010286,V-00510,APAC-SE,Vietnam,3,16.5,0,76,-0.07
P-010286,V-00510,APAC-SE,Vietnam,3,-1.6,12,44,0.01
P-010287,V-00009,APAC-SE,Indonesia,4,21,8,21,-0.08
P-010287,V-00009,APAC-SE,Indonesia,4,0.2,6,62,0
P-010289,V-00398,EMEA-E,Czechia,8,-3.3,8,62,0.01
P-010289,V-00220,EMEA-W,Spain,7,20.9,0,24,-0.08
P-010289,V-00222,NA-US,United States,5,15.1,6,55,-0.06
P-010293,V-00591,SA,Brazil,7,1.2,4,64,0
P-010294,V-00593,APAC-IN,India,8,1.4,4,24,-0.02
P-010295,V-00174,EMEA-E,Turkey,5,0.1,0,65,0
P-010296,V-00736,NA-US,United States,6,2.6,0,98,-0.01
P-010296,V-00785,SA,Argentina,6,-2.7,0,62,0.01
P-010297,V-00854,NA-US,United States,5,4.1,0,61,-0.02
P-010298,V-00771,NA-MX,Mexico,7,8.1,6,32,-0.03
P-010298,V-00333,APAC-IN,India,4,17.1,6,92,-0.07
P-010301,V-00567,EMEA-E,Romania,4,2.1,8,35,-0.01
P-010301,V-00297,APAC-NE,Taiwan,7,0,0,36,0
P-010303,V-00839,EMEA-E,Czechia,5,-0.2,0,79,0
P-010303,V-00110,EMEA-E,Poland,3,-1.8,6,96,0.01
P-010303,V-00421,NA-US,United States,5,20,6,65,-0.08
P-010304,V-00074,SA,Argentina,5,-1.2,6,87,0
P-010305,V-00186,EMEA-E,Romania,7,2.1,0,25,-0.01
P-010305,V-00315,NA-US,United States,1,3,12,47,-0.01
P-010305,V-00432,NA-US,United States,2,-2.8,0,26,0.01
P-010306,V-00379,APAC-NE,South Korea,3,7.5,12,15,-0.03
P-010306,V-00691,APAC-IN,India,5,13,8,97,-0.05
P-010306,V-00454,EMEA-W,Germany,6,18.7,4,64,-0.07
P-010307,V-00438,EMEA-E,Poland,3,13.3,12,70,-0.05
P-010307,V-00149,NA-US,United States,4,-1.5,6,28,0.01
P-010308,V-00541,APAC-SE,Malaysia,9,14.9,0,64,-0.06
P-010309,V-00127,NA-MX,Mexico,5,13.6,6,47,-0.05
P-010309,V-00276,APAC-NE,Taiwan,3,-1.1,8,45,0
P-010311,V-00723,EMEA-E,Poland,3,10.5,0,61,-0.04
P-010312,V-00539,EMEA-E,Turkey,7,11.6,0,78,-0.05
P-010314,V-00555,APAC-IN,India,6,4.6,0,96,-0.02
P-010315,V-00287,EMEA-W,France,3,17.6,12,92,-0.07
P-010315,V-00291,APAC-NE,South Korea,8,9.1,4,48,-0.04
P-010317,V-00089,NA-US,United States,6,17.6,8,79,-0.07
P-010317,V-00367,EMEA-W,France,5,1,12,67,0
P-010317,V-00398,EMEA-E,Czechia,8,1.5,8,92,-0.01
P-010318,V-00326,NA-US,United States,7,2.8,12,99,-0.01
P-010318,V-00607,APAC-NE,Taiwan,7,-0.1,12,100,0
P-010319,V-00652,SA,Argentina,7,18.8,0,49,-0.08
P-010321,V-00231,APAC-SE,Vietnam,5,-2.1,0,49,0.01
P-010321,V-00299,NA-MX,Mexico,5,-1.6,12,54,0.01
P-010321,V-00615,EMEA-E,Romania,4,20.6,4,28,-0.08
P-010324,V-00701,EMEA-W,Italy,4,21.1,0,27,-0.08
P-010325,V-00287,EMEA-W,France,4,0.7,0,15,0
P-010325,V-00578,EMEA-E,Turkey,4,14.1,0,68,-0.06
P-010325,V-00617,EMEA-W,Spain,6,15,4,39,-0.06
P-010327,V-00634,EMEA-E,Czechia,5,-3.9,4,58,0.02
P-010327,V-00485,EMEA-E,Czechia,5,15.1,0,47,-0.06
P-010328,V-00547,EMEA-W,Spain,3,17.5,8,31,-0.19
P-010328,V-00022,APAC-IN,India,5,12,12,63,-0.13
P-010328,V-00547,EMEA-W,Spain,5,9.5,0,23,-0.1
P-010331,V-00132,APAC-NE,Taiwan,8,-5.5,4,68,0.02
P-010332,V-00330,NA-MX,Mexico,8,6.7,0,34,-0.03
P-010333,V-00908,NA-MX,Mexico,6,19.6,0,48,-0.08
P-010334,V-00010,EMEA-E,Romania,7,-3.7,6,61,0.01
P-010334,V-00587,APAC-NE,Taiwan,5,5.1,4,86,-0.02
P-010337,V-00074,SA,Argentina,5,-5.5,6,23,0.02
P-010337,V-00299,NA-MX,Mexico,5,0.3,4,47,0
P-010338,V-00259,APAC-NE,China,6,3.2,0,20,-0.01
P-010338,V-00576,NA-MX,Mexico,3,3.8,6,56,-0.02
P-010340,V-00339,SA,Argentina,3,-2.7,0,60,0.01
P-010340,V-00001,NA-US,United States,7,11.9,8,57,-0.05
P-010341,V-00259,APAC-NE,China,4,6.8,4,97,-0.03
P-010341,V-00731,EMEA-W,Spain,3,-5.8,4,93,0.02
P-010341,V-00213,NA-US,United States,2,4.4,0,92,-0.02
P-010342,V-00705,NA-US,United States,5,10.6,0,42,-0.04
P-010342,V-00662,APAC-IN,India,3,3.1,6,47,-0.01
P-010343,V-00182,SA,Argentina,7,6.7,12,62,-0.03
P-010344,V-00293,APAC-NE,Taiwan,4,21.3,4,97,-0.09
P-010344,V-00126,APAC-SE,Indonesia,4,2.2,0,87,-0.01
P-010344,V-00030,SA,Brazil,4,-3.2,0,60,0.01
P-010345,V-00854,NA-US,United States,8,13.3,6,71,-0.05
P-010345,V-00906,EMEA-E,Poland,7,21.2,8,81,-0.08
P-010346,V-00227,APAC-SE,Indonesia,6,20.1,6,53,-0.08
P-010346,V-00004,APAC-NE,Japan,2,11.6,0,93,-0.05
P-010346,V-00165,SA,Brazil,3,8,12,47,-0.03
P-010347,V-00852,EMEA-W,Italy,6,-0.7,8,51,0
P-010347,V-00455,NA-US,United States,3,17.3,6,82,-0.07
P-010349,V-00064,NA-MX,Mexico,6,-0.6,4,22,0
P-010349,V-00946,NA-MX,Mexico,2,9.7,6,28,-0.04
P-010350,V-00791,APAC-SE,Vietnam,8,19.1,4,82,-0.08
P-010350,V-00770,EMEA-E,Turkey,6,12.8,0,83,-0.05
P-010351,V-00127,NA-MX,Mexico,3,-5.8,0,71,0.06
P-010352,V-00669,APAC-SE,Vietnam,7,8.8,8,77,-0.04
P-010352,V-00817,APAC-IN,India,4,-5.1,4,41,0.02
P-010353,V-00460,NA-US,United States,7,3.9,0,23,-0.02
P-010355,V-00872,NA-US,United States,5,-1.2,0,99,0
P-010355,V-00846,NA-MX,Mexico,3,7.1,0,39,-0.03
P-010356,V-00224,NA-US,United States,1,-2,8,61,0.01
P-010356,V-00684,APAC-NE,Japan,6,21.9,4,47,-0.09
P-010356,V-00212,NA-MX,Mexico,3,21.9,4,53,-0.09
P-010357,V-00129,APAC-NE,Japan,3,21.1,8,50,-0.08
P-010357,V-00222,NA-US,United States,5,12.6,0,74,-0.05
P-010357,V-00081,EMEA-E,Romania,6,2.5,4,73,-0.01
P-010359,V-00450,APAC-IN,India,6,8.8,4,45,-0.04
P-010359,V-00333,APAC-IN,India,4,8.8,6,60,-0.04
P-010360,V-00129,APAC-NE,Japan,5,19.4,12,93,-0.21
P-010360,V-00220,EMEA-W,Spain,5,1.1,6,52,-0.01
P-010360,V-00029,APAC-IN,India,3,18.5,8,40,-0.2
P-010361,V-00294,NA-US,United States,4,17.2,8,88,-0.07
P-010361,V-00286,SA,Argentina,5,-2.5,8,87,0.01
P-010361,V-00049,NA-MX,Mexico,9,3.5,4,70,-0.01
P-010366,V-00517,NA-MX,Mexico,7,5.4,8,80,-0.06
P-010366,V-00200,EMEA-W,Germany,6,21.1,0,69,-0.23
P-010366,V-00417,APAC-IN,India,6,-1.3,4,40,0.01
P-010368,V-00293,APAC-NE,Taiwan,4,20.2,6,92,-0.08
P-010369,V-00338,APAC-SE,Vietnam,7,15,12,92,-0.06
P-010370,V-00156,SA,Argentina,6,11.6,12,37,-0.13
P-010371,V-00408,NA-US,United States,3,19.8,8,89,-0.08
P-010371,V-00821,NA-US,United States,7,3.5,0,71,-0.01
P-010371,V-00217,EMEA-W,Spain,3,3.2,4,27,-0.01
P-010373,V-00101,EMEA-W,Spain,6,12.6,0,93,-0.05
P-010375,V-00238,SA,Argentina,4,-4.8,6,41,0.02
P-010375,V-00542,SA,Argentina,4,3.7,0,91,-0.01
P-010375,V-00197,APAC-SE,Indonesia,7,-1.5,4,52,0.01
P-010376,V-00153,SA,Argentina,4,20.8,6,20,-0.08
P-010376,V-00153,SA,Argentina,4,17.1,6,64,-0.07
P-010376,V-00162,EMEA-W,Italy,7,13.5,12,44,-0.05
P-010377,V-00098,EMEA-E,Turkey,4,9.1,12,65,-0.04
P-010377,V-00652,SA,Argentina,9,17,8,15,-0.07
P-010377,V-00264,APAC-IN,India,6,7.8,0,67,-0.03
P-010378,V-00717,SA,Argentina,6,-3.2,0,65,0.01
P-010378,V-00060,APAC-SE,Indonesia,7,7.5,8,15,-0.03
P-010378,V-00211,EMEA-E,Turkey,6,17.9,0,81,-0.07
P-010380,V-00203,NA-US,United States,7,1,12,89,0
P-010380,V-00398,EMEA-E,Czechia,7,12.4,0,25,-0.05
P-010381,V-00764,EMEA-W,Italy,6,0.5,8,18,0
P-010381,V-00523,EMEA-W,France,5,9.8,0,66,-0.04
P-010384,V-00598,APAC-IN,India,9,1.9,8,15,-0.01
P-010385,V-00908,NA-MX,Mexico,5,12.7,0,24,-0.05
P-010385,V-00206,APAC-NE,South Korea,1,-3.7,0,20,0.01
P-010388,V-00753,APAC-SE,Vietnam,5,3.5,4,83,-0.01
P-010390,V-00731,EMEA-W,Spain,4,-0.7,6,45,0
P-010391,V-00604,EMEA-E,Czechia,8,13,0,75,-0.05
P-010392,V-00116,APAC-IN,India,9,7,0,58,-0.03
P-010393,V-00273,NA-MX,Mexico,6,5.5,4,24,-0.02
P-010393,V-00424,NA-US,United States,6,10.2,12,86,-0.04
P-010393,V-00612,EMEA-W,Italy,3,-4.7,12,48,0.02
P-010394,V-00485,EMEA-E,Czechia,3,15.2,0,93,-0.06
P-010394,V-00485,EMEA-E,Czechia,4,17.1,4,85,-0.07
P-010394,V-00291,APAC-NE,South Korea,8,1.8,4,35,-0.01
P-010395,V-00563,APAC-SE,Thailand,3,11.5,0,86,-0.05
P-010397,V-00323,EMEA-E,Czechia,3,-5,6,86,0.02
P-010398,V-00060,APAC-SE,Indonesia,7,-0.4,8,72,0
P-010400,V-00725,EMEA-W,France,6,4.8,8,64,-0.02
P-010401,V-00762,NA-US,United States,4,17.2,0,96,-0.07
P-010401,V-00509,APAC-IN,India,3,7.1,4,53,-0.03
P-010401,V-00196,APAC-NE,Taiwan,6,-0.4,0,22,0
P-010404,V-00374,APAC-SE,Thailand,5,19,4,68,-0.08
P-010404,V-00374,APAC-SE,Thailand,4,15.3,6,29,-0.06
P-010408,V-00416,APAC-SE,Indonesia,4,14.7,8,53,-0.06
P-010408,V-00142,EMEA-W,Italy,6,-0.1,12,85,0
P-010408,V-00442,NA-MX,Mexico,3,21.3,8,41,-0.09
P-010409,V-00274,EMEA-W,Spain,5,17,4,100,-0.07
P-010410,V-00086,EMEA-E,Czechia,8,6.2,6,86,-0.02
P-010411,V-00616,APAC-SE,Malaysia,3,3.5,0,50,-0.01
P-010412,V-00040,APAC-NE,China,7,15.4,6,69,-0.17
P-010412,V-00071,EMEA-E,Turkey,5,8.2,6,60,-0.09
P-010415,V-00602,APAC-SE,Thailand,2,2.8,6,59,-0.03
P-010417,V-00053,APAC-IN,India,3,14.3,12,16,-0.06
P-010417,V-00177,APAC-IN,India,4,20.5,8,44,-0.08
P-010417,V-00231,APAC-SE,Vietnam,7,11.9,4,52,-0.05
P-010418,V-00194,APAC-IN,India,2,20.2,6,48,-0.22
P-010419,V-00555,APAC-IN,India,5,17.1,6,41,-0.07
P-010420,V-00055,APAC-IN,India,6,5.6,0,23,-0.02
P-010421,V-00465,APAC-NE,South Korea,7,5.8,0,28,-0.02
P-010421,V-00081,EMEA-E,Romania,9,12.2,8,34,-0.05
P-010422,V-00851,SA,Argentina,5,14.7,4,72,-0.06
P-010422,V-00022,APAC-IN,India,5,12.1,0,30,-0.05
P-010422,V-00295,NA-US,United States,3,7.5,12,55,-0.03
P-010425,V-00624,NA-US,United States,5,5.9,0,53,-0.06
P-010425,V-00728,NA-US,United States,2,17.9,0,70,-0.2
P-010428,V-00190,NA-MX,Mexico,2,5.5,4,35,-0.02
P-010428,V-00139,EMEA-E,Poland,4,21.5,12,49,-0.09
P-010428,V-00664,APAC-NE,Taiwan,8,9.2,0,63,-0.04
P-010429,V-00384,EMEA-W,Italy,6,21.4,4,90,-0.09
P-010430,V-00144,SA,Brazil,5,6.3,0,75,-0.03
P-010433,V-00311,EMEA-W,Spain,6,7.5,6,73,-0.08
P-010437,V-00434,APAC-NE,Japan,3,-1.3,0,56,0.01
P-010437,V-00094,APAC-NE,China,3,14.3,8,69,-0.06
P-010438,V-00164,EMEA-W,Spain,8,-4,4,97,0.02
P-010438,V-00604,EMEA-E,Czechia,9,-1.1,12,76,0
P-010438,V-00557,EMEA-W,Germany,4,3.3,12,92,-0.01
P-010439,V-00925,NA-MX,Mexico,5,21.6,4,86,-0.09
P-010440,V-00519,APAC-NE,Taiwan,4,16.6,6,60,-0.07
P-010440,V-00137,SA,Brazil,6,1.9,0,55,-0.01
P-010440,V-00618,APAC-NE,South Korea,6,17.2,12,37,-0.07
P-010441,V-00472,APAC-SE,Vietnam,7,5.4,0,94,-0.02
P-010441,V-00759,EMEA-W,Italy,4,3.9,4,88,-0.02
P-010443,V-00151,APAC-IN,India,5,20,0,76,-0.08
P-010443,V-00847,APAC-NE,Japan,5,5.7,6,99,-0.02
P-010445,V-00508,SA,Brazil,3,13.2,8,73,-0.05
P-010445,V-00165,SA,Brazil,3,-1.3,8,81,0.01
P-010446,V-00433,SA,Brazil,8,18.4,0,57,-0.07
P-010447,V-00710,EMEA-W,France,4,3.3,0,69,-0.01
P-010448,V-00569,APAC-IN,India,8,-3.1,12,36,0.03
P-010449,V-00076,APAC-IN,India,2,17.4,0,34,-0.07
P-010451,V-00255,EMEA-E,Czechia,3,11.5,8,32,-0.13
P-010451,V-00341,NA-US,United States,8,8.3,0,50,-0.09
P-010451,V-00253,APAC-NE,Taiwan,9,-3.3,0,69,0.04
P-010453,V-00407,EMEA-E,Poland,4,1.7,6,91,-0.01
P-010453,V-00475,APAC-SE,Thailand,6,12,0,86,-0.05
P-010455,V-00582,NA-US,United States,7,7.5,12,99,-0.03
P-010456,V-00198,EMEA-W,Spain,5,-5.2,6,51,0.02
P-010456,V-00592,EMEA-W,Germany,8,4.4,0,96,-0.02
P-010456,V-00555,APAC-IN,India,7,-2.6,12,27,0.01
P-010460,V-00471,APAC-NE,Japan,4,13.2,6,74,-0.15
P-010462,V-00145,NA-MX,Mexico,4,0.1,0,62,0
P-010462,V-00391,SA,Argentina,9,10.6,12,46,-0.04
P-010464,V-00399,APAC-NE,South Korea,7,-0.4,8,58,0
P-010465,V-00102,APAC-IN,India,5,21.7,4,88,-0.09
P-010465,V-00502,SA,Argentina,3,2.9,6,63,-0.01
P-010465,V-01000,EMEA-W,Spain,4,1.7,0,75,-0.01
P-010466,V-00138,EMEA-W,France,3,-5.8,8,61,0.02
P-010467,V-00043,APAC-NE,Taiwan,2,8.2,4,68,-0.03
P-010467,V-00552,EMEA-W,France,4,16.5,4,89,-0.07
P-010467,V-00148,NA-US,United States,3,0.1,6,22,0
P-010468,V-00533,APAC-IN,India,3,21,0,27,-0.08
P-010468,V-00698,APAC-SE,Indonesia,7,15.7,0,24,-0.06
P-010469,V-00057,NA-MX,Mexico,6,17.5,6,67,-0.07
P-010469,V-00111,NA-MX,Mexico,6,8.6,4,25,-0.03
P-010469,V-00839,EMEA-E,Czechia,8,17.4,0,98,-0.07
P-010471,V-00444,APAC-SE,Vietnam,6,5.6,4,24,-0.02
P-010471,V-00590,APAC-IN,India,5,-1.3,4,22,0.01
P-010471,V-00297,APAC-NE,Taiwan,7,5.4,8,89,-0.02
P-010472,V-00277,NA-US,United States,8,16,6,51,-0.18
P-010472,V-00174,EMEA-E,Turkey,3,14.9,0,35,-0.16
P-010472,V-00241,APAC-IN,India,4,0.8,6,17,-0.01
P-010473,V-00708,EMEA-W,Spain,7,8.3,0,64,-0.03
P-010473,V-00310,EMEA-E,Czechia,8,3.8,6,80,-0.02
P-010473,V-00832,APAC-NE,Taiwan,5,8.9,8,96,-0.04
P-010474,V-00493,EMEA-E,Romania,7,8.7,0,39,-0.03
P-010474,V-00946,NA-MX,Mexico,3,17.3,4,100,-0.07
P-010476,V-00033,EMEA-E,Romania,6,21.3,0,18,-0.23
P-010476,V-00201,APAC-IN,India,4,-5,12,64,0.06
P-010476,V-00253,APAC-NE,Taiwan,8,0.6,12,15,-0.01
P-010477,V-00298,APAC-SE,Thailand,6,18.5,0,18,-0.2
P-010477,V-00683,NA-US,United States,3,-5.5,8,37,0.06
P-010478,V-00083,SA,Brazil,7,19.7,0,90,-0.08
P-010479,V-00681,EMEA-E,Turkey,7,7.6,12,56,-0.03
P-010479,V-00573,NA-MX,Mexico,6,12.1,0,64,-0.05
P-010481,V-00215,APAC-SE,Indonesia,4,-5.6,0,72,0.02
P-010481,V-00650,APAC-IN,India,5,22,6,95,-0.09
P-010483,V-00286,SA,Argentina,6,9.8,6,66,-0.04
P-010483,V-00138,EMEA-W,France,4,4.9,8,71,-0.02
P-010483,V-00063,APAC-NE,Japan,2,3.2,12,66,-0.01
P-010484,V-00156,SA,Argentina,5,16.3,6,45,-0.18
P-010485,V-00261,NA-US,United States,3,20.9,0,22,-0.08
P-010485,V-00521,NA-US,United States,4,-2.7,0,55,0.01
P-010485,V-00150,EMEA-E,Poland,4,-0.8,0,35,0
P-010487,V-00473,NA-MX,Mexico,7,6.6,6,54,-0.03
P-010487,V-00648,APAC-IN,India,3,12.9,12,97,-0.05
P-010487,V-00120,APAC-IN,India,6,12,12,16,-0.05
P-010488,V-00202,APAC-NE,China,7,20.7,12,53,-0.08
P-010488,V-00484,EMEA-E,Romania,5,20.1,12,72,-0.08
P-010488,V-00065,EMEA-E,Romania,7,-5.8,6,74,0.02
P-010489,V-00261,NA-US,United States,4,21.8,0,75,-0.09
P-010489,V-00451,NA-MX,Mexico,6,13.9,4,57,-0.06
P-010493,V-00165,SA,Brazil,3,20.6,0,80,-0.08
P-010493,V-00352,SA,Brazil,5,1.9,8,65,-0.01
P-010494,V-00572,EMEA-W,Spain,5,6.6,0,51,-0.03
P-010495,V-01098,EMEA-W,Germany,7,-2.4,8,98,0.01
P-010495,V-00411,EMEA-E,Turkey,4,20.4,12,59,-0.08
P-010495,V-00393,APAC-NE,China,5,20.4,0,87,-0.08
P-010497,V-00029,APAC-IN,India,3,5.3,0,62,-0.02
P-010497,V-00397,NA-MX,Mexico,2,17.6,6,64,-0.07
P-010498,V-00515,EMEA-E,Turkey,8,-3.6,4,95,0.04
P-010499,V-00279,EMEA-E,Czechia,6,-5.6,12,53,0.02
P-010499,V-00609,APAC-NE,Japan,1,8.2,8,33,-0.03
P-010501,V-00088,APAC-SE,Vietnam,5,-3.1,0,90,0.01
P-010502,V-00430,EMEA-W,Italy,4,0.2,12,46,0
P-010502,V-00177,APAC-IN,India,3,18.1,12,89,-0.07
P-010502,V-00076,APAC-IN,India,4,-4.8,0,47,0.02
P-010504,V-00842,EMEA-E,Romania,8,11,8,56,-0.12
P-010504,V-00039,EMEA-E,Romania,8,-2.6,6,96,0.03
P-010505,V-00090,APAC-SE,Thailand,5,-5.1,0,46,0.02
P-010505,V-00055,APAC-IN,India,7,-3.1,4,27,0.01
P-010506,V-00164,EMEA-W,Spain,7,21.5,12,61,-0.09
P-010506,V-00420,APAC-SE,Malaysia,3,1.1,12,70,0
P-010507,V-00060,APAC-SE,Indonesia,6,4.1,12,42,-0.02
P-010508,V-00224,NA-US,United States,1,16.6,8,44,-0.07
P-010508,V-00337,EMEA-W,France,4,-2.5,12,47,0.01
P-010508,V-00771,NA-MX,Mexico,8,10.8,12,28,-0.04
P-010509,V-00055,APAC-IN,India,6,14,6,36,-0.06
P-010509,V-00038,APAC-IN,India,6,14.2,6,79,-0.06
P-010510,V-00518,APAC-SE,Vietnam,2,-3.8,8,75,0.04
P-010511,V-00249,APAC-SE,Indonesia,5,21.3,6,82,-0.09
P-010511,V-00331,NA-MX,Mexico,4,4.8,12,70,-0.02
P-010511,V-00331,NA-MX,Mexico,3,-0.5,12,66,0
P-010514,V-00261,NA-US,United States,3,13.5,12,57,-0.05
P-010515,V-00274,EMEA-W,Spain,4,4.3,8,74,-0.02
P-010515,V-00234,APAC-NE,Japan,5,21.8,4,97,-0.09
P-010516,V-00513,APAC-NE,Taiwan,6,11.6,8,92,-0.05
P-010516,V-00812,NA-MX,Mexico,7,11.4,0,91,-0.05
P-010516,V-00717,SA,Argentina,7,-4,6,53,0.02
P-010517,V-00646,APAC-SE,Malaysia,4,10.4,8,30,-0.11
P-010518,V-00235,APAC-NE,Japan,3,2.8,6,83,-0.01
P-010519,V-00041,NA-US,United States,9,9.1,12,69,-0.04
P-010519,V-00531,NA-MX,Mexico,6,14.7,8,64,-0.06
P-010519,V-00007,SA,Brazil,5,7.2,6,37,-0.03
P-010520,V-00176,NA-US,United States,6,17.4,6,77,-0.07
P-010520,V-00804,SA,Brazil,2,7.2,6,41,-0.03
P-010520,V-00660,EMEA-W,Germany,7,-4,4,30,0.02
P-010521,V-00034,APAC-IN,India,2,14.6,6,70,-0.06
P-010521,V-00071,EMEA-E,Turkey,6,17.3,0,41,-0.07
P-010521,V-00323,EMEA-E,Czechia,4,20.2,8,89,-0.08
P-010524,V-00216,EMEA-W,Italy,3,14.3,8,83,-0.06
P-010524,V-00460,NA-US,United States,6,14,6,73,-0.06
P-010525,V-00649,EMEA-W,France,6,7.5,8,70,-0.08
P-010525,V-00067,EMEA-W,France,2,12.8,4,54,-0.14
P-010526,V-00608,EMEA-W,Germany,6,13.3,8,40,-0.15
P-010526,V-00608,EMEA-W,Germany,7,18.1,6,57,-0.2
P-010528,V-00124,EMEA-W,France,6,-2.9,12,69,0.01
P-010528,V-00511,EMEA-W,France,7,-5.1,0,75,0.02
P-010529,V-00246,NA-MX,Mexico,9,18.2,8,30,-0.07
P-010530,V-00567,EMEA-E,Romania,3,12.2,6,92,-0.05
P-010531,V-00518,APAC-SE,Vietnam,2,21.6,8,48,-0.09
P-010532,V-00446,EMEA-W,France,9,-1.1,8,35,0
P-010532,V-00522,APAC-IN,India,5,15,8,68,-0.06
P-010532,V-00219,NA-US,United States,6,6,0,49,-0.02
P-010536,V-00563,APAC-SE,Thailand,4,-3.8,4,76,0.02
P-010536,V-00062,NA-US,United States,7,4.7,12,92,-0.02
P-010539,V-00118,SA,Brazil,7,11.9,0,38,-0.05
P-010539,V-00024,NA-US,United States,5,6.3,0,27,-0.03
P-010540,V-00124,EMEA-W,France,7,5.2,4,93,-0.02
P-010541,V-00851,SA,Argentina,4,-2.6,0,69,0.01
P-010541,V-00295,NA-US,United States,4,16.5,4,35,-0.07
P-010542,V-00794,APAC-IN,India,5,18,4,26,-0.07
P-010543,V-00014,APAC-NE,South Korea,5,13.7,0,17,-0.05
P-010543,V-00127,NA-MX,Mexico,2,1.1,0,39,0
P-010543,V-00635,SA,Argentina,8,7.3,0,29,-0.03
P-010544,V-00199,NA-MX,Mexico,2,12.9,6,48,-0.05
P-010546,V-00108,NA-US,United States,7,6,0,61,-0.02
P-010546,V-00409,APAC-SE,Indonesia,8,-4.7,0,45,0.02
P-010547,V-00524,APAC-SE,Thailand,9,17.1,8,70,-0.07
P-010547,V-00314,SA,Brazil,9,1.1,12,27,0
P-010548,V-00352,SA,Brazil,7,3.4,6,82,-0.01
P-010548,V-00004,APAC-NE,Japan,1,9.6,8,15,-0.04
P-010552,V-00184,SA,Argentina,5,15.6,0,37,-0.06
P-010554,V-00222,NA-US,United States,4,8.2,6,43,-0.03
P-010555,V-00514,APAC-NE,Japan,4,-5.9,0,57,0.02
P-010555,V-00036,APAC-SE,Vietnam,2,-0.6,6,42,0
P-010555,V-00036,APAC-SE,Vietnam,4,15.6,0,32,-0.06
P-010558,V-00329,SA,Argentina,3,10.7,0,84,-0.04
P-010558,V-00315,NA-US,United States,2,12.1,4,17,-0.05
P-010560,V-00555,APAC-IN,India,4,1.9,8,24,-0.01
P-010560,V-00186,EMEA-E,Romania,7,-5.1,8,89,0.02
P-010560,V-00337,EMEA-W,France,1,18,12,52,-0.07
P-010561,V-00105,APAC-SE,Thailand,5,9.3,0,64,-0.04
P-010562,V-00387,EMEA-W,Germany,5,18.7,8,63,-0.07
P-010562,V-00101,EMEA-W,Spain,4,4.4,8,93,-0.02
P-010564,V-00575,EMEA-W,France,5,17.1,4,52,-0.07
P-010564,V-00162,EMEA-W,Italy,7,0.7,0,26,0
P-010564,V-00725,EMEA-W,France,6,-5.9,0,99,0.02
P-010565,V-00146,NA-MX,Mexico,3,20.4,4,45,-0.08
P-010565,V-00528,SA,Brazil,4,15.1,0,37,-0.06
P-010565,V-00556,EMEA-E,Romania,5,4.6,6,48,-0.02
P-010568,V-00062,NA-US,United States,8,-3.7,8,51,0.01
P-010572,V-00926,EMEA-E,Czechia,5,15.6,6,35,-0.06
P-010572,V-00228,SA,Brazil,7,12.2,0,25,-0.05
P-010574,V-00849,APAC-SE,Vietnam,9,18.3,4,60,-0.07
P-010574,V-00111,NA-MX,Mexico,7,7,6,53,-0.03
P-010574,V-00794,APAC-IN,India,2,-3.9,6,89,0.02
P-010578,V-01139,EMEA-E,Czechia,5,15.6,8,73,-0.06
P-010579,V-00128,SA,Brazil,6,12.7,6,95,-0.05
P-010579,V-00128,SA,Brazil,5,2.9,0,64,-0.01
P-010580,V-00406,EMEA-W,Spain,8,4,0,77,-0.02
P-010580,V-00161,SA,Argentina,3,-2.2,6,41,0.01
P-010581,V-00345,EMEA-E,Poland,5,-3.6,12,58,0.01
P-010581,V-00531,NA-MX,Mexico,5,8.9,6,81,-0.04
P-010583,V-00198,EMEA-W,Spain,6,-3.5,6,76,0.01
P-010583,V-00224,NA-US,United States,4,1.9,6,67,-0.01
P-010584,V-00779,APAC-SE,Malaysia,6,10.9,4,48,-0.04
P-010584,V-00625,APAC-SE,Malaysia,5,-2.7,12,48,0.01
P-010585,V-00534,APAC-NE,Japan,2,3.3,0,23,-0.01
P-010585,V-00882,APAC-NE,South Korea,6,3.5,4,54,-0.01
P-010586,V-00657,SA,Argentina,4,0.4,6,33,0
P-010587,V-00301,APAC-SE,Vietnam,6,2,12,80,-0.01
P-010588,V-00353,APAC-SE,Thailand,7,-3.7,12,90,0.01
P-010588,V-00141,APAC-SE,Malaysia,7,7.4,8,90,-0.03
P-010588,V-00789,SA,Argentina,3,-0.3,0,21,0
P-010589,V-00194,APAC-IN,India,3,-5.1,8,79,0.02
P-010591,V-00770,EMEA-E,Turkey,7,8.9,4,27,-0.04
P-010592,V-00829,APAC-NE,Japan,5,2.5,6,39,-0.01
P-010594,V-00100,APAC-NE,Taiwan,4,19,0,47,-0.08
P-010594,V-00351,APAC-NE,Japan,7,18.4,4,18,-0.07
P-010595,V-00108,NA-US,United States,7,19,0,98,-0.21
P-010596,V-00001,NA-US,United States,7,8.8,8,81,-0.1
P-010597,V-00118,SA,Brazil,5,2.2,6,18,-0.01
P-010597,V-00230,APAC-SE,Vietnam,4,9.2,8,98,-0.04
P-010599,V-00713,APAC-IN,India,7,18.4,0,88,-0.2
P-010601,V-00369,EMEA-E,Romania,2,5.1,4,39,-0.02
P-010601,V-00662,APAC-IN,India,4,-4.2,6,42,0.02
P-010602,V-00770,EMEA-E,Turkey,7,7.2,6,45,-0.03
P-010603,V-00710,EMEA-W,France,3,-3.3,12,17,0.04
P-010603,V-00640,SA,Argentina,2,17.4,0,69,-0.19
P-010603,V-00001,NA-US,United States,8,17.4,0,92,-0.19
P-010604,V-00016,SA,Brazil,4,1.1,0,54,0
P-010606,V-00654,NA-US,United States,6,5.3,6,45,-0.02
P-010606,V-00654,NA-US,United States,5,10.7,6,74,-0.04
P-010607,V-00510,APAC-SE,Vietnam,3,8.9,4,49,-0.04
P-010608,V-00457,NA-MX,Mexico,5,11.6,0,80,-0.05
P-010608,V-00609,APAC-NE,Japan,4,-5.4,0,55,0.02
P-010609,V-00456,APAC-SE,Malaysia,5,8.9,0,68,-0.1
P-010611,V-00331,NA-MX,Mexico,2,10.8,0,68,-0.04
P-010611,V-00202,APAC-NE,China,5,8.7,8,97,-0.03
P-010613,V-00657,SA,Argentina,4,13.2,8,67,-0.05
P-010613,V-00373,NA-MX,Mexico,7,3.6,8,70,-0.01
P-010614,V-00045,NA-US,United States,4,19.9,0,70,-0.08
P-010614,V-00234,APAC-NE,Japan,4,21.1,12,39,-0.08
P-010615,V-00808,APAC-SE,Thailand,7,-2.1,0,100,0.01
P-010616,V-00524,APAC-SE,Thailand,9,19.5,8,48,-0.08
P-010617,V-00005,EMEA-E,Turkey,2,13,12,65,-0.05
P-010617,V-00206,APAC-NE,South Korea,2,18.1,12,67,-0.07
P-010617,V-00152,APAC-SE,Indonesia,4,14.2,8,79,-0.06
P-010619,V-00969,NA-MX,Mexico,5,8.9,12,90,-0.04
P-010623,V-00487,APAC-IN,India,4,19,0,71,-0.08
P-010624,V-00906,EMEA-E,Poland,7,18.5,0,22,-0.07
P-010624,V-00209,SA,Brazil,3,19.2,0,98,-0.08
P-010624,V-00565,SA,Argentina,3,1.2,12,75,0
P-010625,V-00048,NA-US,United States,8,6.3,12,71,-0.03
P-010626,V-00100,APAC-NE,Taiwan,3,5.3,0,31,-0.02
P-010626,V-00477,APAC-IN,India,7,20.3,12,85,-0.08
P-010627,V-00248,APAC-SE,Indonesia,4,17,0,90,-0.07
P-010627,V-00425,NA-US,United States,6,1.8,0,19,-0.01
P-010627,V-00383,APAC-NE,Taiwan,9,-0.4,8,44,0
P-010628,V-00150,EMEA-E,Poland,2,16.9,8,42,-0.07
P-010630,V-00356,NA-MX,Mexico,8,1.8,6,28,-0.02
P-010631,V-00497,APAC-NE,Taiwan,8,12.3,8,82,-0.05
P-010631,V-00610,SA,Brazil,8,-2.3,0,16,0.01
P-010633,V-00850,APAC-NE,Japan,6,5.5,0,78,-0.02
P-010633,V-00277,NA-US,United States,6,15.2,0,52,-0.06
P-010633,V-00584,APAC-IN,India,8,8.6,4,82,-0.03
P-010634,V-00459,EMEA-E,Turkey,2,8.2,12,99,-0.09
P-010634,V-00510,APAC-SE,Vietnam,3,19.6,6,80,-0.22
P-010634,V-00601,EMEA-W,France,7,4.1,0,36,-0.05
P-010636,V-00493,EMEA-E,Romania,8,8,12,15,-0.03
P-010636,V-00946,NA-MX,Mexico,3,-4.1,0,100,0.02
P-010636,V-00733,EMEA-W,Spain,9,19.1,0,53,-0.08
P-010637,V-00384,EMEA-W,Italy,5,2.3,12,61,-0.01
P-010637,V-00620,EMEA-W,Germany,4,4.3,12,15,-0.02
P-010638,V-00635,SA,Argentina,9,7.9,0,41,-0.03
P-010638,V-00490,APAC-IN,India,4,12.2,0,68,-0.05
P-010638,V-00078,APAC-NE,China,4,14.3,0,88,-0.06
P-010639,V-00868,SA,Brazil,9,5.1,4,44,-0.02
P-010642,V-00505,SA,Argentina,8,-5.4,0,54,0.02
P-010642,V-00199,NA-MX,Mexico,3,-6,0,59,0.02
P-010642,V-00116,APAC-IN,India,8,-4.7,0,62,0.02
P-010643,V-00124,EMEA-W,France,7,-3.7,8,68,0.01
P-010644,V-00104,SA,Brazil,4,7.3,4,59,-0.03
P-010644,V-00257,SA,Brazil,4,9.2,12,89,-0.04
P-010644,V-00550,SA,Argentina,5,20.2,8,45,-0.08
P-010645,V-00684,APAC-NE,Japan,4,11.7,0,28,-0.05
P-010645,V-00329,SA,Argentina,3,0.6,6,64,0
P-010645,V-00041,NA-US,United States,8,-1.9,8,87,0.01
P-010646,V-00025,NA-US,United States,8,1.8,4,22,-0.01
P-010647,V-00819,APAC-NE,Taiwan,3,1.4,6,86,-0.01
P-010647,V-00797,APAC-IN,India,3,2.4,8,59,-0.01
P-010648,V-00435,NA-US,United States,3,13.6,0,18,-0.05
P-010648,V-00506,SA,Argentina,3,2.8,12,67,-0.01
P-010648,V-00570,APAC-NE,Japan,6,0.6,6,91,0
P-010649,V-00768,APAC-SE,Indonesia,4,15,12,59,-0.06
P-010649,V-00752,NA-US,United States,7,-3.4,0,67,0.01
P-010650,V-00157,APAC-IN,India,3,16.6,8,82,-0.07
P-010650,V-00144,SA,Brazil,4,18.2,0,60,-0.07
P-010650,V-00812,NA-MX,Mexico,6,20,8,73,-0.08
P-010652,V-00301,APAC-SE,Vietnam,6,9.9,6,67,-0.04
P-010652,V-00432,NA-US,United States,3,15.6,6,93,-0.06
P-010653,V-00236,SA,Brazil,5,5.8,12,64,-0.02
P-010653,V-00287,EMEA-W,France,3,18.5,6,94,-0.07
P-010653,V-00656,SA,Brazil,4,7.5,4,61,-0.03
P-010654,V-00537,SA,Brazil,7,4.4,0,50,-0.02
P-010654,V-00099,SA,Brazil,7,20,12,15,-0.08
P-010654,V-00695,NA-MX,Mexico,4,1.8,6,44,-0.01
P-010657,V-00497,APAC-NE,Taiwan,6,-3.7,4,78,0.01
P-010657,V-00748,NA-US,United States,4,8.9,12,62,-0.04
P-010658,V-00588,APAC-NE,China,5,-0.4,0,64,0
P-010658,V-00303,APAC-SE,Vietnam,7,10.5,0,93,-0.04
P-010658,V-00283,EMEA-W,France,4,19.7,4,37,-0.08
P-010659,V-00542,SA,Argentina,6,13.9,0,15,-0.06
P-010659,V-00836,SA,Argentina,4,12.8,4,30,-0.05
P-010662,V-00710,EMEA-W,France,3,12.5,0,80,-0.05
P-010662,V-00193,NA-US,United States,8,-3.8,8,99,0.02
P-010663,V-00108,NA-US,United States,8,-1.1,6,17,0
P-010666,V-00428,NA-MX,Mexico,7,2.3,12,40,-0.01
P-010667,V-00515,EMEA-E,Turkey,7,9.1,6,17,-0.04
P-010668,V-00397,NA-MX,Mexico,2,2,0,55,-0.02
P-010669,V-00334,NA-US,United States,2,-1.9,0,87,0.01
P-010669,V-00170,EMEA-W,Germany,8,3.6,6,21,-0.01
P-010670,V-00759,EMEA-W,Italy,4,1.1,8,87,0
P-010672,V-00351,APAC-NE,Japan,8,-2.5,0,27,0.01
P-010672,V-00283,EMEA-W,France,4,19.1,0,80,-0.08
P-010672,V-00283,EMEA-W,France,6,6.3,4,37,-0.03
P-010673,V-00036,APAC-SE,Vietnam,3,8,8,53,-0.03
P-010674,V-00095,APAC-NE,China,6,3.9,8,32,-0.02
P-010674,V-00842,EMEA-E,Romania,7,9.7,0,21,-0.04
P-010675,V-00553,EMEA-E,Romania,3,-5.9,4,75,0.02
P-010676,V-00325,EMEA-W,France,4,4.2,6,47,-0.02
P-010676,V-00700,NA-US,United States,5,20.1,12,93,-0.08
P-010677,V-00384,EMEA-W,Italy,7,9,12,29,-0.04
P-010677,V-00118,SA,Brazil,4,1.8,12,82,-0.01
P-010677,V-00123,EMEA-W,Spain,8,-5.2,12,91,0.02
P-010678,V-00486,NA-MX,Mexico,6,5.6,12,37,-0.02
P-010680,V-00145,NA-MX,Mexico,4,-2.3,0,41,0.01
P-010680,V-00615,EMEA-E,Romania,2,6.7,8,92,-0.03
P-010681,V-00014,APAC-NE,South Korea,5,-1.2,8,67,0
P-010681,V-00543,NA-US,United States,5,17.5,8,50,-0.07
P-010687,V-00449,NA-US,United States,5,6.4,8,64,-0.03
P-010687,V-00683,NA-US,United States,2,5.6,6,48,-0.02
P-010687,V-00823,NA-US,United States,3,-1,4,37,0
P-010688,V-00567,EMEA-E,Romania,3,1.5,0,42,-0.01
P-010691,V-00652,SA,Argentina,9,-1.1,8,88,0
P-010691,V-00178,APAC-IN,India,4,15.2,0,30,-0.06
P-010695,V-00791,APAC-SE,Vietnam,5,10.3,8,16,-0.04
P-010695,V-00282,APAC-IN,India,7,7.6,8,66,-0.03
P-010696,V-00299,NA-MX,Mexico,7,13,0,32,-0.14
P-010696,V-00689,NA-US,United States,6,4.1,12,35,-0.05
P-010697,V-00761,SA,Brazil,6,-0.8,0,96,0
P-010697,V-00683,NA-US,United States,4,11.3,12,87,-0.05
P-010699,V-00262,EMEA-E,Poland,7,7.9,8,43,-0.03
P-010699,V-00423,NA-US,United States,2,15.1,8,54,-0.06
P-010699,V-01098,EMEA-W,Germany,7,-2.3,12,37,0.01
P-010700,V-00472,APAC-SE,Vietnam,6,14,12,93,-0.06
P-010701,V-00753,APAC-SE,Vietnam,3,12.4,12,92,-0.05
P-010701,V-00754,NA-MX,Mexico,5,-3.2,6,41,0.01
P-010702,V-00302,NA-US,United States,4,14,8,97,-0.06
P-010704,V-00463,SA,Argentina,8,-3.2,0,57,0.01
P-010704,V-00245,NA-US,United States,5,14.5,12,19,-0.06
P-010705,V-00570,APAC-NE,Japan,6,5.4,4,91,-0.02
P-010706,V-00364,APAC-SE,Malaysia,6,7.8,4,80,-0.03
P-010706,V-00149,NA-US,United States,6,-5.3,6,80,0.02
P-010708,V-00179,APAC-SE,Thailand,6,-4.2,12,69,0.05
P-010709,V-00364,APAC-SE,Malaysia,6,21.1,0,75,-0.23
P-010709,V-00599,APAC-IN,India,3,13.3,0,89,-0.15
P-010710,V-00868,SA,Brazil,8,6.7,0,77,-0.03
P-010710,V-00150,EMEA-E,Poland,4,3.6,6,36,-0.01
P-010713,V-00103,APAC-SE,Indonesia,6,18,0,34,-0.07
P-010713,V-00369,EMEA-E,Romania,1,13.5,0,59,-0.05
P-010713,V-00406,EMEA-W,Spain,7,11.6,12,34,-0.05
P-010714,V-00242,APAC-NE,Japan,5,12,0,77,-0.05
P-010715,V-00797,APAC-IN,India,5,-5.8,12,88,0.02
P-010715,V-00383,APAC-NE,Taiwan,8,13,12,58,-0.05
P-010715,V-00119,APAC-SE,Malaysia,4,7.4,4,52,-0.03
P-010717,V-00392,NA-US,United States,4,6.4,8,17,-0.03
P-010717,V-00295,NA-US,United States,3,22,12,85,-0.09
P-010717,V-00219,NA-US,United States,5,14.1,12,87,-0.06
P-010718,V-00334,NA-US,United States,2,1.8,6,89,-0.01
P-010719,V-00738,APAC-IN,India,7,21.1,4,51,-0.08
P-010719,V-00434,APAC-NE,Japan,3,17.7,8,58,-0.07
P-010722,V-00959,SA,Argentina,8,15.6,0,64,-0.17
P-010722,V-00551,EMEA-E,Czechia,4,8.4,0,97,-0.09
P-010726,V-00236,SA,Brazil,4,6.1,12,83,-0.02
P-010726,V-00634,EMEA-E,Czechia,3,18.7,8,29,-0.07
P-010726,V-00236,SA,Brazil,4,16.3,0,99,-0.07
P-010730,V-00381,APAC-SE,Vietnam,3,10,4,99,-0.04
P-010731,V-00794,APAC-IN,India,3,15.6,12,90,-0.06
P-010731,V-00006,APAC-SE,Indonesia,4,7.2,0,19,-0.03
P-010732,V-00121,SA,Argentina,5,10.2,4,93,-0.04
P-010732,V-00415,APAC-NE,Taiwan,2,10.4,4,61,-0.04
P-010733,V-00525,EMEA-E,Poland,3,-4.8,0,75,0.05
P-010734,V-00576,NA-MX,Mexico,3,-5,0,35,0.02
P-010734,V-00376,SA,Brazil,5,14.1,8,32,-0.06
P-010735,V-00613,EMEA-W,Spain,8,20.4,0,37,-0.08
P-010735,V-00573,NA-MX,Mexico,7,-1.6,4,88,0.01
P-010735,V-00395,NA-US,United States,2,-0.1,0,42,0
P-010736,V-00052,EMEA-E,Turkey,4,4.1,0,62,-0.02
P-010739,V-00466,EMEA-W,Italy,7,-0.6,0,33,0
P-010739,V-00507,APAC-NE,Taiwan,5,8,6,67,-0.03
P-010740,V-00473,NA-MX,Mexico,6,9.8,0,52,-0.04
P-010741,V-00443,NA-US,United States,2,8.8,0,31,-0.04
P-010744,V-00304,NA-US,United States,2,9.1,12,47,-0.04
P-010744,V-00615,EMEA-E,Romania,2,5.7,0,88,-0.02
P-010746,V-00868,SA,Brazil,9,-1,4,51,0
P-010746,V-00737,APAC-SE,Indonesia,7,-3.8,0,55,0.02
P-010746,V-00788,NA-MX,Mexico,4,18.5,6,41,-0.07
P-010747,V-00406,EMEA-W,Spain,6,4,12,40,-0.02
P-010750,V-00083,SA,Brazil,7,4.4,0,49,-0.05
P-010755,V-00496,NA-US,United States,4,16.4,12,100,-0.07
P-010755,V-00053,APAC-IN,India,4,21.6,0,99,-0.09
P-010756,V-00010,EMEA-E,Romania,5,-1.1,0,16,0.01
P-010756,V-00161,SA,Argentina,3,-3.9,12,46,0.04
P-010757,V-00453,SA,Brazil,6,15.4,12,61,-0.17
P-010757,V-00416,APAC-SE,Indonesia,6,-5.1,6,16,0.06
P-010757,V-00176,NA-US,United States,6,1.7,0,78,-0.02
P-010758,V-00448,EMEA-E,Poland,7,17.1,6,38,-0.19
P-010758,V-00717,SA,Argentina,8,3.6,6,78,-0.04
P-010759,V-00200,EMEA-W,Germany,4,9.7,0,59,-0.04
P-010759,V-00339,SA,Argentina,2,6.5,6,69,-0.03
P-010759,V-00808,APAC-SE,Thailand,8,14,6,45,-0.06
P-010762,V-00030,SA,Brazil,3,8.8,0,83,-0.04
P-010762,V-00420,APAC-SE,Malaysia,3,16.3,4,75,-0.07
P-010763,V-00807,EMEA-E,Turkey,7,-5.1,6,88,0.02
P-010765,V-00301,APAC-SE,Vietnam,5,-0.9,4,64,0
P-010765,V-00175,NA-US,United States,1,15.8,0,27,-0.06
P-010766,V-00472,APAC-SE,Vietnam,8,-4.8,4,53,0.02
P-010766,V-00839,EMEA-E,Czechia,7,6.7,4,70,-0.03
P-010767,V-00585,SA,Brazil,6,11.2,0,68,-0.04
P-010767,V-00361,NA-MX,Mexico,5,6.1,6,32,-0.02
P-010767,V-00512,NA-US,United States,4,7,0,100,-0.03
P-010768,V-00331,NA-MX,Mexico,3,6.4,6,100,-0.03
P-010768,V-00202,APAC-NE,China,6,2,8,34,-0.01
P-010768,V-00048,NA-US,United States,8,18.6,6,76,-0.07
P-010770,V-00047,APAC-SE,Vietnam,5,19.8,8,80,-0.22
P-010770,V-00765,EMEA-E,Poland,7,10.6,12,33,-0.12
P-010770,V-00536,SA,Brazil,5,8.6,12,69,-0.09
P-010771,V-00062,NA-US,United States,8,12.7,6,90,-0.14
P-010773,V-00289,EMEA-E,Turkey,5,-0.4,4,96,0
P-010775,V-00450,APAC-IN,India,6,16.2,0,56,-0.06
P-010776,V-00057,NA-MX,Mexico,7,-0.8,0,90,0.01
P-010777,V-00043,APAC-NE,Taiwan,4,6.8,4,25,-0.03
P-010778,V-00325,EMEA-W,France,5,20.6,0,68,-0.08
P-010780,V-00445,EMEA-W,France,3,-5.8,4,60,0.02
P-010782,V-00429,APAC-NE,Japan,5,-2.6,12,26,0.01
P-010782,V-00526,APAC-IN,India,2,-2.3,0,73,0.01
P-010782,V-00457,NA-MX,Mexico,7,-5.3,0,100,0.02
P-010786,V-00771,NA-MX,Mexico,6,18,8,17,-0.07
P-010787,V-00347,APAC-SE,Malaysia,5,2.6,0,84,-0.01
P-010787,V-00528,SA,Brazil,4,-0.8,4,60,0
P-010788,V-00872,NA-US,United States,5,12.7,4,36,-0.14
P-010790,V-00172,EMEA-W,Germany,1,-4.2,0,95,0.02
P-010790,V-00438,EMEA-E,Poland,5,16.9,0,89,-0.07
P-010791,V-00046,NA-MX,Mexico,6,9.3,6,95,-0.04
P-010794,V-00771,NA-MX,Mexico,6,-2.8,4,67,0.01
P-010794,V-00175,NA-US,United States,4,8.9,0,33,-0.04
P-010794,V-00207,APAC-SE,Indonesia,7,21.8,4,18,-0.09
P-010795,V-00610,SA,Brazil,8,-2.5,0,85,0.03
P-010795,V-00468,NA-US,United States,8,3.5,12,49,-0.04
P-010797,V-00182,SA,Argentina,5,18.3,6,76,-0.07
P-010799,V-00099,SA,Brazil,5,9.4,4,20,-0.04
P-010799,V-00831,APAC-SE,Thailand,2,12.3,12,67,-0.05
P-010799,V-00685,APAC-SE,Vietnam,4,20.9,6,51,-0.08
P-010800,V-00111,NA-MX,Mexico,6,13.8,0,36,-0.06
P-010801,V-00684,APAC-NE,Japan,5,6.9,4,96,-0.03
P-010801,V-00013,SA,Argentina,1,8.8,0,74,-0.04
P-010801,V-00598,APAC-IN,India,7,3.3,0,56,-0.01
P-010802,V-00346,EMEA-E,Poland,3,-0.5,6,57,0
P-010804,V-00310,EMEA-E,Czechia,9,12.7,0,51,-0.05
P-010805,V-00368,NA-US,United States,6,11,0,52,-0.04
P-010805,V-00082,SA,Argentina,4,8.2,0,60,-0.03
P-010805,V-00614,SA,Brazil,3,-4.5,4,43,0.02
P-010806,V-00268,APAC-NE,South Korea,4,19.6,0,56,-0.08
P-010806,V-00016,SA,Brazil,2,14,4,98,-0.06
P-010806,V-00035,SA,Argentina,8,9,6,35,-0.04
P-010807,V-00788,NA-MX,Mexico,3,6.3,0,80,-0.03
P-010808,V-00481,EMEA-W,Italy,7,10.2,12,36,-0.04
P-010808,V-00018,NA-US,United States,4,21.9,0,45,-0.09
P-010808,V-00658,SA,Brazil,7,6.8,0,92,-0.03
P-010811,V-00235,APAC-NE,Japan,5,-2,6,77,0.01
P-010811,V-00540,NA-US,United States,4,11.5,0,32,-0.05
P-010811,V-00235,APAC-NE,Japan,5,3.2,6,34,-0.01
P-010814,V-00465,APAC-NE,South Korea,7,10.3,0,47,-0.11
P-010814,V-00484,EMEA-E,Romania,7,6.9,4,80,-0.08
P-010815,V-00494,APAC-IN,India,7,5.5,0,29,-0.02
P-010815,V-00568,APAC-IN,India,6,20,0,39,-0.08
P-010815,V-00674,NA-MX,Mexico,8,-2.9,12,55,0.01
P-010816,V-00099,SA,Brazil,5,3.7,4,48,-0.01
P-010816,V-00685,APAC-SE,Vietnam,3,-2.6,12,41,0.01
P-010817,V-00125,EMEA-W,France,7,5.3,0,85,-0.02
P-010817,V-00163,APAC-NE,Taiwan,6,4.7,8,59,-0.02
P-010817,V-00854,NA-US,United States,6,13.2,12,99,-0.05
P-010818,V-00354,NA-MX,Mexico,5,13,0,27,-0.05
P-010818,V-00855,NA-MX,Mexico,6,12.8,4,84,-0.05
P-010818,V-00630,APAC-NE,China,6,12.5,0,29,-0.05
P-010819,V-00156,SA,Argentina,6,11.2,6,38,-0.04
P-010819,V-00698,APAC-SE,Indonesia,8,8.2,4,83,-0.03
P-010820,V-00335,EMEA-E,Czechia,4,8.7,0,99,-0.1
P-010820,V-00216,EMEA-W,Italy,4,-2.5,0,54,0.03
P-010821,V-00838,NA-US,United States,5,-1.9,0,55,0.01
P-010822,V-00286,SA,Argentina,6,21.2,6,96,-0.08
P-010822,V-00179,APAC-SE,Thailand,3,11.8,6,100,-0.05
P-010822,V-00346,EMEA-E,Poland,3,-0.5,0,27,0
P-010823,V-00450,APAC-IN,India,6,-3.2,0,62,0.01
P-010823,V-00637,NA-MX,Mexico,4,6.3,0,95,-0.03
P-010824,V-00060,APAC-SE,Indonesia,6,18,12,71,-0.07
P-010824,V-00635,SA,Argentina,8,-4.9,8,54,0.02
P-010825,V-00334,NA-US,United States,4,1.7,0,39,-0.01
P-010825,V-00574,APAC-SE,Malaysia,5,16.9,4,18,-0.07
P-010826,V-00388,EMEA-W,Spain,4,17.4,0,65,-0.19
P-010828,V-00818,APAC-NE,South Korea,6,15,12,86,-0.17
P-010829,V-00652,SA,Argentina,8,16,0,62,-0.06
P-010829,V-00098,EMEA-E,Turkey,4,10.6,0,25,-0.04
P-010829,V-00288,NA-MX,Mexico,7,11.4,0,52,-0.05
P-010830,V-00551,EMEA-E,Czechia,3,3,0,93,-0.01
P-010831,V-00946,NA-MX,Mexico,4,-2.6,4,84,0.01
P-010832,V-00153,SA,Argentina,3,7.8,6,51,-0.03
P-010832,V-00136,APAC-SE,Indonesia,8,3.6,0,41,-0.01
P-010833,V-00406,EMEA-W,Spain,6,1.5,0,26,-0.01
P-010833,V-00550,SA,Argentina,4,-0.2,6,70,0
P-010834,V-00640,SA,Argentina,2,12.9,0,95,-0.05
P-010834,V-00193,NA-US,United States,7,19,12,43,-0.08
P-010834,V-00808,APAC-SE,Thailand,7,7.3,8,46,-0.03
P-010835,V-00507,APAC-NE,Taiwan,4,14.4,8,90,-0.06
P-010835,V-00694,APAC-NE,China,8,9.9,0,51,-0.04
P-010835,V-00190,NA-MX,Mexico,3,13.8,6,18,-0.06
P-010836,V-00374,APAC-SE,Thailand,6,14.8,8,39,-0.06
P-010836,V-00176,NA-US,United States,8,20.7,4,21,-0.08
P-010836,V-00506,SA,Argentina,4,7.3,12,39,-0.03
P-010837,V-00172,EMEA-W,Germany,1,-5.6,0,27,0.06
P-010837,V-00274,EMEA-W,Spain,5,-5.2,12,95,0.06
P-010838,V-00141,APAC-SE,Malaysia,5,-0.9,0,35,0
P-010838,V-00007,SA,Brazil,4,20.5,6,49,-0.08
P-010840,V-00361,NA-MX,Mexico,4,0.7,0,91,0
P-010840,V-00184,SA,Argentina,6,21.5,6,32,-0.09
P-010841,V-00633,NA-MX,Mexico,4,17.8,6,18,-0.2
P-010841,V-00118,SA,Brazil,7,21.2,6,80,-0.23
P-010842,V-00753,APAC-SE,Vietnam,3,14,4,76,-0.15
P-010844,V-00374,APAC-SE,Thailand,5,-3,8,82,0.01
P-010844,V-00731,EMEA-W,Spain,4,-2.9,12,60,0.01
P-010845,V-00079,APAC-IN,India,7,2.9,6,29,-0.03
P-010847,V-00226,SA,Brazil,6,12.2,0,78,-0.05
P-010847,V-00066,EMEA-E,Turkey,8,5.8,0,79,-0.02
P-010847,V-00130,NA-US,United States,7,17,6,100,-0.07
P-010848,V-00891,EMEA-E,Poland,4,0.7,8,90,-0.01
P-010848,V-00817,APAC-IN,India,4,5.6,4,52,-0.06
P-010848,V-00885,NA-MX,Mexico,4,-3.6,12,63,0.04
P-010849,V-00217,EMEA-W,Spain,5,-2,12,96,0.01
P-010853,V-00006,APAC-SE,Indonesia,4,0.1,4,81,0
P-010854,V-00642,EMEA-E,Czechia,5,-2.5,8,24,0.01
P-010856,V-00180,APAC-IN,India,6,3,4,61,-0.01
P-010857,V-00914,EMEA-W,Italy,3,15.9,12,87,-0.06
P-010857,V-00819,APAC-NE,Taiwan,4,16.5,4,19,-0.07
P-010858,V-00372,NA-MX,Mexico,4,6.3,4,49,-0.03
P-010858,V-00418,APAC-NE,Taiwan,4,-5.4,4,57,0.02
P-010858,V-00658,SA,Brazil,4,-0.3,12,96,0
P-010859,V-00129,APAC-NE,Japan,4,15.9,4,95,-0.06
P-010860,V-00059,EMEA-E,Czechia,2,-3.8,8,62,0.02
P-010861,V-00383,APAC-NE,Taiwan,9,13.3,6,63,-0.05
P-010861,V-00425,NA-US,United States,4,-1.8,12,65,0.01
P-010861,V-00819,APAC-NE,Taiwan,3,21.1,0,83,-0.08
P-010862,V-00264,APAC-IN,India,9,-4.2,8,100,0.05
P-010863,V-00636,NA-US,United States,7,16.3,4,30,-0.07
P-010863,V-00708,EMEA-W,Spain,6,8.7,12,71,-0.03
P-010863,V-00726,APAC-IN,India,5,20.7,4,28,-0.08
P-010865,V-00364,APAC-SE,Malaysia,6,6.8,4,59,-0.03
P-010865,V-00056,APAC-SE,Malaysia,7,19.8,0,61,-0.08
P-010865,V-00268,APAC-NE,South Korea,2,10.2,12,68,-0.04
P-010866,V-00113,APAC-NE,China,6,16.3,0,43,-0.07
P-010867,V-00620,EMEA-W,Germany,2,2.5,0,96,-0.01
P-010867,V-00570,APAC-NE,Japan,6,16.6,0,37,-0.07
P-010868,V-00308,APAC-SE,Indonesia,6,0.5,12,92,0
P-010868,V-00668,APAC-NE,Taiwan,3,-0.2,0,100,0
P-010869,V-00315,NA-US,United States,4,-3.5,0,75,0.01
P-010869,V-00198,EMEA-W,Spain,6,4.6,4,67,-0.02
P-010869,V-00744,SA,Brazil,7,15.3,0,80,-0.06
P-010870,V-00598,APAC-IN,India,7,-4,0,59,0.04
P-010870,V-00684,APAC-NE,Japan,6,-3.6,4,30,0.04
P-010870,V-00301,APAC-SE,Vietnam,5,16.3,4,48,-0.18
P-010872,V-00665,APAC-SE,Vietnam,2,10,4,18,-0.04
P-010872,V-00510,APAC-SE,Vietnam,4,16.3,0,65,-0.07
P-010878,V-00121,SA,Argentina,5,9.5,6,48,-0.04
P-010878,V-00067,EMEA-W,France,4,11.8,4,67,-0.05
P-010878,V-00078,APAC-NE,China,3,8.2,4,41,-0.03
P-010879,V-00434,APAC-NE,Japan,5,1.2,6,35,0
P-010880,V-00744,SA,Brazil,5,8.6,4,89,-0.09
P-010880,V-00555,APAC-IN,India,6,2.3,0,61,-0.03
P-010883,V-00612,EMEA-W,Italy,2,5.1,0,22,-0.06
P-010883,V-00323,EMEA-E,Czechia,3,0.8,12,75,-0.01
P-010886,V-00468,NA-US,United States,5,5.5,8,24,-0.02
P-010886,V-00568,APAC-IN,India,6,21.9,0,67,-0.09
P-010886,V-00568,APAC-IN,India,5,11.1,0,66,-0.04
P-010887,V-00014,APAC-NE,South Korea,5,-1.3,4,81,0.01
P-010887,V-00717,SA,Argentina,9,19.8,0,73,-0.08
P-010888,V-00149,NA-US,United States,4,-3.8,6,28,0.02
P-010888,V-00512,NA-US,United States,7,8.1,12,38,-0.03
P-010889,V-00049,NA-MX,Mexico,8,19.7,8,91,-0.22
P-010889,V-00203,NA-US,United States,8,4.7,6,78,-0.05
P-010890,V-00376,SA,Brazil,4,20.6,12,24,-0.23
P-010890,V-00723,EMEA-E,Poland,1,18.7,8,39,-0.21
P-010890,V-00230,APAC-SE,Vietnam,5,-4.1,0,49,0.05
P-010891,V-00126,APAC-SE,Indonesia,3,-2.5,12,48,0.01
P-010893,V-00817,APAC-IN,India,1,10.6,0,16,-0.04
P-010894,V-00647,APAC-SE,Vietnam,2,14.9,6,98,-0.06
P-010894,V-00603,SA,Argentina,2,17.7,4,32,-0.07
P-010895,V-00083,SA,Brazil,6,17.4,0,35,-0.07
P-010896,V-00534,APAC-NE,Japan,3,16,8,90,-0.06
P-010898,V-00191,EMEA-E,Turkey,7,16,8,95,-0.06
P-010898,V-00063,APAC-NE,Japan,3,5.6,12,42,-0.02
P-010899,V-00266,SA,Brazil,5,8.9,8,26,-0.04
P-010899,V-00031,APAC-NE,China,4,3.7,6,60,-0.01
P-010900,V-00460,NA-US,United States,5,-6,6,21,0.02
P-010902,V-00114,APAC-NE,Taiwan,7,8.1,6,55,-0.03
P-010903,V-00746,EMEA-W,Spain,3,19.9,0,16,-0.08
P-010903,V-00214,EMEA-W,France,7,10.7,0,90,-0.04
P-010904,V-00423,NA-US,United States,4,13.3,12,94,-0.05
P-010905,V-00571,EMEA-E,Czechia,4,13.5,8,21,-0.05
P-010905,V-00213,NA-US,United States,3,-3.2,4,33,0.01
P-010905,V-00419,SA,Argentina,4,-3.3,12,83,0.01
P-010906,V-00314,SA,Brazil,8,10,6,34,-0.04
P-010906,V-00348,EMEA-W,Spain,5,6.2,12,98,-0.02
P-010906,V-00136,APAC-SE,Indonesia,9,-3.8,4,93,0.02
P-010907,V-00267,NA-MX,Mexico,4,6.2,0,88,-0.02
P-010907,V-00526,APAC-IN,India,3,16.8,8,88,-0.07
P-010908,V-00764,EMEA-W,Italy,6,1.4,6,95,-0.01
P-010908,V-00350,NA-US,United States,5,10.1,6,62,-0.04
P-010908,V-00578,EMEA-E,Turkey,5,12.1,12,58,-0.05
P-010909,V-00528,SA,Brazil,6,-3.9,0,86,0.02
P-010909,V-00316,NA-MX,Mexico,7,1.4,12,60,-0.01
P-010911,V-00774,EMEA-E,Romania,7,14.2,8,46,-0.06
P-010911,V-00455,NA-US,United States,4,-5.1,0,28,0.02
P-010912,V-00452,APAC-IN,India,8,15,0,18,-0.06
P-010913,V-00638,EMEA-W,Germany,8,18.7,0,62,-0.07
P-010913,V-00688,NA-US,United States,4,-3.9,4,72,0.02
P-010913,V-00447,NA-MX,Mexico,7,-2.1,12,41,0.01
P-010914,V-00289,EMEA-E,Turkey,5,11.7,12,98,-0.05
P-010915,V-00456,APAC-SE,Malaysia,6,2.2,0,87,-0.02
P-010916,V-00574,APAC-SE,Malaysia,5,7.8,0,80,-0.03
P-010916,V-00016,SA,Brazil,5,13.5,12,57,-0.05
P-010917,V-00925,NA-MX,Mexico,7,7.9,6,16,-0.09
P-010917,V-00670,EMEA-E,Czechia,4,8.5,0,82,-0.09
P-010918,V-00419,SA,Argentina,6,1.2,12,29,0
P-010918,V-00133,EMEA-E,Turkey,5,20.8,0,92,-0.08
P-010921,V-00129,APAC-NE,Japan,4,9.7,12,25,-0.11
P-010921,V-00343,NA-MX,Mexico,3,14.8,0,46,-0.16
P-010922,V-00563,APAC-SE,Thailand,2,8.3,0,83,-0.09
P-010922,V-00510,APAC-SE,Vietnam,5,13.8,6,80,-0.15
P-010922,V-00359,NA-MX,Mexico,5,1.6,4,98,-0.02
P-010923,V-00096,EMEA-W,Spain,3,19.7,0,22,-0.08
P-010923,V-00079,APAC-IN,India,6,11.8,4,37,-0.05
P-010924,V-00306,EMEA-E,Turkey,8,11.3,12,39,-0.05
P-010924,V-00325,EMEA-W,France,2,2.5,0,80,-0.01
P-010924,V-00608,EMEA-W,Germany,8,-4.9,4,72,0.02
P-010925,V-00785,SA,Argentina,7,5,0,47,-0.02
P-010927,V-00662,APAC-IN,India,4,19.1,4,33,-0.08
P-010927,V-00483,EMEA-W,Germany,6,15.6,0,22,-0.06
P-010927,V-00375,SA,Brazil,4,18.8,6,50,-0.08
P-010929,V-00471,APAC-NE,Japan,6,3.1,8,36,-0.01
P-010929,V-00361,NA-MX,Mexico,3,5.4,0,53,-0.02
P-010930,V-00090,APAC-SE,Thailand,4,11.1,6,46,-0.04
P-010930,V-00774,EMEA-E,Romania,8,2.4,8,56,-0.01
P-010933,V-00478,APAC-SE,Vietnam,4,14.6,4,100,-0.06
P-010933,V-00322,EMEA-E,Poland,5,-5.7,8,25,0.02
P-010933,V-00277,NA-US,United States,8,11,8,71,-0.04
P-010934,V-00770,EMEA-E,Turkey,6,-0.7,0,28,0
P-010934,V-00347,APAC-SE,Malaysia,3,5.4,6,75,-0.02
P-010934,V-00561,APAC-NE,Japan,8,12.8,4,97,-0.05
P-010935,V-00465,APAC-NE,South Korea,7,12.2,6,16,-0.05
P-010935,V-00202,APAC-NE,China,5,20.7,8,42,-0.08
P-010936,V-00428,NA-MX,Mexico,6,12.8,0,73,-0.05
P-010936,V-00244,EMEA-E,Czechia,4,17.7,12,37,-0.07
P-010936,V-00192,APAC-SE,Malaysia,2,10.3,0,29,-0.04
P-010938,V-00259,APAC-NE,China,5,15.8,12,90,-0.06
P-010940,V-00558,EMEA-E,Turkey,9,17.5,0,55,-0.07
P-010940,V-00070,EMEA-E,Turkey,6,18.5,6,41,-0.07
P-010941,V-00109,NA-US,United States,5,-6,0,36,0.02
P-010942,V-00487,APAC-IN,India,4,9.9,6,39,-0.04
P-010945,V-00759,EMEA-W,Italy,4,17.1,6,56,-0.07
P-010945,V-00549,EMEA-W,Italy,6,18.3,8,82,-0.07
P-010945,V-00115,APAC-NE,Taiwan,5,9.7,6,23,-0.04
P-010946,V-00258,NA-US,United States,6,14.1,0,96,-0.06
P-010948,V-00199,NA-MX,Mexico,3,1.7,0,84,-0.01
P-010948,V-00591,SA,Brazil,7,19.3,0,65,-0.08
P-010948,V-00036,APAC-SE,Vietnam,3,15,8,20,-0.06
P-010949,V-00719,NA-US,United States,4,-1.5,12,92,0.01
P-010949,V-00468,NA-US,United States,6,13.7,0,97,-0.05
P-010950,V-00580,NA-MX,Mexico,5,14.6,4,70,-0.06
P-010950,V-00238,SA,Argentina,5,16,4,56,-0.06
P-010950,V-00467,APAC-SE,Malaysia,6,-2.6,8,44,0.01
P-010952,V-00576,NA-MX,Mexico,2,6,0,63,-0.02
P-010953,V-00159,EMEA-W,Italy,6,-0.7,0,62,0
P-010953,V-00465,APAC-NE,South Korea,7,21.8,0,35,-0.09
P-010954,V-00666,APAC-SE,Indonesia,4,13.7,12,88,-0.15
P-010955,V-00622,APAC-NE,China,4,15.1,12,34,-0.17
P-010955,V-00077,NA-US,United States,4,0.6,8,20,-0.01
P-010956,V-00337,EMEA-W,France,3,3.5,0,76,-0.01
P-010956,V-00301,APAC-SE,Vietnam,6,19.5,12,52,-0.08
P-010957,V-00020,APAC-NE,Japan,4,20,0,66,-0.22
P-010961,V-00962,APAC-NE,Japan,9,2.7,0,58,-0.01
P-010963,V-00435,NA-US,United States,3,4.8,4,89,-0.02
P-010966,V-00235,APAC-NE,Japan,3,17.7,6,34,-0.19
P-010966,V-00366,NA-MX,Mexico,5,1.3,0,46,-0.01
P-010967,V-00056,APAC-SE,Malaysia,6,14.7,8,30,-0.16
P-010967,V-00268,APAC-NE,South Korea,4,2.2,0,59,-0.02
P-010967,V-00293,APAC-NE,Taiwan,4,14.6,0,30,-0.16
P-010968,V-00686,APAC-NE,South Korea,4,15,0,16,-0.06
P-010968,V-00479,APAC-IN,India,5,16.1,6,45,-0.06
P-010968,V-00064,NA-MX,Mexico,7,13.7,0,33,-0.05
P-010971,V-00295,NA-US,United States,4,9.8,8,36,-0.04
P-010971,V-00522,APAC-IN,India,5,2.7,6,23,-0.01
P-010971,V-00446,EMEA-W,France,8,-2.7,6,54,0.01
P-010973,V-00440,EMEA-E,Turkey,8,10.1,6,59,-0.04
P-010973,V-00817,APAC-IN,India,3,12.1,6,94,-0.05
P-010974,V-00156,SA,Argentina,4,14.6,0,88,-0.06
P-010974,V-00529,APAC-IN,India,3,-5,0,17,0.02
P-010975,V-00073,NA-MX,Mexico,5,3.6,0,77,-0.01
P-010976,V-00769,EMEA-W,Spain,6,14.6,4,94,-0.06
P-010977,V-00709,NA-MX,Mexico,8,20.5,8,74,-0.23
P-010980,V-00380,APAC-SE,Vietnam,5,6.8,6,25,-0.03
P-010980,V-00379,APAC-NE,South Korea,4,-2.2,8,79,0.01
P-010982,V-00448,EMEA-E,Poland,6,18.9,0,49,-0.08
P-010982,V-00501,APAC-NE,China,5,-0.9,8,75,0
P-010983,V-00792,EMEA-E,Romania,6,21.2,6,54,-0.08
P-010984,V-00520,SA,Brazil,5,11.2,6,80,-0.12
P-010984,V-00260,APAC-IN,India,3,21.2,6,21,-0.23
P-010986,V-00131,EMEA-E,Czechia,8,18.5,0,81,-0.2
P-010988,V-00567,EMEA-E,Romania,3,14.1,4,87,-0.06
P-010988,V-00115,APAC-NE,Taiwan,5,16.1,8,24,-0.06
P-010988,V-00111,NA-MX,Mexico,6,17.5,4,32,-0.07
P-010989,V-00167,APAC-IN,India,7,12.8,12,46,-0.05
P-010989,V-00424,NA-US,United States,9,14.6,0,77,-0.06
P-010990,V-00579,NA-US,United States,8,1.7,6,82,-0.01
P-010990,V-00317,APAC-IN,India,5,13.2,6,63,-0.05
P-010993,V-00668,APAC-NE,Taiwan,4,16.6,6,98,-0.07
P-010995,V-00435,NA-US,United States,4,2.6,0,55,-0.01
P-010997,V-00216,EMEA-W,Italy,4,11.4,6,26,-0.05
P-010997,V-00216,EMEA-W,Italy,4,3.2,0,66,-0.01
P-010998,V-00405,NA-MX,Mexico,3,0.7,4,52,0
P-010998,V-00108,NA-US,United States,8,-3.6,4,77,0.01
P-010998,V-00658,SA,Brazil,6,19.1,12,100,-0.08
P-011001,V-00022,APAC-IN,India,5,12.9,4,82,-0.05
P-011001,V-00456,APAC-SE,Malaysia,6,-0.1,4,88,0
P-011002,V-00150,EMEA-E,Poland,4,6.2,12,49,-0.02
P-011002,V-00521,NA-US,United States,6,21.2,0,98,-0.08
P-011003,V-00448,EMEA-E,Poland,7,-5.9,4,25,0.02
P-011003,V-00709,NA-MX,Mexico,5,-2.1,4,24,0.01
P-011003,V-00627,SA,Brazil,6,3.8,0,32,-0.02
P-011004,V-00505,SA,Argentina,6,5.6,12,77,-0.02
P-011004,V-00457,NA-MX,Mexico,4,7.3,0,51,-0.03
P-011005,V-00270,APAC-IN,India,5,7.7,12,81,-0.03
P-011005,V-00685,APAC-SE,Vietnam,4,14.2,8,80,-0.06
P-011005,V-00146,NA-MX,Mexico,4,18.3,12,58,-0.07
P-011008,V-00664,APAC-NE,Taiwan,8,21.9,0,83,-0.24
P-011008,V-00139,EMEA-E,Poland,5,13,12,39,-0.14
P-011011,V-00734,EMEA-E,Poland,5,3.5,12,37,-0.04
P-011011,V-00402,EMEA-W,France,4,18.8,0,65,-0.21
P-011013,V-00498,EMEA-W,France,5,-1.3,8,63,0.01
P-011015,V-00293,APAC-NE,Taiwan,3,1.3,4,80,-0.01
P-011015,V-00106,NA-MX,Mexico,4,3.7,0,30,-0.04
P-011015,V-00030,SA,Brazil,3,-3.3,4,64,0.04
P-011016,V-00149,NA-US,United States,5,7,4,87,-0.03
P-011016,V-00016,SA,Brazil,2,-2.2,0,18,0.01
P-011016,V-00164,EMEA-W,Spain,6,8,12,42,-0.03
P-011017,V-00285,NA-US,United States,3,18.1,0,77,-0.07
P-011017,V-00614,SA,Brazil,5,15,12,95,-0.06
P-011017,V-00794,APAC-IN,India,5,-3.3,12,59,0.01
P-011019,V-00697,NA-US,United States,4,-5.6,0,75,0.02
P-011019,V-00494,APAC-IN,India,6,9.2,8,46,-0.04
P-011019,V-00510,APAC-SE,Vietnam,4,12.7,12,48,-0.05
P-011020,V-00454,EMEA-W,Germany,5,0.6,4,92,0
P-011020,V-00467,APAC-SE,Malaysia,4,-2.5,4,99,0.01
P-011021,V-00564,EMEA-W,Italy,6,7.5,6,15,-0.03
P-011023,V-00501,APAC-NE,China,6,17.9,0,97,-0.07
P-011026,V-00829,APAC-NE,Japan,3,11.1,6,53,-0.04
P-011026,V-00423,NA-US,United States,2,7.4,12,85,-0.03
P-011027,V-00004,APAC-NE,Japan,3,-2,6,26,0.01
P-011028,V-00854,NA-US,United States,8,-2.5,4,100,0.03
P-011031,V-00303,APAC-SE,Vietnam,6,2.4,12,53,-0.01
P-011032,V-00087,APAC-NE,Japan,6,10.6,6,76,-0.04
P-011032,V-00251,SA,Argentina,2,6.4,0,78,-0.03
P-011032,V-00734,EMEA-E,Poland,7,-0.3,6,27,0
P-011033,V-00162,EMEA-W,Italy,7,16.1,12,68,-0.06
P-011036,V-00278,APAC-IN,India,8,0.9,8,73,-0.01
P-011038,V-00259,APAC-NE,China,4,11.5,4,43,-0.13
P-011040,V-00945,APAC-IN,India,4,7.6,6,87,-0.03
P-011040,V-00143,APAC-SE,Vietnam,4,21.5,6,89,-0.09
P-011040,V-00959,SA,Argentina,9,9.5,4,100,-0.04
P-011041,V-00172,EMEA-W,Germany,2,16.6,0,64,-0.07
P-011042,V-00590,APAC-IN,India,8,12.3,0,99,-0.05
P-011043,V-00393,APAC-NE,China,3,14.3,8,81,-0.06
P-011043,V-00363,APAC-IN,India,9,18,0,37,-0.07
P-011044,V-00298,APAC-SE,Thailand,6,20.2,8,43,-0.22
P-011044,V-00417,APAC-IN,India,5,7.4,8,52,-0.08
P-011045,V-00592,EMEA-W,Germany,6,-2.4,6,25,0.01
P-011046,V-00374,APAC-SE,Thailand,6,7.2,4,31,-0.03
P-011047,V-00243,APAC-IN,India,4,-3.2,0,36,0.01
P-011048,V-00691,APAC-IN,India,5,-5.2,6,69,0.06
P-011049,V-00738,APAC-IN,India,7,20.4,8,47,-0.08
P-011049,V-00272,SA,Argentina,3,12,0,56,-0.05
P-011050,V-00448,EMEA-E,Poland,8,9.5,8,77,-0.04
P-011050,V-00577,EMEA-E,Czechia,4,13.5,0,38,-0.05
P-011051,V-00317,APAC-IN,India,5,5.7,8,53,-0.02
P-011052,V-01000,EMEA-W,Spain,4,16.9,0,46,-0.19
P-011052,V-00733,EMEA-W,Spain,8,-3.6,0,76,0.04
P-011056,V-00214,EMEA-W,France,7,-6,0,43,0.07
P-011056,V-00650,APAC-IN,India,4,9.8,4,73,-0.11
P-011058,V-00523,EMEA-W,France,3,13.6,0,28,-0.15
P-011058,V-00764,EMEA-W,Italy,7,20.8,0,35,-0.23
P-011058,V-00428,NA-MX,Mexico,7,5,0,32,-0.06
P-011059,V-00684,APAC-NE,Japan,5,15,0,53,-0.06
P-011059,V-00353,APAC-SE,Thailand,8,21.4,12,37,-0.09
P-011059,V-00684,APAC-NE,Japan,4,13.2,0,73,-0.05
P-011060,V-00430,EMEA-W,Italy,6,21.7,0,46,-0.24
P-011060,V-00266,SA,Brazil,7,-5.2,0,95,0.06
P-011060,V-00177,APAC-IN,India,1,15.3,12,15,-0.17
P-011062,V-00619,EMEA-E,Poland,4,2.2,6,78,-0.01
P-011063,V-00245,NA-US,United States,5,20.3,12,58,-0.08
P-011063,V-00123,EMEA-W,Spain,8,1.5,8,39,-0.01
P-011067,V-00080,EMEA-W,France,5,-2.3,0,21,0.01
P-011068,V-00250,APAC-NE,Japan,1,20.3,4,61,-0.08
P-011068,V-00401,SA,Brazil,4,-0.2,12,25,0
P-011068,V-00527,NA-MX,Mexico,2,13.6,12,82,-0.05
P-011069,V-00086,EMEA-E,Czechia,8,-5.7,4,57,0.02
P-011070,V-00748,NA-US,United States,5,-2.1,4,81,0.01
P-011071,V-00234,APAC-NE,Japan,4,4.8,8,19,-0.02
P-011072,V-00614,SA,Brazil,4,17.4,6,39,-0.07
P-011073,V-00608,EMEA-W,Germany,8,12.8,12,65,-0.05
P-011073,V-00552,EMEA-W,France,5,0.5,0,85,0
P-011074,V-00491,APAC-SE,Malaysia,9,2.1,12,83,-0.01
P-011074,V-00406,EMEA-W,Spain,7,4.8,8,19,-0.02
P-011074,V-00495,SA,Brazil,5,20.2,6,18,-0.08
P-011077,V-00851,SA,Argentina,6,15.9,4,50,-0.06
P-011077,V-00456,APAC-SE,Malaysia,6,1.8,4,47,-0.01
P-011078,V-00470,SA,Brazil,5,11.1,4,25,-0.04
P-011080,V-00126,APAC-SE,Indonesia,3,11.1,0,72,-0.04
P-011081,V-00295,NA-US,United States,3,1.5,6,49,-0.01
P-011081,V-00295,NA-US,United States,2,11.1,12,48,-0.04
P-011081,V-00381,APAC-SE,Vietnam,3,14.9,0,50,-0.06
P-011084,V-00033,EMEA-E,Romania,7,7,12,19,-0.03
P-011086,V-00474,NA-US,United States,2,16.2,12,34,-0.06
P-011086,V-00814,APAC-IN,India,4,-3.6,4,44,0.01
P-011087,V-00348,EMEA-W,Spain,5,20.1,0,47,-0.08
P-011087,V-00153,SA,Argentina,3,8.5,0,46,-0.03
P-011087,V-00664,APAC-NE,Taiwan,8,3.3,6,66,-0.01
P-011088,V-00789,SA,Argentina,4,16.6,0,85,-0.18
P-011088,V-00592,EMEA-W,Germany,9,20.6,0,59,-0.23
P-011088,V-00052,EMEA-E,Turkey,2,4.9,0,87,-0.05
P-011089,V-00773,SA,Brazil,4,-0.8,4,19,0.01
P-011089,V-00569,APAC-IN,India,7,0.4,4,79,0
P-011089,V-00068,EMEA-E,Romania,7,-5.2,12,77,0.06
P-011090,V-00695,NA-MX,Mexico,3,-5.6,8,65,0.06
P-011090,V-00226,SA,Brazil,7,12.9,0,47,-0.14
P-011091,V-00525,EMEA-E,Poland,5,-5.2,4,50,0.06
P-011092,V-00422,EMEA-E,Turkey,5,2.4,8,37,-0.03
P-011092,V-00089,NA-US,United States,8,-5.1,8,33,0.06
P-011092,V-00222,NA-US,United States,4,18.5,4,84,-0.2
P-011093,V-00231,APAC-SE,Vietnam,6,-1.5,12,42,0.01
P-011095,V-00056,APAC-SE,Malaysia,6,4.2,0,15,-0.02
P-011098,V-00309,APAC-NE,China,4,7.1,0,76,-0.03
P-011098,V-00660,EMEA-W,Germany,5,9.2,0,58,-0.04
P-011099,V-00456,APAC-SE,Malaysia,6,-5.7,8,72,0.02
P-011099,V-00022,APAC-IN,India,4,12.9,8,57,-0.05
P-011100,V-00514,APAC-NE,Japan,6,6.3,6,30,-0.03
P-011100,V-00623,APAC-NE,South Korea,8,4.2,8,30,-0.02
P-011103,V-00423,NA-US,United States,2,-2.1,0,61,0.01
P-011103,V-00566,APAC-NE,South Korea,2,19.6,12,91,-0.08
P-011103,V-00829,APAC-NE,Japan,5,-0.2,0,62,0
P-011104,V-00074,SA,Argentina,5,-5.5,0,81,0.02
P-011104,V-00489,SA,Brazil,8,15.8,8,100,-0.06
P-011105,V-00409,APAC-SE,Indonesia,7,-1,8,47,0.01
P-011105,V-00340,NA-US,United States,3,-2.9,8,63,0.03
P-011105,V-00015,EMEA-E,Turkey,8,9.2,8,25,-0.1
P-011107,V-00297,APAC-NE,Taiwan,5,1.2,6,83,0
P-011108,V-00316,NA-MX,Mexico,7,13.5,6,91,-0.05
P-011108,V-00807,EMEA-E,Turkey,6,0,6,88,0
P-011109,V-00669,APAC-SE,Vietnam,5,-2.4,8,84,0.01
P-011109,V-00243,APAC-IN,India,2,2.5,0,88,-0.01
P-011109,V-00464,EMEA-W,Spain,7,3.6,8,88,-0.01
P-011110,V-00414,NA-US,United States,7,15.6,0,55,-0.17
P-011110,V-00836,SA,Argentina,4,18.5,0,88,-0.2
P-011111,V-00007,SA,Brazil,5,10.8,8,79,-0.04
P-011112,V-00536,SA,Brazil,7,0.5,8,63,-0.01
P-011113,V-00065,EMEA-E,Romania,5,-1,12,85,0
P-011115,V-00620,EMEA-W,Germany,2,-2,6,33,0.01
P-011115,V-00225,NA-MX,Mexico,7,10.8,12,51,-0.04
P-011116,V-00033,EMEA-E,Romania,5,15.5,0,44,-0.06
P-011117,V-00256,APAC-NE,Taiwan,3,17.1,12,21,-0.07
P-011117,V-00595,SA,Brazil,3,19.3,0,15,-0.08
P-011117,V-00610,SA,Brazil,8,9.5,8,17,-0.04
P-011118,V-00849,APAC-SE,Vietnam,9,-1.5,12,41,0.01
P-011119,V-00792,EMEA-E,Romania,6,12.8,0,43,-0.05
P-011121,V-00005,EMEA-E,Turkey,4,19.6,6,56,-0.08
P-011121,V-00077,NA-US,United States,4,12.8,6,92,-0.05
P-011122,V-00657,SA,Argentina,2,21.2,8,31,-0.08
P-011122,V-00275,EMEA-E,Turkey,4,5.2,0,43,-0.02
P-011122,V-00341,NA-US,United States,7,-3.8,0,78,0.02
P-011123,V-00268,APAC-NE,South Korea,2,-0.3,0,49,0
P-011125,V-00267,NA-MX,Mexico,5,20.4,0,29,-0.08
P-011125,V-00135,NA-MX,Mexico,5,-3,6,64,0.01
P-011127,V-00592,EMEA-W,Germany,8,3.5,0,20,-0.01
P-011128,V-00052,EMEA-E,Turkey,3,-3.7,6,22,0.04
P-011131,V-00038,APAC-IN,India,6,1.6,12,91,-0.01
P-011132,V-00683,NA-US,United States,4,18.8,0,16,-0.08
P-011133,V-00213,NA-US,United States,4,6.9,8,64,-0.08
P-011133,V-00620,EMEA-W,Germany,4,11.8,6,82,-0.13
P-011134,V-00387,EMEA-W,Germany,6,0.3,12,78,0
P-011135,V-00566,APAC-NE,South Korea,4,-4.7,0,96,0.02
P-011135,V-00733,EMEA-W,Spain,9,19.5,0,74,-0.08
P-011135,V-00393,APAC-NE,China,3,8.6,6,52,-0.03
P-011137,V-00636,NA-US,United States,6,13.6,8,96,-0.05
P-011137,V-00832,APAC-NE,Taiwan,7,-0.6,0,30,0
P-011137,V-00237,EMEA-W,Italy,2,12.3,4,42,-0.05
P-011139,V-00187,APAC-NE,South Korea,6,21.3,4,20,-0.09
P-011139,V-00399,APAC-NE,South Korea,6,0.2,8,80,0
P-011141,V-00660,EMEA-W,Germany,4,-5.9,12,67,0.02
P-011144,V-00280,APAC-IN,India,4,-1,12,50,0
P-011144,V-00465,APAC-NE,South Korea,7,4.8,8,96,-0.02
P-011145,V-00094,APAC-NE,China,3,-3.8,0,93,0.02
P-011145,V-00308,APAC-SE,Indonesia,7,1.9,0,88,-0.01
P-011146,V-00410,APAC-SE,Malaysia,5,19.2,6,85,-0.08
P-011146,V-00337,EMEA-W,France,3,21.2,4,19,-0.08
P-011146,V-00212,NA-MX,Mexico,3,15.1,0,97,-0.06
P-011148,V-00573,NA-MX,Mexico,7,8.6,8,37,-0.03
P-011149,V-00444,APAC-SE,Vietnam,5,-4.6,4,32,0.02
P-011149,V-00023,NA-MX,Mexico,6,12.5,6,31,-0.05
P-011150,V-00852,EMEA-W,Italy,5,-5,6,86,0.06
P-011150,V-00352,SA,Brazil,7,11,4,76,-0.12
P-011151,V-00160,EMEA-E,Czechia,5,12.4,4,57,-0.05
P-011151,V-00311,EMEA-W,Spain,5,19.4,0,24,-0.08
P-011152,V-00855,NA-MX,Mexico,7,-5.4,6,64,0.02
P-011153,V-00540,NA-US,United States,2,16.4,6,97,-0.07
P-011156,V-00662,APAC-IN,India,4,13.6,6,56,-0.05
P-011156,V-00085,NA-MX,Mexico,1,3.7,4,81,-0.01
P-011156,V-00390,EMEA-E,Poland,7,6.6,8,99,-0.03
P-011157,V-00414,NA-US,United States,7,13.3,4,40,-0.05
P-011158,V-00484,EMEA-E,Romania,5,5.4,12,57,-0.06
P-011158,V-00422,EMEA-E,Turkey,4,14.9,0,36,-0.16
P-011159,V-00969,NA-MX,Mexico,5,9.8,6,96,-0.11
P-011160,V-00728,NA-US,United States,2,-5.1,6,80,0.02
P-011160,V-00655,APAC-NE,South Korea,7,3.1,4,78,-0.01
P-011161,V-00180,APAC-IN,India,5,15.4,4,28,-0.06
P-011161,V-00736,NA-US,United States,5,21.8,8,67,-0.09
P-011162,V-00681,EMEA-E,Turkey,6,7,6,80,-0.08
P-011167,V-00268,APAC-NE,South Korea,4,1.9,12,77,-0.02
P-011168,V-00004,APAC-NE,Japan,3,16.2,0,98,-0.06
P-011168,V-00392,NA-US,United States,6,0.2,4,48,0
P-011168,V-00319,NA-MX,Mexico,6,14.3,4,79,-0.06
P-011169,V-00382,APAC-NE,South Korea,7,14.1,4,26,-0.06
P-011169,V-00855,NA-MX,Mexico,9,3.7,8,77,-0.01
P-011169,V-00844,SA,Brazil,8,-1.1,0,22,0
P-011171,V-00234,APAC-NE,Japan,3,16.7,12,44,-0.07
P-011171,V-00246,NA-MX,Mexico,9,-3.6,6,15,0.01
P-011171,V-00471,APAC-NE,Japan,6,20.9,0,90,-0.08
P-011173,V-00130,NA-US,United States,8,8.5,12,29,-0.03
P-011173,V-00685,APAC-SE,Vietnam,1,-4.6,12,66,0.02
P-011173,V-00685,APAC-SE,Vietnam,2,2.2,6,99,-0.01
P-011174,V-00704,SA,Argentina,9,4.6,6,56,-0.02
P-011174,V-00177,APAC-IN,India,3,16.4,8,70,-0.07
P-011174,V-00689,NA-US,United States,6,14.5,8,23,-0.06
P-011176,V-00718,APAC-IN,India,4,15.6,4,44,-0.06
P-011176,V-00100,APAC-NE,Taiwan,3,1.7,6,62,-0.01
P-011179,V-00645,NA-MX,Mexico,5,9.2,4,100,-0.04
P-011181,V-00850,APAC-NE,Japan,9,-0.5,0,76,0
P-011181,V-00823,NA-US,United States,2,18.8,4,92,-0.08
P-011183,V-00688,NA-US,United States,4,10.6,6,27,-0.04
P-011183,V-00336,EMEA-W,Germany,6,18.3,12,94,-0.07
P-011184,V-00412,APAC-SE,Vietnam,6,3.9,0,21,-0.02
P-011184,V-00643,APAC-IN,India,5,19.8,0,32,-0.08
P-011184,V-00434,APAC-NE,Japan,4,7.8,0,88,-0.03
P-011185,V-00261,NA-US,United States,5,2.2,0,62,-0.01
P-011185,V-00436,NA-US,United States,4,5.1,12,46,-0.02
P-011185,V-00847,APAC-NE,Japan,3,2.9,12,73,-0.01
P-011186,V-00306,EMEA-E,Turkey,8,15.4,8,65,-0.17
P-011186,V-00173,APAC-NE,South Korea,4,-2.6,6,31,0.03
P-011186,V-00254,SA,Argentina,5,-2.3,6,21,0.03
P-011187,V-00319,NA-MX,Mexico,6,14.6,0,85,-0.06
P-011187,V-00872,NA-US,United States,6,15.4,12,83,-0.06
P-011187,V-00360,EMEA-E,Czechia,6,12.6,12,15,-0.05
P-011188,V-00275,EMEA-E,Turkey,2,4.7,12,18,-0.02
P-011188,V-00341,NA-US,United States,6,11.9,4,93,-0.05
P-011189,V-00437,EMEA-W,Germany,8,8.1,0,99,-0.09
P-011190,V-00173,APAC-NE,South Korea,3,8.2,6,60,-0.03
P-011194,V-00500,SA,Argentina,6,-0.2,8,80,0
P-011194,V-00642,EMEA-E,Czechia,6,10,0,34,-0.04
P-011195,V-00629,NA-MX,Mexico,3,18.2,4,72,-0.07
P-011195,V-00199,NA-MX,Mexico,3,5.9,0,60,-0.02
P-011195,V-00505,SA,Argentina,5,14.9,12,87,-0.06
P-011197,V-00146,NA-MX,Mexico,3,-5.4,8,67,0.02
P-011198,V-00163,APAC-NE,Taiwan,6,-3.7,0,85,0.01
P-011198,V-00110,EMEA-E,Poland,4,18.4,4,97,-0.07
P-011198,V-00365,APAC-IN,India,7,21.3,0,43,-0.09
P-011199,V-00645,NA-MX,Mexico,5,5.6,4,48,-0.02
P-011200,V-00471,APAC-NE,Japan,7,16.4,6,89,-0.07
P-011201,V-00032,APAC-IN,India,6,-5.4,0,24,0.06
P-011201,V-00260,APAC-IN,India,3,-5,4,52,0.06
P-011201,V-00785,SA,Argentina,5,-3.2,4,61,0.04
P-011202,V-00623,APAC-NE,South Korea,9,-5.1,4,58,0.02
P-011202,V-00199,NA-MX,Mexico,3,-1.5,4,42,0.01
P-011205,V-00062,NA-US,United States,7,0.6,8,24,0
P-011206,V-00842,EMEA-E,Romania,7,16.8,0,25,-0.07
P-011206,V-00069,APAC-SE,Vietnam,4,20.7,6,16,-0.08
P-011206,V-00440,EMEA-E,Turkey,7,5.4,0,72,-0.02
P-011208,V-00267,NA-MX,Mexico,5,17.8,4,33,-0.07
P-011209,V-00103,APAC-SE,Indonesia,5,-5.9,4,75,0.02
P-011209,V-00499,NA-US,United States,4,20.3,4,74,-0.08
P-011209,V-00173,APAC-NE,South Korea,5,7.8,12,92,-0.03
P-011211,V-00577,EMEA-E,Czechia,4,13.4,6,71,-0.05
P-011212,V-00563,APAC-SE,Thailand,4,18.2,6,52,-0.07
P-011212,V-00092,APAC-IN,India,5,20.5,12,60,-0.08
P-011213,V-00336,EMEA-W,Germany,7,2.4,12,18,-0.01
P-011213,V-00253,APAC-NE,Taiwan,9,18.1,6,42,-0.07
P-011213,V-00336,EMEA-W,Germany,6,9.8,0,54,-0.04
P-011214,V-00339,SA,Argentina,5,-4.9,12,70,0.02
P-011214,V-00354,NA-MX,Mexico,4,2.5,6,51,-0.01
P-011215,V-00499,NA-US,United States,6,-0.8,6,61,0
P-011215,V-00483,EMEA-W,Germany,6,1.9,0,62,-0.01
P-011216,V-00582,NA-US,United States,6,-1.1,8,54,0
P-011218,V-00643,APAC-IN,India,5,7.7,0,37,-0.03
P-011218,V-00379,APAC-NE,South Korea,2,9.8,0,65,-0.04
P-011218,V-00454,EMEA-W,Germany,6,21.1,8,44,-0.08
P-011222,V-00709,NA-MX,Mexico,8,6.1,0,80,-0.02
P-011222,V-00211,EMEA-E,Turkey,6,15.9,4,76,-0.06
P-011222,V-00490,APAC-IN,India,3,-2.2,4,21,0.01
P-011225,V-00553,EMEA-E,Romania,4,0,8,71,0
P-011225,V-00962,APAC-NE,Japan,9,8.7,0,41,-0.1
P-011226,V-00039,EMEA-E,Romania,6,-1.3,0,70,0.01
P-011226,V-00436,NA-US,United States,5,17.1,0,83,-0.07
P-011228,V-00334,NA-US,United States,3,3.7,4,81,-0.04
P-011228,V-00604,EMEA-E,Czechia,8,-4.9,12,53,0.05
P-011230,V-00549,EMEA-W,Italy,5,3.9,0,64,-0.02
P-011230,V-00006,APAC-SE,Indonesia,3,12.6,6,39,-0.05
P-011231,V-00420,APAC-SE,Malaysia,3,13,12,52,-0.05
P-011231,V-00106,NA-MX,Mexico,5,-0.8,0,36,0
P-011231,V-00221,APAC-NE,South Korea,9,5.7,0,34,-0.02
P-011233,V-00363,APAC-IN,India,8,-5.4,0,62,0.02
P-011233,V-00025,NA-US,United States,7,0.1,0,55,0
P-011235,V-00574,APAC-SE,Malaysia,7,18.9,4,17,-0.08
P-011236,V-00559,SA,Brazil,2,21.2,4,37,-0.08
P-011237,V-00038,APAC-IN,India,4,7.4,0,72,-0.03
P-011237,V-00456,APAC-SE,Malaysia,6,-4.3,4,30,0.02
P-011237,V-00004,APAC-NE,Japan,2,0.6,8,64,0
P-011238,V-00524,APAC-SE,Thailand,8,0.5,0,47,0
P-011239,V-00004,APAC-NE,Japan,3,16,8,99,-0.06
P-011239,V-00439,APAC-NE,China,4,9.3,0,95,-0.04
P-011241,V-00225,NA-MX,Mexico,6,5.9,0,87,-0.02
P-011241,V-00504,NA-US,United States,5,15.8,0,20,-0.06
P-011242,V-00108,NA-US,United States,6,-1.9,8,52,0.01
P-011242,V-00589,NA-MX,Mexico,4,16.1,0,62,-0.06
P-011242,V-00107,SA,Brazil,2,8.5,12,94,-0.03
P-011244,V-00100,APAC-NE,Taiwan,3,12.9,0,81,-0.05
P-011244,V-00177,APAC-IN,India,4,-5.3,0,59,0.02
P-011245,V-00169,NA-MX,Mexico,9,21.2,6,79,-0.23
P-011245,V-00382,APAC-NE,South Korea,7,-0.8,4,94,0.01
P-011246,V-00110,EMEA-E,Poland,4,-0.7,0,82,0.01
P-011246,V-00386,APAC-NE,South Korea,4,21.9,6,22,-0.24
P-011247,V-00823,NA-US,United States,2,1.9,0,81,-0.01
P-011247,V-00597,NA-US,United States,4,-5.3,8,95,0.02
P-011250,V-00684,APAC-NE,Japan,4,10.7,0,74,-0.04
P-011250,V-00743,EMEA-E,Czechia,7,-2.8,0,86,0.01
P-011251,V-00112,NA-US,United States,8,2.4,8,45,-0.01
P-011251,V-00638,EMEA-W,Germany,8,11.1,8,81,-0.04
P-011251,V-00033,EMEA-E,Romania,6,11,12,97,-0.04
P-011252,V-00337,EMEA-W,France,4,-3,0,39,0.01
P-011252,V-00013,SA,Argentina,1,15,6,77,-0.06
P-011252,V-00684,APAC-NE,Japan,4,16,0,96,-0.06
P-011254,V-00278,APAC-IN,India,8,9.1,0,56,-0.04
P-011254,V-00206,APAC-NE,South Korea,3,7.5,0,62,-0.03
P-011254,V-00328,NA-MX,Mexico,4,21.9,8,75,-0.09
P-011256,V-00695,NA-MX,Mexico,4,15.1,0,29,-0.17
P-011256,V-00083,SA,Brazil,9,12.7,6,46,-0.14
P-011257,V-00512,NA-US,United States,4,9.8,6,46,-0.11
P-011257,V-00016,SA,Brazil,2,17.8,12,21,-0.2
P-011258,V-00111,NA-MX,Mexico,4,20.8,8,87,-0.08
P-011259,V-00531,NA-MX,Mexico,4,20.7,0,50,-0.23
P-011260,V-00202,APAC-NE,China,6,16.8,8,88,-0.07
P-011260,V-00249,APAC-SE,Indonesia,3,7.1,6,61,-0.03
P-011262,V-00542,SA,Argentina,5,-4.5,6,65,0.02
P-011262,V-00377,EMEA-W,Spain,3,21.6,4,95,-0.09
P-011262,V-00197,APAC-SE,Indonesia,7,7,4,86,-0.03
P-011263,V-00244,EMEA-E,Czechia,3,18.7,6,89,-0.07
P-011263,V-00654,NA-US,United States,4,11.8,4,34,-0.05
P-011264,V-00052,EMEA-E,Turkey,5,3.8,12,85,-0.04
P-011268,V-00114,APAC-NE,Taiwan,5,-2.5,0,40,0.01
P-011269,V-00320,APAC-IN,India,4,10.7,6,31,-0.04
P-011269,V-00061,NA-MX,Mexico,4,4.9,6,39,-0.02
P-011269,V-00284,EMEA-E,Romania,5,20,4,46,-0.08
P-011270,V-00065,EMEA-E,Romania,6,18.4,0,67,-0.07
P-011272,V-00290,APAC-SE,Indonesia,6,9.6,6,25,-0.04
P-011273,V-00373,NA-MX,Mexico,5,19.7,0,89,-0.08
P-011273,V-00112,NA-US,United States,8,4,6,27,-0.02
P-011273,V-00657,SA,Argentina,2,20.3,12,45,-0.08
P-011275,V-00510,APAC-SE,Vietnam,3,12.1,0,33,-0.13
P-011276,V-00199,NA-MX,Mexico,3,0.3,4,66,0
P-011276,V-00135,NA-MX,Mexico,4,-5.7,12,48,0.02
P-011278,V-00119,APAC-SE,Malaysia,3,-2.2,0,53,0.02
P-011278,V-00819,APAC-NE,Taiwan,5,10.5,0,98,-0.12
P-011278,V-00278,APAC-IN,India,6,5.4,12,38,-0.06
P-011279,V-00082,SA,Argentina,7,21.2,8,54,-0.08
P-011279,V-00452,APAC-IN,India,7,21.7,0,66,-0.09
P-011280,V-00615,EMEA-E,Romania,3,15.4,0,37,-0.06
P-011280,V-00304,NA-US,United States,2,8.8,8,66,-0.04
P-011283,V-00333,APAC-IN,India,3,8.6,6,83,-0.03
P-011284,V-00323,EMEA-E,Czechia,5,19.3,0,27,-0.21
P-011284,V-00466,EMEA-W,Italy,5,-0.3,0,98,0
P-011284,V-00573,NA-MX,Mexico,6,11.4,0,76,-0.13
P-011285,V-00230,APAC-SE,Vietnam,7,-1,8,70,0
P-011289,V-00124,EMEA-W,France,5,14.3,8,91,-0.06
P-011289,V-00334,NA-US,United States,4,10.4,4,88,-0.04
P-011289,V-00149,NA-US,United States,5,11.6,0,16,-0.05
P-011290,V-00646,APAC-SE,Malaysia,3,13.1,6,63,-0.05
P-011290,V-00736,NA-US,United States,5,1.2,8,75,0
P-011290,V-00180,APAC-IN,India,7,18.5,0,70,-0.07
P-011291,V-00121,SA,Argentina,6,-5.2,0,80,0.02
P-011291,V-00501,APAC-NE,China,6,6.7,6,58,-0.03
P-011293,V-00164,EMEA-W,Spain,7,-1.9,4,52,0.01
P-011293,V-00274,EMEA-W,Spain,4,11.8,4,73,-0.05
P-011294,V-00640,SA,Argentina,3,-2.4,6,41,0.01
P-011296,V-00264,APAC-IN,India,6,-5,6,53,0.02
P-011297,V-00277,NA-US,United States,6,0.2,6,91,0
P-011300,V-00773,SA,Brazil,3,8.1,12,69,-0.09
P-011300,V-00192,APAC-SE,Malaysia,4,1.5,0,96,-0.02
P-011301,V-00572,EMEA-W,Spain,5,-4.7,6,49,0.02
P-011301,V-00619,EMEA-E,Poland,4,8.3,0,79,-0.03
P-011301,V-00056,APAC-SE,Malaysia,6,3.2,12,53,-0.01
P-011302,V-01098,EMEA-W,Germany,7,-3.4,8,71,0.01
P-011303,V-00584,APAC-IN,India,7,7.7,12,73,-0.03
P-011304,V-00212,NA-MX,Mexico,4,2.3,12,69,-0.01
P-011305,V-00162,EMEA-W,Italy,6,13.8,4,31,-0.06
P-011305,V-00424,NA-US,United States,9,13.9,0,24,-0.06
P-011306,V-00540,NA-US,United States,2,-2.4,4,32,0.01
P-011306,V-00475,APAC-SE,Thailand,6,20.2,8,74,-0.08
P-011306,V-00676,NA-US,United States,3,4.5,0,33,-0.02
P-011307,V-00505,SA,Argentina,7,0.1,12,42,0
P-011307,V-00036,APAC-SE,Vietnam,4,19.9,4,55,-0.08
P-011307,V-00279,EMEA-E,Czechia,7,6.1,8,41,-0.02
P-011309,V-00282,APAC-IN,India,5,2,0,76,-0.01
P-011309,V-00316,NA-MX,Mexico,6,15.1,4,42,-0.06
P-011311,V-00186,EMEA-E,Romania,8,10.1,0,51,-0.04
P-011311,V-00432,NA-US,United States,2,7.7,4,93,-0.03
P-011312,V-00502,SA,Argentina,2,12.4,4,90,-0.14
P-011312,V-00946,NA-MX,Mexico,1,21,6,83,-0.23
P-011312,V-00363,APAC-IN,India,8,12.4,4,99,-0.14
P-011314,V-00158,NA-US,United States,2,11.7,6,97,-0.13
P-011314,V-00485,EMEA-E,Czechia,5,1.3,0,58,-0.01
P-011317,V-00597,NA-US,United States,3,13.2,12,69,-0.05
P-011317,V-00822,NA-US,United States,9,-4.1,6,30,0.02
P-011317,V-00449,NA-US,United States,4,-3.3,6,18,0.01
P-011318,V-00762,NA-US,United States,3,1.5,4,96,-0.01
P-011320,V-00275,EMEA-E,Turkey,4,2.9,0,69,-0.01
P-011326,V-00086,EMEA-E,Czechia,7,8.5,6,37,-0.09
P-011326,V-00235,APAC-NE,Japan,5,5.8,6,19,-0.06
P-011326,V-00283,EMEA-W,France,5,-1.2,12,87,0.01
P-011327,V-00477,APAC-IN,India,6,3.8,8,20,-0.02
P-011327,V-00600,APAC-IN,India,5,15.4,0,86,-0.06
P-011327,V-00242,APAC-NE,Japan,6,15.3,0,16,-0.06
P-011329,V-00110,EMEA-E,Poland,5,2.7,6,23,-0.01
P-011329,V-00444,APAC-SE,Vietnam,5,5,6,35,-0.02
P-011329,V-00023,NA-MX,Mexico,6,3.9,0,47,-0.02
P-011330,V-00126,APAC-SE,Indonesia,2,8,8,64,-0.03
P-011330,V-00361,NA-MX,Mexico,5,3.1,6,35,-0.01
P-011332,V-00397,NA-MX,Mexico,4,-5.2,8,92,0.02
P-011333,V-00447,NA-MX,Mexico,6,20.1,12,43,-0.08
P-011336,V-00419,SA,Argentina,6,1,4,22,0
P-011337,V-00036,APAC-SE,Vietnam,4,6.1,4,53,-0.07
P-011337,V-00514,APAC-NE,Japan,5,7.1,6,63,-0.08
P-011338,V-00113,APAC-NE,China,8,17.9,0,42,-0.07
P-011338,V-00701,EMEA-W,Italy,3,-1.6,4,32,0.01
P-011338,V-00581,NA-MX,Mexico,8,4,12,40,-0.02
P-011340,V-00586,NA-MX,Mexico,6,15,4,63,-0.06
P-011341,V-00652,SA,Argentina,6,12.3,0,25,-0.14
P-011341,V-00021,SA,Argentina,8,9.7,8,20,-0.11
P-011341,V-00436,NA-US,United States,6,10,0,48,-0.11
P-011342,V-00126,APAC-SE,Indonesia,3,5.9,4,47,-0.02
P-011343,V-00083,SA,Brazil,9,5,6,73,-0.06
P-011345,V-00611,NA-MX,Mexico,7,-2.9,8,74,0.03
P-011348,V-00236,SA,Brazil,4,14.4,12,27,-0.16
P-011350,V-00075,APAC-IN,India,5,14.1,0,65,-0.06
P-011350,V-00075,APAC-IN,India,5,19.4,0,64,-0.08
P-011351,V-00281,APAC-IN,India,6,1.2,8,99,-0.01
P-011351,V-00098,EMEA-E,Turkey,4,-2.3,6,21,0.03
P-011351,V-00039,EMEA-E,Romania,5,11.2,12,52,-0.12
P-011352,V-00162,EMEA-W,Italy,8,4.3,4,76,-0.02
P-011353,V-00045,NA-US,United States,2,4,6,95,-0.04
P-011353,V-00585,SA,Brazil,6,0.5,6,98,-0.01
P-011353,V-00511,EMEA-W,France,8,18.5,0,28,-0.2
P-011354,V-00566,APAC-NE,South Korea,4,4.9,4,90,-0.02
P-011356,V-00527,NA-MX,Mexico,4,17.7,12,77,-0.07
P-011356,V-00698,APAC-SE,Indonesia,8,-1.8,4,79,0.01
P-011356,V-00568,APAC-IN,India,7,-2.3,0,30,0.01
P-011357,V-00717,SA,Argentina,7,21.6,4,33,-0.24
P-011357,V-00232,NA-US,United States,5,-1.8,0,69,0.02
P-011358,V-00082,SA,Argentina,5,21.3,4,77,-0.23
P-011358,V-00838,NA-US,United States,6,10.5,0,70,-0.12
P-011358,V-00285,NA-US,United States,5,-0.1,4,99,0
P-011359,V-00131,EMEA-E,Czechia,8,20.1,6,21,-0.08
P-011360,V-00041,NA-US,United States,7,-2.1,0,46,0.01
P-011361,V-00384,EMEA-W,Italy,5,0.6,0,80,0
P-011362,V-00307,SA,Brazil,6,3.2,8,95,-0.04
P-011362,V-00295,NA-US,United States,4,19.7,12,61,-0.22
P-011363,V-00403,NA-MX,Mexico,2,3.4,12,35,-0.01
P-011363,V-00199,NA-MX,Mexico,3,11.5,0,95,-0.05
P-011364,V-00152,APAC-SE,Indonesia,3,10.7,8,27,-0.04
P-011364,V-00703,NA-MX,Mexico,4,16.7,0,76,-0.07
P-011365,V-00490,APAC-IN,India,5,-5.4,4,98,0.02
P-011366,V-00590,APAC-IN,India,8,-5.2,6,52,0.06
P-011367,V-00549,EMEA-W,Italy,5,-2.1,12,63,0.01
P-011367,V-00421,NA-US,United States,6,9.8,8,62,-0.04
P-011367,V-00111,NA-MX,Mexico,6,16.3,0,23,-0.07
P-011369,V-00554,NA-US,United States,5,13.2,12,21,-0.05
P-011369,V-00554,NA-US,United States,6,-3.7,12,35,0.01
P-011369,V-00085,NA-MX,Mexico,3,8.9,6,28,-0.04
P-011371,V-00372,NA-MX,Mexico,4,-0.8,4,69,0
P-011372,V-00556,EMEA-E,Romania,4,12.9,8,90,-0.05
P-011372,V-00528,SA,Brazil,5,19.2,12,76,-0.08
P-011372,V-00807,EMEA-E,Turkey,6,6.5,12,15,-0.03
P-011373,V-00598,APAC-IN,India,9,21.9,8,82,-0.09
P-011373,V-00592,EMEA-W,Germany,7,9.3,8,36,-0.04
P-011373,V-00625,APAC-SE,Malaysia,7,16,0,31,-0.06
P-011374,V-00232,NA-US,United States,5,2.6,4,56,-0.01
P-011376,V-00537,SA,Brazil,7,19.1,0,74,-0.08
P-011376,V-00605,APAC-NE,Taiwan,8,16.8,6,90,-0.07
P-011378,V-00212,NA-MX,Mexico,4,0.7,6,25,0
P-011378,V-00488,APAC-IN,India,4,-3.3,12,31,0.01
P-011379,V-00539,EMEA-E,Turkey,6,5.4,8,38,-0.06
P-011379,V-00194,APAC-IN,India,3,2,0,84,-0.02
P-011379,V-00375,SA,Brazil,6,-4.5,0,20,0.05
P-011380,V-00226,SA,Brazil,8,10.8,0,31,-0.04
P-011382,V-00615,EMEA-E,Romania,4,14.1,0,48,-0.16
P-011383,V-00097,SA,Brazil,6,5.1,4,74,-0.06
P-011383,V-00650,APAC-IN,India,5,15.2,0,94,-0.17
P-011383,V-00703,NA-MX,Mexico,5,4,6,59,-0.04
P-011384,V-00453,SA,Brazil,5,17.7,6,28,-0.07
P-011388,V-00001,NA-US,United States,8,12.6,0,36,-0.14
P-011389,V-00500,SA,Argentina,5,-2.7,0,38,0.01
P-011389,V-00537,SA,Brazil,8,0.9,0,36,0
P-011392,V-00040,APAC-NE,China,6,17.6,8,21,-0.07
P-011392,V-00034,APAC-IN,India,4,1.3,8,91,-0.01
P-011392,V-00321,APAC-SE,Malaysia,4,4.7,6,58,-0.02
P-011393,V-00357,SA,Brazil,6,13.7,12,68,-0.05
P-011393,V-00524,APAC-SE,Thailand,8,6.6,8,63,-0.03
P-011394,V-00295,NA-US,United States,2,13.4,8,38,-0.05
P-011394,V-00360,EMEA-E,Czechia,5,11,0,50,-0.04
P-011395,V-00266,SA,Brazil,5,6,8,77,-0.07
P-011396,V-00056,APAC-SE,Malaysia,7,5,12,28,-0.06
P-011396,V-00599,APAC-IN,India,3,9.8,8,23,-0.11
P-011397,V-00109,NA-US,United States,5,20.5,6,23,-0.08
P-011397,V-00616,APAC-SE,Malaysia,2,8.5,0,37,-0.03
P-011397,V-00079,APAC-IN,India,8,10.7,8,58,-0.04
P-011398,V-00318,EMEA-W,France,6,4.7,0,41,-0.02
P-011398,V-00681,EMEA-E,Turkey,6,-4.2,6,85,0.02
P-011398,V-00247,NA-US,United States,6,10.6,6,54,-0.04
P-011399,V-00499,NA-US,United States,4,-0.3,12,27,0
P-011400,V-00070,EMEA-E,Turkey,9,15.1,0,23,-0.06
P-011401,V-00191,EMEA-E,Turkey,7,-3.4,4,15,0.01
P-011401,V-00048,NA-US,United States,7,-2,6,82,0.01
P-011402,V-00531,NA-MX,Mexico,4,8.9,0,22,-0.04
P-011402,V-00212,NA-MX,Mexico,4,-3,12,56,0.01
P-011402,V-00013,SA,Argentina,2,4.2,12,26,-0.02
P-011403,V-00823,NA-US,United States,4,14.9,4,92,-0.16
P-011403,V-00298,APAC-SE,Thailand,5,-0.1,0,90,0
P-011405,V-00281,APAC-IN,India,5,4.6,8,61,-0.02
P-011405,V-00737,APAC-SE,Indonesia,8,16.8,8,54,-0.07
P-011405,V-00464,EMEA-W,Spain,4,0.3,6,99,0
P-011406,V-00086,EMEA-E,Czechia,9,10.5,6,90,-0.04
P-011406,V-00430,EMEA-W,Italy,5,-2.6,0,26,0.01
P-011406,V-00540,NA-US,United States,5,12,8,28,-0.05
P-011407,V-00364,APAC-SE,Malaysia,8,1.2,6,69,0
P-011407,V-00126,APAC-SE,Indonesia,1,5.5,0,64,-0.02
P-011407,V-00361,NA-MX,Mexico,4,18.2,12,99,-0.07
P-011409,V-00642,EMEA-E,Czechia,7,13.5,8,95,-0.15
P-011409,V-00534,APAC-NE,Japan,1,17.8,0,43,-0.2
P-011409,V-00807,EMEA-E,Turkey,6,-4,0,31,0.04
P-011410,V-00379,APAC-NE,South Korea,1,1.6,0,71,-0.01
P-011410,V-00308,APAC-SE,Indonesia,6,6.1,4,72,-0.02
P-011411,V-00434,APAC-NE,Japan,4,1.5,6,93,-0.02
P-011411,V-00783,APAC-IN,India,4,1.3,0,81,-0.01
P-011411,V-00824,SA,Argentina,8,13.1,0,46,-0.14
P-011415,V-00684,APAC-NE,Japan,5,0,6,53,0
P-011416,V-00043,APAC-NE,Taiwan,3,7.5,0,62,-0.08
P-011418,V-00428,NA-MX,Mexico,6,4,6,67,-0.02
P-011418,V-00158,NA-US,United States,5,5.9,8,22,-0.02
P-011418,V-00168,APAC-SE,Vietnam,2,3.3,12,46,-0.01
P-011419,V-00731,EMEA-W,Spain,4,6.7,6,97,-0.03
P-011419,V-00804,SA,Brazil,2,20.6,12,26,-0.08
P-011419,V-00344,NA-MX,Mexico,7,20.6,0,63,-0.08
P-011422,V-00312,NA-US,United States,9,8.5,4,25,-0.03
P-011422,V-00578,EMEA-E,Turkey,5,2.3,0,77,-0.01
P-011424,V-00371,APAC-SE,Indonesia,6,6.7,6,61,-0.03
P-011424,V-00268,APAC-NE,South Korea,3,-0.2,4,33,0
P-011425,V-00703,NA-MX,Mexico,6,10.6,8,40,-0.04
P-011426,V-00043,APAC-NE,Taiwan,3,0,12,35,0
P-011426,V-00550,SA,Argentina,4,19.6,0,81,-0.08
P-011426,V-00495,SA,Brazil,5,12.4,0,30,-0.05
P-011428,V-00027,APAC-IN,India,7,11.5,8,35,-0.05
P-011428,V-00598,APAC-IN,India,6,-3.6,6,15,0.01
P-011428,V-00625,APAC-SE,Malaysia,7,13.1,8,30,-0.05
P-011430,V-00312,NA-US,United States,7,20.1,0,28,-0.22
P-011430,V-00617,EMEA-W,Spain,5,2.6,8,27,-0.03
P-011432,V-00396,APAC-NE,China,6,14.7,8,44,-0.16
P-011433,V-00832,APAC-NE,Taiwan,7,21.7,4,36,-0.09
P-011433,V-00791,APAC-SE,Vietnam,7,14.7,12,56,-0.06
P-011433,V-00066,EMEA-E,Turkey,7,16.5,0,37,-0.07
P-011434,V-00216,EMEA-W,Italy,2,9.3,0,40,-0.04
P-011434,V-00701,EMEA-W,Italy,3,4.7,0,85,-0.02
P-011434,V-00113,APAC-NE,China,7,-5,4,20,0.02
P-011435,V-00120,APAC-IN,India,6,12.1,6,89,-0.05
P-011435,V-00543,NA-US,United States,6,18.7,0,57,-0.07
P-011435,V-00543,NA-US,United States,4,4.1,8,69,-0.02
P-011436,V-00501,APAC-NE,China,4,4.1,0,84,-0.02
P-011437,V-00696,APAC-SE,Indonesia,8,-5.5,6,44,0.02
P-011437,V-00444,APAC-SE,Vietnam,5,11.5,0,18,-0.05
P-011438,V-00414,NA-US,United States,7,10,4,54,-0.04
P-011438,V-00643,APAC-IN,India,7,21.3,12,82,-0.09
P-011440,V-00314,SA,Brazil,7,15.1,4,72,-0.06
P-011441,V-00217,EMEA-W,Spain,4,7.6,0,73,-0.03
P-011441,V-00821,NA-US,United States,7,9,6,17,-0.04
P-011441,V-00057,NA-MX,Mexico,7,-5.8,8,75,0.02
P-011442,V-00197,APAC-SE,Indonesia,6,5.9,8,23,-0.02
P-011443,V-00120,APAC-IN,India,7,20.1,0,56,-0.22
P-011443,V-00803,EMEA-E,Czechia,5,12.9,0,57,-0.14
P-011445,V-00885,NA-MX,Mexico,5,3.7,6,77,-0.04
P-011446,V-00073,NA-MX,Mexico,5,6.7,12,96,-0.07
P-011446,V-00651,SA,Brazil,6,-4.4,0,61,0.05
P-011447,V-00713,APAC-IN,India,5,2.8,8,15,-0.01
P-011449,V-00117,NA-US,United States,6,7.9,12,66,-0.03
P-011450,V-00778,NA-US,United States,7,4.3,8,69,-0.02
P-011454,V-00287,EMEA-W,France,3,18.8,4,81,-0.08
P-011455,V-00404,EMEA-E,Romania,3,4.5,4,62,-0.02
P-011455,V-00090,APAC-SE,Thailand,4,0.7,4,68,0
P-011457,V-00630,APAC-NE,China,7,6.9,0,58,-0.03
P-011457,V-00641,NA-US,United States,8,9.1,12,25,-0.04
P-011457,V-00597,NA-US,United States,4,17.9,6,65,-0.07
P-011458,V-00377,EMEA-W,Spain,3,3.5,6,83,-0.01
P-011458,V-00380,APAC-SE,Vietnam,5,11.4,8,56,-0.05
P-011459,V-00028,APAC-IN,India,4,20.8,0,29,-0.23
P-011459,V-00343,NA-MX,Mexico,4,5.8,4,15,-0.06
P-011460,V-00075,APAC-IN,India,5,6.8,4,96,-0.03
P-011460,V-00185,APAC-IN,India,6,12.4,4,87,-0.05
P-011460,V-00132,APAC-NE,Taiwan,8,1.4,0,80,-0.01
P-011461,V-00210,APAC-IN,India,2,16.3,4,53,-0.07
P-011461,V-00260,APAC-IN,India,3,13.1,4,16,-0.05
P-011461,V-00691,APAC-IN,India,5,7.5,6,59,-0.03
P-011462,V-00762,NA-US,United States,3,3.5,4,35,-0.01
P-011462,V-00021,SA,Argentina,9,-3.1,0,91,0.01
P-011463,V-00617,EMEA-W,Spain,5,4.1,0,18,-0.02
P-011463,V-00068,EMEA-E,Romania,8,10.6,12,69,-0.04
P-011465,V-00097,SA,Brazil,4,8.2,4,31,-0.03
P-011465,V-00724,EMEA-E,Turkey,7,9,4,65,-0.04
P-011466,V-00114,APAC-NE,Taiwan,5,-1.3,0,64,0.01
P-011467,V-00475,APAC-SE,Thailand,6,3.6,0,18,-0.04
P-011467,V-00600,APAC-IN,India,6,-2.5,6,83,0.03
P-011468,V-00190,NA-MX,Mexico,2,2,4,32,-0.01
P-011468,V-00536,SA,Brazil,5,17.7,0,85,-0.07
P-011468,V-00694,APAC-NE,China,8,3.2,12,72,-0.01
P-011469,V-00442,NA-MX,Mexico,4,-5.8,0,86,0.02
P-011469,V-00660,EMEA-W,Germany,4,9.7,12,16,-0.04
P-011470,V-00421,NA-US,United States,4,-1.4,8,48,0.01
P-011472,V-00458,APAC-SE,Indonesia,2,19.3,6,92,-0.08
P-011475,V-00482,APAC-NE,Taiwan,3,-1.3,12,76,0.01
P-011475,V-00179,APAC-SE,Thailand,5,13.4,0,97,-0.05
P-011477,V-00397,NA-MX,Mexico,2,-4.9,8,19,0.05
P-011478,V-00959,SA,Argentina,6,18.6,12,64,-0.07
P-011478,V-00516,EMEA-W,Italy,3,7.6,0,60,-0.03
P-011479,V-00040,APAC-NE,China,6,0.5,8,48,0
P-011479,V-00681,EMEA-E,Turkey,7,0.9,6,48,0
P-011480,V-01098,EMEA-W,Germany,6,-4.7,8,48,0.02
P-011480,V-00084,NA-MX,Mexico,8,0.6,12,27,0
P-011480,V-00566,APAC-NE,South Korea,3,3.6,6,88,-0.01
P-011481,V-00323,EMEA-E,Czechia,2,20.3,12,86,-0.08
P-011481,V-00139,EMEA-E,Poland,4,15,8,73,-0.06
P-011481,V-00072,APAC-SE,Vietnam,5,1.6,6,85,-0.01
P-011487,V-00334,NA-US,United States,3,18.7,4,50,-0.21
P-011489,V-00254,SA,Argentina,4,6,6,31,-0.02
P-011489,V-00550,SA,Argentina,3,21,0,41,-0.08
P-011489,V-00257,SA,Brazil,5,-4.3,12,17,0.02
P-011491,V-00395,NA-US,United States,3,4.5,0,77,-0.02
P-011491,V-00466,EMEA-W,Italy,4,14.2,6,65,-0.06
P-011491,V-00573,NA-MX,Mexico,6,-2.1,0,88,0.01
P-011494,V-00175,NA-US,United States,4,-5.1,8,36,0.02
P-011495,V-00792,EMEA-E,Romania,5,-4.7,6,16,0.02
P-011496,V-00068,EMEA-E,Romania,9,1.9,8,62,-0.01
P-011496,V-00656,SA,Brazil,4,10.9,8,77,-0.04
P-011496,V-00678,NA-MX,Mexico,4,15.5,0,83,-0.06
P-011497,V-00572,EMEA-W,Spain,3,21.5,8,89,-0.09
P-011497,V-00511,EMEA-W,France,9,-4.2,4,72,0.02
P-011498,V-00526,APAC-IN,India,3,5.5,12,77,-0.02
P-011501,V-00564,EMEA-W,Italy,6,6.5,8,26,-0.03
P-011501,V-00964,EMEA-W,Germany,9,1.6,12,71,-0.01
P-011501,V-00746,EMEA-W,Spain,2,-5.5,0,66,0.02
P-011502,V-00453,SA,Brazil,4,2.2,4,66,-0.02
P-011502,V-00374,APAC-SE,Thailand,3,2.2,0,38,-0.02
P-011503,V-00748,NA-US,United States,4,2.3,0,50,-0.03
P-011503,V-00160,EMEA-E,Czechia,4,10,4,58,-0.11
P-011504,V-00472,APAC-SE,Vietnam,9,18,0,84,-0.2
P-011504,V-00794,APAC-IN,India,2,-4.7,12,95,0.05
P-011504,V-00452,APAC-IN,India,6,0.5,12,50,-0.01
P-011506,V-00629,NA-MX,Mexico,3,-5.8,0,23,0.02
P-011506,V-00279,EMEA-E,Czechia,6,17.2,6,65,-0.07
P-011506,V-00623,APAC-NE,South Korea,7,-1.9,0,50,0.01
P-011508,V-00159,EMEA-W,Italy,7,1.8,6,77,-0.01
P-011509,V-00500,SA,Argentina,6,7.1,0,76,-0.03
P-011509,V-00636,NA-US,United States,5,19.6,6,25,-0.08
P-011510,V-00802,EMEA-W,Italy,4,0,6,92,0
P-011513,V-00349,NA-US,United States,5,5.6,8,46,-0.06
P-011513,V-00349,NA-US,United States,4,5.3,4,82,-0.06
P-011513,V-00754,NA-MX,Mexico,5,4.5,4,46,-0.05
P-011514,V-00011,APAC-SE,Indonesia,5,16.4,4,83,-0.07
P-011514,V-00764,EMEA-W,Italy,7,13.8,12,97,-0.06
P-011517,V-00282,APAC-IN,India,8,-1.5,6,64,0.01
P-011517,V-00791,APAC-SE,Vietnam,8,10.9,12,27,-0.04
P-011517,V-00666,APAC-SE,Indonesia,4,10.3,0,40,-0.04
P-011520,V-00403,NA-MX,Mexico,3,4.6,12,52,-0.02
P-011521,V-00913,SA,Brazil,4,12.1,8,84,-0.05
P-011522,V-00341,NA-US,United States,6,11.2,6,85,-0.04
P-011522,V-00336,EMEA-W,Germany,7,1.3,0,54,-0.01
P-011525,V-00073,NA-MX,Mexico,5,4.3,0,78,-0.02
P-011525,V-00101,EMEA-W,Spain,6,-4.9,0,24,0.02
P-011526,V-00141,APAC-SE,Malaysia,4,4.7,0,59,-0.02
P-011527,V-00414,NA-US,United States,8,-5.9,12,71,0.02
P-011527,V-00032,APAC-IN,India,7,20.8,4,71,-0.08
P-011528,V-00127,NA-MX,Mexico,3,10.8,0,46,-0.04
P-011528,V-00480,APAC-NE,Taiwan,8,21.9,0,45,-0.09
P-011531,V-00065,EMEA-E,Romania,4,6.2,12,85,-0.07
P-011535,V-00437,EMEA-W,Germany,8,18.1,12,58,-0.07
P-011536,V-00323,EMEA-E,Czechia,3,15.3,0,83,-0.06
P-011536,V-00545,EMEA-W,France,6,4.1,0,17,-0.02
P-011536,V-00613,EMEA-W,Spain,7,5.6,12,53,-0.02
P-011538,V-00151,APAC-IN,India,6,14.4,6,24,-0.06
P-011538,V-00682,NA-US,United States,6,-3.6,8,81,0.01
P-011538,V-00281,APAC-IN,India,7,0.9,0,67,0
P-011539,V-00723,EMEA-E,Poland,2,8.6,0,43,-0.09
P-011539,V-00723,EMEA-E,Poland,2,9.5,0,72,-0.1
P-011539,V-00003,NA-MX,Mexico,5,-3.4,0,45,0.04
P-011540,V-00236,SA,Brazil,6,4.6,12,19,-0.02
P-011540,V-00569,APAC-IN,India,7,14.3,12,34,-0.06
P-011540,V-00458,APAC-SE,Indonesia,3,3.1,8,31,-0.01
P-011541,V-00847,APAC-NE,Japan,5,10.2,12,16,-0.04
P-011541,V-00885,NA-MX,Mexico,6,13.7,6,20,-0.05
P-011542,V-00175,NA-US,United States,2,-3.7,8,49,0.04
P-011543,V-00765,EMEA-E,Poland,9,19.1,6,79,-0.08
P-011543,V-00507,APAC-NE,Taiwan,5,16.6,6,87,-0.07
P-011544,V-00395,NA-US,United States,5,21.9,4,19,-0.09
P-011546,V-00593,APAC-IN,India,8,0.6,6,28,0
P-011546,V-00038,APAC-IN,India,6,9.5,4,32,-0.04
P-011547,V-00533,APAC-IN,India,5,7.5,4,52,-0.03
P-011547,V-00527,NA-MX,Mexico,4,12.9,4,82,-0.05
P-011549,V-00221,APAC-NE,South Korea,6,13.2,4,69,-0.05
P-011550,V-00552,EMEA-W,France,3,1.1,12,53,0
P-011550,V-00539,EMEA-E,Turkey,7,14.8,0,97,-0.06
P-011550,V-00550,SA,Argentina,5,-2.7,6,57,0.01
P-011551,V-00613,EMEA-W,Spain,8,8.1,0,76,-0.03
P-011551,V-00769,EMEA-W,Spain,7,20.3,0,94,-0.08
P-011555,V-00044,NA-US,United States,3,-3.9,4,17,0.02
P-011555,V-00024,NA-US,United States,6,21,12,15,-0.08
P-011557,V-00756,APAC-IN,India,5,-2.4,8,33,0.01
P-011557,V-00573,NA-MX,Mexico,8,13.9,8,28,-0.06
P-011558,V-00490,APAC-IN,India,6,-3.8,4,51,0.02
P-011560,V-00674,NA-MX,Mexico,7,15.1,8,59,-0.06
P-011560,V-00510,APAC-SE,Vietnam,5,20.1,6,72,-0.08
P-011566,V-00524,APAC-SE,Thailand,9,11.7,0,45,-0.05
P-011568,V-00579,NA-US,United States,7,-2.4,0,41,0.01
P-011568,V-00489,SA,Brazil,9,13.5,0,76,-0.05
P-011569,V-00614,SA,Brazil,4,1.2,6,100,-0.01
P-011569,V-00365,APAC-IN,India,5,16.7,12,53,-0.18
P-011570,V-00442,NA-MX,Mexico,4,7.1,8,66,-0.03
P-011571,V-00503,APAC-SE,Vietnam,5,17.1,0,34,-0.07
P-011571,V-00458,APAC-SE,Indonesia,2,21.3,4,76,-0.09
P-011571,V-00244,EMEA-E,Czechia,5,9.5,0,55,-0.04
P-011572,V-00583,APAC-NE,Japan,3,-3.1,0,96,0.01
P-011573,V-00609,APAC-NE,Japan,1,8.6,0,81,-0.03
P-011575,V-00352,SA,Brazil,7,13.7,12,49,-0.05
P-011578,V-00126,APAC-SE,Indonesia,1,8.8,4,97,-0.04
P-011579,V-00284,EMEA-E,Romania,5,14.2,6,19,-0.06
P-011579,V-00192,APAC-SE,Malaysia,5,0.4,12,33,0
P-011580,V-00435,NA-US,United States,4,8.6,4,92,-0.09
P-011580,V-00003,NA-MX,Mexico,6,4.1,0,98,-0.05
P-011581,V-00548,EMEA-W,Italy,6,19.6,0,28,-0.08
P-011582,V-00401,SA,Brazil,5,3.7,0,18,-0.01
P-011582,V-00748,NA-US,United States,5,13.5,0,31,-0.05
P-011582,V-00693,NA-US,United States,4,10.9,6,37,-0.04
P-011583,V-00471,APAC-NE,Japan,6,15.5,0,38,-0.06
P-011583,V-00184,SA,Argentina,7,4.2,0,93,-0.02
P-011583,V-00268,APAC-NE,South Korea,3,3.7,12,62,-0.01
P-011584,V-00744,SA,Brazil,5,19.6,6,18,-0.08
P-011584,V-00208,EMEA-W,France,8,7.1,12,24,-0.03
P-011584,V-00555,APAC-IN,India,4,10,4,31,-0.04
P-011585,V-00264,APAC-IN,India,7,-3.9,12,71,0.02
P-011585,V-00281,APAC-IN,India,7,-3,6,44,0.01
P-011586,V-00485,EMEA-E,Czechia,6,6.5,6,54,-0.03
P-011586,V-00350,NA-US,United States,6,-4.2,4,25,0.02
P-011587,V-00676,NA-US,United States,4,15.3,8,23,-0.06
P-011587,V-00305,APAC-SE,Vietnam,2,6.5,0,47,-0.03
P-011588,V-00116,APAC-IN,India,9,18.1,0,33,-0.07
P-011591,V-00398,EMEA-E,Czechia,8,-1.6,6,51,0.01
P-011591,V-00049,NA-MX,Mexico,7,8.6,8,54,-0.03
P-011594,V-00573,NA-MX,Mexico,7,8,4,83,-0.03
P-011595,V-00574,APAC-SE,Malaysia,4,2.6,4,86,-0.03
P-011595,V-00599,APAC-IN,India,3,17.5,0,67,-0.19
P-011595,V-00471,APAC-NE,Japan,5,-0.9,12,39,0.01
P-011598,V-00609,APAC-NE,Japan,3,4.6,0,78,-0.02
P-011598,V-00525,EMEA-E,Poland,3,16.1,8,82,-0.06
P-011598,V-00015,EMEA-E,Turkey,8,16.6,12,34,-0.07
P-011600,V-00705,NA-US,United States,5,10.9,4,61,-0.04
P-011600,V-00173,APAC-NE,South Korea,6,7.4,4,62,-0.03
P-011601,V-00668,APAC-NE,Taiwan,4,21.1,8,95,-0.23
P-011601,V-00180,APAC-IN,India,6,-3.3,12,32,0.04
P-011602,V-00261,NA-US,United States,3,5.4,4,22,-0.02
P-011602,V-00788,NA-MX,Mexico,3,-4.4,0,85,0.02
P-011603,V-00733,EMEA-W,Spain,9,-2.1,4,95,0.02
P-011603,V-00686,APAC-NE,South Korea,6,16.9,12,29,-0.19
P-011605,V-00589,NA-MX,Mexico,3,16.2,8,66,-0.06
P-011605,V-00409,APAC-SE,Indonesia,7,-2.7,0,15,0.01
P-011605,V-00623,APAC-NE,South Korea,9,14.1,0,55,-0.06
P-011608,V-00379,APAC-NE,South Korea,1,5.1,0,62,-0.02
P-011608,V-00859,NA-US,United States,4,17.7,0,31,-0.07
P-011609,V-00452,APAC-IN,India,8,7.2,12,40,-0.03
P-011609,V-00838,NA-US,United States,8,5.7,0,85,-0.02
P-011611,V-00705,NA-US,United States,5,20.5,12,34,-0.08
P-011611,V-00173,APAC-NE,South Korea,3,5.8,8,99,-0.02
P-011611,V-00369,EMEA-E,Romania,4,17.4,4,98,-0.07
P-011612,V-00358,APAC-NE,Japan,2,13,0,47,-0.05
P-011613,V-00242,APAC-NE,Japan,6,9.2,6,30,-0.04
P-011613,V-00076,APAC-IN,India,4,21.4,6,16,-0.09
P-011615,V-00003,NA-MX,Mexico,8,10.9,12,51,-0.04
P-011615,V-00442,NA-MX,Mexico,3,18,12,77,-0.07
P-011615,V-00024,NA-US,United States,5,9.3,4,29,-0.04
P-011616,V-00023,NA-MX,Mexico,6,20.3,6,84,-0.08
P-011616,V-00365,APAC-IN,India,6,-4.3,0,59,0.02
P-011616,V-00421,NA-US,United States,5,6.6,0,40,-0.03
P-011617,V-00917,APAC-NE,Japan,3,21.8,0,93,-0.09
P-011617,V-00125,EMEA-W,France,6,8.7,12,40,-0.03
P-011618,V-00304,NA-US,United States,2,4,0,95,-0.02
P-011619,V-00208,EMEA-W,France,5,1.1,6,100,-0.01
P-011619,V-00743,EMEA-E,Czechia,4,19,0,77,-0.21
P-011619,V-00212,NA-MX,Mexico,4,1.9,6,85,-0.02
P-011620,V-00481,EMEA-W,Italy,8,-4.5,0,18,0.05
P-011620,V-00340,NA-US,United States,4,-1.9,8,77,0.02
P-011622,V-00117,NA-US,United States,3,19.2,8,87,-0.08
P-011622,V-00240,NA-US,United States,4,18,0,78,-0.07
P-011622,V-00336,EMEA-W,Germany,6,11.7,4,81,-0.05
P-011623,V-00326,NA-US,United States,6,5.9,8,63,-0.02
P-011623,V-00499,NA-US,United States,6,19.7,8,64,-0.08
P-011625,V-00370,EMEA-E,Poland,5,19,0,80,-0.21
P-011625,V-00169,NA-MX,Mexico,8,-5,0,27,0.06
P-011626,V-00531,NA-MX,Mexico,5,9.4,0,51,-0.04
P-011627,V-00347,APAC-SE,Malaysia,5,5.5,4,92,-0.06
P-011629,V-00168,APAC-SE,Vietnam,4,16.7,6,48,-0.07
P-011631,V-00416,APAC-SE,Indonesia,5,5.7,6,53,-0.02
P-011631,V-00463,SA,Argentina,6,3.8,6,24,-0.02
P-011633,V-00153,SA,Argentina,5,10.4,6,46,-0.04
P-011633,V-00047,APAC-SE,Vietnam,6,20.1,8,74,-0.08
P-011633,V-00575,EMEA-W,France,4,-0.1,0,79,0
P-011638,V-00908,NA-MX,Mexico,5,10.3,4,73,-0.04
P-011639,V-00832,APAC-NE,Taiwan,5,11.3,12,84,-0.05
P-011639,V-00500,SA,Argentina,5,16.8,0,15,-0.07
P-011639,V-00528,SA,Brazil,5,6,12,94,-0.02
P-011640,V-00427,NA-US,United States,4,21.1,0,83,-0.08
P-011640,V-00409,APAC-SE,Indonesia,6,-4.5,6,46,0.02
P-011641,V-00479,APAC-IN,India,6,-3.3,6,16,0.01
P-011642,V-00783,APAC-IN,India,2,0.4,8,86,0
P-011642,V-00412,APAC-SE,Vietnam,8,19.5,8,73,-0.08
P-011643,V-00392,NA-US,United States,5,1.9,8,63,-0.01
P-011643,V-00846,NA-MX,Mexico,3,5.2,6,67,-0.02
P-011644,V-00489,SA,Brazil,7,4.5,8,27,-0.05
P-011644,V-00540,NA-US,United States,3,10.6,12,88,-0.12
P-011645,V-00611,NA-MX,Mexico,5,19.7,8,71,-0.08
P-011646,V-00792,EMEA-E,Romania,7,4.5,0,26,-0.05
P-011647,V-00092,APAC-IN,India,5,12.7,0,85,-0.14
P-011647,V-00324,NA-US,United States,9,0.5,0,99,-0.01
P-011647,V-00748,NA-US,United States,5,6.8,0,68,-0.07
P-011648,V-00329,SA,Argentina,4,-3.5,0,71,0.01
P-011649,V-00316,NA-MX,Mexico,4,16.5,4,45,-0.07
P-011650,V-00512,NA-US,United States,6,11.7,0,39,-0.05
P-011650,V-00604,EMEA-E,Czechia,7,10.8,12,23,-0.04
P-011650,V-00396,APAC-NE,China,6,-0.9,12,22,0
P-011651,V-00119,APAC-SE,Malaysia,4,2.4,4,24,-0.03
P-011651,V-00248,APAC-SE,Indonesia,4,16.9,12,89,-0.19
P-011652,V-00734,EMEA-E,Poland,8,12.4,12,81,-0.05
P-011654,V-00748,NA-US,United States,5,4.4,8,95,-0.02
P-011654,V-00324,NA-US,United States,8,-5.2,0,43,0.02
P-011655,V-00464,EMEA-W,Spain,7,-2.1,0,82,0.01
P-011657,V-00547,EMEA-W,Spain,3,0.4,12,24,0
P-011657,V-00456,APAC-SE,Malaysia,5,11.1,4,74,-0.04
P-011657,V-00913,SA,Brazil,2,7.4,0,87,-0.03
P-011658,V-00492,APAC-IN,India,5,19.3,4,18,-0.21
P-011659,V-00043,APAC-NE,Taiwan,3,9.8,0,98,-0.04
P-011659,V-00607,APAC-NE,Taiwan,6,3.1,0,37,-0.01
P-011661,V-00432,NA-US,United States,4,12.5,6,45,-0.05
P-011661,V-00684,APAC-NE,Japan,6,-1,0,51,0
P-011663,V-00049,NA-MX,Mexico,7,15.1,8,34,-0.06
P-011664,V-00185,APAC-IN,India,6,12.6,0,38,-0.14
P-011664,V-00497,APAC-NE,Taiwan,8,19.4,0,66,-0.21
P-011665,V-00511,EMEA-W,France,8,7.8,12,24,-0.09
P-011666,V-00002,APAC-NE,China,4,-4.2,4,100,0.05
P-011666,V-00461,SA,Brazil,8,3.7,0,60,-0.04
P-011666,V-00194,APAC-IN,India,4,7.8,4,38,-0.09
P-011669,V-00672,EMEA-E,Romania,5,19.1,0,58,-0.08
P-011669,V-00682,NA-US,United States,4,-2.1,4,92,0.01
P-011670,V-00569,APAC-IN,India,7,15.7,4,23,-0.17
P-011670,V-00284,EMEA-E,Romania,5,10.2,4,49,-0.11
P-011672,V-00147,APAC-SE,Malaysia,5,-1.9,4,58,0.01
P-011673,V-00050,NA-US,United States,4,5.5,4,86,-0.02
P-011674,V-00353,APAC-SE,Thailand,7,18.4,8,56,-0.07
P-011674,V-00208,EMEA-W,France,5,7.3,0,80,-0.03
P-011674,V-00637,NA-MX,Mexico,3,-4.2,12,99,0.02
P-011676,V-00890,APAC-IN,India,4,-0.4,8,75,0
P-011677,V-00424,NA-US,United States,7,7.1,0,48,-0.03
P-011677,V-00507,APAC-NE,Taiwan,5,17.7,0,31,-0.07
P-011678,V-00393,APAC-NE,China,3,-5.8,8,28,0.02
P-011678,V-00558,EMEA-E,Turkey,8,5.1,0,92,-0.02
P-011678,V-00829,APAC-NE,Japan,4,5.4,0,63,-0.02
P-011679,V-00867,NA-US,United States,5,14,8,56,-0.06
P-011682,V-00199,NA-MX,Mexico,3,-0.4,4,50,0
P-011682,V-00418,APAC-NE,Taiwan,4,10.4,0,80,-0.04
P-011682,V-00594,APAC-NE,China,7,21.7,8,33,-0.09
P-011683,V-00378,NA-MX,Mexico,7,17.7,8,56,-0.07
P-011683,V-00046,NA-MX,Mexico,5,-1.6,0,87,0.01
P-011683,V-00620,EMEA-W,Germany,4,7.3,8,45,-0.03
P-011684,V-00433,SA,Brazil,6,18.2,0,30,-0.2
P-011684,V-00691,APAC-IN,India,6,8.9,4,27,-0.1
P-011685,V-00438,EMEA-E,Poland,4,2.9,4,15,-0.01
P-011686,V-00543,NA-US,United States,5,13.4,6,27,-0.05
P-011687,V-00376,SA,Brazil,5,-5.4,0,16,0.06
P-011687,V-00453,SA,Brazil,6,15.6,8,47,-0.17
P-011689,V-00544,APAC-IN,India,2,-4.1,4,19,0.05
P-011689,V-00099,SA,Brazil,6,-2.6,4,82,0.03
P-011689,V-00882,APAC-NE,South Korea,8,-1.5,0,63,0.02
P-011690,V-00628,APAC-SE,Indonesia,6,4,6,15,-0.02
P-011690,V-00539,EMEA-E,Turkey,6,20.8,12,79,-0.08
P-011690,V-00607,APAC-NE,Taiwan,5,-0.1,0,28,0
P-011691,V-00471,APAC-NE,Japan,4,-1.1,12,96,0
P-011691,V-00371,APAC-SE,Indonesia,5,4.4,6,35,-0.02
P-011691,V-00574,APAC-SE,Malaysia,7,1.6,6,67,-0.01
P-011692,V-00026,APAC-NE,China,4,7.1,4,90,-0.03
P-011693,V-00599,APAC-IN,India,4,11.6,0,76,-0.05
P-011693,V-00170,EMEA-W,Germany,9,-0.6,12,94,0
P-011693,V-00246,NA-MX,Mexico,9,-1.8,8,64,0.01
P-011694,V-00256,APAC-NE,Taiwan,5,-2.3,0,64,0.01
P-011694,V-00256,APAC-NE,Taiwan,5,16.7,0,55,-0.07
P-011695,V-00527,NA-MX,Mexico,5,5.7,0,58,-0.02
P-011695,V-00459,EMEA-E,Turkey,2,-2.3,0,36,0.01
P-011695,V-00468,NA-US,United States,5,6.4,4,46,-0.03
P-011698,V-00200,EMEA-W,Germany,4,4.9,0,89,-0.02
P-011699,V-00368,NA-US,United States,8,20.8,0,21,-0.08
P-011699,V-00821,NA-US,United States,7,6.3,8,62,-0.03
P-011699,V-00368,NA-US,United States,6,18.2,4,62,-0.07
P-011700,V-00753,APAC-SE,Vietnam,3,8.3,4,15,-0.03
P-011704,V-00474,NA-US,United States,1,3.2,12,59,-0.01
P-011704,V-00473,NA-MX,Mexico,6,-6,0,55,0.02
P-011704,V-00276,APAC-NE,Taiwan,5,0,4,35,0
P-011706,V-00831,APAC-SE,Thailand,2,8.1,6,61,-0.03
P-011706,V-00556,EMEA-E,Romania,4,2.4,6,99,-0.01
P-011707,V-00228,SA,Brazil,7,3.2,4,24,-0.01
P-011708,V-00271,APAC-NE,China,8,6.5,4,27,-0.03
P-011708,V-00357,SA,Brazil,6,1.5,12,27,-0.01
P-011708,V-00247,NA-US,United States,6,-0.4,0,72,0
P-011711,V-00338,APAC-SE,Vietnam,7,-3,8,29,0.01
P-011711,V-00028,APAC-IN,India,4,18.9,12,68,-0.08
P-011712,V-00148,NA-US,United States,3,16.2,0,57,-0.06
P-011712,V-00552,EMEA-W,France,5,-0.1,0,94,0
P-011712,V-00103,APAC-SE,Indonesia,7,5.9,0,55,-0.02
P-011713,V-00226,SA,Brazil,6,2.6,6,53,-0.03
P-011713,V-00605,APAC-NE,Taiwan,8,3.7,4,16,-0.04
P-011714,V-00045,NA-US,United States,3,-5.4,12,62,0.06
P-011714,V-00604,EMEA-E,Czechia,8,2.5,0,50,-0.03
P-011715,V-00403,NA-MX,Mexico,4,4.3,4,59,-0.05
P-011716,V-00415,APAC-NE,Taiwan,3,4.5,0,67,-0.02
P-011716,V-00067,EMEA-W,France,3,1.3,12,17,-0.01
P-011716,V-00473,NA-MX,Mexico,6,-1.7,8,56,0.01
P-011717,V-00106,NA-MX,Mexico,5,-5.7,6,37,0.02
P-011717,V-00030,SA,Brazil,3,3.8,0,16,-0.02
P-011718,V-00697,NA-US,United States,4,12.1,0,88,-0.05
P-011718,V-00674,NA-MX,Mexico,7,8.4,0,71,-0.03
P-011719,V-00312,NA-US,United States,7,9.8,0,34,-0.11
P-011719,V-00503,APAC-SE,Vietnam,6,-0.6,6,34,0.01
P-011719,V-00458,APAC-SE,Indonesia,3,1.9,6,31,-0.02
P-011720,V-00484,EMEA-E,Romania,4,2.8,8,58,-0.01
P-011723,V-00116,APAC-IN,India,7,-5.8,0,84,0.02
P-011724,V-00090,APAC-SE,Thailand,5,13.1,12,52,-0.05
P-011724,V-00219,NA-US,United States,6,-4.8,4,46,0.02
P-011724,V-00593,APAC-IN,India,7,-0.9,12,20,0
P-011725,V-00744,SA,Brazil,6,5.1,8,73,-0.02
P-011725,V-00432,NA-US,United States,3,3.2,0,63,-0.01
P-011727,V-00842,EMEA-E,Romania,9,7.8,0,28,-0.09
P-011729,V-00374,APAC-SE,Thailand,5,16.5,0,57,-0.07
P-011729,V-00225,NA-MX,Mexico,5,17.3,8,35,-0.07
P-011729,V-00731,EMEA-W,Spain,3,-0.4,0,87,0
P-011730,V-00379,APAC-NE,South Korea,2,4.1,0,54,-0.05
P-011730,V-00210,APAC-IN,India,3,14.2,4,18,-0.16
P-011730,V-00467,APAC-SE,Malaysia,5,-5,4,74,0.06
P-011731,V-00589,NA-MX,Mexico,6,0.7,12,72,-0.01
P-011731,V-00405,NA-MX,Mexico,3,17.7,8,66,-0.19
P-011731,V-00199,NA-MX,Mexico,3,11.2,0,50,-0.12
P-011732,V-00737,APAC-SE,Indonesia,9,14.1,12,45,-0.06
P-011733,V-00026,APAC-NE,China,5,1.4,12,42,-0.02
P-011734,V-00330,NA-MX,Mexico,5,13.1,0,100,-0.05
P-011734,V-00161,SA,Argentina,3,18.6,6,81,-0.07
P-011734,V-00608,EMEA-W,Germany,8,3.6,6,19,-0.01
P-011736,V-00118,SA,Brazil,5,11.8,8,84,-0.05
P-011740,V-00163,APAC-NE,Taiwan,6,15.1,8,40,-0.06
P-011740,V-00023,NA-MX,Mexico,5,-3.2,6,24,0.01
P-011740,V-00452,APAC-IN,India,6,2.5,8,34,-0.01
P-011743,V-00518,APAC-SE,Vietnam,4,-0.9,0,31,0
P-011743,V-00456,APAC-SE,Malaysia,5,-2.3,8,27,0.01
P-011743,V-00913,SA,Brazil,3,18.9,12,97,-0.08
P-011744,V-00487,APAC-IN,India,2,9.5,12,38,-0.04
P-011744,V-00220,EMEA-W,Spain,7,9.7,4,33,-0.04
P-011745,V-00151,APAC-IN,India,5,0.1,0,20,0
P-011745,V-00098,EMEA-E,Turkey,5,10.5,6,98,-0.12
P-011746,V-00606,APAC-SE,Malaysia,8,20.4,8,51,-0.08
P-011747,V-00697,NA-US,United States,4,1.1,8,15,-0.01
P-011748,V-00890,APAC-IN,India,7,11.2,0,23,-0.04
P-011748,V-00854,NA-US,United States,5,21.4,0,66,-0.09
P-011749,V-00215,APAC-SE,Indonesia,5,7.3,12,43,-0.03
P-011749,V-00328,NA-MX,Mexico,6,16,0,71,-0.06
P-011750,V-00665,APAC-SE,Vietnam,2,7.7,0,63,-0.03
P-011751,V-00683,NA-US,United States,3,3.9,6,89,-0.02
P-011752,V-00725,EMEA-W,France,7,10.8,8,46,-0.04
P-011752,V-00040,APAC-NE,China,8,-5.4,4,74,0.02
P-011752,V-00139,EMEA-E,Poland,3,4.9,6,18,-0.02
P-011754,V-00087,APAC-NE,Japan,5,1.7,6,46,-0.01
P-011755,V-00590,APAC-IN,India,7,21.3,6,65,-0.09
P-011757,V-00095,APAC-NE,China,6,4.4,6,96,-0.02
P-011757,V-00039,EMEA-E,Romania,7,20.8,4,96,-0.08
P-011758,V-00405,NA-MX,Mexico,1,-0.9,6,22,0.01
P-011758,V-00481,EMEA-W,Italy,9,3.8,0,19,-0.04
P-011759,V-00651,SA,Brazil,6,2.9,0,83,-0.01
P-011759,V-00640,SA,Argentina,2,2.8,4,80,-0.01
P-011759,V-00823,NA-US,United States,4,9.7,0,68,-0.04
P-011763,V-00426,APAC-SE,Malaysia,7,21.4,0,35,-0.09
P-011763,V-00020,APAC-NE,Japan,4,18.3,6,50,-0.07
P-011763,V-00542,SA,Argentina,5,14.4,0,68,-0.06
P-011765,V-00322,EMEA-E,Poland,3,12.7,6,36,-0.05
P-011765,V-00651,SA,Brazil,4,0.9,0,39,0
P-011766,V-00964,EMEA-W,Germany,8,9.4,6,41,-0.1
P-011768,V-00139,EMEA-E,Poland,5,12.1,12,60,-0.13
P-011768,V-00071,EMEA-E,Turkey,4,14.4,0,83,-0.16
P-011769,V-00739,SA,Brazil,3,10.8,4,74,-0.12
P-011770,V-00817,APAC-IN,India,3,-3.9,4,80,0.02
P-011770,V-00560,NA-US,United States,8,15.1,8,83,-0.06
P-011771,V-00163,APAC-NE,Taiwan,5,-5,12,61,0.02
P-011771,V-00472,APAC-SE,Vietnam,9,14,8,30,-0.06
P-011772,V-00737,APAC-SE,Indonesia,6,6.1,12,18,-0.02
P-011772,V-00069,APAC-SE,Vietnam,3,17.8,0,53,-0.07
P-011773,V-00634,EMEA-E,Czechia,4,-0.5,4,24,0
P-011773,V-00168,APAC-SE,Vietnam,4,20.3,12,30,-0.08
P-011773,V-00244,EMEA-E,Czechia,4,-5.2,0,81,0.02
P-011774,V-00580,NA-MX,Mexico,6,6.1,0,82,-0.02
P-011778,V-00478,APAC-SE,Vietnam,4,-2.9,4,61,0.01
P-011778,V-00597,NA-US,United States,2,8.8,4,57,-0.04
P-011779,V-00494,APAC-IN,India,7,21,0,36,-0.23
P-011779,V-00256,APAC-NE,Taiwan,4,-5.5,12,49,0.06
P-011779,V-00292,NA-MX,Mexico,4,7.7,8,89,-0.08
P-011781,V-00396,APAC-NE,China,6,4.4,0,97,-0.02
P-011782,V-00540,NA-US,United States,5,9.7,8,77,-0.04
P-011783,V-00067,EMEA-W,France,2,19.1,8,92,-0.08
P-011784,V-00475,APAC-SE,Thailand,5,4.3,4,62,-0.02
P-011784,V-00242,APAC-NE,Japan,6,-2.3,0,67,0.01
P-011786,V-00396,APAC-NE,China,7,12.8,6,70,-0.05
P-011787,V-00823,NA-US,United States,4,11.9,12,53,-0.05
P-011789,V-00658,SA,Brazil,5,6.8,12,16,-0.07
P-011789,V-00122,APAC-SE,Malaysia,5,7.6,0,22,-0.08
P-011789,V-00591,SA,Brazil,6,18.4,6,41,-0.2
P-011790,V-00019,APAC-NE,Taiwan,3,4.2,8,69,-0.02
P-011790,V-00527,NA-MX,Mexico,4,3.5,6,51,-0.01
P-011790,V-00494,APAC-IN,India,5,-2.9,12,59,0.01
P-011792,V-00268,APAC-NE,South Korea,2,-3,12,24,0.03
P-011792,V-00511,EMEA-W,France,7,-0.1,6,100,0
P-011793,V-00094,APAC-NE,China,4,18.7,0,91,-0.07
P-011793,V-00836,SA,Argentina,4,-3.1,8,51,0.01
P-011793,V-00542,SA,Argentina,6,9.9,0,76,-0.04
P-011796,V-00577,EMEA-E,Czechia,4,3.9,12,58,-0.02
P-011796,V-00717,SA,Argentina,7,-4.8,0,64,0.02
P-011796,V-00647,APAC-SE,Vietnam,2,5.1,0,73,-0.02
P-011797,V-00055,APAC-IN,India,8,10.2,0,66,-0.04
P-011798,V-00191,EMEA-E,Turkey,6,10.9,8,79,-0.04
P-011799,V-00212,NA-MX,Mexico,2,20,12,40,-0.08
P-011799,V-00007,SA,Brazil,4,10.2,6,83,-0.04
P-011800,V-00173,APAC-NE,South Korea,3,8.5,12,71,-0.03
P-011800,V-00607,APAC-NE,Taiwan,7,18,0,39,-0.07
P-011800,V-00406,EMEA-W,Spain,7,9.2,0,98,-0.04
P-011801,V-00329,SA,Argentina,5,5.9,12,99,-0.02
P-011801,V-00315,NA-US,United States,3,17.6,4,38,-0.07
P-011803,V-00779,APAC-SE,Malaysia,4,0.4,4,27,0
P-011803,V-00816,EMEA-E,Poland,3,16.9,6,93,-0.19
P-011803,V-00027,APAC-IN,India,5,16,4,36,-0.18
P-011805,V-00591,SA,Brazil,9,14.6,4,31,-0.06
P-011805,V-00659,EMEA-E,Poland,3,17.5,0,28,-0.07
P-011805,V-00036,APAC-SE,Vietnam,5,-0.9,12,80,0
P-011806,V-00515,EMEA-E,Turkey,6,13.2,8,39,-0.15
P-011806,V-00591,SA,Brazil,7,-2.3,8,63,0.03
P-011806,V-00372,NA-MX,Mexico,4,-3.9,8,79,0.04
P-011808,V-00465,APAC-NE,South Korea,7,9.9,8,88,-0.04
P-011808,V-00029,APAC-IN,India,2,20.9,4,50,-0.08
P-011810,V-00685,APAC-SE,Vietnam,4,10.1,8,32,-0.04
P-011813,V-00440,EMEA-E,Turkey,8,3.1,0,56,-0.01
P-011813,V-00652,SA,Argentina,8,-5.7,12,84,0.02
P-011815,V-00561,APAC-NE,Japan,6,2.5,4,23,-0.01
P-011816,V-00855,NA-MX,Mexico,6,5.1,4,77,-0.02
P-011816,V-00174,EMEA-E,Turkey,3,-0.1,8,81,0
P-011820,V-00305,APAC-SE,Vietnam,2,17.5,4,56,-0.07
P-011820,V-00579,NA-US,United States,8,0.9,6,92,0
P-011822,V-00749,NA-US,United States,7,21.4,4,48,-0.09
P-011822,V-00154,APAC-SE,Malaysia,6,19.4,12,96,-0.08
P-011822,V-00908,NA-MX,Mexico,6,17.9,12,73,-0.07
P-011823,V-00021,SA,Argentina,9,1,12,26,-0.01
P-011823,V-00150,EMEA-E,Poland,2,8.1,12,19,-0.09
P-011823,V-00498,EMEA-W,France,7,21.2,12,33,-0.23
P-011825,V-00213,NA-US,United States,1,2.6,0,63,-0.03
P-011825,V-00142,EMEA-W,Italy,4,9.3,0,57,-0.1
P-011828,V-00925,NA-MX,Mexico,5,10.2,12,40,-0.04
P-011829,V-00914,EMEA-W,Italy,1,15.3,12,90,-0.06
P-011831,V-00500,SA,Argentina,6,3,8,16,-0.01
P-011831,V-00832,APAC-NE,Taiwan,6,16.5,4,87,-0.07
P-011831,V-00270,APAC-IN,India,5,-2.5,8,83,0.01
P-011834,V-00534,APAC-NE,Japan,1,9.1,6,50,-0.04
P-011836,V-00385,SA,Brazil,8,17.8,0,78,-0.2
P-011836,V-00550,SA,Argentina,4,17.9,8,23,-0.2
P-011836,V-00539,EMEA-E,Turkey,6,14.6,12,81,-0.16
P-011838,V-00068,EMEA-E,Romania,9,12.7,0,79,-0.14
P-011838,V-00678,NA-MX,Mexico,3,16.6,12,40,-0.18
P-011838,V-00302,NA-US,United States,5,21.3,6,43,-0.23
P-011839,V-00417,APAC-IN,India,4,21.7,6,29,-0.09
P-011839,V-00640,SA,Argentina,4,16.8,0,46,-0.07
P-011842,V-00646,APAC-SE,Malaysia,6,5.7,12,32,-0.02
P-011842,V-00454,EMEA-W,Germany,6,6.3,8,49,-0.03
P-011843,V-00170,EMEA-W,Germany,8,6.3,12,43,-0.03
P-011844,V-00666,APAC-SE,Indonesia,3,3,0,27,-0.01
P-011844,V-00930,EMEA-W,France,3,5.6,0,55,-0.02
P-011845,V-00106,NA-MX,Mexico,5,7.8,12,100,-0.09
P-011845,V-00124,EMEA-W,France,6,-1.3,8,58,0.01
P-011846,V-00284,EMEA-E,Romania,3,20.5,0,16,-0.08
P-011846,V-00287,EMEA-W,France,4,1,8,25,0
P-011848,V-00630,APAC-NE,China,6,-5.2,12,16,0.02
P-011849,V-00051,NA-MX,Mexico,5,16.8,0,54,-0.07
P-011849,V-00775,NA-US,United States,5,0.6,0,33,0
P-011852,V-00964,EMEA-W,Germany,8,-1.8,4,91,0.01
P-011854,V-00337,EMEA-W,France,3,7.7,6,93,-0.03
P-011854,V-00345,EMEA-E,Poland,4,0.9,0,79,0
P-011856,V-00339,SA,Argentina,2,12.8,0,20,-0.05
P-011856,V-00710,EMEA-W,France,4,21.8,0,72,-0.09
P-011856,V-00640,SA,Argentina,4,14.6,0,100,-0.06
P-011857,V-00041,NA-US,United States,7,-4.7,0,83,0.02
P-011857,V-00779,APAC-SE,Malaysia,5,9.1,12,94,-0.04
P-011858,V-00036,APAC-SE,Vietnam,4,19,12,90,-0.08
P-011859,V-00733,EMEA-W,Spain,9,3,4,24,-0.01
P-011860,V-00311,EMEA-W,Spain,5,0.6,8,57,0
P-011860,V-00459,EMEA-E,Turkey,4,-0.2,12,61,0
P-011860,V-00156,SA,Argentina,6,18.4,0,82,-0.07
P-011861,V-00606,APAC-SE,Malaysia,8,-4.9,0,75,0.05
P-011861,V-00072,APAC-SE,Vietnam,8,-4.3,8,87,0.05
P-011861,V-00357,SA,Brazil,8,10.4,6,57,-0.11
P-011862,V-00779,APAC-SE,Malaysia,5,17.6,6,100,-0.07
P-011862,V-00186,EMEA-E,Romania,7,-1.7,4,93,0.01
P-011863,V-00213,NA-US,United States,1,-1.1,12,54,0
P-011864,V-00288,NA-MX,Mexico,6,16.8,12,85,-0.07
P-011864,V-00498,EMEA-W,France,5,7.3,0,62,-0.03
P-011866,V-00521,NA-US,United States,5,16.6,6,76,-0.07
P-011866,V-00498,EMEA-W,France,5,12.9,0,77,-0.05
P-011867,V-00401,SA,Brazil,5,16.7,0,34,-0.07
P-011867,V-00768,APAC-SE,Indonesia,4,-4.3,0,20,0.02
P-011868,V-00568,APAC-IN,India,6,-0.7,4,55,0
P-011868,V-00497,APAC-NE,Taiwan,8,-5.4,4,78,0.02
P-011868,V-00697,NA-US,United States,6,-4.6,4,60,0.02
P-011870,V-00743,EMEA-E,Czechia,6,3.7,0,48,-0.01
P-011870,V-00141,APAC-SE,Malaysia,4,4,0,88,-0.02
P-011871,V-00409,APAC-SE,Indonesia,7,8,4,84,-0.09
P-011871,V-00492,APAC-IN,India,7,-5.1,4,56,0.06
P-011871,V-00525,EMEA-E,Poland,4,3.1,12,85,-0.03
P-011874,V-00310,EMEA-E,Czechia,8,-2.7,0,51,0.01
P-011874,V-00130,NA-US,United States,5,10.1,4,55,-0.04
P-011875,V-00170,EMEA-W,Germany,9,14,0,68,-0.06
P-011875,V-00234,APAC-NE,Japan,3,6.8,6,68,-0.03
P-011875,V-00371,APAC-SE,Indonesia,6,5.5,6,74,-0.02
P-011876,V-00231,APAC-SE,Vietnam,4,19.1,12,36,-0.08
P-011876,V-00283,EMEA-W,France,6,6.2,0,23,-0.02
P-011877,V-00092,APAC-IN,India,6,0.9,0,70,0
P-011877,V-00610,SA,Brazil,8,14.4,0,56,-0.06
P-011877,V-00256,APAC-NE,Taiwan,3,1,4,79,0
P-011878,V-00521,NA-US,United States,5,-4.1,0,66,0.02
P-011878,V-00682,NA-US,United States,4,18.4,8,23,-0.07
P-011878,V-00842,EMEA-E,Romania,7,19.2,4,18,-0.08
P-011879,V-00620,EMEA-W,Germany,4,12.3,4,79,-0.05
P-011880,V-00120,APAC-IN,India,5,12.1,4,86,-0.05
P-011880,V-00635,SA,Argentina,9,-1,12,73,0
P-011881,V-00490,APAC-IN,India,5,2.7,6,90,-0.01
P-011881,V-00648,APAC-IN,India,4,7.9,6,16,-0.03
P-011883,V-00028,APAC-IN,India,3,14.4,8,86,-0.06
P-011883,V-00397,NA-MX,Mexico,3,12.6,12,44,-0.05
P-011883,V-00465,APAC-NE,South Korea,7,18.8,6,47,-0.08
P-011884,V-00078,APAC-NE,China,2,10,6,70,-0.04
P-011884,V-00121,SA,Argentina,6,4.6,0,38,-0.02
P-011884,V-00289,EMEA-E,Turkey,4,18.4,0,36,-0.07
P-011885,V-00270,APAC-IN,India,6,3.2,0,63,-0.01
P-011887,V-00429,APAC-NE,Japan,6,10.6,0,95,-0.04
P-011887,V-00340,NA-US,United States,2,12.4,12,64,-0.05
P-011888,V-00657,SA,Argentina,3,21.9,12,19,-0.09
P-011888,V-00443,NA-US,United States,3,21.2,0,92,-0.08
P-011889,V-00356,NA-MX,Mexico,5,1.9,12,52,-0.01
P-011890,V-00488,APAC-IN,India,5,3,0,98,-0.03
P-011890,V-00771,NA-MX,Mexico,7,-2.3,0,18,0.03
P-011890,V-00337,EMEA-W,France,3,-4.9,12,83,0.05
P-011891,V-00530,SA,Brazil,9,18.7,8,42,-0.07
P-011891,V-00530,SA,Brazil,8,4.7,6,25,-0.02
P-011891,V-00715,EMEA-E,Turkey,2,8.1,12,21,-0.03
P-011895,V-00112,NA-US,United States,7,14.4,0,44,-0.06
P-011896,V-00974,NA-MX,Mexico,7,20.5,0,19,-0.08
P-011896,V-00631,NA-MX,Mexico,5,10,8,62,-0.04
P-011896,V-00728,NA-US,United States,3,-3.3,0,91,0.01
P-011898,V-00493,EMEA-E,Romania,9,4.9,0,33,-0.02
P-011898,V-00423,NA-US,United States,3,17,8,68,-0.07
P-011898,V-00546,NA-MX,Mexico,5,8.6,4,31,-0.03
P-011902,V-00756,APAC-IN,India,7,5,0,74,-0.02
P-011904,V-00052,EMEA-E,Turkey,4,16.3,8,36,-0.07
P-011904,V-00771,NA-MX,Mexico,7,-1.1,8,67,0
P-011904,V-00684,APAC-NE,Japan,6,4.5,4,99,-0.02
P-011905,V-00220,EMEA-W,Spain,5,4.5,0,54,-0.02
P-011905,V-00294,NA-US,United States,2,15.6,4,86,-0.06
P-011905,V-00131,EMEA-E,Czechia,9,20.8,12,87,-0.08
P-011906,V-00625,APAC-SE,Malaysia,6,7.3,4,73,-0.03
P-011908,V-00698,APAC-SE,Indonesia,8,-4.8,12,43,0.02
P-011910,V-00127,NA-MX,Mexico,4,4,6,30,-0.02
P-011912,V-00018,NA-US,United States,4,17.9,0,40,-0.07
P-011912,V-00008,NA-US,United States,6,3.5,8,67,-0.01
P-011912,V-00267,NA-MX,Mexico,5,-2.5,6,44,0.01
P-011913,V-00432,NA-US,United States,4,17.9,8,55,-0.07
P-011914,V-00014,APAC-NE,South Korea,6,1.1,12,78,0
P-011914,V-00812,NA-MX,Mexico,4,7.4,8,47,-0.03
P-011915,V-00878,EMEA-W,France,4,6.8,0,77,-0.03
P-011917,V-00384,EMEA-W,Italy,6,15.2,12,33,-0.06
P-011918,V-00205,NA-MX,Mexico,3,10.1,8,57,-0.04
P-011918,V-00184,SA,Argentina,6,1.6,6,71,-0.01
P-011918,V-00106,NA-MX,Mexico,5,14.3,0,40,-0.06
P-011919,V-00212,NA-MX,Mexico,3,8.2,0,57,-0.03
P-011924,V-00470,SA,Brazil,5,-4,12,88,0.02
P-011924,V-00055,APAC-IN,India,8,15.5,0,43,-0.06
P-011924,V-00852,EMEA-W,Italy,6,1.3,8,51,-0.01
P-011925,V-00299,NA-MX,Mexico,4,11,8,92,-0.04
P-011925,V-00407,EMEA-E,Poland,5,14.7,4,88,-0.06
P-011929,V-00696,APAC-SE,Indonesia,6,4.2,6,93,-0.02
P-011931,V-00278,APAC-IN,India,7,4.4,8,34,-0.02
P-011931,V-00278,APAC-IN,India,7,20.1,12,94,-0.08
P-011931,V-00278,APAC-IN,India,6,2.5,6,84,-0.01
P-011932,V-00576,NA-MX,Mexico,2,5.3,8,54,-0.02
P-011932,V-00213,NA-US,United States,3,-1.8,8,23,0.01
P-011934,V-00425,NA-US,United States,3,6.7,12,50,-0.03
P-011934,V-00551,EMEA-E,Czechia,3,12.4,4,32,-0.05
P-011934,V-00809,SA,Brazil,9,16.9,0,99,-0.07
P-011936,V-00433,SA,Brazil,6,4.9,6,20,-0.02
P-011938,V-00464,EMEA-W,Spain,5,7.2,8,23,-0.03
P-011939,V-00300,APAC-NE,Japan,5,21,8,38,-0.08
P-011939,V-00164,EMEA-W,Spain,6,-2.7,12,18,0.01
P-011939,V-00106,NA-MX,Mexico,6,18.2,6,79,-0.07
P-011943,V-00484,EMEA-E,Romania,4,-3.4,4,55,0.01
P-011943,V-00487,APAC-IN,India,5,-0.7,0,40,0
P-011943,V-00338,APAC-SE,Vietnam,8,17,0,38,-0.07
P-011945,V-00120,APAC-IN,India,6,1.6,0,34,-0.01
P-011945,V-00649,EMEA-W,France,5,-1.2,0,21,0
P-011945,V-00276,APAC-NE,Taiwan,4,12.9,8,96,-0.05
P-011948,V-00649,EMEA-W,France,3,-0.9,6,44,0
P-011948,V-00252,APAC-NE,China,4,4.6,12,45,-0.02
P-011948,V-00603,SA,Argentina,2,15.3,12,16,-0.06
P-011950,V-00037,SA,Brazil,7,11.8,6,59,-0.05
P-011950,V-00029,APAC-IN,India,5,4.6,8,21,-0.02
P-011950,V-00179,APAC-SE,Thailand,6,20.3,8,24,-0.08
P-011951,V-00594,APAC-NE,China,7,21.5,8,87,-0.24
P-011951,V-00429,APAC-NE,Japan,4,-2.4,6,77,0.03
P-011951,V-00036,APAC-SE,Vietnam,2,21,4,23,-0.23
P-011952,V-00693,NA-US,United States,6,14.5,0,34,-0.06
P-011952,V-00185,APAC-IN,India,6,16.5,4,57,-0.07
P-011952,V-00601,EMEA-W,France,6,2.5,8,28,-0.01
P-011953,V-00546,NA-MX,Mexico,3,9.3,8,44,-0.04
P-011954,V-00223,NA-MX,Mexico,6,7.6,8,17,-0.08
P-011954,V-00199,NA-MX,Mexico,5,17,8,79,-0.19
P-011955,V-00788,NA-MX,Mexico,5,12.3,0,36,-0.05
P-011955,V-00885,NA-MX,Mexico,6,-5.5,8,99,0.02
P-011956,V-00789,SA,Argentina,2,-3.4,4,90,0.04
P-011956,V-00105,APAC-SE,Thailand,7,11.3,4,16,-0.12
P-011957,V-00803,EMEA-E,Czechia,4,0.8,4,97,0
P-011957,V-00120,APAC-IN,India,4,-0.7,6,15,0
P-011958,V-00123,EMEA-W,Spain,6,7.7,0,85,-0.03
P-011958,V-00123,EMEA-W,Spain,5,-2.2,12,77,0.01
P-011958,V-00245,NA-US,United States,5,3.5,6,29,-0.01
P-011959,V-00451,NA-MX,Mexico,6,6.3,4,90,-0.07
P-011960,V-00160,EMEA-E,Czechia,4,11.1,6,38,-0.04
P-011960,V-00019,APAC-NE,Taiwan,3,15.7,12,53,-0.06
P-011962,V-00611,NA-MX,Mexico,6,9.3,6,51,-0.04
P-011962,V-00283,EMEA-W,France,5,-1.3,4,88,0.01
P-011963,V-00494,APAC-IN,India,6,10.2,4,90,-0.04
P-011963,V-00671,SA,Argentina,3,19.7,12,96,-0.08
P-011964,V-00207,APAC-SE,Indonesia,8,1,0,28,0
P-011966,V-00733,EMEA-W,Spain,9,3.8,12,56,-0.04
P-011966,V-00493,EMEA-E,Romania,8,-3,0,90,0.03
P-011966,V-00393,APAC-NE,China,3,5.5,0,82,-0.06
P-011968,V-00756,APAC-IN,India,4,13.5,0,75,-0.15
P-011968,V-00321,APAC-SE,Malaysia,3,15.5,12,31,-0.17
P-011970,V-00868,SA,Brazil,8,17.2,0,87,-0.07
P-011970,V-00762,NA-US,United States,3,12.9,6,62,-0.05
P-011971,V-00232,NA-US,United States,4,3.4,0,61,-0.01
P-011972,V-00448,EMEA-E,Poland,8,18.2,4,57,-0.07
P-011972,V-00513,APAC-NE,Taiwan,8,1,12,23,0
P-011972,V-00867,NA-US,United States,5,14.8,12,15,-0.06
P-011973,V-00637,NA-MX,Mexico,3,20.7,4,83,-0.08
P-011973,V-00779,APAC-SE,Malaysia,6,21.5,0,51,-0.09
P-011973,V-00141,APAC-SE,Malaysia,7,-0.3,0,82,0
P-011974,V-00048,NA-US,United States,6,-1.1,12,31,0.01
P-011974,V-00048,NA-US,United States,6,6.9,4,67,-0.08
P-011975,V-00182,SA,Argentina,5,17.6,4,65,-0.07
P-011975,V-00672,EMEA-E,Romania,3,15,8,79,-0.06
P-011975,V-00885,NA-MX,Mexico,6,18,6,64,-0.07
P-011976,V-00268,APAC-NE,South Korea,4,15.5,0,77,-0.06
P-011977,V-00658,SA,Brazil,5,7.9,0,82,-0.03
P-011978,V-00553,EMEA-E,Romania,2,3,4,29,-0.01
P-011979,V-00229,EMEA-E,Czechia,2,19.6,6,63,-0.08
P-011979,V-00437,EMEA-W,Germany,7,10.3,6,16,-0.04
P-011979,V-00407,EMEA-E,Poland,3,20,0,23,-0.08
P-011980,V-00001,NA-US,United States,6,3.7,0,24,-0.01
P-011980,V-00630,APAC-NE,China,8,17.8,0,80,-0.07
P-011981,V-00521,NA-US,United States,5,-1.2,12,99,0.01
P-011982,V-00514,APAC-NE,Japan,6,16.9,8,43,-0.07
P-011982,V-00107,SA,Brazil,2,18.3,4,95,-0.07
P-011982,V-00135,NA-MX,Mexico,3,0.8,4,79,0
P-011984,V-00775,NA-US,United States,4,8.8,0,36,-0.04
P-011985,V-00595,SA,Brazil,4,17.9,4,16,-0.07
P-011987,V-00602,APAC-SE,Thailand,3,8.6,0,16,-0.03
P-011990,V-00157,APAC-IN,India,3,1.9,0,95,-0.01
P-011990,V-00474,NA-US,United States,3,15.1,4,65,-0.06
P-011991,V-00384,EMEA-W,Italy,7,7.7,12,78,-0.03
P-011991,V-00245,NA-US,United States,5,11.9,4,50,-0.05
P-011992,V-00034,APAC-IN,India,3,18.9,0,40,-0.21
P-011992,V-00466,EMEA-W,Italy,5,20.9,0,98,-0.23
P-011992,V-00072,APAC-SE,Vietnam,8,1.3,0,95,-0.01
P-011994,V-00183,EMEA-W,Germany,5,-3.9,8,75,0.02
P-011994,V-00101,EMEA-W,Spain,5,3.9,12,74,-0.02
P-011997,V-00606,APAC-SE,Malaysia,7,2.6,8,85,-0.01
P-011997,V-00072,APAC-SE,Vietnam,6,12.9,8,50,-0.05
P-011997,V-00545,EMEA-W,France,6,14.7,4,59,-0.06
P-011999,V-00465,APAC-NE,South Korea,7,5.5,6,46,-0.02
P-011999,V-00469,APAC-SE,Indonesia,7,-1.8,12,40,0.01
