customer_id,customer_name,customer_type,region,country,tier_rank,otif_target_pct,penalty_usd_per_day,annual_revenue_usd,contract_type
C-00001,Bluepeak Distribution 00001,Distributor,EMEA-W,Italy,1,95,2534,6000000,consignment
C-00002,Orion Distribution 00002,Aftermarket,APAC-IN,India,2,95,1316,3800000,LTA
C-00003,Norvia Systems 00003,Tier-1,EMEA-E,Romania,3,95,3402,4300000,LTA
C-00004,Orion Distribution 00004,Aftermarket,NA-MX,Mexico,4,95,2686,4200000,consignment
C-00005,Kestrel Motors 00005,OEM,EMEA-E,Romania,5,98,57091,34500000,consignment
C-00006,Sumida Distribution 00006,Aftermarket,SA,Argentina,6,95,3466,2800000,LTA
C-00007,Norvia Distribution 00007,Aftermarket,NA-MX,Mexico,7,95,1645,1100000,consignment
C-00008,Vantage Motors 00008,OEM,SA,Brazil,8,98,22495,45300000,consignment
C-00009,Vantage Distribution 00009,Distributor,APAC-SE,Malaysia,9,95,2450,2100000,consignment
C-00010,Atlas Distribution 00010,Distributor,EMEA-E,Turkey,10,95,2371,5700000,LTA
C-00011,Atlas Systems 00011,Tier-1,NA-US,United States,483,95,60,6000000,spot
C-00012,Orion Distribution 00012,Aftermarket,NA-US,United States,110,95,312,6000000,consignment
C-00013,Cordis Motors 00013,OEM,APAC-SE,Vietnam,357,98,55194,40800000,consignment
C-00014,Norvia Systems 00014,Tier-1,APAC-IN,India,419,95,674,2700000,consignment
C-00015,Atlas Distribution 00015,Distributor,APAC-NE,Taiwan,50,95,3373,2600000,spot
C-00016,Cordis Motors 00016,OEM,SA,Brazil,459,98,39756,84300000,spot
C-00017,Bluepeak Motors 00017,OEM,APAC-IN,India,225,98,47212,50200000,consignment
C-00018,Kestrel Systems 00018,Tier-1,APAC-NE,China,68,95,1539,4100000,spot
C-00019,Orion Motors 00019,OEM,APAC-SE,Vietnam,144,98,38523,46300000,LTA
C-00020,Baltia Distribution 00020,Distributor,APAC-NE,China,287,95,3371,1700000,LTA
C-00021,Orion Distribution 00021,Aftermarket,NA-MX,Mexico,183,95,2772,4500000,spot
C-00022,Cordis Motors 00022,OEM,APAC-NE,China,319,98,46070,13500000,LTA
C-00023,Atlas Motors 00023,OEM,NA-US,United States,109,98,27851,62400000,LTA
C-00024,Vantage Distribution 00024,Distributor,EMEA-E,Turkey,100,95,2186,4200000,LTA
C-00025,Kestrel Distribution 00025,Distributor,APAC-SE,Thailand,238,95,3438,4000000,spot
C-00026,Atlas Distribution 00026,Distributor,APAC-IN,India,479,95,2666,3900000,LTA
C-00027,Orion Systems 00027,Tier-1,NA-MX,Mexico,464,95,1184,5500000,consignment
C-00028,Vantage Distribution 00028,Aftermarket,NA-US,United States,449,95,934,3000000,spot
C-00029,Orion Distribution 00029,Aftermarket,NA-MX,Mexico,99,95,3130,1900000,LTA
C-00030,Delantra Motors 00030,OEM,NA-MX,Mexico,330,98,10330,60700000,LTA
C-00031,Vantage Motors 00031,OEM,EMEA-E,Czechia,122,98,21954,68200000,consignment
C-00032,Bluepeak Systems 00032,Tier-1,SA,Brazil,314,95,852,4100000,spot
C-00033,Cordis Distribution 00033,Aftermarket,EMEA-W,Spain,267,95,767,1700000,spot
C-00034,Atlas Distribution 00034,Aftermarket,SA,Argentina,61,95,2918,5400000,LTA
C-00035,Orion Systems 00035,Tier-1,NA-MX,Mexico,120,95,2727,2200000,LTA
C-00036,Vantage Motors 00036,OEM,NA-MX,Mexico,300,98,23811,45000000,LTA
C-00037,Baltia Distribution 00037,Distributor,NA-MX,Mexico,336,95,3856,5700000,LTA
C-00038,Atlas Motors 00038,OEM,EMEA-E,Romania,105,98,46461,6700000,LTA
C-00039,Delantra Motors 00039,OEM,APAC-NE,China,167,98,6719,23500000,LTA
C-00040,Delantra Motors 00040,OEM,APAC-IN,India,348,98,22415,18400000,LTA
C-00041,Norvia Motors 00041,OEM,APAC-SE,Indonesia,388,98,11311,29700000,LTA
C-00042,Orion Distribution 00042,Aftermarket,APAC-NE,South Korea,402,95,718,900000,consignment
C-00043,Baltia Distribution 00043,Distributor,APAC-SE,Vietnam,230,95,2530,5100000,LTA
C-00044,Sumida Motors 00044,OEM,NA-MX,Mexico,293,98,33899,11100000,spot
C-00045,Norvia Systems 00045,Tier-1,EMEA-W,Germany,87,95,3430,5000000,LTA
C-00046,Delantra Distribution 00046,Distributor,NA-MX,Mexico,49,95,2887,5500000,LTA
C-00047,Baltia Motors 00047,OEM,APAC-NE,China,327,98,46765,83800000,consignment
C-00048,Cordis Distribution 00048,Distributor,EMEA-W,France,334,95,1862,500000,LTA
C-00049,Orion Motors 00049,OEM,APAC-SE,Thailand,384,98,44660,76000000,LTA
C-00050,Norvia Motors 00050,OEM,APAC-SE,Indonesia,301,98,18634,61800000,consignment
C-00051,Delantra Distribution 00051,Distributor,NA-US,United States,463,95,340,4800000,LTA
C-00052,Sumida Motors 00052,OEM,APAC-IN,India,428,98,44633,18800000,LTA
C-00053,Norvia Distribution 00053,Distributor,EMEA-E,Turkey,470,95,2930,400000,spot
C-00054,Kestrel Distribution 00054,Distributor,APAC-NE,Japan,122,95,3150,3000000,consignment
C-00055,Norvia Motors 00055,OEM,EMEA-W,France,233,98,12973,26500000,consignment
C-00056,Baltia Systems 00056,Tier-1,EMEA-E,Czechia,89,95,2012,4600000,consignment
C-00057,Orion Distribution 00057,Aftermarket,EMEA-E,Poland,268,95,2639,4000000,consignment
C-00058,Vantage Distribution 00058,Aftermarket,APAC-NE,South Korea,464,95,417,3200000,spot
C-00059,Orion Distribution 00059,Distributor,NA-US,United States,50,95,3444,3700000,LTA
C-00060,Delantra Distribution 00060,Distributor,APAC-SE,Vietnam,44,95,3024,4200000,spot
C-00061,Bluepeak Motors 00061,OEM,NA-MX,Mexico,152,98,22593,27300000,spot
C-00062,Norvia Distribution 00062,Aftermarket,NA-MX,Mexico,124,95,3328,5100000,consignment
C-00063,Kestrel Distribution 00063,Distributor,APAC-IN,India,72,95,522,300000,consignment
C-00064,Bluepeak Systems 00064,Tier-1,SA,Argentina,377,95,3282,1400000,LTA
C-00065,Cordis Systems 00065,Tier-1,EMEA-E,Czechia,310,95,3790,5200000,spot
C-00066,Vantage Distribution 00066,Distributor,EMEA-W,Germany,338,95,679,2900000,LTA
C-00067,Cordis Systems 00067,Tier-1,APAC-SE,Malaysia,266,95,1907,1700000,LTA
C-00068,Baltia Distribution 00068,Distributor,APAC-NE,Taiwan,49,95,2654,4400000,LTA
C-00069,Cordis Distribution 00069,Distributor,APAC-NE,Japan,280,95,2503,1200000,LTA
C-00070,Atlas Motors 00070,OEM,APAC-SE,Thailand,449,98,12919,68400000,LTA
C-00071,Atlas Motors 00071,OEM,NA-US,United States,130,98,46861,70900000,consignment
C-00072,Atlas Distribution 00072,Distributor,APAC-IN,India,241,95,2678,1100000,LTA
C-00073,Orion Distribution 00073,Distributor,NA-MX,Mexico,91,95,3128,2300000,consignment
C-00074,Delantra Distribution 00074,Distributor,NA-MX,Mexico,356,95,1715,600000,LTA
C-00075,Orion Systems 00075,Tier-1,EMEA-E,Romania,47,95,3835,5200000,LTA
C-00076,Norvia Motors 00076,OEM,SA,Brazil,262,98,59602,54500000,consignment
C-00077,Norvia Distribution 00077,Distributor,SA,Brazil,100,95,2971,600000,spot
C-00078,Delantra Motors 00078,OEM,NA-MX,Mexico,410,98,45245,80000000,LTA
C-00079,Baltia Distribution 00079,Distributor,NA-US,United States,332,95,3987,3000000,LTA
C-00080,Orion Distribution 00080,Aftermarket,NA-US,United States,219,95,1899,500000,spot
C-00081,Atlas Systems 00081,Tier-1,APAC-NE,China,489,95,1415,3400000,LTA
C-00082,Vantage Distribution 00082,Aftermarket,APAC-IN,India,248,95,2965,5400000,consignment
C-00083,Delantra Motors 00083,OEM,NA-US,United States,437,98,40969,11500000,spot
C-00084,Delantra Distribution 00084,Distributor,NA-MX,Mexico,172,95,486,5400000,LTA
C-00085,Cordis Distribution 00085,Aftermarket,EMEA-W,France,420,95,2650,3100000,LTA
C-00086,Kestrel Distribution 00086,Distributor,EMEA-W,France,469,95,2543,5000000,LTA
C-00087,Orion Distribution 00087,Distributor,SA,Brazil,272,95,2099,500000,consignment
C-00088,Baltia Distribution 00088,Aftermarket,EMEA-W,France,170,95,584,1000000,spot
C-00089,Norvia Systems 00089,Tier-1,NA-MX,Mexico,288,95,2639,4400000,consignment
C-00090,Vantage Systems 00090,Tier-1,APAC-SE,Vietnam,298,95,624,1900000,LTA
C-00091,Kestrel Distribution 00091,Aftermarket,EMEA-E,Poland,202,95,174,300000,spot
C-00092,Sumida Motors 00092,OEM,APAC-NE,South Korea,199,98,36343,52100000,spot
C-00093,Cordis Systems 00093,Tier-1,NA-US,United States,207,95,356,4200000,spot
C-00094,Kestrel Distribution 00094,Distributor,SA,Brazil,64,95,964,800000,LTA
C-00095,Delantra Motors 00095,OEM,APAC-NE,Taiwan,223,98,36523,3400000,LTA
C-00096,Atlas Motors 00096,OEM,EMEA-W,Germany,39,98,26506,53900000,LTA
C-00097,Norvia Motors 00097,OEM,NA-US,United States,118,98,22281,67000000,LTA
C-00098,Atlas Distribution 00098,Aftermarket,APAC-NE,China,148,95,893,4700000,LTA
C-00099,Sumida Systems 00099,Tier-1,EMEA-W,Spain,272,95,2220,2600000,consignment
C-00100,Baltia Distribution 00100,Aftermarket,EMEA-E,Romania,496,95,1245,5800000,consignment
C-00101,Atlas Distribution 00101,Aftermarket,NA-US,United States,50,95,1004,1500000,consignment
C-00102,Atlas Distribution 00102,Distributor,SA,Argentina,336,95,2361,2400000,LTA
C-00103,Orion Motors 00103,OEM,APAC-IN,India,191,98,44701,74800000,spot
C-00104,Sumida Motors 00104,OEM,APAC-SE,Thailand,134,98,6532,37900000,LTA
C-00105,Baltia Motors 00105,OEM,SA,Brazil,45,98,24929,49900000,consignment
C-00106,Norvia Systems 00106,Tier-1,SA,Argentina,57,95,1223,5200000,consignment
C-00107,Delantra Motors 00107,OEM,EMEA-W,Italy,345,98,25568,42400000,consignment
C-00108,Delantra Motors 00108,OEM,APAC-NE,Japan,247,98,9752,76500000,consignment
C-00109,Cordis Motors 00109,OEM,APAC-IN,India,232,98,44247,57900000,spot
C-00110,Delantra Distribution 00110,Distributor,EMEA-E,Turkey,485,95,2782,2200000,LTA
C-00111,Delantra Distribution 00111,Aftermarket,APAC-SE,Malaysia,430,95,2865,4200000,LTA
C-00112,Orion Systems 00112,Tier-1,APAC-IN,India,422,95,1190,4100000,LTA
C-00113,Delantra Motors 00113,OEM,APAC-IN,India,85,98,10095,69100000,consignment
C-00114,Sumida Motors 00114,OEM,NA-MX,Mexico,192,98,54115,18000000,consignment
C-00115,Delantra Distribution 00115,Distributor,NA-MX,Mexico,386,95,1033,1300000,LTA
C-00116,Norvia Distribution 00116,Aftermarket,NA-US,United States,391,95,2859,3600000,consignment
C-00117,Bluepeak Systems 00117,Tier-1,NA-MX,Mexico,268,95,765,4600000,spot
C-00118,Kestrel Motors 00118,OEM,APAC-SE,Indonesia,492,98,51805,79000000,LTA
C-00119,Baltia Distribution 00119,Distributor,APAC-IN,India,498,95,1114,100000,consignment
C-00120,Sumida Motors 00120,OEM,NA-MX,Mexico,311,98,14680,48900000,consignment
C-00121,Vantage Systems 00121,Tier-1,EMEA-W,Italy,239,95,3397,1500000,LTA
C-00122,Norvia Distribution 00122,Distributor,NA-MX,Mexico,418,95,3650,3800000,LTA
C-00123,Kestrel Distribution 00123,Distributor,EMEA-E,Czechia,166,95,1395,1500000,LTA
C-00124,Delantra Motors 00124,OEM,NA-MX,Mexico,469,98,27396,11400000,consignment
C-00125,Vantage Distribution 00125,Aftermarket,SA,Argentina,406,95,1443,3300000,LTA
C-00126,Bluepeak Systems 00126,Tier-1,APAC-NE,South Korea,418,95,3785,500000,spot
C-00127,Cordis Distribution 00127,Aftermarket,APAC-IN,India,266,95,3689,5500000,consignment
C-00128,Cordis Distribution 00128,Aftermarket,NA-US,United States,400,95,2751,1300000,LTA
C-00129,Kestrel Motors 00129,OEM,NA-MX,Mexico,31,98,51426,53500000,LTA
C-00130,Sumida Motors 00130,OEM,SA,Brazil,82,98,7365,31100000,LTA
C-00131,Orion Motors 00131,OEM,APAC-IN,India,274,98,59087,20900000,LTA
C-00132,Delantra Motors 00132,OEM,EMEA-W,Germany,369,98,9362,87900000,consignment
C-00133,Vantage Distribution 00133,Aftermarket,APAC-NE,Japan,188,95,2692,2700000,spot
C-00134,Orion Motors 00134,OEM,NA-MX,Mexico,189,98,47737,34500000,spot
C-00135,Norvia Systems 00135,Tier-1,EMEA-E,Turkey,437,95,3049,5500000,consignment
C-00136,Orion Motors 00136,OEM,EMEA-E,Poland,303,98,16937,12700000,LTA
C-00137,Delantra Distribution 00137,Distributor,SA,Argentina,499,95,3882,4800000,LTA
C-00138,Sumida Motors 00138,OEM,APAC-SE,Malaysia,247,98,6466,66400000,spot
C-00139,Delantra Systems 00139,Tier-1,EMEA-W,Spain,186,95,2032,2200000,LTA
C-00140,Bluepeak Motors 00140,OEM,SA,Brazil,110,98,41454,44900000,LTA
C-00141,Cordis Distribution 00141,Distributor,NA-MX,Mexico,442,95,663,600000,LTA
C-00142,Orion Distribution 00142,Aftermarket,EMEA-E,Turkey,359,95,1439,3100000,consignment
C-00143,Orion Distribution 00143,Aftermarket,EMEA-W,Spain,127,95,1315,2400000,consignment
C-00144,Vantage Systems 00144,Tier-1,SA,Brazil,392,95,3286,5800000,LTA
C-00145,Sumida Systems 00145,Tier-1,SA,Argentina,308,95,2457,4500000,LTA
C-00146,Orion Motors 00146,OEM,SA,Argentina,49,98,58987,61300000,consignment
C-00147,Baltia Distribution 00147,Distributor,SA,Brazil,260,95,361,500000,spot
C-00148,Bluepeak Motors 00148,OEM,APAC-SE,Indonesia,121,98,28023,65000000,spot
C-00149,Orion Motors 00149,OEM,NA-MX,Mexico,370,98,20227,72100000,LTA
C-00150,Baltia Distribution 00150,Aftermarket,APAC-NE,China,431,95,972,4200000,LTA
C-00151,Norvia Motors 00151,OEM,EMEA-W,Spain,327,98,25900,19200000,LTA
C-00152,Cordis Distribution 00152,Distributor,SA,Brazil,116,95,2173,4300000,LTA
C-00153,Kestrel Motors 00153,OEM,NA-US,United States,187,98,30684,70900000,spot
C-00154,Norvia Distribution 00154,Aftermarket,EMEA-E,Turkey,405,95,2858,2700000,LTA
C-00155,Cordis Distribution 00155,Distributor,SA,Brazil,292,95,2127,3400000,spot
C-00156,Norvia Motors 00156,OEM,NA-US,United States,44,98,18710,52400000,spot
C-00157,Vantage Distribution 00157,Distributor,APAC-NE,South Korea,33,95,2621,600000,LTA
C-00158,Bluepeak Motors 00158,OEM,EMEA-E,Poland,108,98,50062,51000000,consignment
C-00159,Norvia Motors 00159,OEM,APAC-SE,Indonesia,14,98,44258,18600000,consignment
C-00160,Orion Distribution 00160,Aftermarket,APAC-NE,China,238,95,2893,4400000,consignment
C-00161,Atlas Systems 00161,Tier-1,EMEA-W,Germany,22,95,1355,2000000,LTA
C-00162,Norvia Motors 00162,OEM,NA-MX,Mexico,363,98,6787,77500000,LTA
C-00163,Orion Motors 00163,OEM,APAC-SE,Indonesia,38,98,9382,23800000,consignment
C-00164,Delantra Distribution 00164,Aftermarket,NA-US,United States,481,95,45,5300000,consignment
C-00165,Vantage Motors 00165,OEM,EMEA-E,Romania,375,98,58588,34400000,LTA
C-00166,Sumida Motors 00166,OEM,EMEA-E,Romania,60,98,40150,31200000,consignment
C-00167,Baltia Motors 00167,OEM,APAC-NE,China,99,98,58931,74100000,LTA
C-00168,Atlas Motors 00168,OEM,SA,Argentina,166,98,22171,71700000,spot
C-00169,Sumida Distribution 00169,Distributor,EMEA-W,Germany,356,95,3882,2200000,LTA
C-00170,Kestrel Distribution 00170,Aftermarket,SA,Brazil,322,95,228,1700000,spot
C-00171,Norvia Motors 00171,OEM,APAC-IN,India,225,98,18242,43700000,spot
C-00172,Cordis Motors 00172,OEM,NA-MX,Mexico,327,98,50562,37500000,spot
C-00173,Orion Motors 00173,OEM,NA-US,United States,319,98,45977,35000000,spot
C-00174,Bluepeak Distribution 00174,Aftermarket,APAC-IN,India,239,95,2890,5000000,consignment
C-00175,Atlas Systems 00175,Tier-1,NA-US,United States,31,95,1983,4100000,LTA
C-00176,Delantra Distribution 00176,Distributor,NA-US,United States,190,95,736,1300000,spot
C-00177,Bluepeak Distribution 00177,Distributor,APAC-IN,India,460,95,3381,200000,LTA
C-00178,Delantra Distribution 00178,Distributor,APAC-IN,India,349,95,2141,4500000,consignment
C-00179,Sumida Distribution 00179,Aftermarket,APAC-IN,India,133,95,2371,6000000,spot
C-00180,Cordis Distribution 00180,Distributor,APAC-IN,India,481,95,1610,5900000,spot
C-00181,Sumida Distribution 00181,Aftermarket,APAC-IN,India,226,95,509,4900000,LTA
C-00182,Cordis Motors 00182,OEM,APAC-IN,India,156,98,52918,48200000,LTA
C-00183,Bluepeak Distribution 00183,Aftermarket,NA-MX,Mexico,275,95,210,500000,spot
C-00184,Vantage Distribution 00184,Distributor,NA-MX,Mexico,290,95,1791,4900000,spot
C-00185,Norvia Distribution 00185,Distributor,NA-US,United States,321,95,10,1500000,LTA
C-00186,Vantage Motors 00186,OEM,EMEA-E,Poland,449,98,13382,84100000,LTA
C-00187,Cordis Distribution 00187,Aftermarket,APAC-NE,Taiwan,71,95,2388,3300000,spot
C-00188,Orion Motors 00188,OEM,APAC-IN,India,196,98,23014,43600000,spot
C-00189,Vantage Systems 00189,Tier-1,EMEA-E,Turkey,456,95,2972,5300000,LTA
C-00190,Baltia Systems 00190,Tier-1,APAC-IN,India,137,95,3931,3900000,consignment
C-00191,Norvia Systems 00191,Tier-1,APAC-IN,India,382,95,2937,3500000,LTA
C-00192,Kestrel Distribution 00192,Aftermarket,EMEA-E,Turkey,410,95,3040,400000,LTA
C-00193,Bluepeak Motors 00193,OEM,APAC-IN,India,189,98,51762,13200000,spot
C-00194,Kestrel Motors 00194,OEM,NA-MX,Mexico,354,98,51476,33300000,spot
C-00195,Atlas Motors 00195,OEM,NA-US,United States,435,98,27613,37800000,spot
C-00196,Orion Motors 00196,OEM,APAC-NE,China,296,98,27094,87300000,LTA
C-00197,Baltia Systems 00197,Tier-1,APAC-NE,Japan,417,95,1953,5100000,spot
C-00198,Orion Distribution 00198,Aftermarket,APAC-IN,India,127,95,1444,1100000,spot
C-00199,Bluepeak Motors 00199,OEM,APAC-NE,South Korea,492,98,44918,53000000,consignment
C-00200,Atlas Distribution 00200,Distributor,EMEA-E,Poland,244,95,2554,900000,consignment
C-00201,Bluepeak Distribution 00201,Distributor,EMEA-W,Italy,110,95,3906,4400000,spot
C-00202,Bluepeak Motors 00202,OEM,EMEA-E,Turkey,291,98,11217,29000000,spot
C-00203,Sumida Distribution 00203,Distributor,EMEA-W,Spain,260,95,2809,100000,spot
C-00204,Baltia Distribution 00204,Aftermarket,NA-MX,Mexico,26,95,3759,4400000,spot
C-00205,Norvia Motors 00205,OEM,EMEA-E,Czechia,67,98,24058,55100000,consignment
C-00206,Cordis Systems 00206,Tier-1,SA,Argentina,454,95,119,100000,spot
C-00207,Cordis Distribution 00207,Aftermarket,APAC-SE,Indonesia,386,95,513,5400000,LTA
C-00208,Sumida Systems 00208,Tier-1,NA-US,United States,491,95,3093,5700000,spot
C-00209,Baltia Distribution 00209,Distributor,EMEA-E,Turkey,451,95,3850,2800000,LTA
C-00210,Norvia Distribution 00210,Distributor,NA-US,United States,272,95,1330,5900000,spot
C-00211,Delantra Distribution 00211,Distributor,EMEA-E,Turkey,199,95,1830,2600000,LTA
C-00212,Orion Motors 00212,OEM,APAC-NE,Japan,262,98,9680,28100000,LTA
C-00213,Orion Distribution 00213,Distributor,APAC-NE,South Korea,436,95,801,1600000,consignment
C-00214,Delantra Distribution 00214,Aftermarket,APAC-IN,India,150,95,181,5600000,LTA
C-00215,Baltia Distribution 00215,Distributor,SA,Brazil,492,95,3081,1800000,LTA
C-00216,Orion Motors 00216,OEM,EMEA-E,Romania,189,98,23680,16100000,consignment
C-00217,Sumida Motors 00217,OEM,APAC-IN,India,461,98,15728,64000000,LTA
C-00218,Cordis Distribution 00218,Distributor,NA-US,United States,375,95,270,3100000,consignment
C-00219,Cordis Motors 00219,OEM,APAC-NE,South Korea,97,98,48962,89200000,spot
C-00220,Kestrel Distribution 00220,Aftermarket,APAC-SE,Thailand,357,95,493,3500000,LTA
C-00221,Vantage Motors 00221,OEM,APAC-NE,Japan,224,98,40445,59100000,spot
C-00222,Vantage Motors 00222,OEM,SA,Brazil,162,98,49461,60800000,LTA
C-00223,Atlas Distribution 00223,Distributor,NA-MX,Mexico,447,95,76,200000,LTA
C-00224,Orion Distribution 00224,Aftermarket,EMEA-E,Turkey,427,95,1244,2400000,consignment
C-00225,Orion Distribution 00225,Aftermarket,APAC-NE,China,259,95,2720,2600000,spot
C-00226,Kestrel Motors 00226,OEM,NA-US,United States,35,98,26113,7900000,spot
C-00227,Orion Motors 00227,OEM,APAC-IN,India,495,98,48734,73900000,LTA
C-00228,Baltia Motors 00228,OEM,APAC-IN,India,382,98,48671,75100000,spot
C-00229,Sumida Systems 00229,Tier-1,EMEA-E,Czechia,241,95,3191,5700000,spot
C-00230,Bluepeak Motors 00230,OEM,EMEA-W,France,198,98,25740,7700000,LTA
C-00231,Orion Motors 00231,OEM,NA-MX,Mexico,112,98,37805,44000000,LTA
C-00232,Sumida Systems 00232,Tier-1,APAC-IN,India,202,95,3085,1000000,LTA
C-00233,Norvia Systems 00233,Tier-1,APAC-NE,Japan,377,95,3411,3900000,consignment
C-00234,Vantage Distribution 00234,Aftermarket,APAC-IN,India,283,95,640,5300000,consignment
C-00235,Norvia Motors 00235,OEM,SA,Argentina,211,98,19954,37100000,LTA
C-00236,Delantra Motors 00236,OEM,NA-US,United States,417,98,38166,76400000,consignment
C-00237,Orion Motors 00237,OEM,APAC-IN,India,13,98,11371,17400000,consignment
C-00238,Kestrel Distribution 00238,Distributor,EMEA-W,France,477,95,3117,200000,LTA
C-00239,Delantra Systems 00239,Tier-1,APAC-NE,South Korea,85,95,1550,3900000,consignment
C-00240,Bluepeak Systems 00240,Tier-1,NA-US,United States,131,95,907,5800000,LTA
C-00241,Atlas Distribution 00241,Distributor,APAC-IN,India,318,95,1570,300000,consignment
C-00242,Cordis Systems 00242,Tier-1,APAC-IN,India,102,95,1605,1700000,consignment
C-00243,Baltia Distribution 00243,Distributor,APAC-NE,China,287,95,2510,1000000,LTA
C-00244,Baltia Distribution 00244,Aftermarket,EMEA-W,Spain,336,95,542,5400000,LTA
C-00245,Kestrel Systems 00245,Tier-1,NA-US,United States,255,95,817,5100000,spot
C-00246,Bluepeak Motors 00246,OEM,SA,Argentina,37,98,22860,58700000,LTA
C-00247,Norvia Distribution 00247,Distributor,SA,Argentina,270,95,1024,4600000,LTA
C-00248,Sumida Motors 00248,OEM,APAC-IN,India,274,98,55565,36000000,LTA
C-00249,Atlas Motors 00249,OEM,APAC-SE,Malaysia,60,98,6861,50300000,LTA
C-00250,Cordis Motors 00250,OEM,NA-US,United States,130,98,35286,79200000,LTA
C-00251,Cordis Motors 00251,OEM,NA-MX,Mexico,105,98,40415,88900000,LTA
C-00252,Kestrel Distribution 00252,Aftermarket,EMEA-E,Czechia,85,95,1473,5200000,spot
C-00253,Vantage Distribution 00253,Aftermarket,EMEA-E,Poland,459,95,2522,2600000,consignment
C-00254,Atlas Systems 00254,Tier-1,EMEA-W,Italy,449,95,3674,1400000,consignment
C-00255,Baltia Distribution 00255,Distributor,NA-MX,Mexico,391,95,3422,4700000,LTA
C-00256,Orion Distribution 00256,Distributor,APAC-IN,India,411,95,555,800000,consignment
C-00257,Sumida Distribution 00257,Distributor,APAC-NE,Japan,84,95,1519,5300000,consignment
C-00258,Kestrel Distribution 00258,Distributor,NA-MX,Mexico,484,95,3210,3000000,LTA
C-00259,Delantra Systems 00259,Tier-1,APAC-NE,China,354,95,1196,5200000,spot
C-00260,Atlas Distribution 00260,Aftermarket,EMEA-E,Turkey,448,95,3930,1700000,spot
C-00261,Orion Motors 00261,OEM,EMEA-E,Czechia,389,98,45459,89900000,LTA
C-00262,Cordis Motors 00262,OEM,EMEA-W,Italy,206,98,25470,35900000,LTA
C-00263,Orion Distribution 00263,Distributor,EMEA-E,Czechia,25,95,1765,300000,consignment
C-00264,Bluepeak Motors 00264,OEM,APAC-SE,Vietnam,315,98,34454,7000000,spot
C-00265,Orion Motors 00265,OEM,APAC-SE,Indonesia,427,98,44254,7800000,spot
C-00266,Bluepeak Motors 00266,OEM,NA-US,United States,63,98,27792,25200000,LTA
C-00267,Sumida Distribution 00267,Distributor,NA-US,United States,120,95,2320,2000000,spot
C-00268,Norvia Motors 00268,OEM,APAC-SE,Indonesia,382,98,42120,36100000,LTA
C-00269,Atlas Systems 00269,Tier-1,APAC-SE,Thailand,114,95,1794,4500000,LTA
C-00270,Vantage Distribution 00270,Distributor,APAC-IN,India,392,95,2871,600000,LTA
C-00271,Baltia Motors 00271,OEM,SA,Argentina,105,98,42656,69400000,consignment
C-00272,Delantra Motors 00272,OEM,APAC-NE,South Korea,30,98,28766,29700000,LTA
C-00273,Sumida Motors 00273,OEM,APAC-IN,India,218,98,49681,9800000,LTA
C-00274,Baltia Distribution 00274,Distributor,APAC-IN,India,246,95,81,4600000,spot
C-00275,Sumida Distribution 00275,Aftermarket,APAC-NE,South Korea,348,95,1179,1000000,LTA
C-00276,Delantra Distribution 00276,Distributor,EMEA-W,Italy,229,95,1891,1300000,consignment
C-00277,Sumida Motors 00277,OEM,APAC-SE,Thailand,40,98,10340,47600000,spot
C-00278,Sumida Distribution 00278,Distributor,EMEA-E,Czechia,56,95,2076,4400000,LTA
C-00279,Orion Distribution 00279,Distributor,NA-US,United States,495,95,1937,3700000,spot
C-00280,Atlas Motors 00280,OEM,NA-MX,Mexico,147,98,12534,31200000,LTA
C-00281,Cordis Systems 00281,Tier-1,APAC-NE,China,164,95,3033,2300000,spot
C-00282,Bluepeak Distribution 00282,Aftermarket,NA-MX,Mexico,273,95,3770,5700000,consignment
C-00283,Atlas Distribution 00283,Aftermarket,EMEA-W,Spain,446,95,3543,5100000,consignment
C-00284,Sumida Systems 00284,Tier-1,SA,Argentina,38,95,175,3800000,LTA
C-00285,Cordis Motors 00285,OEM,EMEA-E,Romania,447,98,17166,44900000,LTA
C-00286,Cordis Motors 00286,OEM,NA-US,United States,411,98,15164,15200000,LTA
C-00287,Cordis Motors 00287,OEM,NA-MX,Mexico,26,98,47820,27400000,consignment
C-00288,Baltia Motors 00288,OEM,EMEA-W,Germany,118,98,19096,83100000,spot
C-00289,Atlas Distribution 00289,Aftermarket,NA-MX,Mexico,128,95,3006,2500000,spot
C-00290,Delantra Motors 00290,OEM,APAC-IN,India,455,98,32717,33300000,consignment
C-00291,Kestrel Distribution 00291,Distributor,SA,Argentina,268,95,961,900000,consignment
C-00292,Norvia Systems 00292,Tier-1,NA-MX,Mexico,326,95,42,2400000,consignment
C-00293,Cordis Distribution 00293,Aftermarket,APAC-IN,India,52,95,1540,3600000,consignment
C-00294,Kestrel Motors 00294,OEM,APAC-IN,India,204,98,20442,71400000,consignment
C-00295,Atlas Distribution 00295,Aftermarket,APAC-NE,South Korea,445,95,1434,400000,LTA
C-00296,Baltia Motors 00296,OEM,APAC-SE,Malaysia,491,98,5361,30500000,LTA
C-00297,Norvia Systems 00297,Tier-1,NA-MX,Mexico,141,95,3695,1600000,LTA
C-00298,Cordis Systems 00298,Tier-1,APAC-IN,India,495,95,1366,400000,consignment
C-00299,Sumida Motors 00299,OEM,EMEA-E,Poland,152,98,32852,67300000,spot
C-00300,Norvia Distribution 00300,Distributor,EMEA-E,Poland,396,95,1047,1500000,spot
C-00301,Baltia Motors 00301,OEM,APAC-NE,South Korea,452,98,59455,16900000,consignment
C-00302,Baltia Distribution 00302,Distributor,APAC-IN,India,406,95,3371,4000000,spot
C-00303,Vantage Distribution 00303,Aftermarket,APAC-IN,India,74,95,2723,2200000,consignment
C-00304,Kestrel Distribution 00304,Distributor,EMEA-W,Spain,249,95,2109,1800000,consignment
C-00305,Vantage Distribution 00305,Distributor,EMEA-W,Italy,430,95,595,1000000,LTA
C-00306,Atlas Motors 00306,OEM,EMEA-W,Spain,253,98,44476,69600000,LTA
C-00307,Norvia Motors 00307,OEM,NA-MX,Mexico,456,98,54607,64100000,spot
C-00308,Orion Motors 00308,OEM,EMEA-E,Poland,80,98,19602,85300000,spot
C-00309,Norvia Systems 00309,Tier-1,APAC-SE,Indonesia,268,95,346,3000000,consignment
C-00310,Kestrel Motors 00310,OEM,NA-MX,Mexico,78,98,42841,39500000,LTA
C-00311,Baltia Motors 00311,OEM,NA-US,United States,213,98,42298,27700000,consignment
C-00312,Baltia Distribution 00312,Aftermarket,NA-MX,Mexico,23,95,771,700000,LTA
C-00313,Orion Motors 00313,OEM,APAC-SE,Malaysia,470,98,52145,7000000,consignment
C-00314,Vantage Distribution 00314,Distributor,APAC-IN,India,16,95,3336,5500000,spot
C-00315,Atlas Distribution 00315,Distributor,EMEA-E,Turkey,120,95,2117,700000,spot
C-00316,Bluepeak Motors 00316,OEM,EMEA-W,France,18,98,25967,33300000,consignment
C-00317,Vantage Systems 00317,Tier-1,SA,Brazil,83,95,749,2100000,LTA
C-00318,Vantage Distribution 00318,Distributor,APAC-NE,South Korea,71,95,2919,3200000,LTA
C-00319,Sumida Distribution 00319,Distributor,EMEA-W,Spain,268,95,2300,1800000,consignment
C-00320,Cordis Distribution 00320,Distributor,APAC-IN,India,406,95,3704,4200000,consignment
C-00321,Atlas Systems 00321,Tier-1,NA-US,United States,487,95,3388,1300000,consignment
C-00322,Atlas Motors 00322,OEM,EMEA-W,Italy,292,98,12799,60900000,consignment
C-00323,Baltia Motors 00323,OEM,EMEA-W,Germany,128,98,15250,51900000,spot
C-00324,Vantage Distribution 00324,Distributor,APAC-SE,Vietnam,461,95,690,2900000,consignment
C-00325,Orion Distribution 00325,Aftermarket,SA,Brazil,17,95,316,3400000,LTA
C-00326,Bluepeak Systems 00326,Tier-1,APAC-NE,Japan,369,95,1149,1100000,LTA
C-00327,Cordis Distribution 00327,Distributor,NA-MX,Mexico,234,95,2790,3400000,spot
C-00328,Vantage Motors 00328,OEM,EMEA-E,Romania,273,98,33026,62200000,spot
C-00329,Orion Motors 00329,OEM,APAC-IN,India,14,98,10313,63500000,LTA
C-00330,Delantra Distribution 00330,Distributor,EMEA-W,Italy,118,95,2629,300000,LTA
C-00331,Delantra Distribution 00331,Distributor,NA-US,United States,106,95,723,5000000,spot
C-00332,Norvia Distribution 00332,Aftermarket,NA-MX,Mexico,78,95,2881,3300000,LTA
C-00333,Vantage Motors 00333,OEM,APAC-IN,India,250,98,39981,56900000,spot
C-00334,Baltia Systems 00334,Tier-1,APAC-IN,India,360,95,1602,2600000,spot
C-00335,Sumida Distribution 00335,Aftermarket,NA-US,United States,235,95,1146,4500000,consignment
C-00336,Kestrel Systems 00336,Tier-1,EMEA-W,France,484,95,3598,2500000,spot
C-00337,Baltia Motors 00337,OEM,APAC-NE,Taiwan,377,98,36819,5000000,consignment
C-00338,Baltia Motors 00338,OEM,EMEA-W,Italy,282,98,19952,84800000,LTA
C-00339,Norvia Motors 00339,OEM,NA-US,United States,315,98,12763,27100000,spot
C-00340,Baltia Distribution 00340,Aftermarket,APAC-IN,India,150,95,3732,300000,consignment
C-00341,Delantra Distribution 00341,Aftermarket,NA-US,United States,73,95,2524,1300000,consignment
C-00342,Vantage Motors 00342,OEM,APAC-NE,China,94,98,12756,26900000,LTA
C-00343,Sumida Systems 00343,Tier-1,EMEA-E,Romania,64,95,1245,2700000,consignment
C-00344,Kestrel Systems 00344,Tier-1,APAC-IN,India,239,95,2147,300000,LTA
C-00345,Kestrel Distribution 00345,Aftermarket,APAC-NE,Japan,309,95,281,4200000,spot
C-00346,Sumida Motors 00346,OEM,APAC-SE,Thailand,164,98,8603,19200000,LTA
C-00347,Sumida Motors 00347,OEM,SA,Argentina,211,98,50622,55500000,LTA
C-00348,Atlas Systems 00348,Tier-1,APAC-IN,India,439,95,3449,4900000,spot
C-00349,Norvia Systems 00349,Tier-1,APAC-NE,China,368,95,2198,4500000,LTA
C-00350,Kestrel Motors 00350,OEM,APAC-IN,India,64,98,55884,63700000,LTA
C-00351,Orion Distribution 00351,Aftermarket,NA-US,United States,194,95,1123,4400000,consignment
C-00352,Bluepeak Motors 00352,OEM,NA-MX,Mexico,295,98,41322,56900000,spot
C-00353,Delantra Distribution 00353,Distributor,EMEA-E,Poland,399,95,3871,4100000,LTA
C-00354,Orion Systems 00354,Tier-1,NA-US,United States,463,95,2477,4100000,spot
C-00355,Vantage Systems 00355,Tier-1,NA-US,United States,434,95,3818,1500000,LTA
C-00356,Atlas Motors 00356,OEM,EMEA-E,Czechia,439,98,5694,12600000,spot
C-00357,Kestrel Systems 00357,Tier-1,APAC-SE,Indonesia,210,95,1603,5800000,LTA
C-00358,Bluepeak Systems 00358,Tier-1,EMEA-W,Germany,20,95,3307,4200000,spot
C-00359,Delantra Motors 00359,OEM,EMEA-W,France,338,98,8084,74700000,spot
C-00360,Cordis Systems 00360,Tier-1,EMEA-W,Germany,303,95,2479,700000,LTA
C-00361,Delantra Motors 00361,OEM,SA,Argentina,173,98,10336,12400000,consignment
C-00362,Baltia Motors 00362,OEM,APAC-NE,Japan,43,98,23020,27800000,consignment
C-00363,Orion Distribution 00363,Distributor,EMEA-W,Germany,390,95,3934,100000,consignment
C-00364,Vantage Distribution 00364,Aftermarket,APAC-NE,South Korea,147,95,2625,4000000,spot
C-00365,Atlas Motors 00365,OEM,APAC-NE,Taiwan,323,98,34250,45000000,consignment
C-00366,Vantage Motors 00366,OEM,EMEA-W,Italy,216,98,53893,36200000,consignment
C-00367,Sumida Motors 00367,OEM,EMEA-E,Romania,462,98,41505,50600000,LTA
C-00368,Cordis Distribution 00368,Aftermarket,NA-MX,Mexico,59,95,747,3000000,spot
C-00369,Delantra Distribution 00369,Aftermarket,SA,Brazil,94,95,2113,4700000,spot
C-00370,Cordis Distribution 00370,Distributor,EMEA-W,Italy,129,95,2844,900000,LTA
C-00371,Sumida Motors 00371,OEM,APAC-IN,India,244,98,57521,59400000,consignment
C-00372,Kestrel Distribution 00372,Distributor,NA-US,United States,332,95,575,4200000,spot
C-00373,Sumida Distribution 00373,Aftermarket,APAC-SE,Indonesia,177,95,1753,2400000,LTA
C-00374,Delantra Distribution 00374,Aftermarket,NA-MX,Mexico,220,95,1751,400000,spot
C-00375,Bluepeak Systems 00375,Tier-1,APAC-NE,South Korea,321,95,431,5800000,LTA
C-00376,Bluepeak Distribution 00376,Distributor,NA-MX,Mexico,274,95,3478,4700000,consignment
C-00377,Sumida Distribution 00377,Distributor,APAC-IN,India,115,95,1546,3900000,LTA
C-00378,Bluepeak Systems 00378,Tier-1,NA-MX,Mexico,173,95,2914,2900000,consignment
C-00379,Sumida Systems 00379,Tier-1,NA-MX,Mexico,455,95,1166,2500000,LTA
C-00380,Vantage Motors 00380,OEM,EMEA-E,Romania,367,98,16975,3200000,LTA
C-00381,Orion Distribution 00381,Aftermarket,EMEA-E,Poland,464,95,2312,4400000,spot
C-00382,Kestrel Distribution 00382,Aftermarket,NA-MX,Mexico,170,95,1573,1500000,consignment
C-00383,Bluepeak Distribution 00383,Distributor,NA-US,United States,475,95,728,5200000,LTA
C-00384,Vantage Distribution 00384,Aftermarket,APAC-IN,India,399,95,890,700000,LTA
C-00385,Delantra Motors 00385,OEM,NA-MX,Mexico,205,98,41601,46800000,spot
C-00386,Orion Distribution 00386,Distributor,EMEA-E,Poland,87,95,358,5100000,LTA
C-00387,Norvia Motors 00387,OEM,APAC-NE,China,341,98,38658,50500000,spot
C-00388,Sumida Motors 00388,OEM,SA,Brazil,461,98,22839,13900000,LTA
C-00389,Sumida Systems 00389,Tier-1,EMEA-W,France,192,95,732,900000,spot
C-00390,Baltia Systems 00390,Tier-1,EMEA-E,Turkey,69,95,2333,4500000,consignment
C-00391,Orion Systems 00391,Tier-1,NA-MX,Mexico,357,95,1133,2400000,consignment
C-00392,Bluepeak Motors 00392,OEM,EMEA-E,Turkey,368,98,13920,76300000,LTA
C-00393,Norvia Distribution 00393,Distributor,SA,Argentina,377,95,156,3100000,spot
C-00394,Bluepeak Motors 00394,OEM,APAC-NE,China,32,98,36257,10800000,LTA
C-00395,Baltia Motors 00395,OEM,EMEA-E,Czechia,69,98,34904,89400000,spot
C-00396,Atlas Motors 00396,OEM,NA-MX,Mexico,466,98,55976,24000000,spot
C-00397,Atlas Systems 00397,Tier-1,APAC-SE,Indonesia,140,95,292,2500000,LTA
C-00398,Vantage Motors 00398,OEM,APAC-IN,India,57,98,8009,66900000,consignment
C-00399,Kestrel Motors 00399,OEM,NA-MX,Mexico,261,98,17276,55500000,consignment
C-00400,Baltia Distribution 00400,Distributor,EMEA-W,Spain,385,95,1107,3400000,LTA
C-00401,Kestrel Motors 00401,OEM,APAC-IN,India,228,98,42112,60900000,LTA
C-00402,Orion Distribution 00402,Distributor,NA-MX,Mexico,200,95,1254,3000000,LTA
C-00403,Delantra Distribution 00403,Distributor,NA-US,United States,194,95,2142,4900000,consignment
C-00404,Atlas Motors 00404,OEM,SA,Argentina,151,98,49954,31500000,LTA
C-00405,Baltia Distribution 00405,Distributor,EMEA-W,Italy,447,95,1865,5900000,LTA
C-00406,Bluepeak Motors 00406,OEM,SA,Argentina,204,98,26317,72500000,LTA
C-00407,Cordis Motors 00407,OEM,NA-US,United States,398,98,7238,2800000,LTA
C-00408,Atlas Motors 00408,OEM,NA-US,United States,223,98,12729,12800000,consignment
C-00409,Atlas Distribution 00409,Aftermarket,NA-US,United States,443,95,181,3200000,LTA
C-00410,Delantra Motors 00410,OEM,NA-US,United States,113,98,13983,63600000,LTA
C-00411,Atlas Motors 00411,OEM,APAC-NE,South Korea,222,98,41859,73200000,LTA
C-00412,Kestrel Motors 00412,OEM,APAC-SE,Malaysia,461,98,28634,20400000,spot
C-00413,Cordis Systems 00413,Tier-1,SA,Argentina,146,95,3173,3400000,LTA
C-00414,Orion Motors 00414,OEM,SA,Brazil,289,98,5327,3000000,spot
C-00415,Baltia Distribution 00415,Aftermarket,NA-MX,Mexico,434,95,3260,700000,spot
C-00416,Cordis Motors 00416,OEM,SA,Argentina,473,98,39372,74500000,consignment
C-00417,Delantra Motors 00417,OEM,EMEA-E,Poland,370,98,45826,55800000,consignment
C-00418,Bluepeak Systems 00418,Tier-1,APAC-NE,China,368,95,3826,5800000,LTA
C-00419,Norvia Motors 00419,OEM,APAC-IN,India,107,98,31199,12100000,consignment
C-00420,Cordis Distribution 00420,Distributor,SA,Argentina,358,95,607,3600000,spot
C-00421,Norvia Motors 00421,OEM,APAC-NE,China,135,98,32990,61900000,LTA
C-00422,Sumida Motors 00422,OEM,EMEA-E,Turkey,79,98,32024,88600000,LTA
C-00423,Atlas Systems 00423,Tier-1,EMEA-W,France,500,95,1912,200000,LTA
C-00424,Cordis Distribution 00424,Distributor,APAC-NE,Japan,376,95,849,2100000,consignment
C-00425,Vantage Systems 00425,Tier-1,APAC-NE,Japan,18,95,1148,600000,consignment
C-00426,Kestrel Motors 00426,OEM,APAC-SE,Indonesia,461,98,51484,4200000,LTA
C-00427,Bluepeak Distribution 00427,Distributor,SA,Brazil,286,95,2968,4300000,consignment
C-00428,Atlas Motors 00428,OEM,EMEA-W,Spain,40,98,40096,18000000,consignment
C-00429,Cordis Distribution 00429,Aftermarket,APAC-NE,South Korea,273,95,3621,1700000,consignment
C-00430,Vantage Motors 00430,OEM,APAC-IN,India,92,98,54223,84500000,consignment
C-00431,Vantage Motors 00431,OEM,EMEA-W,Spain,241,98,39438,2600000,LTA
C-00432,Cordis Distribution 00432,Aftermarket,APAC-NE,Japan,54,95,1229,5400000,spot
C-00433,Atlas Distribution 00433,Distributor,NA-US,United States,80,95,3780,1700000,spot
C-00434,Cordis Distribution 00434,Aftermarket,APAC-SE,Indonesia,43,95,2431,2100000,consignment
C-00435,Baltia Distribution 00435,Aftermarket,APAC-NE,China,238,95,1302,100000,spot
C-00436,Kestrel Motors 00436,OEM,APAC-IN,India,236,98,11724,62300000,LTA
C-00437,Bluepeak Distribution 00437,Distributor,NA-MX,Mexico,383,95,3693,1000000,LTA
C-00438,Vantage Distribution 00438,Aftermarket,APAC-SE,Vietnam,407,95,201,4600000,spot
C-00439,Bluepeak Distribution 00439,Distributor,EMEA-W,Spain,323,95,1336,100000,consignment
C-00440,Atlas Systems 00440,Tier-1,SA,Brazil,298,95,2203,1300000,spot
C-00441,Delantra Distribution 00441,Aftermarket,EMEA-E,Romania,500,95,2144,1200000,LTA
C-00442,Delantra Motors 00442,OEM,APAC-SE,Vietnam,176,98,57859,4700000,LTA
C-00443,Norvia Distribution 00443,Distributor,NA-US,United States,472,95,3881,2400000,LTA
C-00444,Orion Distribution 00444,Aftermarket,SA,Brazil,32,95,2918,5500000,LTA
C-00445,Kestrel Motors 00445,OEM,APAC-NE,Japan,290,98,58128,66700000,LTA
C-00446,Norvia Distribution 00446,Aftermarket,SA,Argentina,445,95,3542,500000,LTA
C-00447,Vantage Distribution 00447,Distributor,SA,Argentina,497,95,3863,1500000,consignment
C-00448,Baltia Distribution 00448,Distributor,EMEA-E,Czechia,395,95,521,4100000,spot
C-00449,Kestrel Motors 00449,OEM,NA-US,United States,500,98,18737,16300000,LTA
C-00450,Vantage Distribution 00450,Aftermarket,NA-MX,Mexico,181,95,3491,5900000,LTA
C-00451,Cordis Motors 00451,OEM,APAC-NE,China,110,98,11323,73700000,consignment
C-00452,Atlas Distribution 00452,Distributor,EMEA-E,Czechia,84,95,3156,5000000,LTA
C-00453,Sumida Distribution 00453,Distributor,EMEA-E,Czechia,336,95,2845,2400000,spot
C-00454,Bluepeak Motors 00454,OEM,EMEA-W,France,227,98,45475,28400000,spot
C-00455,Baltia Motors 00455,OEM,EMEA-E,Poland,121,98,59359,71300000,spot
C-00456,Kestrel Motors 00456,OEM,NA-MX,Mexico,358,98,10224,33300000,LTA
C-00457,Delantra Distribution 00457,Aftermarket,NA-US,United States,80,95,1821,2200000,LTA
C-00458,Orion Motors 00458,OEM,SA,Brazil,358,98,53069,78700000,LTA
C-00459,Norvia Systems 00459,Tier-1,NA-US,United States,350,95,2831,2200000,LTA
C-00460,Orion Distribution 00460,Aftermarket,NA-MX,Mexico,447,95,586,3600000,LTA
C-00461,Bluepeak Systems 00461,Tier-1,APAC-NE,China,433,95,3695,1300000,LTA
C-00462,Orion Distribution 00462,Distributor,EMEA-E,Poland,160,95,2627,4300000,LTA
C-00463,Kestrel Systems 00463,Tier-1,NA-US,United States,155,95,3135,600000,LTA
C-00464,Norvia Motors 00464,OEM,APAC-IN,India,229,98,41625,6500000,spot
C-00465,Norvia Motors 00465,OEM,APAC-SE,Malaysia,52,98,33334,35200000,LTA
C-00466,Kestrel Systems 00466,Tier-1,APAC-SE,Vietnam,309,95,1488,2100000,spot
C-00467,Orion Distribution 00467,Aftermarket,APAC-SE,Vietnam,81,95,68,4500000,LTA
C-00468,Bluepeak Distribution 00468,Distributor,NA-US,United States,358,95,1910,4100000,consignment
C-00469,Delantra Systems 00469,Tier-1,NA-MX,Mexico,95,95,1067,2600000,LTA
C-00470,Atlas Distribution 00470,Aftermarket,SA,Brazil,331,95,2942,2900000,LTA
C-00471,Orion Distribution 00471,Aftermarket,SA,Brazil,245,95,1845,3600000,consignment
C-00472,Cordis Distribution 00472,Aftermarket,EMEA-W,Spain,348,95,2200,2300000,consignment
C-00473,Orion Systems 00473,Tier-1,EMEA-E,Turkey,108,95,2391,4600000,consignment
C-00474,Orion Motors 00474,OEM,NA-MX,Mexico,186,98,57935,81800000,LTA
C-00475,Baltia Distribution 00475,Distributor,APAC-NE,Taiwan,329,95,1787,5700000,spot
C-00476,Bluepeak Systems 00476,Tier-1,NA-MX,Mexico,475,95,2393,5300000,LTA
C-00477,Sumida Distribution 00477,Aftermarket,NA-US,United States,426,95,466,300000,LTA
C-00478,Baltia Motors 00478,OEM,APAC-IN,India,293,98,27208,70800000,LTA
C-00479,Bluepeak Distribution 00479,Aftermarket,NA-MX,Mexico,230,95,2682,1200000,LTA
C-00480,Atlas Motors 00480,OEM,NA-MX,Mexico,165,98,18831,75900000,LTA
C-00481,Vantage Motors 00481,OEM,SA,Brazil,322,98,31932,53500000,LTA
C-00482,Norvia Motors 00482,OEM,NA-MX,Mexico,482,98,45808,15000000,spot
C-00483,Vantage Motors 00483,OEM,NA-US,United States,363,98,23986,70000000,spot
C-00484,Atlas Distribution 00484,Distributor,APAC-SE,Thailand,207,95,3119,2400000,LTA
C-00485,Norvia Motors 00485,OEM,APAC-SE,Indonesia,231,98,25532,35400000,consignment
C-00486,Delantra Motors 00486,OEM,NA-US,United States,323,98,46326,76600000,consignment
C-00487,Kestrel Systems 00487,Tier-1,APAC-IN,India,167,95,1653,5700000,spot
C-00488,Cordis Distribution 00488,Distributor,SA,Argentina,468,95,1543,5100000,consignment
C-00489,Sumida Motors 00489,OEM,APAC-IN,India,199,98,27430,7300000,LTA
C-00490,Bluepeak Motors 00490,OEM,APAC-NE,South Korea,345,98,39134,63300000,LTA
C-00491,Sumida Distribution 00491,Distributor,APAC-NE,Taiwan,180,95,3284,2200000,LTA
C-00492,Vantage Motors 00492,OEM,APAC-SE,Indonesia,447,98,8232,78300000,LTA
C-00493,Kestrel Distribution 00493,Aftermarket,SA,Brazil,458,95,1096,3900000,LTA
C-00494,Bluepeak Motors 00494,OEM,APAC-IN,India,223,98,51043,89300000,consignment
C-00495,Atlas Motors 00495,OEM,APAC-IN,India,365,98,52129,43800000,spot
C-00496,Orion Motors 00496,OEM,APAC-IN,India,237,98,59465,74100000,LTA
C-00497,Norvia Distribution 00497,Aftermarket,SA,Brazil,178,95,3251,300000,consignment
C-00498,Baltia Distribution 00498,Distributor,NA-MX,Mexico,303,95,2538,2000000,consignment
C-00499,Vantage Distribution 00499,Aftermarket,APAC-NE,China,43,95,2211,4600000,LTA
C-00500,Sumida Distribution 00500,Distributor,NA-MX,Mexico,410,95,2209,3100000,spot
C-00501,Cordis Distribution 00501,Aftermarket,NA-MX,Mexico,308,95,821,2800000,spot
C-00502,Delantra Distribution 00502,Distributor,EMEA-W,Italy,91,95,9,4300000,spot
C-00503,Sumida Motors 00503,OEM,APAC-NE,South Korea,437,98,13025,62100000,consignment
C-00504,Bluepeak Distribution 00504,Aftermarket,NA-US,United States,343,95,3354,1500000,LTA
C-00505,Delantra Systems 00505,Tier-1,APAC-IN,India,189,95,879,3500000,LTA
C-00506,Sumida Motors 00506,OEM,EMEA-E,Poland,90,98,19206,2500000,LTA
C-00507,Delantra Distribution 00507,Aftermarket,EMEA-E,Romania,20,95,2417,3400000,LTA
C-00508,Delantra Distribution 00508,Aftermarket,APAC-IN,India,365,95,3072,700000,spot
C-00509,Atlas Distribution 00509,Distributor,NA-MX,Mexico,206,95,2063,3000000,LTA
C-00510,Atlas Distribution 00510,Aftermarket,SA,Argentina,102,95,732,4300000,LTA
C-00511,Atlas Distribution 00511,Aftermarket,NA-MX,Mexico,305,95,860,1300000,LTA
C-00512,Sumida Motors 00512,OEM,APAC-SE,Malaysia,396,98,46305,65600000,consignment
C-00513,Vantage Distribution 00513,Distributor,EMEA-E,Poland,179,95,55,3400000,LTA
C-00514,Kestrel Distribution 00514,Aftermarket,NA-MX,Mexico,392,95,2870,5900000,consignment
C-00515,Orion Motors 00515,OEM,APAC-NE,South Korea,21,98,17894,34100000,LTA
C-00516,Atlas Distribution 00516,Distributor,APAC-SE,Vietnam,437,95,3672,700000,consignment
C-00517,Sumida Distribution 00517,Aftermarket,EMEA-E,Poland,361,95,1312,5800000,LTA
C-00518,Orion Motors 00518,OEM,NA-MX,Mexico,297,98,17228,4100000,spot
C-00519,Cordis Distribution 00519,Aftermarket,APAC-NE,Japan,236,95,2405,100000,spot
C-00520,Norvia Distribution 00520,Aftermarket,NA-US,United States,492,95,3638,300000,consignment
C-00521,Bluepeak Distribution 00521,Aftermarket,NA-MX,Mexico,136,95,1036,1000000,LTA
C-00522,Baltia Motors 00522,OEM,APAC-NE,Japan,183,98,21549,72800000,consignment
C-00523,Atlas Motors 00523,OEM,APAC-SE,Thailand,310,98,44135,37400000,consignment
C-00524,Norvia Distribution 00524,Aftermarket,EMEA-E,Turkey,393,95,924,3900000,spot
C-00525,Cordis Motors 00525,OEM,NA-US,United States,305,98,24353,17700000,LTA
C-00526,Norvia Distribution 00526,Aftermarket,NA-MX,Mexico,366,95,733,200000,LTA
C-00527,Baltia Motors 00527,OEM,SA,Argentina,380,98,19133,88300000,LTA
C-00528,Vantage Distribution 00528,Distributor,APAC-SE,Malaysia,18,95,672,1500000,spot
C-00529,Sumida Distribution 00529,Distributor,APAC-IN,India,126,95,2055,3300000,consignment
C-00530,Norvia Motors 00530,OEM,SA,Brazil,430,98,42056,40000000,LTA
C-00531,Cordis Motors 00531,OEM,EMEA-E,Poland,73,98,11874,8800000,LTA
C-00532,Kestrel Systems 00532,Tier-1,SA,Brazil,408,95,1060,3900000,consignment
C-00533,Delantra Distribution 00533,Distributor,APAC-NE,China,398,95,2787,1300000,spot
C-00534,Delantra Distribution 00534,Distributor,NA-MX,Mexico,416,95,2644,3000000,consignment
C-00535,Sumida Distribution 00535,Aftermarket,EMEA-W,Germany,313,95,1447,2700000,LTA
C-00536,Vantage Distribution 00536,Distributor,APAC-NE,China,374,95,1465,3900000,LTA
C-00537,Orion Motors 00537,OEM,APAC-NE,China,320,98,40278,25700000,spot
C-00538,Norvia Distribution 00538,Distributor,NA-US,United States,447,95,757,1600000,consignment
C-00539,Delantra Distribution 00539,Aftermarket,APAC-IN,India,384,95,792,3300000,consignment
C-00540,Sumida Motors 00540,OEM,EMEA-E,Czechia,362,98,17070,80200000,LTA
C-00541,Kestrel Distribution 00541,Aftermarket,EMEA-W,Italy,386,95,2735,2100000,LTA
C-00542,Norvia Systems 00542,Tier-1,NA-MX,Mexico,264,95,380,4300000,LTA
C-00543,Sumida Distribution 00543,Aftermarket,APAC-NE,Taiwan,44,95,543,4400000,spot
C-00544,Sumida Systems 00544,Tier-1,EMEA-E,Turkey,354,95,2567,6000000,LTA
C-00545,Sumida Distribution 00545,Aftermarket,NA-MX,Mexico,44,95,2495,6000000,LTA
C-00546,Vantage Motors 00546,OEM,SA,Argentina,134,98,16133,20000000,LTA
C-00547,Atlas Distribution 00547,Aftermarket,EMEA-W,France,319,95,400,1400000,LTA
C-00548,Delantra Motors 00548,OEM,EMEA-W,Germany,115,98,18622,7000000,consignment
C-00549,Orion Distribution 00549,Aftermarket,APAC-NE,Taiwan,408,95,2633,4200000,LTA
C-00550,Sumida Motors 00550,OEM,NA-US,United States,205,98,9582,44400000,spot
C-00551,Orion Distribution 00551,Aftermarket,SA,Argentina,48,95,2604,4800000,LTA
C-00552,Cordis Motors 00552,OEM,APAC-NE,Japan,339,98,45791,39300000,LTA
C-00553,Sumida Distribution 00553,Aftermarket,NA-MX,Mexico,262,95,1493,5500000,LTA
C-00554,Bluepeak Distribution 00554,Aftermarket,NA-US,United States,250,95,1522,4600000,spot
C-00555,Kestrel Motors 00555,OEM,EMEA-W,Germany,414,98,19274,40900000,LTA
C-00556,Sumida Motors 00556,OEM,SA,Brazil,269,98,47343,71300000,consignment
C-00557,Norvia Distribution 00557,Distributor,EMEA-E,Czechia,56,95,3211,4400000,LTA
C-00558,Vantage Systems 00558,Tier-1,NA-MX,Mexico,306,95,2768,1500000,LTA
C-00559,Norvia Distribution 00559,Distributor,NA-MX,Mexico,318,95,2580,4300000,consignment
C-00560,Cordis Motors 00560,OEM,EMEA-W,France,123,98,23542,53800000,spot
C-00561,Cordis Motors 00561,OEM,SA,Brazil,177,98,35006,40900000,LTA
C-00562,Bluepeak Distribution 00562,Distributor,NA-US,United States,240,95,71,200000,LTA
C-00563,Orion Motors 00563,OEM,APAC-IN,India,245,98,14677,84700000,LTA
C-00564,Cordis Motors 00564,OEM,EMEA-W,Germany,490,98,48188,67900000,spot
C-00565,Atlas Systems 00565,Tier-1,EMEA-E,Romania,355,95,3797,5400000,consignment
C-00566,Cordis Distribution 00566,Aftermarket,NA-MX,Mexico,195,95,3082,600000,LTA
C-00567,Delantra Distribution 00567,Aftermarket,NA-MX,Mexico,391,95,1330,1600000,LTA
C-00568,Baltia Motors 00568,OEM,NA-MX,Mexico,167,98,23368,62900000,spot
C-00569,Sumida Motors 00569,OEM,APAC-IN,India,197,98,24350,62800000,consignment
C-00570,Bluepeak Systems 00570,Tier-1,EMEA-W,France,469,95,1387,5200000,consignment
C-00571,Vantage Systems 00571,Tier-1,NA-MX,Mexico,422,95,931,2700000,consignment
C-00572,Kestrel Systems 00572,Tier-1,EMEA-E,Czechia,268,95,738,4300000,LTA
C-00573,Vantage Motors 00573,OEM,APAC-IN,India,371,98,26509,13500000,consignment
C-00574,Cordis Systems 00574,Tier-1,APAC-NE,South Korea,310,95,1050,5100000,consignment
C-00575,Delantra Motors 00575,OEM,NA-MX,Mexico,363,98,17038,46000000,LTA
C-00576,Atlas Motors 00576,OEM,SA,Brazil,407,98,15228,51700000,LTA
C-00577,Vantage Distribution 00577,Distributor,EMEA-W,France,13,95,1486,400000,LTA
C-00578,Sumida Motors 00578,OEM,EMEA-W,Spain,52,98,51767,74300000,LTA
C-00579,Norvia Distribution 00579,Aftermarket,APAC-SE,Vietnam,168,95,2038,1300000,LTA
C-00580,Kestrel Distribution 00580,Distributor,APAC-SE,Vietnam,176,95,251,3400000,LTA
C-00581,Atlas Distribution 00581,Aftermarket,APAC-SE,Malaysia,179,95,2788,2600000,consignment
C-00582,Norvia Motors 00582,OEM,EMEA-E,Poland,222,98,33542,12300000,LTA
C-00583,Orion Distribution 00583,Distributor,NA-US,United States,429,95,3645,2000000,consignment
C-00584,Cordis Distribution 00584,Aftermarket,NA-MX,Mexico,40,95,829,4400000,spot
C-00585,Cordis Motors 00585,OEM,APAC-IN,India,92,98,25059,71200000,LTA
C-00586,Norvia Motors 00586,OEM,NA-MX,Mexico,62,98,36658,32300000,consignment
C-00587,Bluepeak Motors 00587,OEM,APAC-NE,South Korea,289,98,37708,59900000,LTA
C-00588,Bluepeak Motors 00588,OEM,APAC-SE,Thailand,184,98,6742,41700000,LTA
C-00589,Kestrel Motors 00589,OEM,APAC-IN,India,403,98,33702,40300000,LTA
C-00590,Cordis Motors 00590,OEM,APAC-IN,India,374,98,38590,36100000,LTA
C-00591,Norvia Motors 00591,OEM,APAC-SE,Thailand,420,98,56270,2900000,LTA
C-00592,Vantage Distribution 00592,Aftermarket,NA-MX,Mexico,246,95,3541,2600000,LTA
C-00593,Atlas Systems 00593,Tier-1,APAC-IN,India,242,95,338,3300000,spot
C-00594,Sumida Distribution 00594,Distributor,APAC-SE,Indonesia,383,95,1781,4400000,LTA
C-00595,Delantra Distribution 00595,Aftermarket,SA,Brazil,264,95,1592,5100000,LTA
C-00596,Sumida Distribution 00596,Distributor,APAC-SE,Indonesia,427,95,2126,4800000,LTA
C-00597,Vantage Distribution 00597,Aftermarket,NA-MX,Mexico,289,95,1681,5800000,LTA
C-00598,Baltia Distribution 00598,Aftermarket,NA-MX,Mexico,402,95,2563,300000,LTA
C-00599,Atlas Motors 00599,OEM,APAC-SE,Malaysia,330,98,34253,73200000,consignment
C-00600,Cordis Distribution 00600,Aftermarket,EMEA-W,Italy,58,95,766,4500000,spot
C-00601,Norvia Motors 00601,OEM,EMEA-W,Spain,133,98,9966,85900000,LTA
C-00602,Orion Motors 00602,OEM,EMEA-W,Spain,472,98,36397,20500000,spot
C-00603,Delantra Motors 00603,OEM,NA-MX,Mexico,238,98,57980,8700000,spot
C-00604,Kestrel Motors 00604,OEM,SA,Brazil,495,98,12959,29600000,spot
C-00605,Baltia Motors 00605,OEM,NA-MX,Mexico,182,98,41214,55300000,LTA
C-00606,Delantra Distribution 00606,Aftermarket,NA-MX,Mexico,388,95,227,2900000,LTA
C-00607,Orion Motors 00607,OEM,EMEA-W,Germany,340,98,32522,44200000,spot
C-00608,Sumida Motors 00608,OEM,APAC-NE,China,65,98,54326,55200000,LTA
C-00609,Atlas Motors 00609,OEM,APAC-IN,India,305,98,35728,18800000,consignment
C-00610,Bluepeak Distribution 00610,Aftermarket,EMEA-E,Poland,124,95,2258,500000,spot
C-00611,Sumida Motors 00611,OEM,APAC-IN,India,70,98,20400,43100000,LTA
C-00612,Norvia Motors 00612,OEM,APAC-NE,China,207,98,54915,18100000,consignment
C-00613,Orion Motors 00613,OEM,NA-MX,Mexico,90,98,6510,24100000,LTA
C-00614,Bluepeak Motors 00614,OEM,NA-US,United States,157,98,58007,9100000,consignment
C-00615,Kestrel Motors 00615,OEM,EMEA-W,Germany,362,98,58923,78700000,LTA
C-00616,Baltia Distribution 00616,Distributor,APAC-IN,India,238,95,3527,5500000,consignment
C-00617,Vantage Systems 00617,Tier-1,EMEA-W,Spain,241,95,390,3200000,spot
C-00618,Bluepeak Motors 00618,OEM,NA-US,United States,241,98,51842,58100000,spot
C-00619,Bluepeak Motors 00619,OEM,SA,Argentina,346,98,10329,45000000,consignment
C-00620,Baltia Distribution 00620,Distributor,SA,Argentina,368,95,2492,100000,LTA
C-00621,Sumida Motors 00621,OEM,NA-MX,Mexico,203,98,41025,62100000,LTA
C-00622,Kestrel Distribution 00622,Distributor,EMEA-W,Spain,40,95,1745,2500000,LTA
C-00623,Kestrel Distribution 00623,Aftermarket,EMEA-W,France,72,95,1118,2900000,spot
C-00624,Atlas Systems 00624,Tier-1,NA-US,United States,205,95,1798,3200000,consignment
C-00625,Norvia Distribution 00625,Aftermarket,NA-US,United States,356,95,2232,5300000,spot
C-00626,Cordis Motors 00626,OEM,APAC-NE,Japan,164,98,59143,36600000,consignment
C-00627,Bluepeak Systems 00627,Tier-1,APAC-NE,South Korea,449,95,2936,3300000,consignment
C-00628,Atlas Distribution 00628,Distributor,EMEA-E,Poland,111,95,691,5800000,spot
C-00629,Vantage Motors 00629,OEM,APAC-IN,India,435,98,50003,12400000,LTA
C-00630,Sumida Motors 00630,OEM,APAC-SE,Thailand,171,98,50720,12700000,consignment
C-00631,Vantage Motors 00631,OEM,APAC-SE,Indonesia,403,98,42576,89200000,LTA
C-00632,Orion Distribution 00632,Aftermarket,NA-US,United States,19,95,2556,2300000,LTA
C-00633,Kestrel Motors 00633,OEM,APAC-NE,Taiwan,69,98,51537,38400000,consignment
C-00634,Norvia Distribution 00634,Distributor,NA-US,United States,400,95,3812,100000,LTA
C-00635,Kestrel Distribution 00635,Aftermarket,EMEA-W,Germany,57,95,3579,3200000,LTA
C-00636,Norvia Motors 00636,OEM,EMEA-W,France,111,98,50718,66700000,LTA
C-00637,Vantage Systems 00637,Tier-1,EMEA-E,Turkey,451,95,3025,4800000,LTA
C-00638,Cordis Systems 00638,Tier-1,APAC-IN,India,276,95,401,1100000,consignment
C-00639,Kestrel Motors 00639,OEM,APAC-IN,India,155,98,19656,80300000,spot
C-00640,Atlas Systems 00640,Tier-1,APAC-IN,India,432,95,2147,3200000,consignment
C-00641,Orion Distribution 00641,Distributor,EMEA-E,Turkey,281,95,2949,400000,consignment
C-00642,Atlas Systems 00642,Tier-1,APAC-NE,China,450,95,1992,2700000,LTA
C-00643,Vantage Motors 00643,OEM,EMEA-E,Turkey,159,98,31349,33800000,consignment
C-00644,Bluepeak Motors 00644,OEM,EMEA-E,Romania,407,98,36652,68100000,consignment
C-00645,Orion Motors 00645,OEM,APAC-NE,Taiwan,192,98,31541,44000000,consignment
C-00646,Norvia Systems 00646,Tier-1,NA-US,United States,433,95,409,4700000,LTA
C-00647,Cordis Distribution 00647,Aftermarket,SA,Argentina,428,95,2829,5900000,LTA
C-00648,Orion Distribution 00648,Distributor,NA-MX,Mexico,229,95,2360,1300000,LTA
C-00649,Bluepeak Distribution 00649,Aftermarket,NA-US,United States,470,95,2745,700000,LTA
C-00650,Kestrel Distribution 00650,Distributor,APAC-SE,Vietnam,59,95,1699,5700000,LTA
C-00651,Vantage Motors 00651,OEM,APAC-IN,India,138,98,26782,56900000,spot
C-00652,Cordis Distribution 00652,Distributor,SA,Brazil,193,95,1600,700000,consignment
C-00653,Kestrel Motors 00653,OEM,APAC-SE,Indonesia,395,98,37868,12100000,LTA
C-00654,Sumida Distribution 00654,Distributor,EMEA-E,Turkey,369,95,3664,3000000,spot
C-00655,Kestrel Systems 00655,Tier-1,EMEA-E,Poland,248,95,393,5700000,spot
C-00656,Delantra Distribution 00656,Aftermarket,NA-US,United States,428,95,3673,5600000,consignment
C-00657,Atlas Motors 00657,OEM,APAC-SE,Vietnam,187,98,40305,69100000,LTA
C-00658,Orion Distribution 00658,Distributor,APAC-IN,India,478,95,3654,1000000,spot
C-00659,Kestrel Motors 00659,OEM,SA,Brazil,260,98,25657,5400000,spot
C-00660,Norvia Distribution 00660,Aftermarket,APAC-NE,Japan,50,95,2514,4200000,LTA
C-00661,Delantra Motors 00661,OEM,APAC-NE,Taiwan,169,98,10563,29500000,consignment
C-00662,Delantra Motors 00662,OEM,NA-MX,Mexico,231,98,13335,32300000,consignment
C-00663,Kestrel Distribution 00663,Aftermarket,SA,Brazil,24,95,3041,5800000,LTA
C-00664,Bluepeak Systems 00664,Tier-1,NA-MX,Mexico,141,95,2507,2800000,spot
C-00665,Vantage Motors 00665,OEM,NA-MX,Mexico,71,98,52220,62400000,LTA
C-00666,Cordis Systems 00666,Tier-1,APAC-IN,India,325,95,3333,1200000,LTA
C-00667,Delantra Distribution 00667,Aftermarket,SA,Argentina,230,95,3126,500000,LTA
C-00668,Delantra Systems 00668,Tier-1,SA,Brazil,264,95,902,1400000,LTA
C-00669,Delantra Motors 00669,OEM,APAC-SE,Thailand,462,98,16275,85000000,consignment
C-00670,Atlas Distribution 00670,Aftermarket,NA-MX,Mexico,365,95,1060,4800000,LTA
C-00671,Norvia Systems 00671,Tier-1,SA,Argentina,111,95,213,1200000,LTA
C-00672,Orion Systems 00672,Tier-1,NA-US,United States,282,95,475,6000000,spot
C-00673,Delantra Distribution 00673,Distributor,EMEA-E,Turkey,405,95,2834,3600000,LTA
C-00674,Kestrel Systems 00674,Tier-1,APAC-NE,Japan,272,95,217,4100000,consignment
C-00675,Atlas Systems 00675,Tier-1,APAC-NE,Japan,201,95,1696,3200000,consignment
C-00676,Bluepeak Systems 00676,Tier-1,SA,Brazil,119,95,443,2100000,consignment
C-00677,Delantra Systems 00677,Tier-1,APAC-IN,India,168,95,581,4200000,LTA
C-00678,Baltia Motors 00678,OEM,EMEA-W,France,122,98,52807,76300000,consignment
C-00679,Delantra Systems 00679,Tier-1,NA-MX,Mexico,347,95,761,2600000,spot
C-00680,Cordis Motors 00680,OEM,APAC-NE,Japan,413,98,27406,12200000,consignment
C-00681,Atlas Distribution 00681,Distributor,NA-US,United States,170,95,1979,4700000,consignment
C-00682,Delantra Distribution 00682,Aftermarket,EMEA-E,Czechia,383,95,3042,4800000,consignment
C-00683,Cordis Distribution 00683,Distributor,APAC-SE,Vietnam,319,95,1488,6000000,spot
C-00684,Delantra Motors 00684,OEM,NA-MX,Mexico,135,98,30825,56500000,spot
C-00685,Baltia Motors 00685,OEM,EMEA-E,Turkey,78,98,59734,56900000,LTA
C-00686,Atlas Distribution 00686,Distributor,EMEA-E,Romania,100,95,185,900000,LTA
C-00687,Norvia Motors 00687,OEM,EMEA-E,Poland,90,98,7732,48000000,consignment
C-00688,Orion Distribution 00688,Aftermarket,SA,Brazil,487,95,1716,5700000,LTA
C-00689,Baltia Distribution 00689,Aftermarket,EMEA-W,Spain,15,95,1054,4400000,consignment
C-00690,Sumida Motors 00690,OEM,SA,Argentina,385,98,46834,34900000,LTA
C-00691,Orion Distribution 00691,Distributor,EMEA-W,Spain,262,95,3063,3500000,LTA
C-00692,Cordis Distribution 00692,Aftermarket,APAC-IN,India,382,95,267,4200000,LTA
C-00693,Vantage Distribution 00693,Aftermarket,EMEA-W,France,460,95,1908,4600000,LTA
C-00694,Norvia Distribution 00694,Aftermarket,EMEA-W,Spain,452,95,2645,6000000,spot
C-00695,Delantra Distribution 00695,Aftermarket,APAC-SE,Thailand,202,95,3947,800000,spot
C-00696,Atlas Distribution 00696,Aftermarket,SA,Brazil,149,95,1420,700000,consignment
C-00697,Vantage Systems 00697,Tier-1,EMEA-E,Czechia,328,95,2467,3800000,LTA
C-00698,Baltia Distribution 00698,Aftermarket,NA-MX,Mexico,437,95,3213,5700000,LTA
C-00699,Atlas Systems 00699,Tier-1,NA-MX,Mexico,247,95,2516,2000000,consignment
C-00700,Atlas Systems 00700,Tier-1,NA-US,United States,266,95,2237,1800000,spot
C-00701,Norvia Distribution 00701,Aftermarket,APAC-IN,India,113,95,3101,3600000,consignment
C-00702,Sumida Motors 00702,OEM,EMEA-E,Turkey,187,98,42027,36700000,spot
C-00703,Norvia Distribution 00703,Aftermarket,APAC-SE,Malaysia,143,95,2588,800000,spot
C-00704,Kestrel Distribution 00704,Aftermarket,APAC-SE,Thailand,474,95,3621,5600000,consignment
C-00705,Sumida Distribution 00705,Aftermarket,APAC-SE,Malaysia,283,95,2098,5800000,LTA
C-00706,Delantra Motors 00706,OEM,NA-MX,Mexico,426,98,53787,71100000,LTA
C-00707,Kestrel Systems 00707,Tier-1,APAC-NE,South Korea,87,95,2730,5000000,consignment
C-00708,Norvia Systems 00708,Tier-1,APAC-NE,South Korea,277,95,3229,1600000,LTA
C-00709,Atlas Motors 00709,OEM,EMEA-E,Turkey,312,98,24180,65300000,LTA
C-00710,Delantra Distribution 00710,Distributor,APAC-SE,Indonesia,383,95,1796,1200000,spot
C-00711,Vantage Distribution 00711,Distributor,APAC-SE,Malaysia,453,95,3114,1400000,LTA
C-00712,Orion Motors 00712,OEM,APAC-NE,South Korea,329,98,41250,32100000,LTA
C-00713,Vantage Distribution 00713,Distributor,EMEA-E,Czechia,326,95,550,200000,LTA
C-00714,Orion Distribution 00714,Aftermarket,APAC-IN,India,240,95,2299,200000,LTA
C-00715,Vantage Distribution 00715,Aftermarket,EMEA-E,Turkey,198,95,618,4900000,LTA
C-00716,Atlas Systems 00716,Tier-1,APAC-NE,South Korea,300,95,751,4100000,LTA
C-00717,Atlas Systems 00717,Tier-1,NA-US,United States,436,95,2973,2200000,spot
C-00718,Delantra Motors 00718,OEM,APAC-SE,Malaysia,51,98,9125,6400000,consignment
C-00719,Delantra Distribution 00719,Distributor,SA,Argentina,328,95,178,3300000,LTA
C-00720,Delantra Distribution 00720,Distributor,NA-US,United States,77,95,1477,500000,spot
C-00721,Cordis Motors 00721,OEM,SA,Brazil,242,98,37975,53700000,LTA
C-00722,Atlas Motors 00722,OEM,APAC-NE,China,45,98,21742,61000000,LTA
C-00723,Bluepeak Distribution 00723,Aftermarket,APAC-IN,India,158,95,2386,4100000,LTA
C-00724,Delantra Motors 00724,OEM,NA-MX,Mexico,386,98,54905,83200000,LTA
C-00725,Baltia Distribution 00725,Distributor,NA-US,United States,440,95,1615,5400000,LTA
C-00726,Cordis Distribution 00726,Aftermarket,NA-US,United States,337,95,2679,3500000,spot
C-00727,Delantra Motors 00727,OEM,SA,Argentina,104,98,50982,15700000,consignment
C-00728,Orion Motors 00728,OEM,SA,Brazil,380,98,20071,60200000,spot
C-00729,Baltia Motors 00729,OEM,SA,Argentina,169,98,52311,32900000,LTA
C-00730,Cordis Systems 00730,Tier-1,EMEA-E,Czechia,71,95,2813,4100000,LTA
C-00731,Delantra Motors 00731,OEM,SA,Argentina,212,98,43054,6700000,spot
C-00732,Norvia Motors 00732,OEM,APAC-IN,India,41,98,22254,62500000,LTA
C-00733,Delantra Distribution 00733,Distributor,NA-US,United States,403,95,1950,3000000,spot
C-00734,Baltia Motors 00734,OEM,APAC-NE,Taiwan,380,98,43319,31600000,spot
C-00735,Delantra Motors 00735,OEM,EMEA-W,France,310,98,9588,58800000,consignment
C-00736,Orion Distribution 00736,Distributor,APAC-IN,India,28,95,1636,2900000,LTA
C-00737,Vantage Motors 00737,OEM,NA-US,United States,133,98,31793,51600000,LTA
C-00738,Cordis Motors 00738,OEM,EMEA-W,France,399,98,54451,89300000,LTA
C-00739,Vantage Motors 00739,OEM,NA-US,United States,319,98,8921,36300000,spot
C-00740,Kestrel Distribution 00740,Aftermarket,NA-US,United States,468,95,835,500000,consignment
C-00741,Atlas Motors 00741,OEM,APAC-IN,India,64,98,42169,58500000,consignment
C-00742,Baltia Motors 00742,OEM,SA,Argentina,43,98,20196,86700000,spot
C-00743,Delantra Distribution 00743,Distributor,SA,Brazil,221,95,280,4200000,consignment
C-00744,Norvia Distribution 00744,Aftermarket,APAC-IN,India,133,95,3682,5300000,LTA
C-00745,Bluepeak Motors 00745,OEM,APAC-IN,India,84,98,31334,52200000,consignment
C-00746,Kestrel Systems 00746,Tier-1,EMEA-W,Germany,251,95,3333,4100000,LTA
C-00747,Cordis Systems 00747,Tier-1,APAC-SE,Thailand,183,95,496,2900000,consignment
C-00748,Atlas Motors 00748,OEM,APAC-IN,India,431,98,13870,61000000,consignment
C-00749,Norvia Distribution 00749,Distributor,NA-US,United States,325,95,3949,4200000,LTA
C-00750,Delantra Distribution 00750,Distributor,EMEA-W,France,186,95,1995,1100000,LTA
C-00751,Delantra Distribution 00751,Aftermarket,SA,Argentina,346,95,977,3700000,spot
C-00752,Vantage Motors 00752,OEM,EMEA-W,Italy,484,98,25740,15500000,spot
C-00753,Sumida Distribution 00753,Distributor,APAC-NE,China,414,95,306,2300000,LTA
C-00754,Delantra Motors 00754,OEM,NA-MX,Mexico,233,98,36520,82300000,LTA
C-00755,Kestrel Distribution 00755,Aftermarket,APAC-SE,Vietnam,268,95,3242,400000,LTA
C-00756,Kestrel Motors 00756,OEM,APAC-IN,India,446,98,50028,51100000,spot
C-00757,Orion Distribution 00757,Distributor,APAC-IN,India,342,95,2358,2600000,LTA
C-00758,Sumida Motors 00758,OEM,EMEA-E,Turkey,491,98,45529,79600000,LTA
C-00759,Baltia Motors 00759,OEM,NA-US,United States,495,98,6762,84900000,spot
C-00760,Cordis Motors 00760,OEM,APAC-NE,South Korea,315,98,9608,65500000,LTA
C-00761,Norvia Motors 00761,OEM,SA,Brazil,28,98,36787,21100000,spot
C-00762,Cordis Systems 00762,Tier-1,NA-US,United States,155,95,2498,500000,LTA
C-00763,Norvia Distribution 00763,Distributor,APAC-NE,Taiwan,351,95,1900,2100000,LTA
C-00764,Norvia Motors 00764,OEM,APAC-IN,India,125,98,17118,40000000,LTA
C-00765,Sumida Motors 00765,OEM,EMEA-E,Turkey,494,98,38667,61300000,spot
C-00766,Norvia Distribution 00766,Distributor,EMEA-E,Romania,232,95,3831,1300000,LTA
C-00767,Bluepeak Motors 00767,OEM,APAC-IN,India,301,98,40700,87700000,LTA
C-00768,Orion Distribution 00768,Aftermarket,EMEA-E,Turkey,48,95,1570,500000,spot
C-00769,Bluepeak Systems 00769,Tier-1,SA,Brazil,297,95,592,700000,LTA
C-00770,Delantra Systems 00770,Tier-1,APAC-SE,Thailand,290,95,976,4800000,spot
C-00771,Cordis Distribution 00771,Aftermarket,APAC-SE,Indonesia,50,95,2633,3700000,spot
C-00772,Bluepeak Distribution 00772,Aftermarket,APAC-SE,Malaysia,402,95,438,3900000,LTA
C-00773,Baltia Motors 00773,OEM,APAC-IN,India,452,98,57775,71400000,LTA
C-00774,Cordis Systems 00774,Tier-1,NA-US,United States,15,95,142,3400000,LTA
C-00775,Baltia Distribution 00775,Aftermarket,SA,Brazil,230,95,3656,2100000,consignment
C-00776,Baltia Motors 00776,OEM,EMEA-E,Poland,99,98,5888,83400000,spot
C-00777,Norvia Motors 00777,OEM,EMEA-W,France,183,98,39806,37800000,LTA
C-00778,Orion Systems 00778,Tier-1,NA-US,United States,179,95,3009,400000,spot
C-00779,Vantage Motors 00779,OEM,APAC-NE,Japan,319,98,55034,65100000,LTA
C-00780,Kestrel Motors 00780,OEM,EMEA-E,Czechia,388,98,18552,22200000,LTA
C-00781,Cordis Distribution 00781,Distributor,APAC-IN,India,194,95,490,1700000,spot
C-00782,Bluepeak Distribution 00782,Aftermarket,APAC-NE,Japan,97,95,259,4500000,LTA
C-00783,Sumida Systems 00783,Tier-1,EMEA-E,Turkey,141,95,240,3500000,spot
C-00784,Baltia Distribution 00784,Distributor,NA-MX,Mexico,177,95,1359,1200000,LTA
C-00785,Cordis Systems 00785,Tier-1,NA-MX,Mexico,197,95,1486,2400000,LTA
C-00786,Bluepeak Systems 00786,Tier-1,EMEA-W,Spain,374,95,3380,1300000,LTA
C-00787,Vantage Motors 00787,OEM,NA-MX,Mexico,52,98,37994,68100000,LTA
C-00788,Norvia Systems 00788,Tier-1,APAC-NE,Taiwan,89,95,2880,400000,spot
C-00789,Delantra Distribution 00789,Distributor,NA-US,United States,34,95,3968,2000000,consignment
C-00790,Delantra Motors 00790,OEM,APAC-IN,India,172,98,41963,84000000,consignment
C-00791,Norvia Systems 00791,Tier-1,APAC-IN,India,298,95,2193,3900000,LTA
C-00792,Norvia Motors 00792,OEM,APAC-NE,Japan,45,98,45402,14500000,consignment
C-00793,Atlas Distribution 00793,Aftermarket,EMEA-E,Turkey,461,95,37,5100000,LTA
C-00794,Orion Systems 00794,Tier-1,APAC-IN,India,267,95,3630,500000,consignment
C-00795,Orion Motors 00795,OEM,APAC-SE,Indonesia,34,98,45333,46500000,LTA
C-00796,Baltia Motors 00796,OEM,SA,Argentina,196,98,19333,70400000,LTA
C-00797,Norvia Systems 00797,Tier-1,NA-MX,Mexico,161,95,2679,2400000,LTA
C-00798,Bluepeak Distribution 00798,Aftermarket,EMEA-E,Czechia,133,95,1312,5000000,LTA
C-00799,Baltia Systems 00799,Tier-1,APAC-IN,India,420,95,3520,3500000,spot
C-00800,Cordis Distribution 00800,Aftermarket,APAC-SE,Thailand,288,95,3476,2400000,LTA
C-00801,Orion Systems 00801,Tier-1,SA,Argentina,259,95,1235,3000000,consignment
C-00802,Atlas Systems 00802,Tier-1,APAC-IN,India,324,95,1300,5700000,LTA
C-00803,Cordis Systems 00803,Tier-1,NA-US,United States,28,95,3043,500000,LTA
C-00804,Sumida Distribution 00804,Aftermarket,SA,Brazil,401,95,2214,6000000,LTA
C-00805,Orion Systems 00805,Tier-1,NA-MX,Mexico,179,95,1132,4500000,LTA
C-00806,Sumida Systems 00806,Tier-1,APAC-SE,Indonesia,352,95,2646,3800000,LTA
C-00807,Baltia Distribution 00807,Aftermarket,SA,Brazil,202,95,1634,5800000,LTA
C-00808,Bluepeak Motors 00808,OEM,APAC-NE,South Korea,137,98,6205,88900000,spot
C-00809,Norvia Distribution 00809,Aftermarket,NA-MX,Mexico,17,95,3856,4700000,consignment
C-00810,Bluepeak Systems 00810,Tier-1,EMEA-E,Poland,400,95,3188,4400000,LTA
C-00811,Bluepeak Systems 00811,Tier-1,APAC-SE,Malaysia,279,95,1567,2700000,spot
C-00812,Delantra Distribution 00812,Aftermarket,EMEA-W,Italy,157,95,2199,1500000,consignment
C-00813,Kestrel Motors 00813,OEM,APAC-SE,Indonesia,123,98,48733,2600000,LTA
C-00814,Cordis Systems 00814,Tier-1,NA-MX,Mexico,484,95,3082,1200000,consignment
C-00815,Kestrel Motors 00815,OEM,SA,Brazil,323,98,13396,46600000,LTA
C-00816,Delantra Systems 00816,Tier-1,APAC-SE,Thailand,199,95,1582,3000000,LTA
C-00817,Delantra Systems 00817,Tier-1,APAC-SE,Malaysia,361,95,1645,1300000,spot
C-00818,Cordis Distribution 00818,Aftermarket,EMEA-W,France,18,95,2594,5800000,LTA
C-00819,Vantage Distribution 00819,Aftermarket,NA-US,United States,74,95,1629,6000000,LTA
C-00820,Orion Distribution 00820,Aftermarket,NA-US,United States,432,95,3120,600000,LTA
C-00821,Cordis Motors 00821,OEM,EMEA-W,Spain,484,98,50071,71300000,LTA
C-00822,Norvia Systems 00822,Tier-1,EMEA-E,Romania,230,95,2140,100000,consignment
C-00823,Cordis Motors 00823,OEM,APAC-SE,Malaysia,31,98,38467,61800000,consignment
C-00824,Bluepeak Distribution 00824,Distributor,SA,Brazil,276,95,1706,200000,spot
C-00825,Baltia Motors 00825,OEM,APAC-SE,Malaysia,186,98,40397,7400000,LTA
C-00826,Vantage Distribution 00826,Aftermarket,NA-MX,Mexico,109,95,572,5200000,spot
C-00827,Norvia Systems 00827,Tier-1,NA-MX,Mexico,222,95,1887,700000,spot
C-00828,Baltia Distribution 00828,Distributor,APAC-SE,Indonesia,58,95,2664,1500000,spot
C-00829,Baltia Distribution 00829,Aftermarket,APAC-IN,India,280,95,1724,1100000,LTA
C-00830,Norvia Distribution 00830,Aftermarket,EMEA-E,Poland,107,95,3721,1800000,LTA
C-00831,Bluepeak Motors 00831,OEM,NA-MX,Mexico,112,98,35923,18200000,spot
C-00832,Bluepeak Systems 00832,Tier-1,EMEA-E,Turkey,136,95,402,1900000,LTA
C-00833,Bluepeak Distribution 00833,Distributor,EMEA-W,Germany,114,95,85,5500000,consignment
C-00834,Norvia Systems 00834,Tier-1,EMEA-E,Poland,353,95,3182,2600000,spot
C-00835,Atlas Distribution 00835,Aftermarket,NA-US,United States,143,95,3785,4300000,LTA
C-00836,Baltia Motors 00836,OEM,EMEA-W,Germany,418,98,50884,43200000,spot
C-00837,Sumida Distribution 00837,Distributor,APAC-SE,Vietnam,32,95,3917,2000000,spot
C-00838,Delantra Motors 00838,OEM,EMEA-W,Italy,252,98,23624,9000000,LTA
C-00839,Baltia Distribution 00839,Distributor,NA-MX,Mexico,469,95,3611,3500000,LTA
C-00840,Norvia Motors 00840,OEM,EMEA-E,Czechia,277,98,19451,70900000,consignment
C-00841,Norvia Distribution 00841,Aftermarket,APAC-NE,Japan,78,95,344,900000,consignment
C-00842,Bluepeak Motors 00842,OEM,APAC-NE,Taiwan,432,98,42597,44400000,spot
C-00843,Kestrel Motors 00843,OEM,EMEA-E,Romania,352,98,43508,77700000,LTA
C-00844,Vantage Motors 00844,OEM,NA-MX,Mexico,336,98,28511,75400000,LTA
C-00845,Orion Motors 00845,OEM,EMEA-E,Poland,316,98,54506,4000000,spot
C-00846,Atlas Distribution 00846,Aftermarket,APAC-IN,India,204,95,3449,1600000,consignment
C-00847,Cordis Motors 00847,OEM,APAC-NE,South Korea,152,98,28843,69900000,consignment
C-00848,Cordis Distribution 00848,Aftermarket,APAC-IN,India,242,95,3726,3600000,consignment
C-00849,Bluepeak Motors 00849,OEM,APAC-SE,Vietnam,329,98,25476,53100000,LTA
C-00850,Atlas Motors 00850,OEM,NA-MX,Mexico,305,98,46891,66900000,consignment
C-00851,Cordis Motors 00851,OEM,APAC-NE,South Korea,39,98,55866,27000000,LTA
C-00852,Norvia Distribution 00852,Aftermarket,EMEA-E,Turkey,266,95,1670,3900000,spot
C-00853,Delantra Systems 00853,Tier-1,EMEA-W,Spain,333,95,2120,1600000,spot
C-00854,Orion Distribution 00854,Distributor,NA-MX,Mexico,168,95,2540,3700000,LTA
C-00855,Norvia Systems 00855,Tier-1,NA-MX,Mexico,334,95,2745,4200000,spot
C-00856,Vantage Distribution 00856,Aftermarket,APAC-IN,India,364,95,2440,4400000,spot
C-00857,Norvia Systems 00857,Tier-1,APAC-NE,Taiwan,493,95,880,100000,LTA
C-00858,Sumida Distribution 00858,Aftermarket,NA-MX,Mexico,486,95,688,5100000,consignment
C-00859,Baltia Motors 00859,OEM,EMEA-E,Poland,37,98,56973,85100000,consignment
C-00860,Kestrel Systems 00860,Tier-1,EMEA-W,Italy,122,95,3672,3400000,LTA
C-00861,Baltia Motors 00861,OEM,APAC-IN,India,383,98,55387,70100000,LTA
C-00862,Cordis Distribution 00862,Aftermarket,APAC-NE,China,300,95,544,5700000,spot
C-00863,Cordis Distribution 00863,Distributor,SA,Brazil,415,95,2928,4600000,LTA
C-00864,Norvia Motors 00864,OEM,SA,Argentina,84,98,38016,4700000,LTA
C-00865,Norvia Distribution 00865,Distributor,APAC-NE,Japan,82,95,2350,4600000,LTA
C-00866,Bluepeak Systems 00866,Tier-1,APAC-NE,Japan,357,95,2234,2900000,consignment
C-00867,Atlas Distribution 00867,Aftermarket,SA,Brazil,405,95,126,3700000,spot
C-00868,Norvia Distribution 00868,Aftermarket,SA,Argentina,43,95,1984,3900000,LTA
C-00869,Atlas Systems 00869,Tier-1,EMEA-E,Turkey,427,95,2523,3700000,consignment
C-00870,Sumida Distribution 00870,Aftermarket,SA,Brazil,12,95,2006,400000,spot
C-00871,Atlas Systems 00871,Tier-1,NA-MX,Mexico,18,95,3980,2800000,consignment
C-00872,Orion Motors 00872,OEM,APAC-IN,India,184,98,22263,27400000,spot
C-00873,Cordis Systems 00873,Tier-1,SA,Argentina,493,95,3456,1600000,LTA
C-00874,Kestrel Motors 00874,OEM,SA,Brazil,406,98,25784,35800000,spot
C-00875,Norvia Distribution 00875,Distributor,APAC-IN,India,458,95,858,2400000,LTA
C-00876,Vantage Motors 00876,OEM,SA,Argentina,175,98,31746,36900000,LTA
C-00877,Sumida Motors 00877,OEM,EMEA-E,Poland,119,98,37070,64900000,LTA
C-00878,Delantra Systems 00878,Tier-1,SA,Brazil,202,95,3350,5400000,LTA
C-00879,Norvia Motors 00879,OEM,APAC-SE,Malaysia,484,98,8501,86300000,LTA
C-00880,Cordis Systems 00880,Tier-1,APAC-SE,Vietnam,125,95,2342,1700000,spot
C-00881,Bluepeak Distribution 00881,Distributor,APAC-IN,India,137,95,2726,3600000,LTA
C-00882,Norvia Distribution 00882,Aftermarket,EMEA-E,Turkey,50,95,852,2700000,consignment
C-00883,Orion Systems 00883,Tier-1,APAC-SE,Indonesia,266,95,380,2300000,LTA
C-00884,Atlas Distribution 00884,Distributor,NA-MX,Mexico,465,95,1207,5400000,LTA
C-00885,Delantra Systems 00885,Tier-1,APAC-SE,Thailand,307,95,3326,2800000,LTA
C-00886,Kestrel Systems 00886,Tier-1,APAC-IN,India,101,95,2127,3300000,consignment
C-00887,Delantra Systems 00887,Tier-1,APAC-NE,Taiwan,499,95,2020,3700000,LTA
C-00888,Kestrel Distribution 00888,Aftermarket,NA-MX,Mexico,280,95,3941,5100000,LTA
C-00889,Baltia Motors 00889,OEM,EMEA-E,Poland,344,98,45029,6200000,spot
C-00890,Delantra Motors 00890,OEM,APAC-NE,China,365,98,9708,66600000,consignment
C-00891,Cordis Distribution 00891,Aftermarket,APAC-SE,Vietnam,198,95,2632,600000,consignment
C-00892,Baltia Distribution 00892,Distributor,NA-MX,Mexico,437,95,2991,4700000,LTA
C-00893,Atlas Motors 00893,OEM,APAC-NE,Japan,120,98,26768,21000000,LTA
C-00894,Baltia Distribution 00894,Distributor,APAC-SE,Thailand,491,95,2270,2200000,consignment
C-00895,Kestrel Motors 00895,OEM,SA,Brazil,40,98,42143,47600000,LTA
C-00896,Sumida Distribution 00896,Distributor,APAC-IN,India,254,95,523,5700000,LTA
C-00897,Norvia Distribution 00897,Aftermarket,EMEA-E,Romania,13,95,2236,4500000,consignment
C-00898,Kestrel Motors 00898,OEM,APAC-SE,Malaysia,435,98,47231,55600000,LTA
C-00899,Atlas Motors 00899,OEM,SA,Argentina,461,98,9658,15000000,spot
C-00900,Vantage Distribution 00900,Aftermarket,SA,Brazil,452,95,1331,2000000,spot
C-00901,Orion Distribution 00901,Distributor,APAC-SE,Vietnam,435,95,285,5700000,spot
C-00902,Orion Distribution 00902,Distributor,EMEA-W,France,55,95,3339,5700000,LTA
C-00903,Kestrel Systems 00903,Tier-1,EMEA-W,France,407,95,2135,1100000,LTA
C-00904,Vantage Distribution 00904,Aftermarket,EMEA-E,Turkey,133,95,1,4500000,LTA
C-00905,Atlas Motors 00905,OEM,APAC-IN,India,43,98,27637,11900000,consignment
C-00906,Orion Motors 00906,OEM,APAC-IN,India,84,98,10262,67000000,LTA
C-00907,Cordis Motors 00907,OEM,SA,Brazil,148,98,36077,67600000,LTA
C-00908,Atlas Motors 00908,OEM,SA,Brazil,27,98,37041,51500000,spot
C-00909,Orion Distribution 00909,Distributor,EMEA-W,Germany,470,95,958,4400000,spot
C-00910,Sumida Motors 00910,OEM,APAC-SE,Vietnam,71,98,29372,28200000,spot
C-00911,Kestrel Distribution 00911,Aftermarket,APAC-NE,China,334,95,1817,5500000,LTA
C-00912,Bluepeak Distribution 00912,Distributor,APAC-NE,South Korea,276,95,981,3600000,consignment
C-00913,Delantra Motors 00913,OEM,EMEA-E,Czechia,430,98,5854,47300000,LTA
C-00914,Atlas Distribution 00914,Distributor,SA,Brazil,149,95,1124,1100000,spot
C-00915,Kestrel Distribution 00915,Distributor,APAC-NE,South Korea,214,95,441,1700000,LTA
C-00916,Vantage Motors 00916,OEM,EMEA-W,Italy,64,98,24353,26800000,LTA
C-00917,Vantage Distribution 00917,Distributor,EMEA-E,Romania,270,95,2727,2000000,LTA
C-00918,Norvia Distribution 00918,Aftermarket,APAC-SE,Indonesia,268,95,139,4900000,LTA
C-00919,Sumida Systems 00919,Tier-1,EMEA-E,Turkey,430,95,154,3400000,LTA
C-00920,Cordis Systems 00920,Tier-1,SA,Brazil,116,95,2008,1500000,spot
C-00921,Sumida Distribution 00921,Aftermarket,EMEA-W,Germany,297,95,1625,4700000,LTA
C-00922,Delantra Distribution 00922,Aftermarket,APAC-NE,Taiwan,304,95,896,2700000,LTA
C-00923,Baltia Distribution 00923,Distributor,NA-US,United States,72,95,1463,5300000,consignment
C-00924,Sumida Distribution 00924,Aftermarket,SA,Brazil,190,95,548,700000,LTA
C-00925,Atlas Motors 00925,OEM,SA,Argentina,247,98,26477,69500000,LTA
C-00926,Norvia Distribution 00926,Aftermarket,EMEA-E,Turkey,89,95,387,2300000,LTA
C-00927,Norvia Motors 00927,OEM,APAC-SE,Malaysia,268,98,56065,84500000,LTA
C-00928,Sumida Motors 00928,OEM,APAC-SE,Thailand,401,98,43753,66700000,consignment
C-00929,Orion Distribution 00929,Distributor,SA,Argentina,371,95,2950,4600000,consignment
C-00930,Kestrel Distribution 00930,Aftermarket,APAC-SE,Malaysia,319,95,3306,3400000,LTA
C-00931,Vantage Systems 00931,Tier-1,APAC-SE,Thailand,76,95,1691,5800000,LTA
C-00932,Sumida Motors 00932,OEM,APAC-SE,Malaysia,500,98,26354,53900000,LTA
C-00933,Baltia Systems 00933,Tier-1,NA-US,United States,228,95,1534,5400000,spot
C-00934,Cordis Motors 00934,OEM,EMEA-W,France,435,98,20000,38200000,consignment
C-00935,Atlas Systems 00935,Tier-1,EMEA-W,Germany,377,95,2472,2900000,spot
C-00936,Vantage Distribution 00936,Distributor,EMEA-W,Germany,32,95,1591,3600000,consignment
C-00937,Norvia Distribution 00937,Distributor,APAC-IN,India,78,95,373,5600000,consignment
C-00938,Cordis Distribution 00938,Distributor,APAC-SE,Thailand,333,95,1211,600000,spot
C-00939,Atlas Systems 00939,Tier-1,APAC-IN,India,79,95,2526,5100000,LTA
C-00940,Baltia Distribution 00940,Distributor,EMEA-E,Poland,367,95,3291,1300000,LTA
C-00941,Norvia Distribution 00941,Distributor,APAC-NE,Taiwan,469,95,2060,5700000,consignment
C-00942,Atlas Systems 00942,Tier-1,APAC-IN,India,18,95,2706,5800000,LTA
C-00943,Vantage Motors 00943,OEM,NA-MX,Mexico,312,98,19654,65800000,LTA
C-00944,Baltia Distribution 00944,Aftermarket,EMEA-E,Turkey,266,95,195,5000000,spot
C-00945,Norvia Motors 00945,OEM,APAC-SE,Indonesia,20,98,21570,82500000,LTA
C-00946,Baltia Motors 00946,OEM,NA-US,United States,150,98,32156,30400000,LTA
C-00947,Orion Distribution 00947,Distributor,SA,Argentina,448,95,1652,1400000,LTA
C-00948,Vantage Distribution 00948,Aftermarket,SA,Brazil,182,95,2946,3100000,consignment
C-00949,Sumida Distribution 00949,Aftermarket,EMEA-E,Czechia,212,95,1156,500000,LTA
C-00950,Atlas Motors 00950,OEM,NA-MX,Mexico,48,98,16221,63700000,consignment
C-00951,Delantra Systems 00951,Tier-1,APAC-SE,Thailand,155,95,2043,5800000,LTA
C-00952,Baltia Motors 00952,OEM,APAC-IN,India,87,98,24853,2300000,LTA
C-00953,Baltia Motors 00953,OEM,APAC-SE,Thailand,48,98,45955,6900000,spot
C-00954,Sumida Motors 00954,OEM,APAC-SE,Vietnam,497,98,14829,15800000,consignment
C-00955,Cordis Distribution 00955,Aftermarket,APAC-SE,Thailand,132,95,292,5100000,consignment
C-00956,Vantage Distribution 00956,Distributor,APAC-NE,Japan,163,95,1268,700000,spot
C-00957,Sumida Distribution 00957,Aftermarket,APAC-IN,India,170,95,2683,5700000,consignment
C-00958,Baltia Distribution 00958,Distributor,NA-US,United States,100,95,3384,600000,consignment
C-00959,Bluepeak Systems 00959,Tier-1,APAC-NE,South Korea,56,95,1110,4400000,LTA
C-00960,Cordis Motors 00960,OEM,NA-MX,Mexico,404,98,37153,28700000,consignment
C-00961,Orion Motors 00961,OEM,NA-US,United States,273,98,14603,89300000,spot
C-00962,Norvia Motors 00962,OEM,APAC-IN,India,355,98,26333,28300000,spot
C-00963,Delantra Motors 00963,OEM,EMEA-W,Germany,120,98,38727,83900000,LTA
C-00964,Cordis Distribution 00964,Aftermarket,EMEA-E,Romania,141,95,3827,4600000,LTA
C-00965,Norvia Motors 00965,OEM,NA-US,United States,102,98,54525,28400000,LTA
C-00966,Atlas Systems 00966,Tier-1,EMEA-W,Spain,349,95,1,2200000,LTA
C-00967,Orion Motors 00967,OEM,SA,Argentina,262,98,37791,37500000,LTA
C-00968,Atlas Motors 00968,OEM,APAC-IN,India,404,98,50697,55100000,LTA
C-00969,Bluepeak Motors 00969,OEM,EMEA-E,Czechia,113,98,33774,19800000,LTA
C-00970,Norvia Distribution 00970,Aftermarket,APAC-SE,Thailand,180,95,2860,1700000,LTA
C-00971,Vantage Motors 00971,OEM,EMEA-E,Turkey,48,98,34891,79500000,LTA
C-00972,Delantra Motors 00972,OEM,EMEA-E,Czechia,322,98,35977,44500000,spot
C-00973,Norvia Distribution 00973,Aftermarket,NA-US,United States,321,95,1220,3100000,LTA
C-00974,Cordis Distribution 00974,Aftermarket,NA-MX,Mexico,373,95,3138,3400000,spot
C-00975,Orion Distribution 00975,Aftermarket,APAC-SE,Vietnam,170,95,1645,4500000,LTA
C-00976,Delantra Motors 00976,OEM,EMEA-W,Germany,281,98,26098,48100000,spot
C-00977,Atlas Motors 00977,OEM,NA-US,United States,288,98,44349,53300000,consignment
C-00978,Cordis Distribution 00978,Distributor,EMEA-E,Romania,215,95,2519,3000000,consignment
C-00979,Cordis Motors 00979,OEM,NA-US,United States,184,98,43259,67300000,consignment
C-00980,Norvia Motors 00980,OEM,SA,Brazil,99,98,53099,48200000,spot
C-00981,Orion Distribution 00981,Aftermarket,APAC-NE,Taiwan,245,95,444,900000,LTA
C-00982,Sumida Distribution 00982,Aftermarket,APAC-SE,Indonesia,414,95,1394,4400000,LTA
C-00983,Atlas Systems 00983,Tier-1,EMEA-E,Romania,315,95,1579,3000000,consignment
C-00984,Sumida Distribution 00984,Distributor,APAC-IN,India,41,95,48,3000000,spot
C-00985,Vantage Motors 00985,OEM,APAC-SE,Indonesia,399,98,31520,2000000,LTA
C-00986,Norvia Motors 00986,OEM,EMEA-E,Czechia,276,98,48452,28800000,spot
C-00987,Baltia Motors 00987,OEM,NA-MX,Mexico,480,98,6925,73100000,consignment
C-00988,Norvia Motors 00988,OEM,APAC-SE,Indonesia,280,98,47328,46000000,LTA
C-00989,Atlas Distribution 00989,Distributor,NA-US,United States,399,95,1028,3100000,consignment
C-00990,Norvia Motors 00990,OEM,APAC-SE,Thailand,178,98,15291,75500000,LTA
C-00991,Vantage Motors 00991,OEM,APAC-SE,Vietnam,442,98,46717,79100000,LTA
C-00992,Cordis Distribution 00992,Distributor,EMEA-W,Germany,263,95,1133,5000000,LTA
C-00993,Norvia Motors 00993,OEM,SA,Argentina,427,98,14481,77600000,LTA
C-00994,Delantra Systems 00994,Tier-1,APAC-IN,India,30,95,1421,600000,LTA
C-00995,Bluepeak Motors 00995,OEM,SA,Argentina,116,98,31037,17100000,spot
C-00996,Orion Systems 00996,Tier-1,NA-US,United States,430,95,2327,2600000,LTA
C-00997,Vantage Distribution 00997,Aftermarket,NA-US,United States,475,95,820,1400000,consignment
C-00998,Delantra Distribution 00998,Distributor,EMEA-E,Poland,94,95,1807,5500000,consignment
C-00999,Sumida Motors 00999,OEM,APAC-SE,Thailand,28,98,8688,23400000,LTA
C-01000,Bluepeak Systems 01000,Tier-1,SA,Argentina,421,95,3500,4400000,LTA
C-01001,Atlas Motors 01001,OEM,EMEA-W,Spain,275,98,36111,60200000,spot
C-01002,Delantra Distribution 01002,Distributor,NA-MX,Mexico,246,95,1192,1900000,spot
C-01003,Delantra Systems 01003,Tier-1,APAC-SE,Indonesia,465,95,2725,1800000,LTA
C-01004,Atlas Distribution 01004,Aftermarket,APAC-SE,Malaysia,123,95,1642,4600000,consignment
C-01005,Orion Distribution 01005,Aftermarket,NA-MX,Mexico,350,95,3021,5000000,LTA
C-01006,Orion Distribution 01006,Distributor,EMEA-W,France,119,95,1057,600000,LTA
C-01007,Vantage Motors 01007,OEM,NA-US,United States,271,98,7751,51900000,consignment
C-01008,Cordis Motors 01008,OEM,EMEA-W,Spain,138,98,53797,43000000,LTA
C-01009,Atlas Systems 01009,Tier-1,APAC-IN,India,290,95,2739,3500000,consignment
C-01010,Orion Distribution 01010,Distributor,NA-US,United States,137,95,2868,3300000,spot
C-01011,Baltia Motors 01011,OEM,APAC-SE,Vietnam,228,98,54517,51100000,spot
C-01012,Bluepeak Distribution 01012,Aftermarket,EMEA-W,Germany,199,95,1740,3200000,LTA
C-01013,Norvia Motors 01013,OEM,EMEA-W,Italy,113,98,52107,24600000,spot
C-01014,Delantra Systems 01014,Tier-1,SA,Brazil,12,95,113,4100000,LTA
C-01015,Delantra Distribution 01015,Aftermarket,NA-US,United States,200,95,1658,200000,consignment
C-01016,Norvia Distribution 01016,Aftermarket,APAC-NE,South Korea,436,95,622,1900000,LTA
C-01017,Delantra Motors 01017,OEM,APAC-IN,India,312,98,38449,87400000,LTA
C-01018,Vantage Distribution 01018,Distributor,NA-US,United States,80,95,595,3500000,LTA
C-01019,Orion Distribution 01019,Aftermarket,APAC-SE,Thailand,363,95,3025,5100000,LTA
C-01020,Cordis Distribution 01020,Distributor,APAC-NE,China,98,95,903,1900000,LTA
C-01021,Atlas Systems 01021,Tier-1,EMEA-W,Spain,96,95,1679,2900000,LTA
C-01022,Sumida Motors 01022,OEM,NA-US,United States,103,98,45826,19200000,consignment
C-01023,Baltia Distribution 01023,Aftermarket,APAC-SE,Thailand,136,95,2631,3600000,LTA
C-01024,Cordis Distribution 01024,Distributor,APAC-NE,Taiwan,101,95,2255,4200000,spot
C-01025,Orion Motors 01025,OEM,NA-MX,Mexico,194,98,20535,5200000,consignment
C-01026,Atlas Motors 01026,OEM,NA-MX,Mexico,424,98,53516,40700000,consignment
C-01027,Baltia Distribution 01027,Distributor,APAC-SE,Malaysia,197,95,282,400000,spot
C-01028,Norvia Motors 01028,OEM,NA-MX,Mexico,99,98,8156,34600000,consignment
C-01029,Atlas Distribution 01029,Aftermarket,EMEA-W,Italy,417,95,521,100000,spot
C-01030,Baltia Motors 01030,OEM,EMEA-W,Spain,94,98,22160,45200000,LTA
C-01031,Norvia Motors 01031,OEM,APAC-IN,India,254,98,53354,48300000,LTA
C-01032,Norvia Motors 01032,OEM,APAC-IN,India,360,98,24550,20300000,spot
C-01033,Vantage Motors 01033,OEM,EMEA-W,France,323,98,23422,27700000,consignment
C-01034,Vantage Motors 01034,OEM,NA-US,United States,295,98,19738,48800000,LTA
C-01035,Baltia Motors 01035,OEM,EMEA-E,Turkey,392,98,42099,70000000,LTA
C-01036,Atlas Motors 01036,OEM,EMEA-E,Poland,122,98,17155,60800000,consignment
C-01037,Sumida Distribution 01037,Distributor,EMEA-W,Spain,26,95,1043,3200000,consignment
C-01038,Delantra Motors 01038,OEM,SA,Argentina,320,98,52459,67300000,consignment
C-01039,Vantage Distribution 01039,Aftermarket,EMEA-W,Italy,123,95,2375,200000,LTA
C-01040,Bluepeak Systems 01040,Tier-1,APAC-NE,Japan,264,95,1790,4200000,LTA
C-01041,Kestrel Systems 01041,Tier-1,EMEA-W,Italy,183,95,3545,1100000,spot
C-01042,Bluepeak Motors 01042,OEM,EMEA-W,Italy,323,98,6871,55500000,spot
C-01043,Sumida Systems 01043,Tier-1,APAC-IN,India,42,95,878,4100000,LTA
C-01044,Delantra Motors 01044,OEM,EMEA-E,Czechia,497,98,23534,85400000,spot
C-01045,Cordis Systems 01045,Tier-1,SA,Brazil,172,95,1931,2200000,consignment
C-01046,Atlas Motors 01046,OEM,EMEA-E,Turkey,60,98,7893,50600000,LTA
C-01047,Delantra Distribution 01047,Aftermarket,NA-MX,Mexico,206,95,2175,4500000,LTA
C-01048,Bluepeak Systems 01048,Tier-1,EMEA-W,Italy,386,95,2967,2000000,LTA
C-01049,Delantra Systems 01049,Tier-1,NA-US,United States,343,95,1447,3500000,LTA
C-01050,Cordis Distribution 01050,Distributor,APAC-IN,India,467,95,2385,5300000,consignment
C-01051,Baltia Distribution 01051,Aftermarket,APAC-SE,Thailand,131,95,3967,1500000,spot
C-01052,Norvia Distribution 01052,Distributor,EMEA-E,Czechia,275,95,2669,4800000,consignment
C-01053,Cordis Distribution 01053,Distributor,APAC-IN,India,16,95,2719,800000,spot
C-01054,Vantage Distribution 01054,Distributor,EMEA-W,Germany,264,95,1534,100000,LTA
C-01055,Bluepeak Distribution 01055,Aftermarket,EMEA-E,Romania,420,95,2045,2000000,LTA
C-01056,Orion Distribution 01056,Aftermarket,APAC-IN,India,163,95,1753,3700000,LTA
C-01057,Kestrel Motors 01057,OEM,EMEA-E,Turkey,38,98,21864,41300000,LTA
C-01058,Norvia Motors 01058,OEM,NA-MX,Mexico,289,98,25436,8000000,LTA
C-01059,Bluepeak Distribution 01059,Aftermarket,APAC-IN,India,130,95,2890,1400000,spot
C-01060,Vantage Motors 01060,OEM,SA,Brazil,449,98,28527,63000000,consignment
C-01061,Delantra Motors 01061,OEM,SA,Brazil,100,98,46776,22600000,consignment
C-01062,Sumida Motors 01062,OEM,APAC-SE,Thailand,402,98,33345,67300000,LTA
C-01063,Atlas Motors 01063,OEM,EMEA-E,Romania,170,98,12213,4900000,spot
C-01064,Sumida Systems 01064,Tier-1,EMEA-E,Turkey,130,95,1389,3100000,LTA
C-01065,Norvia Motors 01065,OEM,APAC-SE,Indonesia,139,98,15742,31300000,spot
C-01066,Sumida Motors 01066,OEM,EMEA-E,Poland,212,98,9972,44200000,LTA
C-01067,Bluepeak Motors 01067,OEM,SA,Argentina,485,98,27178,24400000,LTA
C-01068,Delantra Systems 01068,Tier-1,EMEA-E,Poland,305,95,404,700000,consignment
C-01069,Cordis Distribution 01069,Aftermarket,APAC-SE,Malaysia,410,95,1870,3000000,LTA
C-01070,Cordis Motors 01070,OEM,NA-US,United States,203,98,36755,88900000,LTA
C-01071,Vantage Distribution 01071,Aftermarket,APAC-NE,Taiwan,334,95,2814,1500000,consignment
C-01072,Orion Motors 01072,OEM,NA-MX,Mexico,232,98,16108,46500000,LTA
C-01073,Cordis Distribution 01073,Aftermarket,APAC-IN,India,247,95,984,5600000,spot
C-01074,Vantage Distribution 01074,Aftermarket,APAC-IN,India,322,95,436,300000,LTA
C-01075,Sumida Motors 01075,OEM,APAC-IN,India,190,98,10268,34000000,LTA
C-01076,Sumida Motors 01076,OEM,NA-US,United States,152,98,46210,45800000,consignment
C-01077,Cordis Systems 01077,Tier-1,APAC-SE,Indonesia,411,95,791,4000000,consignment
C-01078,Orion Systems 01078,Tier-1,NA-US,United States,427,95,1925,3900000,LTA
C-01079,Bluepeak Distribution 01079,Distributor,APAC-SE,Vietnam,360,95,22,400000,LTA
C-01080,Baltia Systems 01080,Tier-1,NA-MX,Mexico,105,95,3883,3700000,spot
C-01081,Norvia Systems 01081,Tier-1,NA-US,United States,190,95,930,4100000,consignment
C-01082,Vantage Motors 01082,OEM,APAC-SE,Vietnam,160,98,44753,38400000,spot
C-01083,Sumida Motors 01083,OEM,APAC-IN,India,253,98,46034,54900000,consignment
C-01084,Sumida Distribution 01084,Distributor,EMEA-E,Poland,123,95,1301,2800000,consignment
C-01085,Norvia Motors 01085,OEM,EMEA-W,Italy,57,98,49385,86300000,LTA
C-01086,Kestrel Motors 01086,OEM,EMEA-E,Poland,197,98,17814,34000000,LTA
C-01087,Cordis Distribution 01087,Distributor,APAC-NE,South Korea,251,95,420,5100000,spot
C-01088,Kestrel Distribution 01088,Aftermarket,EMEA-W,Italy,328,95,679,2700000,consignment
C-01089,Bluepeak Distribution 01089,Distributor,SA,Argentina,55,95,1186,1600000,spot
C-01090,Atlas Motors 01090,OEM,EMEA-E,Romania,461,98,31237,87900000,LTA
C-01091,Vantage Distribution 01091,Aftermarket,EMEA-E,Romania,296,95,3985,3400000,LTA
C-01092,Delantra Distribution 01092,Aftermarket,APAC-SE,Vietnam,454,95,3947,4300000,consignment
C-01093,Sumida Systems 01093,Tier-1,EMEA-E,Romania,310,95,1702,4400000,spot
C-01094,Delantra Motors 01094,OEM,EMEA-W,Germany,214,98,18554,51500000,spot
C-01095,Cordis Motors 01095,OEM,NA-US,United States,109,98,14441,72200000,spot
C-01096,Bluepeak Systems 01096,Tier-1,APAC-NE,Japan,250,95,703,2300000,spot
C-01097,Bluepeak Distribution 01097,Distributor,EMEA-E,Poland,217,95,3044,1700000,LTA
C-01098,Atlas Distribution 01098,Aftermarket,EMEA-W,Germany,494,95,1925,5800000,consignment
C-01099,Cordis Distribution 01099,Aftermarket,APAC-IN,India,51,95,3989,5600000,LTA
C-01100,Cordis Distribution 01100,Distributor,NA-MX,Mexico,289,95,1630,1200000,spot
C-01101,Delantra Motors 01101,OEM,EMEA-W,Germany,234,98,19894,80100000,spot
C-01102,Atlas Distribution 01102,Aftermarket,NA-MX,Mexico,98,95,2619,3300000,spot
C-01103,Orion Distribution 01103,Distributor,EMEA-E,Czechia,166,95,1162,3200000,LTA
C-01104,Atlas Distribution 01104,Aftermarket,EMEA-W,Spain,226,95,2154,2600000,consignment
C-01105,Atlas Systems 01105,Tier-1,APAC-SE,Malaysia,395,95,3766,4000000,LTA
C-01106,Cordis Motors 01106,OEM,APAC-SE,Malaysia,294,98,44643,44600000,LTA
C-01107,Vantage Motors 01107,OEM,NA-MX,Mexico,376,98,17173,11400000,LTA
C-01108,Norvia Distribution 01108,Aftermarket,EMEA-W,Germany,404,95,363,800000,consignment
C-01109,Baltia Motors 01109,OEM,SA,Argentina,451,98,30310,54800000,LTA
C-01110,Orion Distribution 01110,Distributor,NA-MX,Mexico,127,95,2494,2900000,LTA
C-01111,Orion Distribution 01111,Distributor,APAC-IN,India,322,95,1097,3600000,LTA
C-01112,Kestrel Systems 01112,Tier-1,EMEA-E,Turkey,421,95,1170,3200000,consignment
C-01113,Baltia Distribution 01113,Aftermarket,NA-MX,Mexico,164,95,3838,2300000,spot
C-01114,Sumida Distribution 01114,Aftermarket,EMEA-E,Czechia,453,95,1477,3700000,spot
C-01115,Delantra Motors 01115,OEM,NA-US,United States,345,98,20100,64300000,spot
C-01116,Baltia Motors 01116,OEM,EMEA-E,Czechia,55,98,42480,7500000,LTA
C-01117,Sumida Systems 01117,Tier-1,NA-MX,Mexico,236,95,3290,4600000,consignment
C-01118,Delantra Systems 01118,Tier-1,NA-US,United States,45,95,2651,3600000,LTA
C-01119,Cordis Motors 01119,OEM,NA-MX,Mexico,176,98,31152,7700000,LTA
C-01120,Sumida Motors 01120,OEM,EMEA-E,Czechia,106,98,19894,37700000,spot
C-01121,Cordis Motors 01121,OEM,SA,Argentina,464,98,35478,81800000,spot
C-01122,Kestrel Distribution 01122,Aftermarket,APAC-IN,India,427,95,407,2500000,LTA
C-01123,Cordis Motors 01123,OEM,SA,Brazil,215,98,44007,15600000,LTA
C-01124,Sumida Systems 01124,Tier-1,APAC-IN,India,192,95,1112,6000000,consignment
C-01125,Cordis Motors 01125,OEM,NA-MX,Mexico,485,98,44107,50300000,spot
C-01126,Vantage Distribution 01126,Distributor,APAC-SE,Indonesia,321,95,3760,700000,LTA
C-01127,Delantra Motors 01127,OEM,SA,Brazil,39,98,37963,10700000,LTA
C-01128,Atlas Motors 01128,OEM,NA-MX,Mexico,386,98,27892,68700000,LTA
C-01129,Sumida Distribution 01129,Distributor,SA,Brazil,195,95,3585,5000000,consignment
C-01130,Baltia Motors 01130,OEM,EMEA-W,Italy,293,98,27348,5000000,LTA
C-01131,Bluepeak Motors 01131,OEM,APAC-NE,Japan,480,98,51004,22600000,spot
C-01132,Delantra Motors 01132,OEM,EMEA-E,Poland,304,98,46051,29500000,LTA
C-01133,Sumida Systems 01133,Tier-1,APAC-NE,Japan,315,95,3265,600000,consignment
C-01134,Atlas Motors 01134,OEM,EMEA-E,Poland,458,98,37571,32400000,LTA
C-01135,Delantra Motors 01135,OEM,SA,Argentina,474,98,33378,46300000,spot
C-01136,Orion Distribution 01136,Aftermarket,NA-MX,Mexico,63,95,379,1700000,LTA
C-01137,Baltia Distribution 01137,Distributor,APAC-NE,Taiwan,170,95,1596,2400000,consignment
C-01138,Baltia Distribution 01138,Aftermarket,APAC-SE,Malaysia,34,95,3589,4700000,LTA
C-01139,Kestrel Motors 01139,OEM,EMEA-W,Italy,430,98,34623,60100000,LTA
C-01140,Cordis Motors 01140,OEM,NA-MX,Mexico,167,98,6686,2600000,consignment
C-01141,Orion Distribution 01141,Aftermarket,NA-MX,Mexico,37,95,3910,5400000,consignment
C-01142,Bluepeak Motors 01142,OEM,SA,Argentina,255,98,7149,74900000,LTA
C-01143,Sumida Distribution 01143,Distributor,APAC-NE,South Korea,364,95,292,1800000,spot
C-01144,Vantage Motors 01144,OEM,NA-MX,Mexico,323,98,27423,62700000,LTA
C-01145,Norvia Distribution 01145,Aftermarket,APAC-SE,Indonesia,207,95,2126,300000,consignment
C-01146,Orion Motors 01146,OEM,NA-US,United States,312,98,39477,14000000,LTA
C-01147,Kestrel Systems 01147,Tier-1,APAC-NE,Japan,142,95,327,3900000,consignment
C-01148,Sumida Distribution 01148,Distributor,APAC-NE,South Korea,119,95,1869,3800000,spot
C-01149,Bluepeak Distribution 01149,Distributor,APAC-NE,Japan,207,95,3987,3100000,consignment
C-01150,Vantage Motors 01150,OEM,NA-MX,Mexico,79,98,21204,27400000,consignment
C-01151,Baltia Motors 01151,OEM,NA-MX,Mexico,375,98,54975,23100000,LTA
C-01152,Kestrel Systems 01152,Tier-1,NA-US,United States,110,95,2017,5400000,spot
C-01153,Atlas Motors 01153,OEM,EMEA-W,France,135,98,39708,6500000,consignment
C-01154,Delantra Motors 01154,OEM,SA,Brazil,288,98,26959,77000000,LTA
C-01155,Baltia Distribution 01155,Aftermarket,NA-US,United States,23,95,3716,2500000,LTA
C-01156,Vantage Distribution 01156,Distributor,EMEA-W,Italy,352,95,384,2100000,LTA
C-01157,Cordis Motors 01157,OEM,EMEA-W,France,184,98,29717,6500000,spot
C-01158,Sumida Distribution 01158,Distributor,EMEA-W,Spain,162,95,1120,4600000,spot
C-01159,Norvia Distribution 01159,Distributor,NA-MX,Mexico,47,95,1051,2900000,LTA
C-01160,Cordis Motors 01160,OEM,EMEA-W,Germany,323,98,54149,81700000,spot
C-01161,Baltia Systems 01161,Tier-1,EMEA-E,Poland,320,95,2862,100000,consignment
C-01162,Kestrel Distribution 01162,Aftermarket,APAC-IN,India,352,95,325,100000,LTA
C-01163,Baltia Systems 01163,Tier-1,APAC-NE,Japan,345,95,2203,5200000,LTA
C-01164,Bluepeak Motors 01164,OEM,APAC-NE,China,213,98,58585,11700000,spot
C-01165,Atlas Motors 01165,OEM,EMEA-E,Poland,120,98,32446,66800000,LTA
C-01166,Cordis Motors 01166,OEM,APAC-NE,Taiwan,386,98,12519,57700000,LTA
C-01167,Orion Distribution 01167,Distributor,APAC-NE,Taiwan,273,95,3164,6000000,LTA
C-01168,Bluepeak Distribution 01168,Distributor,EMEA-W,France,172,95,3034,400000,consignment
C-01169,Bluepeak Motors 01169,OEM,EMEA-W,Germany,222,98,21261,39500000,spot
C-01170,Vantage Motors 01170,OEM,APAC-IN,India,438,98,55407,7400000,spot
C-01171,Norvia Distribution 01171,Aftermarket,APAC-SE,Thailand,301,95,960,200000,spot
C-01172,Cordis Motors 01172,OEM,APAC-SE,Thailand,437,98,31822,55600000,consignment
C-01173,Cordis Motors 01173,OEM,NA-MX,Mexico,16,98,43923,46000000,LTA
C-01174,Kestrel Distribution 01174,Distributor,EMEA-W,Italy,68,95,2151,4300000,consignment
C-01175,Kestrel Distribution 01175,Aftermarket,APAC-SE,Indonesia,390,95,1503,1800000,consignment
C-01176,Vantage Motors 01176,OEM,APAC-IN,India,394,98,19640,85000000,spot
C-01177,Norvia Motors 01177,OEM,APAC-NE,Japan,386,98,15372,27500000,spot
C-01178,Cordis Motors 01178,OEM,EMEA-E,Turkey,297,98,50982,84400000,LTA
C-01179,Vantage Systems 01179,Tier-1,APAC-SE,Malaysia,484,95,3693,4200000,spot
C-01180,Delantra Motors 01180,OEM,EMEA-E,Poland,482,98,41511,35400000,LTA
C-01181,Norvia Distribution 01181,Distributor,APAC-NE,South Korea,235,95,3399,3200000,LTA
C-01182,Cordis Systems 01182,Tier-1,NA-US,United States,199,95,3,1800000,spot
C-01183,Vantage Motors 01183,OEM,EMEA-E,Czechia,172,98,56733,75100000,consignment
C-01184,Baltia Distribution 01184,Distributor,APAC-IN,India,95,95,3530,3300000,consignment
C-01185,Bluepeak Motors 01185,OEM,APAC-SE,Indonesia,24,98,23097,56600000,LTA
C-01186,Baltia Motors 01186,OEM,APAC-IN,India,264,98,47496,7000000,LTA
C-01187,Sumida Systems 01187,Tier-1,EMEA-E,Poland,466,95,3891,5700000,spot
C-01188,Baltia Distribution 01188,Aftermarket,APAC-SE,Vietnam,276,95,1938,5200000,LTA
C-01189,Cordis Distribution 01189,Aftermarket,EMEA-E,Czechia,71,95,2894,4900000,consignment
C-01190,Vantage Distribution 01190,Distributor,EMEA-W,Italy,283,95,807,1200000,LTA
C-01191,Baltia Motors 01191,OEM,APAC-NE,Taiwan,345,98,19334,63600000,spot
C-01192,Norvia Motors 01192,OEM,APAC-IN,India,459,98,42578,27500000,spot
C-01193,Orion Motors 01193,OEM,EMEA-W,France,476,98,37043,5100000,consignment
C-01194,Sumida Distribution 01194,Aftermarket,NA-MX,Mexico,67,95,3890,2600000,LTA
C-01195,Delantra Distribution 01195,Aftermarket,APAC-SE,Indonesia,301,95,79,4500000,spot
C-01196,Bluepeak Systems 01196,Tier-1,APAC-SE,Vietnam,492,95,790,2800000,LTA
C-01197,Baltia Distribution 01197,Aftermarket,NA-MX,Mexico,222,95,3860,4400000,LTA
C-01198,Orion Motors 01198,OEM,EMEA-W,Spain,90,98,20697,77600000,LTA
C-01199,Atlas Systems 01199,Tier-1,EMEA-W,France,174,95,3106,700000,spot
C-01200,Delantra Distribution 01200,Distributor,EMEA-W,France,125,95,2669,500000,LTA
C-01201,Atlas Distribution 01201,Aftermarket,SA,Brazil,339,95,2232,2000000,spot
C-01202,Bluepeak Systems 01202,Tier-1,NA-US,United States,74,95,1229,4200000,consignment
C-01203,Vantage Motors 01203,OEM,SA,Brazil,64,98,47229,41700000,spot
C-01204,Bluepeak Motors 01204,OEM,EMEA-W,France,372,98,39695,56700000,spot
C-01205,Norvia Motors 01205,OEM,SA,Brazil,375,98,52243,56000000,LTA
C-01206,Kestrel Motors 01206,OEM,NA-US,United States,418,98,14829,37700000,consignment
C-01207,Baltia Systems 01207,Tier-1,APAC-NE,China,430,95,1624,100000,spot
C-01208,Orion Motors 01208,OEM,NA-MX,Mexico,359,98,8753,36400000,spot
C-01209,Bluepeak Distribution 01209,Aftermarket,NA-MX,Mexico,397,95,1678,5900000,spot
C-01210,Vantage Distribution 01210,Aftermarket,EMEA-E,Poland,110,95,2351,1200000,consignment
C-01211,Orion Motors 01211,OEM,NA-MX,Mexico,371,98,49153,41200000,consignment
C-01212,Kestrel Distribution 01212,Distributor,NA-MX,Mexico,458,95,2012,5200000,spot
C-01213,Atlas Systems 01213,Tier-1,NA-US,United States,216,95,609,1800000,spot
C-01214,Sumida Motors 01214,OEM,NA-US,United States,427,98,54707,60800000,spot
C-01215,Baltia Distribution 01215,Aftermarket,NA-MX,Mexico,481,95,1430,3400000,consignment
C-01216,Vantage Distribution 01216,Aftermarket,APAC-SE,Vietnam,429,95,2674,2000000,LTA
C-01217,Kestrel Motors 01217,OEM,APAC-IN,India,225,98,43494,71100000,spot
C-01218,Vantage Distribution 01218,Distributor,NA-MX,Mexico,213,95,3502,100000,LTA
C-01219,Sumida Systems 01219,Tier-1,APAC-IN,India,454,95,1630,3900000,consignment
C-01220,Bluepeak Distribution 01220,Distributor,APAC-IN,India,409,95,2949,5200000,LTA
C-01221,Baltia Distribution 01221,Distributor,EMEA-E,Romania,440,95,3466,3900000,LTA
C-01222,Bluepeak Motors 01222,OEM,APAC-NE,South Korea,370,98,53931,26700000,LTA
C-01223,Kestrel Distribution 01223,Distributor,SA,Brazil,285,95,3767,4900000,LTA
C-01224,Cordis Motors 01224,OEM,NA-US,United States,337,98,11065,58300000,spot
C-01225,Baltia Motors 01225,OEM,APAC-IN,India,176,98,11169,37100000,consignment
C-01226,Norvia Motors 01226,OEM,NA-MX,Mexico,424,98,48725,11700000,consignment
C-01227,Vantage Distribution 01227,Distributor,APAC-NE,Japan,146,95,1495,500000,LTA
C-01228,Orion Systems 01228,Tier-1,APAC-IN,India,267,95,3092,3100000,consignment
C-01229,Vantage Motors 01229,OEM,EMEA-E,Turkey,332,98,11026,20000000,LTA
C-01230,Kestrel Motors 01230,OEM,APAC-NE,South Korea,390,98,20692,66600000,consignment
C-01231,Baltia Distribution 01231,Distributor,NA-MX,Mexico,417,95,1535,1200000,LTA
C-01232,Delantra Distribution 01232,Aftermarket,APAC-SE,Vietnam,106,95,834,5400000,LTA
C-01233,Atlas Systems 01233,Tier-1,SA,Argentina,434,95,1451,5200000,consignment
C-01234,Bluepeak Motors 01234,OEM,SA,Brazil,84,98,51622,27300000,LTA
C-01235,Norvia Motors 01235,OEM,NA-US,United States,403,98,49798,40900000,spot
C-01236,Atlas Motors 01236,OEM,NA-US,United States,233,98,53347,89100000,consignment
C-01237,Baltia Motors 01237,OEM,SA,Brazil,247,98,53911,62800000,LTA
C-01238,Sumida Distribution 01238,Aftermarket,EMEA-E,Turkey,317,95,1087,2700000,LTA
C-01239,Orion Distribution 01239,Aftermarket,APAC-SE,Thailand,141,95,2549,500000,consignment
C-01240,Cordis Distribution 01240,Distributor,APAC-IN,India,64,95,1056,2400000,LTA
C-01241,Norvia Motors 01241,OEM,EMEA-W,Germany,63,98,58009,19500000,consignment
C-01242,Vantage Distribution 01242,Distributor,APAC-IN,India,65,95,2891,1900000,spot
C-01243,Norvia Systems 01243,Tier-1,APAC-IN,India,398,95,3905,4300000,consignment
C-01244,Orion Systems 01244,Tier-1,EMEA-W,France,458,95,1864,4900000,spot
C-01245,Delantra Systems 01245,Tier-1,APAC-SE,Indonesia,170,95,3701,3500000,consignment
C-01246,Baltia Motors 01246,OEM,EMEA-E,Turkey,422,98,25628,70400000,LTA
C-01247,Kestrel Motors 01247,OEM,APAC-IN,India,382,98,15752,36000000,LTA
C-01248,Kestrel Distribution 01248,Distributor,NA-US,United States,133,95,1500,2200000,spot
C-01249,Orion Distribution 01249,Distributor,APAC-SE,Indonesia,468,95,181,5900000,spot
C-01250,Vantage Motors 01250,OEM,NA-MX,Mexico,110,98,38583,87200000,LTA
C-01251,Delantra Motors 01251,OEM,SA,Argentina,489,98,7833,56300000,LTA
C-01252,Cordis Motors 01252,OEM,EMEA-W,Germany,338,98,26893,81000000,consignment
C-01253,Bluepeak Motors 01253,OEM,NA-MX,Mexico,240,98,30365,58200000,LTA
C-01254,Bluepeak Distribution 01254,Aftermarket,APAC-SE,Thailand,231,95,3112,1200000,spot
C-01255,Vantage Motors 01255,OEM,APAC-IN,India,325,98,54726,10000000,spot
C-01256,Bluepeak Motors 01256,OEM,EMEA-W,Spain,108,98,46247,83900000,LTA
C-01257,Kestrel Distribution 01257,Aftermarket,APAC-IN,India,38,95,673,5000000,LTA
C-01258,Norvia Distribution 01258,Aftermarket,EMEA-E,Poland,87,95,2060,700000,consignment
C-01259,Atlas Motors 01259,OEM,NA-MX,Mexico,289,98,59596,26900000,LTA
C-01260,Norvia Distribution 01260,Aftermarket,SA,Argentina,259,95,1226,3800000,LTA
C-01261,Baltia Distribution 01261,Aftermarket,NA-MX,Mexico,288,95,313,3400000,spot
C-01262,Kestrel Motors 01262,OEM,NA-US,United States,268,98,39844,21400000,spot
C-01263,Kestrel Systems 01263,Tier-1,SA,Argentina,387,95,3096,5000000,consignment
C-01264,Orion Distribution 01264,Aftermarket,NA-MX,Mexico,422,95,82,1600000,LTA
C-01265,Kestrel Distribution 01265,Aftermarket,SA,Argentina,52,95,547,700000,spot
C-01266,Delantra Motors 01266,OEM,SA,Argentina,262,98,36136,65300000,LTA
C-01267,Orion Systems 01267,Tier-1,SA,Brazil,167,95,1290,4500000,consignment
C-01268,Vantage Motors 01268,OEM,NA-US,United States,402,98,54570,82100000,spot
C-01269,Vantage Systems 01269,Tier-1,SA,Argentina,355,95,2027,2700000,spot
C-01270,Vantage Distribution 01270,Distributor,SA,Argentina,369,95,1506,3500000,LTA
C-01271,Atlas Motors 01271,OEM,NA-MX,Mexico,286,98,48634,41000000,LTA
C-01272,Cordis Motors 01272,OEM,APAC-IN,India,461,98,35463,48600000,spot
C-01273,Cordis Systems 01273,Tier-1,NA-MX,Mexico,305,95,3242,2100000,consignment
C-01274,Delantra Systems 01274,Tier-1,NA-MX,Mexico,110,95,1327,100000,consignment
C-01275,Atlas Motors 01275,OEM,EMEA-E,Romania,301,98,57126,49800000,consignment
C-01276,Cordis Motors 01276,OEM,APAC-IN,India,40,98,20634,24200000,spot
C-01277,Sumida Systems 01277,Tier-1,NA-US,United States,239,95,1754,2400000,LTA
C-01278,Cordis Motors 01278,OEM,SA,Brazil,450,98,7031,19200000,spot
C-01279,Atlas Distribution 01279,Aftermarket,EMEA-W,Spain,53,95,2963,3300000,consignment
C-01280,Delantra Motors 01280,OEM,EMEA-E,Romania,311,98,47045,8300000,LTA
C-01281,Norvia Motors 01281,OEM,NA-US,United States,114,98,55446,76600000,consignment
C-01282,Atlas Systems 01282,Tier-1,NA-MX,Mexico,57,95,527,2500000,LTA
C-01283,Cordis Distribution 01283,Distributor,SA,Argentina,215,95,3887,1600000,consignment
C-01284,Cordis Distribution 01284,Distributor,APAC-SE,Malaysia,262,95,1045,4900000,consignment
C-01285,Baltia Motors 01285,OEM,APAC-IN,India,11,98,23737,12800000,LTA
C-01286,Norvia Distribution 01286,Distributor,NA-US,United States,290,95,2206,2000000,consignment
C-01287,Norvia Motors 01287,OEM,SA,Argentina,62,98,59836,8200000,LTA
C-01288,Bluepeak Distribution 01288,Aftermarket,EMEA-W,Germany,51,95,1710,2400000,LTA
C-01289,Atlas Motors 01289,OEM,APAC-SE,Malaysia,310,98,52599,30300000,LTA
C-01290,Sumida Motors 01290,OEM,NA-MX,Mexico,286,98,24170,65400000,spot
C-01291,Baltia Distribution 01291,Distributor,NA-US,United States,283,95,2024,500000,consignment
C-01292,Kestrel Systems 01292,Tier-1,APAC-NE,South Korea,331,95,2619,2800000,consignment
C-01293,Bluepeak Systems 01293,Tier-1,NA-US,United States,47,95,1066,2600000,spot
C-01294,Delantra Distribution 01294,Aftermarket,EMEA-W,France,299,95,308,3200000,spot
C-01295,Atlas Motors 01295,OEM,NA-MX,Mexico,80,98,24700,78700000,LTA
C-01296,Sumida Distribution 01296,Distributor,EMEA-W,Italy,32,95,3964,1500000,LTA
C-01297,Baltia Distribution 01297,Aftermarket,NA-US,United States,331,95,2228,2100000,consignment
C-01298,Sumida Motors 01298,OEM,APAC-IN,India,33,98,45749,11200000,spot
C-01299,Orion Distribution 01299,Distributor,EMEA-E,Czechia,287,95,1936,2300000,LTA
C-01300,Sumida Distribution 01300,Aftermarket,EMEA-E,Poland,407,95,2466,5000000,LTA
C-01301,Atlas Distribution 01301,Distributor,EMEA-W,Germany,77,95,2676,4900000,LTA
C-01302,Sumida Distribution 01302,Aftermarket,APAC-NE,Taiwan,324,95,1210,5200000,consignment
C-01303,Norvia Distribution 01303,Distributor,EMEA-W,France,280,95,3391,1500000,LTA
C-01304,Orion Motors 01304,OEM,APAC-NE,China,171,98,53831,61400000,spot
C-01305,Delantra Distribution 01305,Distributor,APAC-NE,South Korea,210,95,796,6000000,spot
C-01306,Norvia Distribution 01306,Aftermarket,APAC-NE,Japan,313,95,3024,1100000,LTA
C-01307,Vantage Distribution 01307,Distributor,NA-MX,Mexico,429,95,1891,1600000,LTA
C-01308,Sumida Systems 01308,Tier-1,APAC-NE,Taiwan,353,95,3758,2700000,LTA
C-01309,Bluepeak Distribution 01309,Aftermarket,EMEA-W,Germany,198,95,852,200000,LTA
C-01310,Baltia Motors 01310,OEM,SA,Brazil,413,98,46882,69300000,LTA
C-01311,Bluepeak Systems 01311,Tier-1,EMEA-W,Italy,288,95,2117,3000000,consignment
C-01312,Kestrel Motors 01312,OEM,NA-MX,Mexico,226,98,51734,14200000,spot
C-01313,Sumida Distribution 01313,Distributor,APAC-IN,India,116,95,468,2100000,spot
C-01314,Baltia Motors 01314,OEM,APAC-NE,China,275,98,51324,9100000,LTA
C-01315,Orion Distribution 01315,Distributor,NA-MX,Mexico,380,95,1941,1100000,spot
C-01316,Baltia Motors 01316,OEM,SA,Brazil,14,98,25388,60200000,spot
C-01317,Orion Motors 01317,OEM,NA-MX,Mexico,416,98,37339,61600000,LTA
C-01318,Atlas Motors 01318,OEM,APAC-SE,Malaysia,109,98,12965,29300000,LTA
C-01319,Norvia Systems 01319,Tier-1,APAC-IN,India,198,95,1275,3200000,spot
C-01320,Atlas Distribution 01320,Aftermarket,SA,Brazil,72,95,871,3000000,spot
C-01321,Cordis Distribution 01321,Distributor,APAC-IN,India,385,95,2271,700000,consignment
C-01322,Bluepeak Distribution 01322,Distributor,APAC-NE,Japan,419,95,3045,3100000,LTA
C-01323,Baltia Motors 01323,OEM,NA-US,United States,294,98,48660,34200000,consignment
C-01324,Atlas Systems 01324,Tier-1,NA-MX,Mexico,468,95,3698,5300000,spot
C-01325,Sumida Distribution 01325,Distributor,APAC-IN,India,180,95,1279,4300000,spot
C-01326,Baltia Motors 01326,OEM,APAC-SE,Vietnam,200,98,38723,13400000,spot
C-01327,Kestrel Motors 01327,OEM,APAC-IN,India,107,98,48868,38000000,LTA
C-01328,Orion Motors 01328,OEM,APAC-SE,Vietnam,468,98,19126,12300000,consignment
C-01329,Vantage Distribution 01329,Aftermarket,APAC-NE,China,80,95,2199,900000,consignment
C-01330,Sumida Motors 01330,OEM,EMEA-E,Romania,417,98,54518,73600000,LTA
C-01331,Vantage Motors 01331,OEM,NA-MX,Mexico,346,98,45789,51000000,spot
C-01332,Norvia Distribution 01332,Aftermarket,NA-MX,Mexico,384,95,774,2700000,LTA
C-01333,Sumida Systems 01333,Tier-1,APAC-NE,Taiwan,380,95,2338,100000,consignment
C-01334,Baltia Systems 01334,Tier-1,EMEA-E,Romania,51,95,437,3300000,spot
C-01335,Atlas Motors 01335,OEM,APAC-IN,India,151,98,6329,79000000,LTA
C-01336,Baltia Distribution 01336,Aftermarket,SA,Argentina,389,95,1865,5600000,LTA
C-01337,Delantra Motors 01337,OEM,NA-US,United States,455,98,39015,3500000,consignment
C-01338,Orion Systems 01338,Tier-1,NA-MX,Mexico,377,95,2344,300000,LTA
C-01339,Bluepeak Motors 01339,OEM,NA-US,United States,272,98,35571,40400000,LTA
C-01340,Cordis Distribution 01340,Aftermarket,EMEA-W,Italy,218,95,2651,5300000,LTA
C-01341,Delantra Motors 01341,OEM,APAC-NE,Japan,434,98,6058,89000000,LTA
C-01342,Norvia Motors 01342,OEM,NA-MX,Mexico,333,98,41892,52000000,LTA
C-01343,Cordis Systems 01343,Tier-1,APAC-NE,South Korea,43,95,1389,5800000,LTA
C-01344,Atlas Distribution 01344,Aftermarket,APAC-NE,China,248,95,3574,2900000,consignment
C-01345,Norvia Systems 01345,Tier-1,NA-US,United States,80,95,2788,3800000,LTA
C-01346,Bluepeak Distribution 01346,Distributor,NA-MX,Mexico,130,95,1581,5900000,spot
C-01347,Delantra Motors 01347,OEM,EMEA-W,Italy,382,98,13794,24100000,LTA
C-01348,Kestrel Motors 01348,OEM,APAC-SE,Thailand,37,98,6113,70200000,consignment
C-01349,Delantra Distribution 01349,Aftermarket,SA,Argentina,279,95,2144,800000,spot
C-01350,Sumida Distribution 01350,Aftermarket,APAC-SE,Malaysia,355,95,2970,500000,LTA
C-01351,Bluepeak Distribution 01351,Distributor,NA-MX,Mexico,85,95,873,3100000,consignment
C-01352,Kestrel Systems 01352,Tier-1,EMEA-W,Italy,204,95,1786,5900000,spot
C-01353,Sumida Motors 01353,OEM,NA-MX,Mexico,266,98,53906,60100000,consignment
C-01354,Cordis Motors 01354,OEM,NA-US,United States,492,98,30775,26800000,spot
C-01355,Baltia Distribution 01355,Aftermarket,APAC-SE,Indonesia,119,95,3944,2200000,LTA
C-01356,Kestrel Motors 01356,OEM,EMEA-E,Czechia,287,98,30947,2800000,LTA
C-01357,Kestrel Distribution 01357,Aftermarket,EMEA-W,Germany,401,95,535,3200000,spot
C-01358,Vantage Systems 01358,Tier-1,APAC-IN,India,300,95,1955,4400000,consignment
C-01359,Baltia Distribution 01359,Distributor,NA-MX,Mexico,217,95,13,4800000,LTA
C-01360,Sumida Systems 01360,Tier-1,NA-US,United States,443,95,825,2700000,LTA
C-01361,Cordis Motors 01361,OEM,NA-US,United States,193,98,21062,25300000,consignment
C-01362,Sumida Motors 01362,OEM,EMEA-W,France,105,98,50251,42600000,LTA
C-01363,Delantra Motors 01363,OEM,APAC-IN,India,49,98,48319,73400000,spot
C-01364,Baltia Motors 01364,OEM,APAC-NE,China,105,98,7834,63600000,spot
C-01365,Sumida Motors 01365,OEM,SA,Argentina,397,98,44106,44300000,LTA
C-01366,Kestrel Distribution 01366,Aftermarket,APAC-SE,Vietnam,34,95,425,1000000,LTA
C-01367,Baltia Systems 01367,Tier-1,APAC-SE,Indonesia,47,95,3185,100000,spot
C-01368,Cordis Distribution 01368,Distributor,EMEA-W,France,473,95,2956,3800000,LTA
C-01369,Orion Motors 01369,OEM,SA,Argentina,372,98,49451,49200000,spot
C-01370,Norvia Motors 01370,OEM,APAC-IN,India,126,98,41441,89000000,spot
C-01371,Delantra Distribution 01371,Distributor,NA-MX,Mexico,425,95,1808,5300000,spot
C-01372,Bluepeak Motors 01372,OEM,EMEA-W,Italy,49,98,56456,29600000,spot
C-01373,Bluepeak Distribution 01373,Aftermarket,APAC-NE,South Korea,477,95,3510,300000,LTA
C-01374,Kestrel Motors 01374,OEM,APAC-NE,Taiwan,358,98,12526,85100000,LTA
C-01375,Atlas Distribution 01375,Distributor,EMEA-E,Czechia,356,95,924,5500000,LTA
C-01376,Bluepeak Systems 01376,Tier-1,EMEA-E,Poland,376,95,1633,1400000,spot
C-01377,Kestrel Distribution 01377,Distributor,NA-US,United States,226,95,3834,700000,spot
C-01378,Delantra Systems 01378,Tier-1,APAC-NE,Japan,90,95,2777,2100000,LTA
C-01379,Bluepeak Motors 01379,OEM,SA,Argentina,234,98,49707,56500000,LTA
C-01380,Atlas Motors 01380,OEM,NA-US,United States,410,98,46463,65500000,spot
C-01381,Sumida Motors 01381,OEM,SA,Brazil,18,98,47242,51100000,LTA
C-01382,Delantra Motors 01382,OEM,APAC-NE,Japan,347,98,47837,67000000,LTA
C-01383,Vantage Motors 01383,OEM,APAC-IN,India,181,98,21165,26900000,LTA
C-01384,Vantage Motors 01384,OEM,EMEA-W,Italy,109,98,42880,73500000,spot
C-01385,Baltia Distribution 01385,Distributor,NA-MX,Mexico,81,95,2778,4400000,LTA
C-01386,Delantra Distribution 01386,Aftermarket,NA-US,United States,148,95,1748,600000,consignment
C-01387,Orion Distribution 01387,Distributor,APAC-SE,Thailand,167,95,1850,3100000,LTA
C-01388,Cordis Motors 01388,OEM,EMEA-E,Czechia,19,98,54676,24900000,LTA
C-01389,Kestrel Motors 01389,OEM,SA,Brazil,55,98,51975,28200000,consignment
C-01390,Kestrel Motors 01390,OEM,NA-US,United States,72,98,16044,26500000,consignment
C-01391,Kestrel Systems 01391,Tier-1,NA-MX,Mexico,286,95,545,3700000,LTA
C-01392,Atlas Motors 01392,OEM,APAC-SE,Indonesia,265,98,31252,88800000,LTA
C-01393,Atlas Motors 01393,OEM,NA-US,United States,212,98,16585,71200000,LTA
C-01394,Delantra Systems 01394,Tier-1,APAC-NE,Japan,361,95,2146,5600000,LTA
C-01395,Atlas Distribution 01395,Aftermarket,NA-US,United States,206,95,2258,5400000,LTA
C-01396,Norvia Motors 01396,OEM,APAC-IN,India,444,98,52262,71900000,LTA
C-01397,Norvia Distribution 01397,Aftermarket,APAC-SE,Indonesia,362,95,3027,5700000,spot
C-01398,Bluepeak Motors 01398,OEM,EMEA-E,Poland,387,98,51933,44000000,spot
C-01399,Vantage Distribution 01399,Distributor,EMEA-E,Romania,242,95,3551,3400000,spot
C-01400,Orion Distribution 01400,Distributor,APAC-NE,South Korea,392,95,1627,2400000,LTA
C-01401,Kestrel Motors 01401,OEM,SA,Argentina,392,98,46661,81500000,LTA
C-01402,Orion Distribution 01402,Aftermarket,NA-US,United States,486,95,306,4400000,LTA
C-01403,Bluepeak Systems 01403,Tier-1,APAC-IN,India,135,95,2665,3800000,spot
C-01404,Vantage Motors 01404,OEM,APAC-SE,Malaysia,383,98,31927,70500000,LTA
C-01405,Delantra Systems 01405,Tier-1,SA,Argentina,468,95,233,1200000,consignment
C-01406,Kestrel Distribution 01406,Aftermarket,NA-US,United States,266,95,3127,2900000,consignment
C-01407,Sumida Motors 01407,OEM,NA-US,United States,426,98,30652,50800000,consignment
C-01408,Sumida Distribution 01408,Aftermarket,APAC-NE,Taiwan,245,95,628,5000000,spot
C-01409,Bluepeak Systems 01409,Tier-1,EMEA-E,Romania,404,95,1814,3000000,LTA
C-01410,Baltia Distribution 01410,Aftermarket,APAC-NE,South Korea,253,95,3569,4100000,spot
C-01411,Cordis Motors 01411,OEM,EMEA-E,Poland,70,98,33134,59100000,consignment
C-01412,Baltia Motors 01412,OEM,EMEA-E,Poland,351,98,25104,30500000,LTA
C-01413,Orion Systems 01413,Tier-1,NA-MX,Mexico,175,95,467,1800000,LTA
C-01414,Baltia Motors 01414,OEM,APAC-SE,Vietnam,18,98,56632,65700000,spot
C-01415,Baltia Motors 01415,OEM,EMEA-E,Romania,84,98,26691,35800000,spot
C-01416,Orion Motors 01416,OEM,SA,Brazil,65,98,47318,21800000,consignment
C-01417,Cordis Distribution 01417,Distributor,SA,Brazil,78,95,390,1800000,consignment
C-01418,Vantage Distribution 01418,Distributor,NA-US,United States,128,95,3528,1500000,LTA
C-01419,Sumida Distribution 01419,Distributor,EMEA-W,France,483,95,3412,2800000,LTA
C-01420,Norvia Motors 01420,OEM,APAC-NE,China,16,98,9136,24300000,LTA
C-01421,Cordis Distribution 01421,Distributor,SA,Argentina,82,95,3504,3900000,LTA
C-01422,Atlas Distribution 01422,Aftermarket,APAC-IN,India,90,95,1986,100000,spot
C-01423,Kestrel Motors 01423,OEM,APAC-NE,Japan,310,98,38449,64600000,LTA
C-01424,Kestrel Motors 01424,OEM,SA,Brazil,364,98,57643,72800000,spot
C-01425,Delantra Motors 01425,OEM,APAC-SE,Indonesia,297,98,59026,89800000,spot
C-01426,Norvia Motors 01426,OEM,SA,Brazil,120,98,22587,28400000,LTA
C-01427,Kestrel Motors 01427,OEM,NA-MX,Mexico,276,98,19536,70500000,spot
C-01428,Baltia Distribution 01428,Distributor,NA-US,United States,435,95,2143,1100000,LTA
C-01429,Vantage Motors 01429,OEM,NA-MX,Mexico,141,98,42360,32200000,LTA
C-01430,Sumida Motors 01430,OEM,APAC-IN,India,368,98,13788,49100000,spot
C-01431,Baltia Motors 01431,OEM,APAC-SE,Thailand,150,98,19953,60200000,spot
C-01432,Vantage Distribution 01432,Distributor,EMEA-E,Romania,238,95,1677,500000,LTA
C-01433,Bluepeak Systems 01433,Tier-1,EMEA-E,Czechia,92,95,2822,4400000,consignment
C-01434,Sumida Systems 01434,Tier-1,SA,Argentina,58,95,675,1100000,LTA
C-01435,Orion Systems 01435,Tier-1,EMEA-W,Germany,240,95,3813,200000,LTA
C-01436,Kestrel Distribution 01436,Distributor,APAC-NE,Taiwan,407,95,1225,3200000,LTA
C-01437,Orion Systems 01437,Tier-1,APAC-NE,Taiwan,182,95,329,4300000,LTA
C-01438,Vantage Systems 01438,Tier-1,NA-US,United States,447,95,1911,100000,LTA
C-01439,Baltia Systems 01439,Tier-1,APAC-SE,Malaysia,66,95,2359,2300000,LTA
C-01440,Kestrel Distribution 01440,Distributor,APAC-NE,China,98,95,609,5700000,LTA
C-01441,Cordis Distribution 01441,Distributor,EMEA-E,Romania,99,95,3934,4100000,LTA
C-01442,Vantage Distribution 01442,Aftermarket,NA-US,United States,353,95,1571,4300000,spot
C-01443,Baltia Motors 01443,OEM,APAC-SE,Thailand,147,98,36531,87200000,LTA
C-01444,Baltia Distribution 01444,Distributor,APAC-NE,Japan,182,95,3597,4000000,LTA
C-01445,Delantra Distribution 01445,Aftermarket,NA-US,United States,431,95,2662,5500000,spot
C-01446,Baltia Distribution 01446,Aftermarket,EMEA-E,Turkey,400,95,626,4100000,LTA
C-01447,Vantage Motors 01447,OEM,APAC-IN,India,494,98,39009,54600000,LTA
C-01448,Kestrel Distribution 01448,Distributor,APAC-IN,India,469,95,3056,4200000,LTA
C-01449,Sumida Motors 01449,OEM,NA-US,United States,140,98,30457,54500000,consignment
C-01450,Atlas Motors 01450,OEM,EMEA-W,Spain,318,98,19804,27200000,consignment
C-01451,Orion Motors 01451,OEM,SA,Argentina,250,98,7063,18900000,LTA
C-01452,Sumida Distribution 01452,Aftermarket,APAC-SE,Thailand,264,95,377,5300000,LTA
C-01453,Cordis Systems 01453,Tier-1,NA-US,United States,71,95,3380,2900000,LTA
C-01454,Sumida Systems 01454,Tier-1,APAC-NE,South Korea,72,95,1492,2200000,consignment
C-01455,Delantra Distribution 01455,Distributor,SA,Brazil,409,95,318,1200000,LTA
C-01456,Sumida Systems 01456,Tier-1,APAC-NE,Taiwan,309,95,3135,1100000,LTA
C-01457,Orion Motors 01457,OEM,NA-MX,Mexico,238,98,34353,41100000,LTA
C-01458,Sumida Motors 01458,OEM,EMEA-W,Spain,402,98,43556,88100000,LTA
C-01459,Bluepeak Motors 01459,OEM,APAC-SE,Indonesia,332,98,23137,67200000,consignment
C-01460,Norvia Distribution 01460,Distributor,EMEA-W,Germany,218,95,1000,3200000,LTA
C-01461,Vantage Motors 01461,OEM,SA,Argentina,213,98,42787,80200000,spot
C-01462,Baltia Motors 01462,OEM,NA-MX,Mexico,338,98,9691,54700000,LTA
C-01463,Cordis Motors 01463,OEM,NA-US,United States,289,98,14498,67000000,consignment
C-01464,Sumida Systems 01464,Tier-1,NA-US,United States,228,95,3908,4700000,consignment
C-01465,Delantra Distribution 01465,Distributor,APAC-NE,Taiwan,150,95,566,5300000,LTA
C-01466,Orion Systems 01466,Tier-1,EMEA-E,Czechia,12,95,2121,3200000,spot
C-01467,Kestrel Distribution 01467,Distributor,NA-MX,Mexico,231,95,1271,3900000,spot
C-01468,Baltia Distribution 01468,Aftermarket,APAC-SE,Vietnam,415,95,2467,400000,LTA
C-01469,Vantage Systems 01469,Tier-1,SA,Argentina,496,95,2881,800000,spot
C-01470,Norvia Systems 01470,Tier-1,APAC-IN,India,435,95,1386,3800000,LTA
C-01471,Norvia Distribution 01471,Aftermarket,EMEA-W,Germany,193,95,1548,600000,spot
C-01472,Bluepeak Systems 01472,Tier-1,EMEA-W,Italy,305,95,2628,2800000,spot
C-01473,Sumida Distribution 01473,Aftermarket,APAC-IN,India,385,95,2402,5000000,consignment
C-01474,Kestrel Motors 01474,OEM,SA,Argentina,245,98,51713,39900000,consignment
C-01475,Sumida Systems 01475,Tier-1,APAC-NE,South Korea,354,95,2262,2800000,consignment
C-01476,Delantra Motors 01476,OEM,NA-MX,Mexico,349,98,40678,4200000,spot
C-01477,Baltia Distribution 01477,Aftermarket,EMEA-E,Romania,101,95,2987,1500000,LTA
C-01478,Delantra Systems 01478,Tier-1,NA-MX,Mexico,201,95,2469,2900000,LTA
C-01479,Bluepeak Motors 01479,OEM,APAC-IN,India,276,98,22293,86000000,spot
C-01480,Delantra Motors 01480,OEM,NA-MX,Mexico,372,98,59856,85600000,spot
C-01481,Bluepeak Systems 01481,Tier-1,APAC-NE,China,271,95,1618,700000,LTA
C-01482,Kestrel Distribution 01482,Aftermarket,NA-MX,Mexico,238,95,1259,300000,spot
C-01483,Cordis Systems 01483,Tier-1,SA,Argentina,246,95,584,5300000,LTA
C-01484,Baltia Motors 01484,OEM,APAC-SE,Indonesia,380,98,22420,24300000,LTA
C-01485,Baltia Systems 01485,Tier-1,SA,Argentina,226,95,2626,5600000,spot
C-01486,Atlas Systems 01486,Tier-1,SA,Brazil,348,95,309,500000,LTA
C-01487,Sumida Motors 01487,OEM,EMEA-E,Poland,333,98,30400,36200000,consignment
C-01488,Atlas Motors 01488,OEM,APAC-SE,Malaysia,287,98,23945,59900000,LTA
C-01489,Bluepeak Distribution 01489,Distributor,APAC-NE,Taiwan,435,95,166,5600000,consignment
C-01490,Baltia Motors 01490,OEM,EMEA-W,France,388,98,30219,52000000,spot
C-01491,Norvia Motors 01491,OEM,NA-MX,Mexico,81,98,29924,26300000,LTA
C-01492,Vantage Motors 01492,OEM,EMEA-W,France,52,98,28149,73600000,spot
C-01493,Delantra Systems 01493,Tier-1,APAC-IN,India,199,95,951,200000,LTA
C-01494,Bluepeak Systems 01494,Tier-1,NA-US,United States,289,95,3758,1200000,LTA
C-01495,Baltia Motors 01495,OEM,APAC-NE,Taiwan,317,98,8502,41000000,consignment
C-01496,Vantage Motors 01496,OEM,APAC-IN,India,207,98,34148,75200000,spot
C-01497,Norvia Systems 01497,Tier-1,EMEA-W,France,386,95,3220,2700000,LTA
C-01498,Orion Distribution 01498,Distributor,APAC-NE,South Korea,174,95,5,1200000,consignment
C-01499,Sumida Distribution 01499,Aftermarket,APAC-SE,Vietnam,212,95,59,1600000,LTA
C-01500,Orion Distribution 01500,Distributor,APAC-SE,Indonesia,329,95,3611,800000,consignment
C-01501,Sumida Distribution 01501,Distributor,EMEA-W,France,451,95,3969,1200000,LTA
C-01502,Baltia Distribution 01502,Distributor,APAC-SE,Malaysia,376,95,3042,4000000,LTA
C-01503,Sumida Systems 01503,Tier-1,EMEA-E,Poland,373,95,3578,4100000,spot
C-01504,Kestrel Motors 01504,OEM,NA-US,United States,375,98,15093,53400000,consignment
C-01505,Atlas Motors 01505,OEM,NA-MX,Mexico,13,98,38334,36900000,LTA
C-01506,Norvia Motors 01506,OEM,APAC-IN,India,396,98,14072,10800000,LTA
C-01507,Baltia Motors 01507,OEM,APAC-SE,Malaysia,215,98,21812,21700000,spot
C-01508,Sumida Distribution 01508,Aftermarket,NA-US,United States,437,95,632,200000,spot
C-01509,Vantage Motors 01509,OEM,APAC-NE,South Korea,94,98,56925,34700000,consignment
C-01510,Delantra Distribution 01510,Aftermarket,APAC-SE,Vietnam,209,95,3020,1900000,consignment
C-01511,Orion Distribution 01511,Aftermarket,APAC-SE,Indonesia,375,95,325,4500000,LTA
C-01512,Delantra Motors 01512,OEM,APAC-NE,China,419,98,7477,87100000,LTA
C-01513,Atlas Motors 01513,OEM,EMEA-W,Germany,108,98,48283,53500000,spot
C-01514,Norvia Distribution 01514,Distributor,EMEA-W,Spain,16,95,3938,3300000,LTA
C-01515,Cordis Systems 01515,Tier-1,NA-MX,Mexico,391,95,2233,5800000,spot
C-01516,Vantage Distribution 01516,Distributor,APAC-NE,Japan,104,95,1396,4700000,spot
C-01517,Orion Systems 01517,Tier-1,EMEA-W,Germany,383,95,1825,2300000,LTA
C-01518,Vantage Distribution 01518,Aftermarket,NA-MX,Mexico,389,95,426,500000,LTA
C-01519,Vantage Motors 01519,OEM,EMEA-W,France,447,98,55382,81700000,spot
C-01520,Bluepeak Motors 01520,OEM,APAC-NE,Taiwan,113,98,20253,4000000,consignment
C-01521,Vantage Motors 01521,OEM,EMEA-E,Czechia,435,98,56312,45200000,LTA
C-01522,Cordis Distribution 01522,Aftermarket,APAC-SE,Malaysia,361,95,2483,5700000,consignment
C-01523,Bluepeak Distribution 01523,Aftermarket,NA-MX,Mexico,331,95,2308,800000,spot
C-01524,Norvia Motors 01524,OEM,EMEA-E,Poland,322,98,44453,21400000,spot
C-01525,Bluepeak Systems 01525,Tier-1,APAC-NE,South Korea,334,95,159,2900000,spot
C-01526,Bluepeak Motors 01526,OEM,APAC-NE,Taiwan,338,98,20497,10300000,LTA
C-01527,Atlas Distribution 01527,Aftermarket,EMEA-E,Romania,19,95,2674,4200000,LTA
C-01528,Kestrel Distribution 01528,Aftermarket,SA,Argentina,145,95,3114,5200000,LTA
C-01529,Delantra Distribution 01529,Aftermarket,APAC-NE,South Korea,253,95,2740,4900000,spot
C-01530,Norvia Motors 01530,OEM,NA-MX,Mexico,490,98,42034,78600000,LTA
C-01531,Orion Distribution 01531,Aftermarket,APAC-IN,India,410,95,2199,5800000,spot
C-01532,Vantage Systems 01532,Tier-1,APAC-NE,South Korea,197,95,3583,4600000,LTA
C-01533,Kestrel Distribution 01533,Aftermarket,APAC-SE,Indonesia,188,95,674,5700000,LTA
C-01534,Baltia Motors 01534,OEM,NA-MX,Mexico,48,98,23788,63800000,spot
C-01535,Baltia Motors 01535,OEM,NA-MX,Mexico,298,98,26902,32000000,LTA
C-01536,Kestrel Distribution 01536,Aftermarket,APAC-SE,Thailand,432,95,1979,4300000,LTA
C-01537,Baltia Distribution 01537,Distributor,APAC-SE,Thailand,303,95,2209,300000,spot
C-01538,Atlas Distribution 01538,Aftermarket,EMEA-E,Czechia,416,95,1972,1300000,LTA
C-01539,Orion Distribution 01539,Distributor,SA,Argentina,352,95,3445,4000000,consignment
C-01540,Vantage Motors 01540,OEM,APAC-NE,South Korea,158,98,17171,41800000,LTA
C-01541,Sumida Distribution 01541,Distributor,APAC-IN,India,460,95,360,3800000,LTA
C-01542,Atlas Distribution 01542,Aftermarket,APAC-SE,Indonesia,357,95,1017,3300000,LTA
C-01543,Bluepeak Distribution 01543,Aftermarket,APAC-SE,Indonesia,389,95,3070,2900000,LTA
C-01544,Kestrel Systems 01544,Tier-1,EMEA-W,Spain,395,95,2929,5900000,spot
C-01545,Bluepeak Distribution 01545,Aftermarket,APAC-SE,Indonesia,390,95,2897,6000000,consignment
C-01546,Bluepeak Distribution 01546,Aftermarket,EMEA-W,Italy,398,95,1975,800000,LTA
C-01547,Cordis Systems 01547,Tier-1,APAC-NE,China,239,95,3617,700000,LTA
C-01548,Norvia Motors 01548,OEM,NA-MX,Mexico,279,98,7633,8900000,consignment
C-01549,Baltia Distribution 01549,Aftermarket,EMEA-W,Spain,500,95,2559,2900000,consignment
C-01550,Orion Distribution 01550,Aftermarket,EMEA-W,Germany,280,95,830,3700000,LTA
C-01551,Norvia Motors 01551,OEM,EMEA-W,France,258,98,51934,53300000,consignment
C-01552,Orion Distribution 01552,Aftermarket,APAC-IN,India,217,95,1880,2000000,LTA
C-01553,Vantage Systems 01553,Tier-1,SA,Brazil,396,95,3537,2700000,LTA
C-01554,Bluepeak Motors 01554,OEM,NA-US,United States,238,98,30607,20400000,LTA
C-01555,Vantage Motors 01555,OEM,APAC-SE,Vietnam,52,98,54130,29600000,LTA
C-01556,Kestrel Systems 01556,Tier-1,NA-MX,Mexico,64,95,233,1200000,LTA
C-01557,Orion Motors 01557,OEM,NA-MX,Mexico,484,98,7799,17100000,LTA
C-01558,Vantage Motors 01558,OEM,EMEA-W,Germany,230,98,55703,30600000,LTA
C-01559,Sumida Systems 01559,Tier-1,NA-MX,Mexico,277,95,3843,3800000,spot
C-01560,Cordis Systems 01560,Tier-1,APAC-NE,Taiwan,136,95,2692,4300000,consignment
C-01561,Orion Distribution 01561,Aftermarket,EMEA-W,Spain,307,95,82,3500000,LTA
C-01562,Orion Distribution 01562,Distributor,APAC-IN,India,50,95,3548,3000000,LTA
C-01563,Atlas Motors 01563,OEM,SA,Brazil,193,98,42221,6700000,LTA
C-01564,Cordis Systems 01564,Tier-1,APAC-SE,Thailand,186,95,2308,1300000,spot
C-01565,Cordis Systems 01565,Tier-1,EMEA-E,Poland,461,95,3081,3800000,spot
C-01566,Norvia Systems 01566,Tier-1,EMEA-E,Poland,333,95,3848,3600000,LTA
C-01567,Delantra Systems 01567,Tier-1,EMEA-E,Czechia,270,95,1737,3400000,LTA
C-01568,Norvia Motors 01568,OEM,APAC-SE,Malaysia,231,98,38174,45800000,spot
C-01569,Atlas Motors 01569,OEM,NA-US,United States,248,98,18224,61300000,spot
C-01570,Cordis Distribution 01570,Aftermarket,NA-US,United States,37,95,948,2900000,LTA
C-01571,Delantra Systems 01571,Tier-1,EMEA-E,Poland,43,95,2196,2400000,LTA
C-01572,Norvia Distribution 01572,Aftermarket,EMEA-W,Germany,322,95,3529,2400000,LTA
C-01573,Sumida Systems 01573,Tier-1,APAC-SE,Thailand,391,95,1073,3500000,consignment
C-01574,Baltia Distribution 01574,Distributor,EMEA-E,Poland,207,95,199,5100000,LTA
C-01575,Norvia Motors 01575,OEM,SA,Argentina,41,98,30939,86000000,LTA
C-01576,Delantra Distribution 01576,Aftermarket,NA-MX,Mexico,210,95,534,2700000,LTA
C-01577,Vantage Distribution 01577,Distributor,NA-MX,Mexico,18,95,2323,3500000,LTA
C-01578,Bluepeak Motors 01578,OEM,SA,Brazil,287,98,21996,30200000,LTA
C-01579,Kestrel Systems 01579,Tier-1,NA-MX,Mexico,443,95,254,1700000,consignment
C-01580,Orion Motors 01580,OEM,NA-US,United States,401,98,33570,5700000,LTA
C-01581,Delantra Motors 01581,OEM,APAC-SE,Indonesia,169,98,51871,12500000,consignment
C-01582,Kestrel Distribution 01582,Aftermarket,APAC-IN,India,228,95,1511,800000,LTA
C-01583,Norvia Systems 01583,Tier-1,EMEA-E,Poland,375,95,3740,3100000,LTA
C-01584,Kestrel Motors 01584,OEM,APAC-IN,India,171,98,8299,75400000,spot
C-01585,Orion Motors 01585,OEM,APAC-SE,Indonesia,106,98,50234,29200000,LTA
C-01586,Sumida Distribution 01586,Distributor,SA,Argentina,59,95,2087,4500000,spot
C-01587,Baltia Distribution 01587,Aftermarket,NA-US,United States,298,95,3379,500000,LTA
C-01588,Delantra Distribution 01588,Aftermarket,NA-MX,Mexico,394,95,2451,2700000,LTA
C-01589,Bluepeak Distribution 01589,Distributor,APAC-NE,China,147,95,1916,2000000,LTA
C-01590,Delantra Distribution 01590,Distributor,NA-MX,Mexico,328,95,3678,1000000,LTA
C-01591,Cordis Distribution 01591,Aftermarket,APAC-IN,India,140,95,656,4000000,LTA
C-01592,Cordis Distribution 01592,Distributor,NA-US,United States,394,95,1652,3000000,spot
C-01593,Atlas Motors 01593,OEM,EMEA-E,Czechia,247,98,21586,55000000,spot
C-01594,Baltia Systems 01594,Tier-1,EMEA-W,Germany,25,95,930,1300000,LTA
C-01595,Norvia Distribution 01595,Distributor,APAC-IN,India,33,95,1604,700000,spot
C-01596,Vantage Systems 01596,Tier-1,APAC-NE,Japan,99,95,711,5900000,consignment
C-01597,Atlas Motors 01597,OEM,APAC-SE,Malaysia,189,98,36221,69300000,LTA
C-01598,Cordis Motors 01598,OEM,NA-US,United States,273,98,45896,37500000,consignment
C-01599,Cordis Distribution 01599,Aftermarket,EMEA-W,France,225,95,3157,300000,spot
C-01600,Delantra Motors 01600,OEM,APAC-IN,India,140,98,47443,78700000,consignment
C-01601,Orion Motors 01601,OEM,APAC-SE,Malaysia,436,98,44746,44400000,spot
C-01602,Kestrel Motors 01602,OEM,NA-MX,Mexico,96,98,7752,84100000,LTA
C-01603,Norvia Distribution 01603,Aftermarket,EMEA-E,Turkey,157,95,3749,1800000,LTA
C-01604,Norvia Motors 01604,OEM,APAC-NE,China,394,98,28919,17100000,LTA
C-01605,Bluepeak Motors 01605,OEM,NA-US,United States,183,98,49610,6400000,LTA
C-01606,Cordis Motors 01606,OEM,NA-MX,Mexico,428,98,22957,10000000,spot
C-01607,Orion Distribution 01607,Distributor,NA-US,United States,152,95,2170,1300000,consignment
C-01608,Vantage Systems 01608,Tier-1,EMEA-E,Czechia,383,95,2300,700000,LTA
C-01609,Norvia Distribution 01609,Aftermarket,EMEA-W,France,468,95,3884,5000000,LTA
C-01610,Atlas Motors 01610,OEM,NA-US,United States,182,98,13014,85000000,consignment
C-01611,Sumida Motors 01611,OEM,APAC-SE,Thailand,312,98,14151,60600000,LTA
C-01612,Baltia Distribution 01612,Aftermarket,EMEA-W,Italy,86,95,481,4900000,LTA
C-01613,Norvia Motors 01613,OEM,APAC-NE,China,82,98,59423,41200000,LTA
C-01614,Vantage Systems 01614,Tier-1,APAC-IN,India,74,95,3456,2000000,spot
C-01615,Baltia Motors 01615,OEM,APAC-NE,Japan,60,98,8947,6300000,LTA
C-01616,Orion Distribution 01616,Aftermarket,NA-US,United States,159,95,1741,700000,spot
C-01617,Atlas Motors 01617,OEM,EMEA-W,France,458,98,55829,82000000,consignment
C-01618,Vantage Distribution 01618,Aftermarket,EMEA-W,Germany,472,95,2270,1100000,LTA
C-01619,Norvia Distribution 01619,Aftermarket,APAC-IN,India,284,95,494,5400000,consignment
C-01620,Atlas Motors 01620,OEM,APAC-NE,China,105,98,48977,80600000,LTA
C-01621,Atlas Distribution 01621,Distributor,SA,Argentina,417,95,3130,2500000,LTA
C-01622,Cordis Motors 01622,OEM,APAC-NE,Taiwan,134,98,37100,12900000,LTA
C-01623,Delantra Motors 01623,OEM,NA-US,United States,247,98,46364,40900000,consignment
C-01624,Baltia Distribution 01624,Distributor,EMEA-E,Poland,276,95,1798,3300000,spot
C-01625,Vantage Systems 01625,Tier-1,APAC-SE,Vietnam,381,95,1067,6000000,LTA
C-01626,Orion Distribution 01626,Aftermarket,EMEA-E,Romania,241,95,2207,3000000,consignment
C-01627,Bluepeak Distribution 01627,Distributor,APAC-IN,India,34,95,3910,5600000,LTA
C-01628,Bluepeak Distribution 01628,Distributor,SA,Argentina,349,95,720,4900000,LTA
C-01629,Cordis Distribution 01629,Aftermarket,NA-US,United States,369,95,2325,800000,spot
C-01630,Kestrel Motors 01630,OEM,NA-MX,Mexico,15,98,8219,44800000,LTA
C-01631,Atlas Motors 01631,OEM,EMEA-E,Czechia,220,98,32415,70000000,LTA
C-01632,Atlas Systems 01632,Tier-1,EMEA-E,Romania,160,95,2052,6000000,spot
C-01633,Bluepeak Motors 01633,OEM,APAC-IN,India,104,98,21532,79900000,LTA
C-01634,Cordis Motors 01634,OEM,EMEA-W,Germany,79,98,50955,72100000,LTA
C-01635,Baltia Motors 01635,OEM,APAC-IN,India,217,98,51339,45700000,consignment
C-01636,Bluepeak Motors 01636,OEM,NA-MX,Mexico,451,98,28276,32900000,consignment
C-01637,Delantra Motors 01637,OEM,NA-US,United States,254,98,21601,14300000,spot
C-01638,Sumida Motors 01638,OEM,APAC-SE,Thailand,337,98,33517,42200000,LTA
C-01639,Cordis Systems 01639,Tier-1,NA-US,United States,200,95,2314,3100000,spot
C-01640,Kestrel Motors 01640,OEM,EMEA-E,Romania,89,98,39727,86100000,consignment
C-01641,Atlas Distribution 01641,Aftermarket,APAC-IN,India,396,95,3034,2800000,consignment
C-01642,Bluepeak Motors 01642,OEM,APAC-NE,Japan,214,98,58338,6100000,LTA
C-01643,Delantra Systems 01643,Tier-1,APAC-IN,India,256,95,2370,4200000,LTA
C-01644,Baltia Distribution 01644,Aftermarket,APAC-IN,India,55,95,1827,4500000,consignment
C-01645,Cordis Systems 01645,Tier-1,EMEA-W,Italy,76,95,788,5100000,LTA
C-01646,Bluepeak Distribution 01646,Aftermarket,NA-MX,Mexico,269,95,652,1200000,LTA
C-01647,Delantra Systems 01647,Tier-1,SA,Argentina,166,95,1701,4700000,spot
C-01648,Delantra Motors 01648,OEM,NA-US,United States,486,98,17824,83900000,consignment
C-01649,Baltia Motors 01649,OEM,EMEA-E,Turkey,18,98,38893,26800000,consignment
C-01650,Norvia Motors 01650,OEM,EMEA-W,Spain,294,98,39711,32500000,consignment
C-01651,Atlas Motors 01651,OEM,EMEA-W,France,329,98,41983,50800000,LTA
C-01652,Orion Distribution 01652,Aftermarket,NA-US,United States,69,95,1151,4600000,spot
C-01653,Atlas Motors 01653,OEM,APAC-IN,India,56,98,41786,10100000,spot
C-01654,Orion Systems 01654,Tier-1,EMEA-E,Poland,252,95,1898,6000000,spot
C-01655,Norvia Distribution 01655,Distributor,NA-MX,Mexico,380,95,1794,5400000,LTA
C-01656,Delantra Systems 01656,Tier-1,APAC-IN,India,242,95,1928,2900000,LTA
C-01657,Cordis Distribution 01657,Distributor,NA-MX,Mexico,164,95,3622,800000,LTA
C-01658,Atlas Distribution 01658,Aftermarket,NA-US,United States,153,95,3739,6000000,spot
C-01659,Norvia Motors 01659,OEM,SA,Brazil,421,98,55096,53800000,consignment
C-01660,Kestrel Motors 01660,OEM,APAC-SE,Thailand,493,98,22325,68400000,consignment
C-01661,Bluepeak Distribution 01661,Distributor,SA,Argentina,166,95,326,4400000,LTA
C-01662,Baltia Motors 01662,OEM,EMEA-E,Romania,317,98,34092,39400000,spot
C-01663,Orion Motors 01663,OEM,NA-MX,Mexico,437,98,51675,86800000,spot
C-01664,Norvia Distribution 01664,Distributor,APAC-SE,Vietnam,414,95,2359,1700000,LTA
C-01665,Bluepeak Motors 01665,OEM,EMEA-W,Italy,84,98,33929,50700000,LTA
C-01666,Kestrel Motors 01666,OEM,EMEA-W,Italy,86,98,46074,51800000,consignment
C-01667,Norvia Distribution 01667,Aftermarket,SA,Argentina,357,95,1331,2200000,LTA
C-01668,Atlas Distribution 01668,Distributor,NA-MX,Mexico,204,95,2564,4600000,spot
C-01669,Baltia Distribution 01669,Aftermarket,NA-MX,Mexico,163,95,2294,1100000,LTA
C-01670,Atlas Motors 01670,OEM,APAC-SE,Malaysia,357,98,22077,31200000,LTA
C-01671,Kestrel Distribution 01671,Aftermarket,APAC-IN,India,273,95,1714,2500000,consignment
C-01672,Kestrel Systems 01672,Tier-1,EMEA-E,Czechia,93,95,511,1200000,LTA
C-01673,Norvia Motors 01673,OEM,NA-US,United States,51,98,8195,44200000,spot
C-01674,Delantra Motors 01674,OEM,NA-MX,Mexico,146,98,59834,84700000,LTA
C-01675,Orion Motors 01675,OEM,APAC-SE,Malaysia,317,98,58455,7300000,LTA
C-01676,Delantra Motors 01676,OEM,EMEA-E,Turkey,171,98,26196,45300000,consignment
C-01677,Delantra Motors 01677,OEM,APAC-NE,Taiwan,109,98,52860,86900000,consignment
C-01678,Orion Motors 01678,OEM,APAC-NE,South Korea,409,98,6247,82300000,consignment
C-01679,Kestrel Motors 01679,OEM,EMEA-E,Romania,201,98,27340,50200000,consignment
C-01680,Vantage Distribution 01680,Aftermarket,APAC-NE,Japan,114,95,1367,2100000,spot
C-01681,Norvia Distribution 01681,Distributor,APAC-SE,Indonesia,412,95,2302,4400000,LTA
C-01682,Orion Systems 01682,Tier-1,APAC-NE,Japan,420,95,3964,2400000,LTA
C-01683,Kestrel Motors 01683,OEM,APAC-NE,South Korea,383,98,42588,5300000,LTA
C-01684,Baltia Motors 01684,OEM,NA-US,United States,302,98,59799,43300000,LTA
C-01685,Delantra Distribution 01685,Aftermarket,NA-MX,Mexico,401,95,385,2200000,LTA
C-01686,Delantra Distribution 01686,Distributor,APAC-NE,South Korea,432,95,1605,4800000,spot
C-01687,Cordis Systems 01687,Tier-1,NA-MX,Mexico,445,95,907,1100000,LTA
C-01688,Vantage Motors 01688,OEM,APAC-IN,India,385,98,30365,14600000,consignment
C-01689,Cordis Distribution 01689,Aftermarket,SA,Brazil,151,95,1828,3600000,LTA
C-01690,Cordis Distribution 01690,Distributor,SA,Argentina,321,95,2890,4000000,consignment
C-01691,Bluepeak Distribution 01691,Distributor,EMEA-W,Germany,74,95,3825,2400000,spot
C-01692,Norvia Motors 01692,OEM,EMEA-W,Italy,209,98,36020,5500000,LTA
C-01693,Orion Motors 01693,OEM,EMEA-E,Turkey,332,98,37394,75500000,consignment
C-01694,Cordis Distribution 01694,Aftermarket,APAC-NE,Taiwan,100,95,107,400000,LTA
C-01695,Sumida Distribution 01695,Distributor,SA,Argentina,197,95,1503,600000,LTA
C-01696,Norvia Systems 01696,Tier-1,APAC-SE,Thailand,166,95,57,2400000,LTA
C-01697,Atlas Motors 01697,OEM,NA-MX,Mexico,350,98,16033,38200000,LTA
C-01698,Delantra Systems 01698,Tier-1,EMEA-E,Czechia,340,95,748,6000000,LTA
C-01699,Cordis Motors 01699,OEM,APAC-NE,China,343,98,44881,48300000,consignment
C-01700,Cordis Motors 01700,OEM,APAC-SE,Indonesia,463,98,12287,42200000,consignment
C-01701,Bluepeak Motors 01701,OEM,APAC-IN,India,83,98,43996,65000000,LTA
C-01702,Sumida Motors 01702,OEM,EMEA-E,Poland,51,98,40040,34100000,LTA
C-01703,Vantage Distribution 01703,Distributor,APAC-IN,India,92,95,764,4100000,spot
C-01704,Sumida Motors 01704,OEM,SA,Argentina,305,98,12686,29500000,consignment
C-01705,Kestrel Distribution 01705,Aftermarket,EMEA-E,Turkey,295,95,936,700000,LTA
C-01706,Atlas Distribution 01706,Aftermarket,EMEA-W,Italy,354,95,2773,1100000,spot
C-01707,Atlas Distribution 01707,Distributor,EMEA-W,Spain,170,95,737,4200000,LTA
C-01708,Norvia Motors 01708,OEM,SA,Brazil,419,98,5692,84700000,consignment
C-01709,Orion Distribution 01709,Distributor,EMEA-E,Poland,261,95,2618,4200000,LTA
C-01710,Atlas Distribution 01710,Distributor,APAC-SE,Indonesia,209,95,1758,5900000,spot
C-01711,Vantage Systems 01711,Tier-1,APAC-SE,Vietnam,283,95,2704,2800000,consignment
C-01712,Atlas Motors 01712,OEM,APAC-NE,South Korea,83,98,54414,57900000,spot
C-01713,Kestrel Motors 01713,OEM,APAC-SE,Thailand,451,98,45062,71800000,LTA
C-01714,Norvia Motors 01714,OEM,EMEA-W,France,398,98,14632,62200000,consignment
C-01715,Baltia Distribution 01715,Distributor,NA-MX,Mexico,29,95,2396,3700000,LTA
C-01716,Atlas Systems 01716,Tier-1,EMEA-E,Turkey,453,95,376,4500000,LTA
C-01717,Kestrel Motors 01717,OEM,SA,Brazil,461,98,20024,36600000,spot
C-01718,Vantage Distribution 01718,Distributor,APAC-IN,India,53,95,1695,4700000,consignment
C-01719,Atlas Distribution 01719,Aftermarket,APAC-NE,Taiwan,468,95,1243,4100000,spot
C-01720,Vantage Motors 01720,OEM,EMEA-W,Spain,429,98,37287,58700000,LTA
C-01721,Cordis Distribution 01721,Aftermarket,NA-US,United States,41,95,1643,1600000,LTA
C-01722,Atlas Motors 01722,OEM,NA-MX,Mexico,448,98,32833,61000000,LTA
C-01723,Orion Motors 01723,OEM,APAC-IN,India,445,98,11497,82200000,LTA
C-01724,Cordis Motors 01724,OEM,EMEA-W,Spain,280,98,13719,18100000,LTA
C-01725,Orion Motors 01725,OEM,EMEA-E,Poland,276,98,53080,86800000,LTA
C-01726,Cordis Motors 01726,OEM,NA-MX,Mexico,367,98,42088,42700000,consignment
C-01727,Vantage Distribution 01727,Aftermarket,EMEA-W,Italy,416,95,3464,5200000,LTA
C-01728,Norvia Distribution 01728,Distributor,APAC-IN,India,276,95,200,1500000,spot
C-01729,Kestrel Motors 01729,OEM,APAC-NE,Japan,17,98,25691,57700000,spot
C-01730,Baltia Distribution 01730,Aftermarket,APAC-SE,Indonesia,205,95,3240,300000,consignment
C-01731,Norvia Systems 01731,Tier-1,NA-MX,Mexico,66,95,2348,5200000,spot
C-01732,Sumida Motors 01732,OEM,EMEA-E,Poland,203,98,15526,70200000,LTA
C-01733,Orion Systems 01733,Tier-1,APAC-NE,China,310,95,165,3700000,LTA
C-01734,Orion Systems 01734,Tier-1,NA-US,United States,87,95,2732,2800000,spot
C-01735,Sumida Distribution 01735,Distributor,NA-MX,Mexico,480,95,859,2000000,consignment
C-01736,Baltia Motors 01736,OEM,APAC-NE,Japan,266,98,59568,5000000,spot
C-01737,Bluepeak Distribution 01737,Aftermarket,NA-US,United States,152,95,3602,5100000,spot
C-01738,Atlas Motors 01738,OEM,SA,Brazil,355,98,47578,51100000,consignment
C-01739,Vantage Distribution 01739,Distributor,EMEA-W,Italy,103,95,1439,4800000,consignment
C-01740,Sumida Motors 01740,OEM,APAC-NE,Taiwan,416,98,43216,21200000,LTA
C-01741,Orion Distribution 01741,Aftermarket,APAC-NE,China,246,95,1783,1000000,consignment
C-01742,Cordis Motors 01742,OEM,APAC-IN,India,490,98,41337,7400000,consignment
C-01743,Vantage Motors 01743,OEM,NA-MX,Mexico,164,98,13010,75500000,LTA
C-01744,Delantra Distribution 01744,Aftermarket,SA,Argentina,88,95,1164,2100000,LTA
C-01745,Kestrel Systems 01745,Tier-1,NA-MX,Mexico,46,95,1008,1700000,spot
C-01746,Orion Systems 01746,Tier-1,SA,Brazil,390,95,3849,5000000,spot
C-01747,Sumida Motors 01747,OEM,NA-US,United States,443,98,11137,67300000,spot
C-01748,Kestrel Distribution 01748,Distributor,NA-MX,Mexico,293,95,0,3000000,LTA
C-01749,Orion Motors 01749,OEM,NA-MX,Mexico,347,98,41138,60200000,LTA
C-01750,Vantage Systems 01750,Tier-1,APAC-SE,Malaysia,88,95,3406,3100000,spot
C-01751,Norvia Systems 01751,Tier-1,EMEA-W,Spain,110,95,695,500000,LTA
C-01752,Sumida Distribution 01752,Distributor,NA-MX,Mexico,222,95,1239,2000000,consignment
C-01753,Cordis Motors 01753,OEM,NA-US,United States,143,98,32823,23700000,consignment
C-01754,Vantage Systems 01754,Tier-1,NA-MX,Mexico,357,95,504,2700000,spot
C-01755,Norvia Systems 01755,Tier-1,EMEA-W,France,166,95,2607,5800000,LTA
C-01756,Vantage Systems 01756,Tier-1,EMEA-W,Germany,139,95,2320,5700000,spot
C-01757,Bluepeak Distribution 01757,Distributor,APAC-NE,Taiwan,17,95,3831,5300000,consignment
C-01758,Sumida Distribution 01758,Aftermarket,APAC-SE,Thailand,286,95,3374,6000000,LTA
C-01759,Baltia Motors 01759,OEM,EMEA-W,France,172,98,24548,23900000,LTA
C-01760,Bluepeak Distribution 01760,Distributor,NA-MX,Mexico,253,95,836,100000,spot
C-01761,Orion Distribution 01761,Aftermarket,APAC-IN,India,285,95,1418,3900000,LTA
C-01762,Orion Motors 01762,OEM,EMEA-W,France,150,98,33511,89600000,LTA
C-01763,Bluepeak Systems 01763,Tier-1,NA-MX,Mexico,27,95,2944,3000000,spot
C-01764,Baltia Systems 01764,Tier-1,NA-US,United States,482,95,1447,1700000,consignment
C-01765,Atlas Systems 01765,Tier-1,APAC-IN,India,282,95,615,5600000,LTA
C-01766,Baltia Systems 01766,Tier-1,SA,Brazil,272,95,3530,4600000,LTA
C-01767,Norvia Motors 01767,OEM,SA,Argentina,423,98,10415,61500000,LTA
C-01768,Delantra Distribution 01768,Aftermarket,NA-MX,Mexico,129,95,1041,2100000,spot
C-01769,Sumida Systems 01769,Tier-1,APAC-IN,India,240,95,3686,2600000,consignment
C-01770,Cordis Distribution 01770,Aftermarket,NA-US,United States,281,95,823,900000,consignment
C-01771,Delantra Distribution 01771,Distributor,EMEA-E,Romania,37,95,3512,4800000,LTA
C-01772,Delantra Systems 01772,Tier-1,EMEA-W,Germany,393,95,154,4300000,LTA
C-01773,Cordis Distribution 01773,Distributor,APAC-SE,Malaysia,390,95,1556,4700000,LTA
C-01774,Norvia Distribution 01774,Aftermarket,APAC-IN,India,235,95,733,1000000,consignment
C-01775,Delantra Motors 01775,OEM,EMEA-W,Spain,208,98,58700,27700000,LTA
C-01776,Kestrel Motors 01776,OEM,APAC-SE,Indonesia,436,98,13653,25700000,LTA
C-01777,Kestrel Motors 01777,OEM,NA-US,United States,214,98,36516,21600000,LTA
C-01778,Atlas Systems 01778,Tier-1,NA-US,United States,190,95,1522,4300000,consignment
C-01779,Kestrel Motors 01779,OEM,EMEA-E,Poland,474,98,13995,20700000,LTA
C-01780,Sumida Motors 01780,OEM,EMEA-E,Czechia,204,98,26078,86100000,LTA
C-01781,Kestrel Distribution 01781,Aftermarket,EMEA-E,Turkey,294,95,3825,5200000,LTA
C-01782,Baltia Systems 01782,Tier-1,APAC-NE,South Korea,162,95,975,4400000,LTA
C-01783,Norvia Motors 01783,OEM,EMEA-W,France,133,98,34698,24300000,LTA
C-01784,Bluepeak Motors 01784,OEM,NA-US,United States,223,98,23129,73400000,spot
C-01785,Norvia Distribution 01785,Distributor,NA-MX,Mexico,401,95,2926,5500000,LTA
C-01786,Atlas Motors 01786,OEM,APAC-SE,Indonesia,485,98,42027,61300000,LTA
C-01787,Atlas Distribution 01787,Aftermarket,SA,Brazil,445,95,248,3500000,consignment
C-01788,Norvia Distribution 01788,Distributor,APAC-IN,India,322,95,2240,2000000,consignment
C-01789,Delantra Motors 01789,OEM,NA-MX,Mexico,187,98,11035,55300000,LTA
C-01790,Delantra Distribution 01790,Distributor,NA-US,United States,123,95,625,1300000,spot
C-01791,Kestrel Distribution 01791,Aftermarket,NA-MX,Mexico,136,95,520,2900000,consignment
C-01792,Kestrel Motors 01792,OEM,EMEA-W,France,220,98,18994,10800000,LTA
C-01793,Delantra Systems 01793,Tier-1,EMEA-E,Romania,25,95,2750,700000,spot
C-01794,Delantra Distribution 01794,Aftermarket,APAC-IN,India,274,95,1864,2000000,LTA
C-01795,Delantra Distribution 01795,Aftermarket,NA-US,United States,360,95,956,4900000,LTA
C-01796,Atlas Motors 01796,OEM,NA-MX,Mexico,29,98,29057,72400000,spot
C-01797,Delantra Systems 01797,Tier-1,APAC-IN,India,48,95,3517,100000,LTA
C-01798,Vantage Motors 01798,OEM,NA-MX,Mexico,50,98,55603,60000000,LTA
C-01799,Vantage Motors 01799,OEM,APAC-IN,India,11,98,42974,22900000,spot
C-01800,Atlas Distribution 01800,Distributor,NA-MX,Mexico,169,95,3078,2800000,consignment
C-01801,Baltia Motors 01801,OEM,SA,Argentina,317,98,27632,73500000,LTA
C-01802,Delantra Motors 01802,OEM,APAC-NE,China,384,98,16209,23500000,spot
C-01803,Orion Distribution 01803,Aftermarket,APAC-IN,India,13,95,1475,2400000,spot
C-01804,Norvia Distribution 01804,Aftermarket,APAC-SE,Malaysia,212,95,3601,400000,consignment
C-01805,Vantage Motors 01805,OEM,APAC-NE,Taiwan,162,98,53406,17700000,consignment
C-01806,Vantage Systems 01806,Tier-1,APAC-NE,China,17,95,3018,2900000,LTA
C-01807,Delantra Motors 01807,OEM,EMEA-E,Romania,412,98,36857,60900000,LTA
C-01808,Delantra Motors 01808,OEM,APAC-SE,Vietnam,85,98,26168,40700000,consignment
C-01809,Bluepeak Distribution 01809,Distributor,NA-US,United States,131,95,1472,5700000,LTA
C-01810,Bluepeak Distribution 01810,Aftermarket,APAC-SE,Thailand,204,95,2833,2600000,LTA
C-01811,Bluepeak Distribution 01811,Distributor,EMEA-W,Germany,72,95,3789,100000,consignment
C-01812,Atlas Motors 01812,OEM,NA-MX,Mexico,202,98,13935,50500000,spot
C-01813,Atlas Distribution 01813,Distributor,EMEA-E,Turkey,168,95,513,5800000,spot
C-01814,Bluepeak Distribution 01814,Aftermarket,SA,Argentina,23,95,1642,2900000,consignment
C-01815,Orion Systems 01815,Tier-1,APAC-IN,India,441,95,1530,2400000,consignment
C-01816,Kestrel Motors 01816,OEM,NA-US,United States,36,98,37822,84100000,LTA
C-01817,Vantage Distribution 01817,Distributor,APAC-SE,Vietnam,390,95,1308,5100000,LTA
C-01818,Bluepeak Motors 01818,OEM,EMEA-W,Italy,412,98,31870,26800000,consignment
C-01819,Bluepeak Distribution 01819,Aftermarket,NA-MX,Mexico,159,95,414,700000,LTA
C-01820,Orion Motors 01820,OEM,NA-MX,Mexico,18,98,9397,54500000,consignment
C-01821,Cordis Motors 01821,OEM,APAC-IN,India,70,98,51812,37300000,LTA
C-01822,Vantage Systems 01822,Tier-1,SA,Argentina,269,95,1940,5900000,LTA
C-01823,Vantage Distribution 01823,Aftermarket,APAC-IN,India,121,95,2906,200000,consignment
C-01824,Sumida Motors 01824,OEM,NA-US,United States,424,98,15926,17500000,spot
C-01825,Sumida Motors 01825,OEM,APAC-SE,Thailand,190,98,14705,85400000,spot
C-01826,Cordis Distribution 01826,Distributor,NA-MX,Mexico,310,95,223,4700000,consignment
C-01827,Sumida Systems 01827,Tier-1,APAC-SE,Thailand,344,95,1655,2500000,LTA
C-01828,Orion Systems 01828,Tier-1,NA-MX,Mexico,146,95,1850,2400000,LTA
C-01829,Delantra Motors 01829,OEM,APAC-NE,Taiwan,272,98,21514,38100000,LTA
C-01830,Kestrel Systems 01830,Tier-1,APAC-NE,China,453,95,2923,5000000,LTA
C-01831,Sumida Distribution 01831,Distributor,EMEA-E,Turkey,433,95,358,4800000,spot
C-01832,Vantage Distribution 01832,Aftermarket,EMEA-W,Spain,297,95,2378,5200000,LTA
C-01833,Baltia Motors 01833,OEM,APAC-SE,Indonesia,265,98,45417,25000000,consignment
C-01834,Cordis Motors 01834,OEM,APAC-IN,India,60,98,17876,38000000,spot
C-01835,Atlas Distribution 01835,Distributor,NA-MX,Mexico,196,95,2850,3100000,spot
C-01836,Baltia Systems 01836,Tier-1,EMEA-E,Turkey,348,95,1545,800000,LTA
C-01837,Orion Systems 01837,Tier-1,APAC-SE,Thailand,132,95,2258,1600000,LTA
C-01838,Sumida Distribution 01838,Distributor,SA,Brazil,44,95,1484,2800000,consignment
C-01839,Vantage Distribution 01839,Distributor,EMEA-E,Poland,406,95,2462,400000,LTA
C-01840,Sumida Systems 01840,Tier-1,APAC-NE,Taiwan,77,95,445,1000000,LTA
C-01841,Atlas Distribution 01841,Aftermarket,NA-US,United States,78,95,2257,5800000,LTA
C-01842,Atlas Systems 01842,Tier-1,NA-US,United States,471,95,1894,2200000,consignment
C-01843,Norvia Systems 01843,Tier-1,EMEA-W,Germany,291,95,3621,2400000,LTA
C-01844,Orion Distribution 01844,Aftermarket,APAC-SE,Indonesia,427,95,2027,5900000,LTA
C-01845,Baltia Motors 01845,OEM,EMEA-W,Italy,447,98,25996,14100000,consignment
C-01846,Orion Distribution 01846,Aftermarket,SA,Brazil,32,95,1645,200000,LTA
C-01847,Bluepeak Motors 01847,OEM,EMEA-W,France,81,98,55888,79500000,LTA
C-01848,Vantage Motors 01848,OEM,NA-US,United States,364,98,22125,72200000,consignment
C-01849,Cordis Distribution 01849,Aftermarket,NA-MX,Mexico,299,95,3128,5600000,LTA
C-01850,Kestrel Motors 01850,OEM,EMEA-W,Italy,330,98,13953,41900000,spot
C-01851,Atlas Systems 01851,Tier-1,NA-MX,Mexico,271,95,3127,700000,LTA
C-01852,Delantra Systems 01852,Tier-1,APAC-IN,India,500,95,1485,1600000,spot
C-01853,Norvia Motors 01853,OEM,EMEA-E,Poland,54,98,57374,71200000,consignment
C-01854,Vantage Systems 01854,Tier-1,SA,Argentina,260,95,3806,2300000,LTA
C-01855,Vantage Systems 01855,Tier-1,EMEA-W,Italy,61,95,3722,3600000,consignment
C-01856,Atlas Motors 01856,OEM,APAC-NE,South Korea,251,98,21746,15800000,LTA
C-01857,Norvia Distribution 01857,Aftermarket,EMEA-E,Turkey,386,95,3495,2100000,consignment
C-01858,Kestrel Distribution 01858,Distributor,APAC-SE,Indonesia,113,95,3766,2100000,LTA
C-01859,Bluepeak Distribution 01859,Distributor,NA-US,United States,356,95,3312,1200000,spot
C-01860,Sumida Distribution 01860,Aftermarket,NA-MX,Mexico,298,95,2923,2400000,consignment
C-01861,Norvia Motors 01861,OEM,APAC-IN,India,268,98,46271,88500000,consignment
C-01862,Kestrel Motors 01862,OEM,APAC-NE,China,188,98,32429,14000000,LTA
C-01863,Sumida Systems 01863,Tier-1,NA-MX,Mexico,64,95,2577,2400000,LTA
C-01864,Atlas Motors 01864,OEM,APAC-NE,Japan,52,98,8363,26100000,LTA
C-01865,Kestrel Motors 01865,OEM,SA,Brazil,89,98,32814,24300000,LTA
C-01866,Bluepeak Distribution 01866,Aftermarket,SA,Argentina,298,95,50,2700000,consignment
C-01867,Sumida Motors 01867,OEM,APAC-SE,Thailand,385,98,7114,31400000,LTA
C-01868,Bluepeak Distribution 01868,Distributor,SA,Brazil,420,95,3412,400000,consignment
C-01869,Orion Systems 01869,Tier-1,APAC-SE,Malaysia,13,95,1350,900000,LTA
C-01870,Orion Motors 01870,OEM,APAC-IN,India,156,98,20415,75900000,consignment
C-01871,Atlas Motors 01871,OEM,EMEA-W,Spain,430,98,59778,73100000,LTA
C-01872,Atlas Distribution 01872,Aftermarket,NA-US,United States,107,95,2899,5700000,LTA
C-01873,Vantage Distribution 01873,Aftermarket,SA,Brazil,456,95,1351,600000,consignment
C-01874,Atlas Systems 01874,Tier-1,EMEA-W,Spain,171,95,1820,700000,consignment
C-01875,Kestrel Motors 01875,OEM,APAC-NE,China,345,98,45122,78400000,LTA
C-01876,Kestrel Distribution 01876,Distributor,APAC-SE,Thailand,157,95,3340,1200000,consignment
C-01877,Bluepeak Systems 01877,Tier-1,APAC-IN,India,265,95,697,5300000,LTA
C-01878,Atlas Distribution 01878,Aftermarket,NA-MX,Mexico,182,95,2221,5400000,spot
C-01879,Baltia Motors 01879,OEM,EMEA-E,Turkey,184,98,40294,36100000,consignment
C-01880,Delantra Distribution 01880,Aftermarket,EMEA-E,Turkey,75,95,3695,4600000,LTA
C-01881,Bluepeak Systems 01881,Tier-1,EMEA-E,Poland,437,95,3340,1600000,LTA
C-01882,Norvia Distribution 01882,Aftermarket,NA-US,United States,62,95,2147,3800000,consignment
C-01883,Kestrel Distribution 01883,Aftermarket,NA-US,United States,395,95,1403,2400000,LTA
C-01884,Bluepeak Distribution 01884,Aftermarket,APAC-IN,India,220,95,3661,500000,spot
C-01885,Delantra Motors 01885,OEM,SA,Argentina,159,98,28850,48300000,LTA
C-01886,Atlas Distribution 01886,Distributor,APAC-NE,South Korea,239,95,3711,4400000,consignment
C-01887,Vantage Distribution 01887,Distributor,APAC-IN,India,15,95,3112,1100000,LTA
C-01888,Kestrel Distribution 01888,Distributor,SA,Brazil,193,95,338,1300000,spot
C-01889,Cordis Systems 01889,Tier-1,APAC-SE,Vietnam,342,95,321,4400000,LTA
C-01890,Orion Distribution 01890,Aftermarket,EMEA-E,Turkey,150,95,104,1600000,spot
C-01891,Norvia Distribution 01891,Aftermarket,NA-US,United States,409,95,1193,1800000,LTA
C-01892,Sumida Systems 01892,Tier-1,SA,Brazil,71,95,3145,2300000,consignment
C-01893,Delantra Motors 01893,OEM,APAC-IN,India,455,98,49685,72100000,LTA
C-01894,Orion Distribution 01894,Distributor,APAC-NE,Taiwan,45,95,2635,4600000,LTA
C-01895,Orion Distribution 01895,Aftermarket,APAC-NE,Japan,340,95,3814,1800000,LTA
C-01896,Norvia Motors 01896,OEM,NA-US,United States,79,98,45933,62300000,spot
C-01897,Norvia Distribution 01897,Aftermarket,NA-US,United States,405,95,2353,3200000,LTA
C-01898,Kestrel Motors 01898,OEM,EMEA-W,Italy,248,98,32763,38000000,LTA
C-01899,Delantra Motors 01899,OEM,EMEA-E,Czechia,500,98,44977,30100000,LTA
C-01900,Cordis Motors 01900,OEM,APAC-NE,Japan,167,98,54886,24200000,LTA
C-01901,Bluepeak Motors 01901,OEM,APAC-IN,India,132,98,23964,22800000,consignment
C-01902,Cordis Motors 01902,OEM,EMEA-E,Romania,315,98,58861,51900000,spot
C-01903,Atlas Motors 01903,OEM,SA,Brazil,359,98,53516,46800000,consignment
C-01904,Delantra Motors 01904,OEM,SA,Brazil,481,98,52427,55000000,consignment
C-01905,Bluepeak Motors 01905,OEM,APAC-SE,Vietnam,321,98,11369,35000000,consignment
C-01906,Sumida Motors 01906,OEM,APAC-IN,India,80,98,42460,52300000,spot
C-01907,Delantra Systems 01907,Tier-1,APAC-NE,South Korea,64,95,1451,1100000,LTA
C-01908,Delantra Motors 01908,OEM,EMEA-E,Turkey,268,98,49888,36000000,spot
C-01909,Sumida Distribution 01909,Aftermarket,APAC-SE,Indonesia,343,95,856,5100000,LTA
C-01910,Norvia Distribution 01910,Aftermarket,EMEA-E,Romania,97,95,1610,5300000,consignment
C-01911,Baltia Motors 01911,OEM,EMEA-W,France,42,98,19057,73900000,spot
C-01912,Orion Motors 01912,OEM,NA-MX,Mexico,119,98,12360,39400000,spot
C-01913,Delantra Motors 01913,OEM,APAC-IN,India,259,98,31160,20400000,LTA
C-01914,Vantage Motors 01914,OEM,APAC-NE,Taiwan,47,98,43573,42200000,LTA
C-01915,Orion Systems 01915,Tier-1,EMEA-W,Spain,266,95,1263,100000,consignment
C-01916,Kestrel Systems 01916,Tier-1,EMEA-W,Spain,205,95,1774,300000,spot
C-01917,Norvia Motors 01917,OEM,NA-MX,Mexico,36,98,36118,58200000,LTA
C-01918,Delantra Distribution 01918,Aftermarket,NA-US,United States,476,95,144,3800000,LTA
C-01919,Atlas Systems 01919,Tier-1,SA,Argentina,163,95,2221,5800000,consignment
C-01920,Kestrel Motors 01920,OEM,NA-MX,Mexico,372,98,21591,67000000,spot
C-01921,Delantra Motors 01921,OEM,EMEA-E,Romania,400,98,24185,67700000,LTA
C-01922,Vantage Motors 01922,OEM,SA,Argentina,31,98,30461,5100000,spot
C-01923,Sumida Distribution 01923,Aftermarket,APAC-IN,India,148,95,3570,400000,LTA
C-01924,Orion Motors 01924,OEM,NA-MX,Mexico,156,98,28250,14600000,LTA
C-01925,Delantra Motors 01925,OEM,NA-MX,Mexico,392,98,22571,18000000,spot
C-01926,Atlas Distribution 01926,Distributor,NA-US,United States,445,95,3582,600000,LTA
C-01927,Delantra Distribution 01927,Aftermarket,APAC-IN,India,369,95,3462,300000,LTA
C-01928,Norvia Systems 01928,Tier-1,NA-MX,Mexico,164,95,1876,1900000,consignment
C-01929,Sumida Distribution 01929,Distributor,EMEA-E,Czechia,483,95,388,400000,LTA
C-01930,Vantage Systems 01930,Tier-1,APAC-NE,Taiwan,162,95,3708,3700000,LTA
C-01931,Orion Systems 01931,Tier-1,NA-MX,Mexico,92,95,1630,900000,spot
C-01932,Delantra Distribution 01932,Distributor,NA-MX,Mexico,432,95,1619,2000000,LTA
C-01933,Baltia Systems 01933,Tier-1,NA-US,United States,446,95,3928,1100000,spot
C-01934,Kestrel Motors 01934,OEM,APAC-NE,Taiwan,116,98,16828,77400000,LTA
C-01935,Atlas Motors 01935,OEM,NA-US,United States,189,98,42671,2700000,LTA
C-01936,Sumida Motors 01936,OEM,NA-US,United States,159,98,27661,17200000,LTA
C-01937,Norvia Distribution 01937,Aftermarket,NA-MX,Mexico,320,95,2300,800000,consignment
C-01938,Orion Motors 01938,OEM,NA-US,United States,112,98,28639,76700000,LTA
C-01939,Sumida Motors 01939,OEM,NA-US,United States,377,98,59852,28900000,consignment
C-01940,Bluepeak Motors 01940,OEM,NA-US,United States,284,98,25305,2200000,consignment
C-01941,Cordis Distribution 01941,Aftermarket,APAC-IN,India,60,95,1836,300000,consignment
C-01942,Baltia Distribution 01942,Distributor,EMEA-W,Italy,15,95,3049,5800000,spot
C-01943,Cordis Systems 01943,Tier-1,APAC-NE,China,49,95,2962,2000000,LTA
C-01944,Orion Motors 01944,OEM,SA,Brazil,99,98,54064,58400000,consignment
C-01945,Bluepeak Motors 01945,OEM,SA,Argentina,319,98,56881,35700000,consignment
C-01946,Vantage Motors 01946,OEM,APAC-SE,Vietnam,353,98,59850,81200000,LTA
C-01947,Orion Motors 01947,OEM,APAC-IN,India,233,98,28759,26500000,consignment
C-01948,Vantage Distribution 01948,Aftermarket,NA-MX,Mexico,134,95,3750,2700000,LTA
C-01949,Sumida Distribution 01949,Distributor,NA-MX,Mexico,441,95,3477,2400000,LTA
C-01950,Cordis Distribution 01950,Distributor,EMEA-W,Germany,382,95,594,5500000,LTA
C-01951,Atlas Motors 01951,OEM,NA-MX,Mexico,318,98,48935,41100000,consignment
C-01952,Cordis Distribution 01952,Aftermarket,EMEA-W,Italy,54,95,3874,2600000,spot
C-01953,Bluepeak Distribution 01953,Aftermarket,EMEA-W,Spain,43,95,1922,2100000,LTA
C-01954,Cordis Systems 01954,Tier-1,APAC-IN,India,469,95,2622,2500000,LTA
C-01955,Kestrel Distribution 01955,Distributor,APAC-IN,India,320,95,3712,800000,consignment
C-01956,Baltia Motors 01956,OEM,APAC-NE,Taiwan,383,98,42645,70600000,consignment
C-01957,Sumida Motors 01957,OEM,SA,Brazil,253,98,24494,65200000,LTA
C-01958,Atlas Distribution 01958,Distributor,NA-MX,Mexico,463,95,572,4600000,spot
C-01959,Kestrel Motors 01959,OEM,NA-MX,Mexico,361,98,31350,37800000,consignment
C-01960,Sumida Distribution 01960,Aftermarket,NA-MX,Mexico,215,95,1243,3900000,LTA
C-01961,Norvia Systems 01961,Tier-1,EMEA-E,Turkey,205,95,1584,600000,LTA
C-01962,Norvia Motors 01962,OEM,APAC-NE,South Korea,417,98,45940,53900000,LTA
C-01963,Atlas Motors 01963,OEM,SA,Brazil,308,98,57816,68700000,LTA
C-01964,Bluepeak Systems 01964,Tier-1,APAC-NE,South Korea,221,95,1811,1000000,LTA
C-01965,Orion Motors 01965,OEM,NA-US,United States,57,98,54184,78300000,LTA
C-01966,Baltia Systems 01966,Tier-1,NA-US,United States,255,95,3939,1100000,LTA
C-01967,Norvia Motors 01967,OEM,APAC-SE,Vietnam,40,98,8606,37300000,LTA
C-01968,Baltia Distribution 01968,Aftermarket,APAC-SE,Malaysia,182,95,2046,5700000,consignment
C-01969,Kestrel Motors 01969,OEM,APAC-NE,Japan,243,98,40316,77900000,consignment
C-01970,Kestrel Motors 01970,OEM,APAC-NE,China,308,98,17626,29300000,LTA
C-01971,Vantage Motors 01971,OEM,NA-US,United States,379,98,9154,48500000,spot
C-01972,Cordis Systems 01972,Tier-1,APAC-SE,Vietnam,344,95,2652,4500000,consignment
C-01973,Norvia Motors 01973,OEM,NA-US,United States,384,98,11454,57200000,LTA
C-01974,Delantra Systems 01974,Tier-1,APAC-SE,Vietnam,297,95,2777,2800000,LTA
C-01975,Kestrel Systems 01975,Tier-1,APAC-NE,China,233,95,1280,2000000,LTA
C-01976,Atlas Distribution 01976,Aftermarket,NA-MX,Mexico,228,95,1594,3100000,spot
C-01977,Cordis Motors 01977,OEM,NA-MX,Mexico,315,98,44990,58500000,spot
C-01978,Atlas Distribution 01978,Aftermarket,NA-US,United States,192,95,61,800000,LTA
C-01979,Cordis Motors 01979,OEM,SA,Argentina,278,98,43716,69900000,LTA
C-01980,Cordis Distribution 01980,Aftermarket,EMEA-W,France,298,95,2513,4600000,LTA
C-01981,Orion Systems 01981,Tier-1,APAC-NE,Taiwan,290,95,457,1800000,spot
C-01982,Delantra Systems 01982,Tier-1,NA-US,United States,470,95,1548,4100000,LTA
C-01983,Delantra Motors 01983,OEM,EMEA-E,Romania,416,98,21193,31400000,consignment
C-01984,Atlas Distribution 01984,Distributor,EMEA-W,Italy,97,95,1390,1000000,consignment
C-01985,Baltia Motors 01985,OEM,EMEA-W,Spain,347,98,33997,62400000,consignment
C-01986,Baltia Distribution 01986,Aftermarket,NA-US,United States,340,95,1028,2200000,LTA
C-01987,Delantra Motors 01987,OEM,EMEA-W,Spain,323,98,58460,34900000,spot
C-01988,Vantage Distribution 01988,Aftermarket,APAC-NE,China,219,95,3461,3700000,consignment
C-01989,Cordis Distribution 01989,Aftermarket,APAC-SE,Thailand,332,95,1001,1500000,LTA
C-01990,Baltia Distribution 01990,Aftermarket,EMEA-E,Czechia,273,95,2347,4200000,spot
C-01991,Sumida Motors 01991,OEM,NA-MX,Mexico,162,98,12864,40600000,LTA
C-01992,Baltia Systems 01992,Tier-1,APAC-NE,South Korea,263,95,2378,2400000,LTA
C-01993,Vantage Motors 01993,OEM,EMEA-W,France,64,98,10469,10900000,spot
C-01994,Kestrel Motors 01994,OEM,APAC-IN,India,41,98,42030,16800000,LTA
C-01995,Vantage Distribution 01995,Distributor,APAC-SE,Indonesia,454,95,2060,2100000,LTA
C-01996,Bluepeak Distribution 01996,Distributor,APAC-IN,India,130,95,1629,5500000,spot
C-01997,Orion Systems 01997,Tier-1,NA-MX,Mexico,149,95,3910,2700000,LTA
C-01998,Kestrel Motors 01998,OEM,APAC-SE,Indonesia,83,98,34437,21200000,LTA
C-01999,Baltia Systems 01999,Tier-1,APAC-SE,Indonesia,154,95,3741,200000,consignment
C-02000,Sumida Motors 02000,OEM,APAC-NE,China,245,98,35166,41800000,LTA
C-02001,Sumida Motors 02001,OEM,APAC-IN,India,493,98,32163,37900000,LTA
C-02002,Baltia Motors 02002,OEM,EMEA-E,Poland,337,98,52230,52600000,consignment
C-02003,Cordis Motors 02003,OEM,NA-US,United States,265,98,20939,31800000,spot
C-02004,Bluepeak Motors 02004,OEM,APAC-IN,India,219,98,11417,49900000,consignment
C-02005,Delantra Systems 02005,Tier-1,APAC-NE,China,446,95,2587,600000,LTA
C-02006,Bluepeak Motors 02006,OEM,APAC-SE,Vietnam,446,98,32928,78400000,spot
C-02007,Baltia Distribution 02007,Distributor,APAC-SE,Vietnam,254,95,1872,2800000,LTA
C-02008,Delantra Distribution 02008,Aftermarket,APAC-IN,India,356,95,414,2400000,LTA
C-02009,Bluepeak Distribution 02009,Distributor,NA-US,United States,69,95,2265,600000,consignment
C-02010,Cordis Distribution 02010,Distributor,NA-US,United States,369,95,2386,3500000,consignment
C-02011,Baltia Distribution 02011,Distributor,APAC-SE,Malaysia,15,95,1546,1800000,consignment
C-02012,Bluepeak Motors 02012,OEM,APAC-SE,Vietnam,132,98,59883,68900000,LTA
C-02013,Delantra Motors 02013,OEM,SA,Brazil,92,98,22701,12800000,spot
C-02014,Bluepeak Motors 02014,OEM,APAC-SE,Vietnam,396,98,11814,24500000,LTA
C-02015,Orion Distribution 02015,Aftermarket,APAC-IN,India,24,95,313,3700000,consignment
C-02016,Atlas Distribution 02016,Distributor,EMEA-E,Poland,11,95,3808,900000,LTA
C-02017,Cordis Distribution 02017,Aftermarket,EMEA-W,Italy,61,95,3163,1200000,LTA
C-02018,Kestrel Distribution 02018,Distributor,EMEA-E,Romania,109,95,683,1000000,spot
C-02019,Orion Systems 02019,Tier-1,NA-MX,Mexico,171,95,3369,5600000,spot
C-02020,Sumida Systems 02020,Tier-1,APAC-SE,Malaysia,229,95,2036,1200000,LTA
C-02021,Cordis Distribution 02021,Aftermarket,EMEA-E,Turkey,68,95,2361,4900000,LTA
C-02022,Sumida Motors 02022,OEM,APAC-NE,Japan,177,98,41321,5000000,spot
C-02023,Baltia Distribution 02023,Distributor,EMEA-W,Germany,226,95,1823,2500000,spot
C-02024,Baltia Motors 02024,OEM,NA-US,United States,462,98,54265,50500000,spot
C-02025,Orion Systems 02025,Tier-1,EMEA-W,France,188,95,287,5100000,LTA
C-02026,Vantage Systems 02026,Tier-1,SA,Argentina,145,95,2718,2400000,consignment
C-02027,Delantra Distribution 02027,Distributor,EMEA-W,Italy,450,95,1807,2000000,spot
C-02028,Kestrel Motors 02028,OEM,APAC-NE,South Korea,390,98,53108,83700000,spot
C-02029,Norvia Systems 02029,Tier-1,APAC-NE,Taiwan,66,95,1507,1700000,LTA
C-02030,Vantage Motors 02030,OEM,EMEA-W,Italy,52,98,25006,87000000,consignment
C-02031,Atlas Systems 02031,Tier-1,EMEA-W,Italy,404,95,1820,3000000,LTA
C-02032,Cordis Motors 02032,OEM,NA-MX,Mexico,164,98,13833,45300000,spot
C-02033,Norvia Distribution 02033,Aftermarket,NA-MX,Mexico,124,95,2228,4900000,LTA
C-02034,Delantra Motors 02034,OEM,APAC-SE,Vietnam,484,98,24006,47100000,LTA
C-02035,Cordis Distribution 02035,Distributor,EMEA-W,Germany,352,95,2330,3000000,LTA
C-02036,Sumida Systems 02036,Tier-1,APAC-NE,Taiwan,292,95,1596,3700000,LTA
C-02037,Orion Motors 02037,OEM,NA-MX,Mexico,480,98,46549,11500000,spot
C-02038,Sumida Motors 02038,OEM,APAC-IN,India,87,98,46953,88000000,spot
C-02039,Kestrel Motors 02039,OEM,NA-MX,Mexico,383,98,54929,59200000,LTA
C-02040,Cordis Distribution 02040,Distributor,APAC-SE,Indonesia,450,95,2829,5300000,spot
C-02041,Orion Distribution 02041,Distributor,APAC-NE,Japan,13,95,1801,700000,LTA
C-02042,Vantage Systems 02042,Tier-1,APAC-SE,Malaysia,340,95,3327,5500000,LTA
C-02043,Delantra Motors 02043,OEM,NA-US,United States,160,98,59165,82900000,LTA
C-02044,Atlas Motors 02044,OEM,APAC-NE,South Korea,171,98,47760,42600000,LTA
C-02045,Kestrel Distribution 02045,Aftermarket,NA-US,United States,481,95,3049,5400000,spot
C-02046,Cordis Distribution 02046,Aftermarket,APAC-NE,Japan,428,95,3924,1400000,LTA
C-02047,Atlas Distribution 02047,Aftermarket,APAC-SE,Indonesia,302,95,1746,2900000,LTA
C-02048,Bluepeak Motors 02048,OEM,SA,Brazil,410,98,34907,68300000,LTA
C-02049,Cordis Systems 02049,Tier-1,EMEA-E,Czechia,16,95,3292,3300000,LTA
C-02050,Atlas Motors 02050,OEM,NA-MX,Mexico,368,98,35269,25500000,LTA
C-02051,Bluepeak Distribution 02051,Aftermarket,NA-MX,Mexico,486,95,2422,1100000,spot
C-02052,Bluepeak Distribution 02052,Aftermarket,APAC-IN,India,123,95,1638,2200000,spot
C-02053,Delantra Motors 02053,OEM,EMEA-W,Italy,490,98,16396,69800000,consignment
C-02054,Sumida Distribution 02054,Distributor,EMEA-E,Poland,105,95,196,1100000,LTA
C-02055,Orion Distribution 02055,Aftermarket,APAC-IN,India,152,95,1064,5200000,LTA
C-02056,Sumida Distribution 02056,Distributor,APAC-SE,Thailand,107,95,157,2100000,consignment
C-02057,Cordis Distribution 02057,Distributor,SA,Argentina,336,95,1708,1700000,spot
C-02058,Delantra Distribution 02058,Distributor,EMEA-W,Germany,491,95,3914,3500000,consignment
C-02059,Delantra Motors 02059,OEM,NA-MX,Mexico,341,98,27015,37900000,spot
C-02060,Orion Distribution 02060,Aftermarket,APAC-IN,India,374,95,2847,5300000,consignment
C-02061,Delantra Motors 02061,OEM,EMEA-E,Romania,257,98,31842,4900000,LTA
C-02062,Bluepeak Motors 02062,OEM,EMEA-W,France,246,98,16954,56800000,spot
C-02063,Sumida Motors 02063,OEM,SA,Argentina,297,98,6969,57400000,spot
C-02064,Delantra Systems 02064,Tier-1,EMEA-W,France,369,95,942,700000,LTA
C-02065,Atlas Motors 02065,OEM,EMEA-E,Poland,274,98,32967,32000000,LTA
C-02066,Norvia Motors 02066,OEM,NA-MX,Mexico,175,98,58265,23000000,consignment
C-02067,Orion Systems 02067,Tier-1,APAC-SE,Thailand,103,95,584,5900000,consignment
C-02068,Baltia Systems 02068,Tier-1,SA,Argentina,88,95,1716,2400000,LTA
C-02069,Cordis Systems 02069,Tier-1,APAC-SE,Indonesia,354,95,1605,4000000,consignment
C-02070,Delantra Motors 02070,OEM,APAC-IN,India,438,98,19776,73000000,consignment
C-02071,Kestrel Systems 02071,Tier-1,EMEA-W,Germany,36,95,2453,300000,consignment
C-02072,Kestrel Systems 02072,Tier-1,EMEA-W,France,115,95,638,5000000,spot
C-02073,Kestrel Distribution 02073,Distributor,EMEA-E,Poland,213,95,2473,1700000,consignment
C-02074,Sumida Distribution 02074,Distributor,NA-US,United States,175,95,244,500000,LTA
C-02075,Sumida Motors 02075,OEM,APAC-SE,Vietnam,82,98,18943,85600000,LTA
C-02076,Bluepeak Distribution 02076,Distributor,SA,Brazil,95,95,3794,800000,LTA
C-02077,Atlas Motors 02077,OEM,APAC-NE,China,250,98,57562,77800000,spot
C-02078,Orion Motors 02078,OEM,EMEA-W,Italy,468,98,50670,40300000,LTA
C-02079,Vantage Distribution 02079,Distributor,APAC-IN,India,85,95,3622,2500000,LTA
C-02080,Vantage Distribution 02080,Distributor,APAC-SE,Vietnam,68,95,544,4100000,LTA
C-02081,Kestrel Systems 02081,Tier-1,APAC-SE,Indonesia,185,95,1701,4000000,LTA
C-02082,Atlas Motors 02082,OEM,APAC-IN,India,358,98,48930,41500000,LTA
C-02083,Baltia Systems 02083,Tier-1,SA,Brazil,57,95,2319,4400000,consignment
C-02084,Vantage Systems 02084,Tier-1,NA-MX,Mexico,224,95,2445,1000000,consignment
C-02085,Sumida Systems 02085,Tier-1,NA-US,United States,302,95,736,4200000,spot
C-02086,Delantra Systems 02086,Tier-1,APAC-IN,India,111,95,2748,4600000,LTA
C-02087,Kestrel Distribution 02087,Distributor,APAC-SE,Malaysia,151,95,2690,3400000,spot
C-02088,Norvia Systems 02088,Tier-1,NA-US,United States,89,95,402,1400000,LTA
C-02089,Orion Distribution 02089,Aftermarket,NA-MX,Mexico,390,95,2119,4000000,consignment
C-02090,Orion Distribution 02090,Distributor,NA-MX,Mexico,475,95,145,1700000,consignment
C-02091,Cordis Distribution 02091,Distributor,APAC-SE,Malaysia,289,95,961,3200000,spot
C-02092,Cordis Distribution 02092,Distributor,APAC-NE,China,66,95,98,3700000,consignment
C-02093,Bluepeak Motors 02093,OEM,EMEA-E,Turkey,313,98,57612,54700000,consignment
C-02094,Kestrel Systems 02094,Tier-1,EMEA-E,Czechia,382,95,372,4000000,LTA
C-02095,Baltia Distribution 02095,Aftermarket,NA-US,United States,442,95,1356,3300000,consignment
C-02096,Bluepeak Distribution 02096,Aftermarket,APAC-NE,South Korea,430,95,3645,3500000,spot
C-02097,Kestrel Distribution 02097,Aftermarket,EMEA-W,France,242,95,1099,3500000,LTA
C-02098,Delantra Motors 02098,OEM,EMEA-E,Poland,429,98,19061,12800000,LTA
C-02099,Orion Motors 02099,OEM,EMEA-E,Turkey,79,98,28252,6400000,LTA
C-02100,Norvia Distribution 02100,Aftermarket,APAC-SE,Indonesia,237,95,1502,3500000,spot
C-02101,Sumida Distribution 02101,Distributor,NA-US,United States,55,95,3170,5600000,LTA
C-02102,Sumida Motors 02102,OEM,APAC-IN,India,389,98,9675,57500000,LTA
C-02103,Delantra Motors 02103,OEM,APAC-IN,India,220,98,49427,7400000,spot
C-02104,Cordis Motors 02104,OEM,APAC-IN,India,54,98,41361,32700000,consignment
C-02105,Orion Systems 02105,Tier-1,SA,Argentina,366,95,2237,2900000,LTA
C-02106,Vantage Motors 02106,OEM,APAC-IN,India,65,98,53200,24300000,LTA
C-02107,Norvia Distribution 02107,Aftermarket,NA-US,United States,252,95,790,5800000,LTA
C-02108,Norvia Distribution 02108,Aftermarket,EMEA-W,France,196,95,2970,1500000,LTA
C-02109,Orion Systems 02109,Tier-1,APAC-IN,India,277,95,2692,3400000,LTA
C-02110,Cordis Distribution 02110,Aftermarket,NA-MX,Mexico,49,95,3177,5800000,spot
C-02111,Baltia Distribution 02111,Distributor,NA-MX,Mexico,286,95,1084,800000,spot
C-02112,Bluepeak Systems 02112,Tier-1,EMEA-E,Turkey,334,95,3968,5000000,LTA
C-02113,Vantage Distribution 02113,Distributor,NA-MX,Mexico,176,95,2599,4300000,LTA
C-02114,Cordis Motors 02114,OEM,APAC-NE,South Korea,426,98,36314,62900000,consignment
C-02115,Cordis Systems 02115,Tier-1,APAC-SE,Vietnam,243,95,1328,2700000,LTA
C-02116,Bluepeak Distribution 02116,Distributor,EMEA-W,Germany,485,95,1630,5800000,consignment
C-02117,Bluepeak Motors 02117,OEM,EMEA-W,Spain,288,98,51969,39400000,LTA
C-02118,Cordis Motors 02118,OEM,EMEA-E,Poland,372,98,46749,63900000,LTA
C-02119,Kestrel Distribution 02119,Aftermarket,NA-US,United States,67,95,94,3300000,consignment
C-02120,Atlas Distribution 02120,Aftermarket,NA-MX,Mexico,437,95,1620,5800000,consignment
C-02121,Baltia Distribution 02121,Aftermarket,SA,Argentina,354,95,3977,2800000,LTA
C-02122,Norvia Distribution 02122,Aftermarket,NA-MX,Mexico,106,95,2276,1800000,LTA
C-02123,Kestrel Distribution 02123,Distributor,EMEA-W,France,94,95,408,5300000,consignment
C-02124,Norvia Distribution 02124,Aftermarket,NA-US,United States,65,95,679,1800000,LTA
C-02125,Delantra Systems 02125,Tier-1,NA-US,United States,438,95,2712,700000,LTA
C-02126,Orion Systems 02126,Tier-1,NA-MX,Mexico,301,95,952,4600000,spot
C-02127,Bluepeak Motors 02127,OEM,SA,Argentina,102,98,20171,51700000,LTA
C-02128,Kestrel Distribution 02128,Aftermarket,APAC-IN,India,44,95,2300,2700000,spot
C-02129,Kestrel Distribution 02129,Distributor,NA-US,United States,432,95,131,1800000,LTA
C-02130,Atlas Systems 02130,Tier-1,SA,Brazil,427,95,3943,4800000,LTA
C-02131,Sumida Motors 02131,OEM,EMEA-W,Italy,478,98,10779,21200000,spot
C-02132,Baltia Motors 02132,OEM,APAC-NE,China,18,98,41175,11500000,LTA
C-02133,Vantage Distribution 02133,Distributor,EMEA-E,Czechia,186,95,1547,2300000,spot
C-02134,Vantage Systems 02134,Tier-1,APAC-IN,India,423,95,2085,5900000,consignment
C-02135,Baltia Distribution 02135,Distributor,APAC-NE,South Korea,105,95,3861,2100000,spot
C-02136,Orion Motors 02136,OEM,NA-MX,Mexico,115,98,41402,71000000,consignment
C-02137,Cordis Distribution 02137,Aftermarket,APAC-SE,Thailand,295,95,50,5000000,consignment
C-02138,Vantage Systems 02138,Tier-1,APAC-IN,India,326,95,471,5300000,spot
C-02139,Orion Distribution 02139,Aftermarket,EMEA-E,Turkey,284,95,287,4500000,spot
C-02140,Orion Motors 02140,OEM,APAC-NE,South Korea,396,98,40238,52600000,LTA
C-02141,Norvia Distribution 02141,Aftermarket,APAC-IN,India,91,95,3739,4500000,LTA
C-02142,Vantage Systems 02142,Tier-1,SA,Brazil,297,95,978,900000,consignment
C-02143,Sumida Motors 02143,OEM,APAC-IN,India,474,98,36309,55000000,LTA
C-02144,Kestrel Distribution 02144,Distributor,APAC-NE,South Korea,229,95,2493,2200000,spot
C-02145,Vantage Motors 02145,OEM,EMEA-E,Poland,206,98,48890,13000000,spot
C-02146,Vantage Motors 02146,OEM,APAC-SE,Malaysia,58,98,47105,22900000,spot
C-02147,Kestrel Systems 02147,Tier-1,EMEA-W,Spain,76,95,2720,3000000,LTA
C-02148,Kestrel Motors 02148,OEM,NA-US,United States,495,98,23846,27200000,spot
C-02149,Cordis Distribution 02149,Aftermarket,EMEA-W,France,377,95,3200,200000,spot
C-02150,Sumida Motors 02150,OEM,NA-MX,Mexico,207,98,43482,14700000,spot
C-02151,Atlas Distribution 02151,Distributor,NA-US,United States,356,95,3673,700000,LTA
C-02152,Bluepeak Distribution 02152,Distributor,APAC-IN,India,326,95,2109,3100000,spot
C-02153,Atlas Motors 02153,OEM,EMEA-E,Turkey,354,98,42626,38700000,spot
C-02154,Cordis Distribution 02154,Aftermarket,NA-MX,Mexico,493,95,2168,4100000,LTA
C-02155,Kestrel Distribution 02155,Aftermarket,APAC-NE,South Korea,164,95,1461,5300000,LTA
C-02156,Orion Systems 02156,Tier-1,SA,Argentina,111,95,3016,1800000,LTA
C-02157,Orion Motors 02157,OEM,NA-MX,Mexico,468,98,48866,86900000,LTA
C-02158,Orion Motors 02158,OEM,EMEA-W,Spain,455,98,13204,83100000,spot
C-02159,Bluepeak Distribution 02159,Aftermarket,APAC-NE,China,129,95,28,1900000,LTA
C-02160,Delantra Distribution 02160,Aftermarket,APAC-IN,India,495,95,3459,3100000,spot
C-02161,Atlas Motors 02161,OEM,SA,Argentina,388,98,16515,51700000,LTA
C-02162,Orion Motors 02162,OEM,APAC-IN,India,453,98,15251,9800000,LTA
C-02163,Atlas Systems 02163,Tier-1,EMEA-W,Spain,146,95,541,1400000,consignment
C-02164,Bluepeak Motors 02164,OEM,APAC-NE,Japan,306,98,56939,19000000,consignment
C-02165,Orion Distribution 02165,Distributor,NA-MX,Mexico,490,95,3570,4300000,LTA
C-02166,Delantra Distribution 02166,Distributor,APAC-SE,Indonesia,165,95,549,3700000,LTA
C-02167,Atlas Distribution 02167,Distributor,NA-MX,Mexico,453,95,3237,4900000,spot
C-02168,Bluepeak Systems 02168,Tier-1,APAC-NE,China,267,95,3449,4500000,spot
C-02169,Cordis Distribution 02169,Distributor,NA-US,United States,430,95,3872,4000000,spot
C-02170,Kestrel Motors 02170,OEM,NA-MX,Mexico,414,98,53201,54700000,consignment
C-02171,Baltia Systems 02171,Tier-1,EMEA-E,Romania,404,95,1525,2400000,LTA
C-02172,Norvia Distribution 02172,Distributor,SA,Brazil,253,95,1499,900000,spot
C-02173,Kestrel Motors 02173,OEM,NA-MX,Mexico,325,98,5617,39000000,LTA
C-02174,Norvia Distribution 02174,Distributor,NA-MX,Mexico,499,95,3214,3500000,LTA
C-02175,Norvia Systems 02175,Tier-1,APAC-IN,India,340,95,346,400000,LTA
C-02176,Orion Motors 02176,OEM,APAC-NE,Japan,364,98,48629,64300000,consignment
C-02177,Sumida Distribution 02177,Aftermarket,EMEA-W,Germany,127,95,1688,3500000,LTA
C-02178,Cordis Motors 02178,OEM,EMEA-W,Germany,334,98,34735,53100000,LTA
C-02179,Cordis Motors 02179,OEM,APAC-NE,Taiwan,180,98,42989,21200000,LTA
C-02180,Kestrel Systems 02180,Tier-1,SA,Brazil,452,95,842,6000000,LTA
C-02181,Sumida Systems 02181,Tier-1,APAC-IN,India,128,95,3419,5000000,LTA
C-02182,Norvia Distribution 02182,Aftermarket,NA-US,United States,38,95,773,3000000,spot
C-02183,Delantra Systems 02183,Tier-1,APAC-NE,Taiwan,126,95,819,4700000,spot
C-02184,Delantra Distribution 02184,Distributor,APAC-NE,Japan,31,95,1171,600000,spot
C-02185,Cordis Systems 02185,Tier-1,APAC-SE,Malaysia,151,95,2857,3200000,LTA
C-02186,Vantage Motors 02186,OEM,EMEA-W,Germany,421,98,14422,66800000,spot
C-02187,Atlas Motors 02187,OEM,APAC-SE,Malaysia,54,98,41286,22000000,consignment
C-02188,Delantra Distribution 02188,Aftermarket,APAC-IN,India,66,95,2534,1600000,spot
C-02189,Baltia Distribution 02189,Distributor,SA,Brazil,360,95,2844,4800000,spot
C-02190,Norvia Distribution 02190,Aftermarket,NA-US,United States,437,95,2295,2100000,spot
C-02191,Delantra Motors 02191,OEM,EMEA-W,Spain,31,98,56941,54300000,LTA
C-02192,Norvia Distribution 02192,Distributor,SA,Argentina,254,95,2673,4800000,consignment
C-02193,Kestrel Motors 02193,OEM,SA,Argentina,267,98,31460,60700000,LTA
C-02194,Delantra Motors 02194,OEM,SA,Brazil,423,98,12509,15800000,LTA
C-02195,Orion Motors 02195,OEM,EMEA-E,Turkey,15,98,43829,9000000,consignment
C-02196,Cordis Motors 02196,OEM,APAC-NE,China,135,98,13492,25900000,LTA
C-02197,Baltia Motors 02197,OEM,SA,Argentina,344,98,19707,79400000,LTA
C-02198,Baltia Distribution 02198,Distributor,NA-MX,Mexico,343,95,2970,3500000,LTA
C-02199,Bluepeak Systems 02199,Tier-1,APAC-IN,India,188,95,1252,3800000,spot
C-02200,Norvia Distribution 02200,Aftermarket,SA,Brazil,114,95,847,500000,consignment
C-02201,Atlas Motors 02201,OEM,SA,Argentina,348,98,41525,54600000,consignment
C-02202,Baltia Motors 02202,OEM,NA-MX,Mexico,398,98,32109,35600000,LTA
C-02203,Vantage Motors 02203,OEM,SA,Brazil,471,98,53443,18400000,LTA
C-02204,Baltia Distribution 02204,Distributor,NA-US,United States,425,95,3705,1300000,consignment
C-02205,Delantra Motors 02205,OEM,EMEA-W,Germany,263,98,28268,79300000,LTA
C-02206,Norvia Motors 02206,OEM,APAC-NE,China,69,98,23852,10400000,spot
C-02207,Atlas Systems 02207,Tier-1,SA,Brazil,186,95,1435,5800000,LTA
C-02208,Bluepeak Distribution 02208,Aftermarket,SA,Brazil,496,95,2058,3200000,consignment
C-02209,Norvia Distribution 02209,Aftermarket,SA,Argentina,403,95,1292,5800000,LTA
C-02210,Baltia Systems 02210,Tier-1,EMEA-E,Poland,498,95,1192,2800000,spot
C-02211,Kestrel Motors 02211,OEM,APAC-SE,Thailand,322,98,42498,24700000,spot
C-02212,Baltia Systems 02212,Tier-1,APAC-SE,Thailand,188,95,220,800000,LTA
C-02213,Orion Systems 02213,Tier-1,APAC-IN,India,205,95,406,2600000,LTA
C-02214,Atlas Systems 02214,Tier-1,SA,Brazil,408,95,699,2300000,spot
C-02215,Bluepeak Distribution 02215,Distributor,APAC-IN,India,79,95,3929,2000000,LTA
C-02216,Sumida Systems 02216,Tier-1,EMEA-W,France,441,95,3108,1200000,spot
C-02217,Orion Motors 02217,OEM,APAC-SE,Thailand,116,98,29684,3400000,spot
C-02218,Bluepeak Motors 02218,OEM,EMEA-W,France,264,98,55751,4900000,LTA
C-02219,Vantage Motors 02219,OEM,APAC-SE,Vietnam,417,98,52597,78700000,consignment
C-02220,Baltia Distribution 02220,Distributor,APAC-IN,India,405,95,3658,300000,LTA
C-02221,Vantage Distribution 02221,Distributor,NA-US,United States,195,95,255,3100000,spot
C-02222,Atlas Motors 02222,OEM,EMEA-W,Spain,456,98,32974,43400000,consignment
C-02223,Cordis Motors 02223,OEM,EMEA-E,Poland,417,98,46162,49200000,LTA
C-02224,Bluepeak Motors 02224,OEM,APAC-NE,South Korea,362,98,11759,55000000,spot
C-02225,Atlas Motors 02225,OEM,EMEA-E,Czechia,350,98,47614,15500000,LTA
C-02226,Delantra Distribution 02226,Aftermarket,APAC-NE,Taiwan,376,95,1457,2200000,LTA
C-02227,Orion Distribution 02227,Distributor,APAC-SE,Vietnam,157,95,1037,200000,LTA
C-02228,Kestrel Distribution 02228,Aftermarket,NA-US,United States,135,95,1827,300000,spot
C-02229,Atlas Distribution 02229,Distributor,EMEA-E,Czechia,227,95,2879,600000,consignment
C-02230,Baltia Distribution 02230,Aftermarket,APAC-IN,India,337,95,1585,800000,LTA
C-02231,Vantage Motors 02231,OEM,APAC-NE,Taiwan,318,98,43543,16600000,spot
C-02232,Atlas Motors 02232,OEM,SA,Argentina,360,98,55133,78800000,LTA
C-02233,Atlas Systems 02233,Tier-1,APAC-NE,South Korea,238,95,2362,3100000,LTA
C-02234,Kestrel Distribution 02234,Aftermarket,NA-US,United States,470,95,2233,2400000,consignment
C-02235,Atlas Motors 02235,OEM,APAC-NE,Taiwan,467,98,36631,65200000,LTA
C-02236,Bluepeak Motors 02236,OEM,NA-US,United States,224,98,33932,25200000,consignment
C-02237,Baltia Motors 02237,OEM,APAC-SE,Thailand,292,98,56741,56800000,spot
C-02238,Orion Motors 02238,OEM,NA-US,United States,497,98,59172,70500000,LTA
C-02239,Cordis Distribution 02239,Distributor,APAC-NE,Taiwan,437,95,689,200000,LTA
C-02240,Norvia Motors 02240,OEM,APAC-SE,Malaysia,13,98,7731,64800000,spot
C-02241,Orion Distribution 02241,Distributor,NA-US,United States,149,95,2214,3000000,LTA
C-02242,Orion Motors 02242,OEM,APAC-IN,India,403,98,42993,79600000,spot
C-02243,Baltia Motors 02243,OEM,NA-US,United States,392,98,17128,44800000,LTA
C-02244,Orion Distribution 02244,Aftermarket,APAC-SE,Thailand,149,95,680,100000,consignment
C-02245,Norvia Distribution 02245,Distributor,EMEA-E,Poland,412,95,3495,3800000,consignment
C-02246,Orion Motors 02246,OEM,NA-US,United States,25,98,50570,64800000,spot
C-02247,Sumida Systems 02247,Tier-1,NA-MX,Mexico,57,95,2395,4700000,consignment
C-02248,Kestrel Motors 02248,OEM,EMEA-E,Czechia,117,98,21757,48600000,spot
C-02249,Atlas Motors 02249,OEM,NA-MX,Mexico,253,98,32606,34900000,consignment
C-02250,Norvia Motors 02250,OEM,NA-MX,Mexico,32,98,33165,34500000,LTA
C-02251,Sumida Motors 02251,OEM,APAC-NE,Taiwan,71,98,11166,89400000,LTA
C-02252,Orion Distribution 02252,Aftermarket,NA-MX,Mexico,257,95,3815,4900000,spot
C-02253,Kestrel Distribution 02253,Aftermarket,EMEA-W,Spain,178,95,3006,1400000,LTA
C-02254,Delantra Systems 02254,Tier-1,EMEA-W,Spain,352,95,804,300000,spot
C-02255,Vantage Motors 02255,OEM,SA,Brazil,58,98,23174,43700000,LTA
C-02256,Sumida Motors 02256,OEM,EMEA-W,Italy,23,98,38917,43600000,LTA
C-02257,Vantage Motors 02257,OEM,APAC-IN,India,59,98,19697,74600000,spot
C-02258,Bluepeak Distribution 02258,Aftermarket,APAC-NE,South Korea,473,95,2592,1900000,consignment
C-02259,Baltia Motors 02259,OEM,APAC-IN,India,280,98,31829,52000000,consignment
C-02260,Norvia Motors 02260,OEM,APAC-IN,India,76,98,19883,41600000,LTA
C-02261,Delantra Motors 02261,OEM,EMEA-E,Poland,250,98,43888,72500000,spot
C-02262,Delantra Distribution 02262,Aftermarket,APAC-SE,Thailand,141,95,1634,4700000,spot
C-02263,Delantra Motors 02263,OEM,NA-MX,Mexico,13,98,29522,12100000,consignment
C-02264,Bluepeak Motors 02264,OEM,EMEA-W,Italy,363,98,27614,46400000,consignment
C-02265,Orion Distribution 02265,Aftermarket,NA-MX,Mexico,409,95,1946,3000000,consignment
C-02266,Baltia Distribution 02266,Distributor,APAC-IN,India,455,95,3653,500000,spot
C-02267,Delantra Distribution 02267,Distributor,APAC-IN,India,495,95,2877,4800000,LTA
C-02268,Cordis Motors 02268,OEM,APAC-IN,India,63,98,41088,8900000,consignment
C-02269,Baltia Systems 02269,Tier-1,APAC-NE,Japan,432,95,2339,2600000,LTA
C-02270,Baltia Distribution 02270,Distributor,EMEA-E,Romania,462,95,407,5900000,consignment
C-02271,Delantra Distribution 02271,Aftermarket,NA-US,United States,172,95,2253,1500000,LTA
C-02272,Norvia Distribution 02272,Aftermarket,EMEA-W,Spain,386,95,3646,2800000,LTA
C-02273,Bluepeak Motors 02273,OEM,EMEA-W,Spain,74,98,27808,52200000,spot
C-02274,Baltia Motors 02274,OEM,EMEA-W,France,27,98,39236,8500000,spot
C-02275,Vantage Distribution 02275,Aftermarket,EMEA-W,France,401,95,497,200000,LTA
C-02276,Norvia Motors 02276,OEM,APAC-IN,India,411,98,10487,22600000,spot
C-02277,Vantage Systems 02277,Tier-1,NA-US,United States,188,95,3015,3100000,LTA
C-02278,Atlas Motors 02278,OEM,EMEA-W,Italy,167,98,37401,59200000,LTA
C-02279,Sumida Distribution 02279,Aftermarket,SA,Brazil,27,95,2613,2700000,consignment
C-02280,Orion Motors 02280,OEM,APAC-IN,India,193,98,29821,10600000,consignment
C-02281,Kestrel Motors 02281,OEM,APAC-NE,Taiwan,199,98,45586,31200000,consignment
C-02282,Norvia Systems 02282,Tier-1,NA-US,United States,343,95,3621,4900000,spot
C-02283,Vantage Motors 02283,OEM,SA,Brazil,407,98,47890,4500000,LTA
C-02284,Orion Motors 02284,OEM,SA,Argentina,341,98,24665,83600000,consignment
C-02285,Vantage Motors 02285,OEM,APAC-NE,South Korea,143,98,55575,33800000,LTA
C-02286,Atlas Motors 02286,OEM,APAC-SE,Vietnam,85,98,13140,89600000,LTA
C-02287,Delantra Motors 02287,OEM,APAC-NE,Taiwan,300,98,51840,2100000,consignment
C-02288,Cordis Systems 02288,Tier-1,SA,Argentina,34,95,3149,1200000,consignment
C-02289,Vantage Motors 02289,OEM,EMEA-W,Italy,409,98,26183,66000000,LTA
C-02290,Norvia Motors 02290,OEM,NA-MX,Mexico,17,98,5881,78200000,LTA
C-02291,Cordis Distribution 02291,Aftermarket,APAC-NE,Japan,210,95,1335,2800000,LTA
C-02292,Vantage Motors 02292,OEM,SA,Brazil,341,98,19555,62900000,LTA
C-02293,Bluepeak Distribution 02293,Aftermarket,APAC-NE,China,158,95,3752,4300000,LTA
C-02294,Baltia Motors 02294,OEM,APAC-NE,Japan,359,98,23624,31900000,LTA
C-02295,Bluepeak Motors 02295,OEM,APAC-IN,India,35,98,19957,34900000,LTA
C-02296,Bluepeak Distribution 02296,Distributor,EMEA-E,Czechia,91,95,1644,3500000,LTA
C-02297,Atlas Motors 02297,OEM,NA-MX,Mexico,315,98,23759,83100000,LTA
C-02298,Bluepeak Distribution 02298,Aftermarket,APAC-IN,India,299,95,2593,600000,LTA
C-02299,Cordis Distribution 02299,Aftermarket,APAC-NE,South Korea,292,95,3272,2800000,LTA
C-02300,Bluepeak Distribution 02300,Aftermarket,EMEA-W,Italy,480,95,191,4000000,spot
C-02301,Delantra Systems 02301,Tier-1,APAC-SE,Vietnam,335,95,2503,1800000,LTA
C-02302,Kestrel Distribution 02302,Distributor,NA-MX,Mexico,230,95,1262,1500000,spot
C-02303,Orion Motors 02303,OEM,NA-MX,Mexico,61,98,49963,72100000,LTA
C-02304,Baltia Motors 02304,OEM,APAC-NE,China,266,98,52444,16500000,consignment
C-02305,Kestrel Distribution 02305,Aftermarket,EMEA-E,Romania,30,95,1834,5300000,spot
C-02306,Atlas Distribution 02306,Distributor,EMEA-W,Italy,451,95,985,3300000,consignment
C-02307,Atlas Motors 02307,OEM,EMEA-E,Czechia,485,98,30329,25000000,LTA
C-02308,Orion Motors 02308,OEM,APAC-NE,Japan,193,98,40085,55400000,spot
C-02309,Atlas Motors 02309,OEM,EMEA-W,Spain,72,98,36606,39400000,consignment
C-02310,Cordis Systems 02310,Tier-1,NA-US,United States,276,95,564,3500000,spot
C-02311,Cordis Systems 02311,Tier-1,APAC-IN,India,77,95,3977,5100000,LTA
C-02312,Cordis Motors 02312,OEM,NA-US,United States,455,98,7309,12300000,spot
C-02313,Kestrel Distribution 02313,Distributor,NA-MX,Mexico,203,95,1084,5300000,consignment
C-02314,Norvia Distribution 02314,Aftermarket,NA-MX,Mexico,473,95,1271,3900000,LTA
C-02315,Kestrel Motors 02315,OEM,SA,Argentina,487,98,32409,61000000,LTA
C-02316,Delantra Systems 02316,Tier-1,APAC-NE,Taiwan,30,95,3930,300000,LTA
C-02317,Norvia Distribution 02317,Distributor,SA,Brazil,50,95,3854,3300000,LTA
C-02318,Baltia Distribution 02318,Aftermarket,EMEA-E,Turkey,231,95,386,3400000,spot
C-02319,Atlas Systems 02319,Tier-1,APAC-SE,Thailand,157,95,2893,5800000,spot
C-02320,Kestrel Motors 02320,OEM,NA-US,United States,335,98,33717,72800000,consignment
C-02321,Bluepeak Distribution 02321,Aftermarket,SA,Brazil,87,95,3222,1000000,spot
C-02322,Baltia Motors 02322,OEM,EMEA-E,Turkey,396,98,46063,16400000,spot
C-02323,Bluepeak Motors 02323,OEM,EMEA-W,Italy,388,98,59429,62700000,spot
C-02324,Baltia Motors 02324,OEM,NA-MX,Mexico,456,98,24684,20800000,spot
C-02325,Sumida Distribution 02325,Distributor,SA,Brazil,307,95,1479,4700000,LTA
C-02326,Baltia Motors 02326,OEM,NA-MX,Mexico,249,98,59788,73500000,LTA
C-02327,Bluepeak Distribution 02327,Distributor,NA-MX,Mexico,289,95,610,600000,spot
C-02328,Vantage Motors 02328,OEM,NA-MX,Mexico,128,98,52374,82300000,consignment
C-02329,Delantra Motors 02329,OEM,APAC-IN,India,21,98,26655,36800000,consignment
C-02330,Delantra Distribution 02330,Aftermarket,SA,Argentina,73,95,419,2300000,consignment
C-02331,Bluepeak Systems 02331,Tier-1,APAC-SE,Vietnam,206,95,2505,400000,spot
C-02332,Bluepeak Distribution 02332,Aftermarket,NA-MX,Mexico,172,95,2730,1600000,LTA
C-02333,Baltia Motors 02333,OEM,EMEA-E,Romania,266,98,37113,46200000,LTA
C-02334,Kestrel Distribution 02334,Distributor,EMEA-E,Czechia,194,95,1993,2800000,spot
C-02335,Atlas Distribution 02335,Distributor,SA,Brazil,407,95,1886,1100000,LTA
C-02336,Cordis Systems 02336,Tier-1,NA-US,United States,390,95,3664,3100000,spot
C-02337,Delantra Motors 02337,OEM,APAC-NE,China,480,98,31770,30000000,LTA
C-02338,Kestrel Systems 02338,Tier-1,EMEA-W,Spain,427,95,3863,100000,LTA
C-02339,Kestrel Distribution 02339,Aftermarket,EMEA-E,Romania,409,95,2186,4900000,spot
C-02340,Vantage Systems 02340,Tier-1,NA-US,United States,308,95,3314,1300000,consignment
C-02341,Orion Distribution 02341,Distributor,SA,Argentina,237,95,1679,5700000,LTA
C-02342,Orion Motors 02342,OEM,EMEA-W,Italy,405,98,28047,16400000,spot
C-02343,Vantage Systems 02343,Tier-1,NA-US,United States,419,95,2882,4500000,consignment
C-02344,Norvia Motors 02344,OEM,NA-US,United States,321,98,13356,7700000,LTA
C-02345,Delantra Motors 02345,OEM,EMEA-W,France,148,98,30605,23700000,LTA
C-02346,Atlas Systems 02346,Tier-1,NA-MX,Mexico,306,95,863,2600000,consignment
C-02347,Kestrel Distribution 02347,Distributor,APAC-NE,China,476,95,590,5200000,LTA
C-02348,Sumida Motors 02348,OEM,SA,Brazil,289,98,56414,3100000,LTA
C-02349,Baltia Motors 02349,OEM,APAC-NE,China,469,98,34076,60000000,consignment
C-02350,Cordis Motors 02350,OEM,NA-US,United States,18,98,7413,18700000,consignment
C-02351,Baltia Distribution 02351,Aftermarket,EMEA-E,Romania,240,95,2424,2800000,LTA
C-02352,Norvia Systems 02352,Tier-1,NA-US,United States,496,95,3837,3600000,LTA
C-02353,Sumida Systems 02353,Tier-1,NA-US,United States,353,95,1818,4000000,LTA
C-02354,Sumida Systems 02354,Tier-1,NA-MX,Mexico,178,95,1472,3400000,LTA
C-02355,Bluepeak Motors 02355,OEM,EMEA-W,France,399,98,54374,47800000,consignment
C-02356,Baltia Distribution 02356,Distributor,APAC-IN,India,70,95,2877,4300000,LTA
C-02357,Baltia Distribution 02357,Aftermarket,APAC-IN,India,195,95,845,1200000,LTA
C-02358,Delantra Distribution 02358,Distributor,EMEA-E,Turkey,173,95,1763,2900000,spot
C-02359,Vantage Systems 02359,Tier-1,EMEA-E,Romania,312,95,1246,4200000,spot
C-02360,Norvia Motors 02360,OEM,APAC-NE,South Korea,199,98,57924,58700000,spot
C-02361,Cordis Distribution 02361,Aftermarket,EMEA-W,Spain,205,95,534,4700000,LTA
C-02362,Baltia Motors 02362,OEM,EMEA-E,Czechia,457,98,53035,11900000,LTA
C-02363,Kestrel Systems 02363,Tier-1,EMEA-W,Spain,219,95,596,800000,spot
C-02364,Atlas Systems 02364,Tier-1,SA,Brazil,412,95,3167,2500000,LTA
C-02365,Baltia Distribution 02365,Aftermarket,NA-US,United States,121,95,920,3400000,LTA
C-02366,Atlas Distribution 02366,Aftermarket,NA-MX,Mexico,376,95,3088,4200000,spot
C-02367,Orion Motors 02367,OEM,NA-MX,Mexico,165,98,22109,12100000,LTA
C-02368,Sumida Systems 02368,Tier-1,NA-US,United States,145,95,1334,2300000,consignment
C-02369,Vantage Motors 02369,OEM,APAC-NE,South Korea,51,98,35310,9400000,consignment
C-02370,Orion Systems 02370,Tier-1,EMEA-E,Turkey,300,95,1735,3000000,LTA
C-02371,Bluepeak Distribution 02371,Aftermarket,EMEA-W,France,64,95,3800,3300000,LTA
C-02372,Cordis Distribution 02372,Aftermarket,NA-US,United States,220,95,3862,2100000,LTA
C-02373,Orion Distribution 02373,Distributor,EMEA-W,Spain,489,95,2488,5300000,LTA
C-02374,Sumida Distribution 02374,Aftermarket,EMEA-E,Turkey,243,95,2430,1800000,spot
C-02375,Bluepeak Motors 02375,OEM,SA,Argentina,406,98,14932,19300000,consignment
C-02376,Orion Motors 02376,OEM,SA,Brazil,313,98,10849,60900000,spot
C-02377,Kestrel Motors 02377,OEM,NA-MX,Mexico,37,98,56463,83200000,LTA
C-02378,Delantra Distribution 02378,Distributor,NA-MX,Mexico,340,95,1260,5900000,LTA
C-02379,Kestrel Distribution 02379,Distributor,EMEA-E,Turkey,172,95,3430,4700000,LTA
C-02380,Delantra Motors 02380,OEM,APAC-NE,Taiwan,246,98,36409,90000000,spot
C-02381,Bluepeak Systems 02381,Tier-1,EMEA-W,Germany,133,95,2043,5200000,LTA
C-02382,Norvia Motors 02382,OEM,APAC-IN,India,264,98,18031,54800000,consignment
C-02383,Cordis Systems 02383,Tier-1,APAC-NE,South Korea,300,95,1646,5000000,consignment
C-02384,Delantra Motors 02384,OEM,APAC-SE,Thailand,213,98,31734,11400000,consignment
C-02385,Norvia Motors 02385,OEM,APAC-SE,Indonesia,140,98,33021,6000000,LTA
C-02386,Baltia Distribution 02386,Distributor,NA-US,United States,14,95,2635,4200000,LTA
C-02387,Delantra Motors 02387,OEM,EMEA-E,Romania,437,98,46275,41700000,LTA
C-02388,Kestrel Systems 02388,Tier-1,APAC-NE,China,422,95,3072,800000,LTA
C-02389,Norvia Motors 02389,OEM,APAC-IN,India,425,98,55595,39300000,consignment
C-02390,Bluepeak Distribution 02390,Distributor,APAC-SE,Malaysia,121,95,3928,5200000,LTA
C-02391,Atlas Motors 02391,OEM,APAC-NE,Taiwan,254,98,17237,74500000,LTA
C-02392,Delantra Distribution 02392,Aftermarket,NA-MX,Mexico,150,95,655,700000,LTA
C-02393,Orion Distribution 02393,Aftermarket,SA,Brazil,199,95,1200,1100000,consignment
C-02394,Vantage Motors 02394,OEM,SA,Brazil,296,98,48713,66900000,LTA
C-02395,Vantage Motors 02395,OEM,APAC-IN,India,435,98,40255,45700000,spot
C-02396,Kestrel Motors 02396,OEM,APAC-SE,Indonesia,143,98,52119,75200000,LTA
C-02397,Delantra Distribution 02397,Distributor,EMEA-W,Spain,411,95,2338,1600000,consignment
C-02398,Delantra Systems 02398,Tier-1,EMEA-W,Germany,432,95,2035,1700000,spot
C-02399,Baltia Distribution 02399,Distributor,APAC-IN,India,373,95,1490,3400000,LTA
C-02400,Orion Distribution 02400,Aftermarket,NA-MX,Mexico,23,95,2516,5900000,LTA
C-02401,Bluepeak Motors 02401,OEM,APAC-IN,India,431,98,57433,54300000,spot
C-02402,Delantra Motors 02402,OEM,APAC-IN,India,48,98,35479,22000000,LTA
C-02403,Atlas Systems 02403,Tier-1,APAC-SE,Indonesia,442,95,1951,3700000,spot
C-02404,Norvia Motors 02404,OEM,EMEA-W,Germany,497,98,37603,54100000,LTA
C-02405,Atlas Systems 02405,Tier-1,EMEA-W,Italy,266,95,3057,2000000,consignment
C-02406,Delantra Distribution 02406,Distributor,NA-US,United States,87,95,564,700000,LTA
C-02407,Baltia Distribution 02407,Distributor,APAC-IN,India,493,95,3893,2900000,consignment
C-02408,Sumida Systems 02408,Tier-1,APAC-SE,Malaysia,94,95,1922,5500000,consignment
C-02409,Baltia Motors 02409,OEM,EMEA-W,France,487,98,35015,58500000,consignment
C-02410,Cordis Motors 02410,OEM,APAC-SE,Indonesia,216,98,36978,32100000,spot
C-02411,Cordis Systems 02411,Tier-1,NA-MX,Mexico,475,95,31,5200000,consignment
C-02412,Sumida Motors 02412,OEM,SA,Brazil,131,98,32376,35100000,LTA
C-02413,Orion Motors 02413,OEM,EMEA-E,Czechia,348,98,8039,48800000,spot
C-02414,Norvia Distribution 02414,Distributor,NA-MX,Mexico,443,95,691,4600000,spot
C-02415,Orion Distribution 02415,Distributor,APAC-IN,India,212,95,1202,4000000,LTA
C-02416,Kestrel Systems 02416,Tier-1,EMEA-W,Spain,282,95,2962,800000,consignment
C-02417,Orion Motors 02417,OEM,EMEA-W,France,463,98,26831,32800000,LTA
C-02418,Cordis Motors 02418,OEM,SA,Brazil,188,98,40586,37300000,consignment
C-02419,Kestrel Motors 02419,OEM,NA-US,United States,330,98,31963,22300000,spot
C-02420,Kestrel Distribution 02420,Aftermarket,APAC-NE,Japan,427,95,689,4100000,spot
C-02421,Kestrel Motors 02421,OEM,APAC-SE,Thailand,250,98,16214,17200000,spot
C-02422,Kestrel Systems 02422,Tier-1,EMEA-W,Italy,211,95,716,4400000,spot
C-02423,Delantra Distribution 02423,Aftermarket,EMEA-E,Turkey,387,95,2436,2400000,LTA
C-02424,Kestrel Distribution 02424,Distributor,NA-MX,Mexico,442,95,666,5600000,consignment
C-02425,Kestrel Motors 02425,OEM,NA-US,United States,434,98,53525,87000000,LTA
C-02426,Cordis Systems 02426,Tier-1,SA,Brazil,28,95,3840,5600000,spot
C-02427,Cordis Distribution 02427,Distributor,EMEA-E,Poland,100,95,2429,1400000,spot
C-02428,Atlas Distribution 02428,Aftermarket,SA,Brazil,393,95,2437,3400000,consignment
C-02429,Vantage Distribution 02429,Distributor,NA-US,United States,297,95,3672,3500000,LTA
C-02430,Orion Motors 02430,OEM,APAC-SE,Indonesia,141,98,23177,71800000,consignment
C-02431,Norvia Distribution 02431,Aftermarket,EMEA-E,Poland,232,95,3769,4500000,LTA
C-02432,Baltia Motors 02432,OEM,EMEA-W,Spain,146,98,36040,62400000,consignment
C-02433,Orion Motors 02433,OEM,NA-US,United States,490,98,18487,47600000,LTA
C-02434,Atlas Systems 02434,Tier-1,EMEA-W,Italy,260,95,1920,4300000,consignment
C-02435,Orion Distribution 02435,Aftermarket,APAC-SE,Vietnam,206,95,910,2200000,consignment
C-02436,Atlas Systems 02436,Tier-1,NA-US,United States,357,95,2017,4700000,LTA
C-02437,Kestrel Systems 02437,Tier-1,SA,Argentina,107,95,2718,3700000,LTA
C-02438,Sumida Motors 02438,OEM,APAC-IN,India,359,98,43750,4600000,consignment
C-02439,Sumida Motors 02439,OEM,EMEA-E,Romania,281,98,57074,12400000,consignment
C-02440,Sumida Distribution 02440,Distributor,APAC-SE,Thailand,430,95,397,100000,LTA
C-02441,Orion Distribution 02441,Aftermarket,EMEA-W,Italy,279,95,1640,2400000,LTA
C-02442,Cordis Motors 02442,OEM,APAC-SE,Thailand,187,98,17680,75500000,LTA
C-02443,Sumida Distribution 02443,Distributor,EMEA-W,France,447,95,914,4800000,LTA
C-02444,Norvia Motors 02444,OEM,EMEA-E,Romania,296,98,36419,70300000,spot
C-02445,Kestrel Motors 02445,OEM,EMEA-E,Turkey,94,98,35670,30100000,LTA
C-02446,Baltia Systems 02446,Tier-1,EMEA-W,Spain,148,95,2394,5200000,LTA
C-02447,Norvia Motors 02447,OEM,SA,Brazil,461,98,42649,72700000,LTA
C-02448,Vantage Distribution 02448,Distributor,EMEA-W,France,153,95,2440,4300000,LTA
C-02449,Norvia Distribution 02449,Distributor,NA-MX,Mexico,498,95,3175,5300000,consignment
C-02450,Norvia Systems 02450,Tier-1,APAC-NE,Taiwan,126,95,2445,5000000,consignment
C-02451,Kestrel Distribution 02451,Distributor,EMEA-E,Poland,30,95,1237,5200000,consignment
C-02452,Norvia Systems 02452,Tier-1,EMEA-E,Poland,101,95,3408,4700000,LTA
C-02453,Baltia Systems 02453,Tier-1,APAC-SE,Indonesia,28,95,84,2400000,LTA
C-02454,Norvia Motors 02454,OEM,NA-MX,Mexico,189,98,51318,10800000,spot
C-02455,Orion Motors 02455,OEM,SA,Brazil,126,98,29445,50400000,LTA
C-02456,Baltia Motors 02456,OEM,NA-MX,Mexico,187,98,55631,83600000,LTA
C-02457,Orion Systems 02457,Tier-1,EMEA-E,Czechia,486,95,478,4500000,spot
C-02458,Bluepeak Distribution 02458,Aftermarket,EMEA-E,Poland,210,95,2838,3700000,LTA
C-02459,Cordis Distribution 02459,Aftermarket,EMEA-W,France,53,95,3210,3800000,LTA
C-02460,Cordis Systems 02460,Tier-1,NA-MX,Mexico,348,95,121,5200000,LTA
C-02461,Sumida Motors 02461,OEM,NA-MX,Mexico,44,98,46284,72300000,LTA
C-02462,Delantra Distribution 02462,Aftermarket,NA-MX,Mexico,385,95,438,600000,LTA
C-02463,Norvia Motors 02463,OEM,APAC-NE,China,44,98,35568,13500000,LTA
C-02464,Orion Systems 02464,Tier-1,SA,Argentina,269,95,610,1200000,LTA
C-02465,Baltia Distribution 02465,Distributor,NA-MX,Mexico,204,95,914,4700000,LTA
C-02466,Orion Distribution 02466,Aftermarket,NA-MX,Mexico,179,95,2458,4000000,spot
C-02467,Sumida Systems 02467,Tier-1,NA-MX,Mexico,105,95,1947,2600000,spot
C-02468,Delantra Motors 02468,OEM,APAC-SE,Indonesia,124,98,45929,87900000,spot
C-02469,Vantage Systems 02469,Tier-1,NA-US,United States,185,95,1803,2000000,consignment
C-02470,Cordis Motors 02470,OEM,APAC-IN,India,133,98,17768,62900000,spot
C-02471,Bluepeak Motors 02471,OEM,APAC-NE,Taiwan,468,98,16009,81300000,LTA
C-02472,Atlas Motors 02472,OEM,APAC-SE,Indonesia,250,98,7103,40500000,consignment
C-02473,Sumida Motors 02473,OEM,NA-MX,Mexico,272,98,54089,37400000,consignment
C-02474,Sumida Motors 02474,OEM,EMEA-E,Romania,140,98,45059,2500000,spot
C-02475,Bluepeak Motors 02475,OEM,APAC-IN,India,253,98,26980,49400000,LTA
C-02476,Atlas Systems 02476,Tier-1,NA-US,United States,237,95,3592,600000,spot
C-02477,Bluepeak Motors 02477,OEM,APAC-SE,Malaysia,429,98,41488,11900000,LTA
C-02478,Orion Systems 02478,Tier-1,NA-MX,Mexico,77,95,2045,2300000,LTA
C-02479,Sumida Motors 02479,OEM,SA,Brazil,187,98,17343,33600000,spot
C-02480,Cordis Distribution 02480,Aftermarket,APAC-NE,Japan,376,95,930,700000,LTA
C-02481,Vantage Motors 02481,OEM,SA,Argentina,37,98,39457,16700000,consignment
C-02482,Orion Systems 02482,Tier-1,SA,Argentina,357,95,317,2000000,consignment
C-02483,Kestrel Motors 02483,OEM,EMEA-E,Turkey,99,98,40772,54400000,LTA
C-02484,Kestrel Motors 02484,OEM,NA-US,United States,71,98,58652,14600000,LTA
C-02485,Kestrel Distribution 02485,Distributor,APAC-SE,Thailand,236,95,2320,1800000,spot
C-02486,Vantage Systems 02486,Tier-1,NA-US,United States,416,95,121,1700000,LTA
C-02487,Sumida Systems 02487,Tier-1,EMEA-E,Romania,479,95,3812,4300000,consignment
C-02488,Cordis Systems 02488,Tier-1,NA-US,United States,90,95,2504,1400000,spot
C-02489,Cordis Distribution 02489,Aftermarket,APAC-SE,Indonesia,54,95,2004,2200000,consignment
C-02490,Orion Distribution 02490,Distributor,EMEA-W,Spain,57,95,2538,5900000,LTA
C-02491,Norvia Distribution 02491,Distributor,EMEA-E,Romania,275,95,926,1500000,spot
C-02492,Orion Motors 02492,OEM,EMEA-E,Turkey,302,98,24346,20600000,consignment
C-02493,Sumida Systems 02493,Tier-1,SA,Argentina,39,95,3414,2700000,LTA
C-02494,Delantra Systems 02494,Tier-1,APAC-SE,Malaysia,205,95,3872,1600000,LTA
C-02495,Cordis Systems 02495,Tier-1,NA-US,United States,235,95,3999,2700000,spot
C-02496,Kestrel Distribution 02496,Distributor,NA-MX,Mexico,270,95,2625,2400000,spot
C-02497,Vantage Motors 02497,OEM,APAC-IN,India,158,98,57525,50600000,LTA
C-02498,Norvia Systems 02498,Tier-1,EMEA-E,Czechia,150,95,2444,600000,LTA
C-02499,Norvia Motors 02499,OEM,APAC-NE,China,26,98,50790,63700000,consignment
C-02500,Atlas Systems 02500,Tier-1,NA-US,United States,240,95,2425,3000000,consignment
C-02501,Bluepeak Motors 02501,OEM,APAC-NE,China,305,98,27616,25400000,LTA
C-02502,Orion Distribution 02502,Aftermarket,NA-MX,Mexico,77,95,3635,6000000,consignment
C-02503,Bluepeak Motors 02503,OEM,APAC-NE,China,410,98,9505,77600000,consignment
C-02504,Delantra Motors 02504,OEM,EMEA-E,Poland,75,98,39234,84700000,LTA
C-02505,Baltia Distribution 02505,Aftermarket,APAC-IN,India,472,95,2431,1000000,spot
C-02506,Norvia Motors 02506,OEM,EMEA-E,Turkey,81,98,48484,60300000,consignment
C-02507,Norvia Distribution 02507,Aftermarket,EMEA-E,Poland,182,95,2603,1600000,consignment
C-02508,Atlas Motors 02508,OEM,APAC-IN,India,62,98,50898,40100000,consignment
C-02509,Baltia Distribution 02509,Distributor,EMEA-W,France,89,95,1072,400000,LTA
C-02510,Vantage Motors 02510,OEM,APAC-NE,Taiwan,70,98,13697,3300000,spot
C-02511,Delantra Systems 02511,Tier-1,NA-US,United States,123,95,3326,4100000,LTA
C-02512,Cordis Systems 02512,Tier-1,SA,Argentina,156,95,3983,5500000,spot
C-02513,Orion Systems 02513,Tier-1,APAC-NE,South Korea,461,95,288,200000,LTA
C-02514,Cordis Systems 02514,Tier-1,APAC-SE,Indonesia,62,95,3321,3100000,consignment
C-02515,Orion Systems 02515,Tier-1,APAC-NE,Japan,244,95,822,5600000,spot
C-02516,Baltia Motors 02516,OEM,APAC-IN,India,108,98,57904,65200000,LTA
C-02517,Vantage Distribution 02517,Distributor,NA-US,United States,496,95,1351,1900000,LTA
C-02518,Orion Motors 02518,OEM,NA-MX,Mexico,395,98,7952,68000000,LTA
C-02519,Norvia Motors 02519,OEM,APAC-NE,Japan,124,98,38418,49200000,LTA
C-02520,Norvia Motors 02520,OEM,EMEA-W,Spain,488,98,45300,17300000,consignment
C-02521,Delantra Distribution 02521,Aftermarket,NA-US,United States,428,95,3065,5700000,spot
C-02522,Delantra Motors 02522,OEM,APAC-SE,Vietnam,370,98,36652,40500000,spot
C-02523,Baltia Motors 02523,OEM,NA-US,United States,380,98,13236,83700000,spot
C-02524,Baltia Motors 02524,OEM,NA-MX,Mexico,178,98,8018,37000000,consignment
C-02525,Vantage Motors 02525,OEM,APAC-IN,India,302,98,18550,26600000,consignment
C-02526,Vantage Systems 02526,Tier-1,APAC-NE,South Korea,238,95,1109,3800000,spot
C-02527,Norvia Motors 02527,OEM,APAC-NE,Japan,373,98,22050,59000000,LTA
C-02528,Delantra Systems 02528,Tier-1,APAC-SE,Indonesia,151,95,2353,2900000,LTA
C-02529,Vantage Systems 02529,Tier-1,SA,Brazil,81,95,2906,1600000,consignment
C-02530,Atlas Systems 02530,Tier-1,APAC-IN,India,150,95,1492,1600000,LTA
C-02531,Norvia Distribution 02531,Aftermarket,APAC-IN,India,473,95,330,1800000,spot
C-02532,Baltia Systems 02532,Tier-1,NA-MX,Mexico,294,95,2537,5600000,LTA
C-02533,Norvia Motors 02533,OEM,SA,Brazil,396,98,12906,49400000,LTA
C-02534,Bluepeak Motors 02534,OEM,APAC-SE,Indonesia,488,98,14265,10500000,LTA
C-02535,Orion Systems 02535,Tier-1,APAC-SE,Indonesia,72,95,762,1700000,LTA
C-02536,Cordis Distribution 02536,Aftermarket,APAC-IN,India,58,95,1708,2900000,consignment
C-02537,Delantra Distribution 02537,Distributor,APAC-NE,China,26,95,1680,2500000,spot
C-02538,Norvia Motors 02538,OEM,EMEA-W,France,142,98,26076,77600000,spot
C-02539,Sumida Motors 02539,OEM,NA-MX,Mexico,152,98,24909,38400000,LTA
C-02540,Delantra Distribution 02540,Aftermarket,APAC-NE,Japan,491,95,3949,1300000,spot
C-02541,Delantra Distribution 02541,Aftermarket,NA-US,United States,379,95,2069,3300000,consignment
C-02542,Delantra Motors 02542,OEM,APAC-IN,India,89,98,6981,67900000,LTA
C-02543,Sumida Motors 02543,OEM,SA,Brazil,141,98,41663,30500000,LTA
C-02544,Orion Distribution 02544,Distributor,APAC-SE,Thailand,290,95,2148,5300000,spot
C-02545,Cordis Distribution 02545,Distributor,APAC-SE,Malaysia,335,95,2229,3000000,LTA
C-02546,Orion Distribution 02546,Aftermarket,EMEA-W,Spain,16,95,3568,1600000,LTA
C-02547,Orion Distribution 02547,Distributor,SA,Argentina,292,95,3670,3800000,LTA
C-02548,Baltia Motors 02548,OEM,APAC-IN,India,106,98,31407,63200000,spot
C-02549,Vantage Systems 02549,Tier-1,EMEA-W,Germany,63,95,12,1000000,LTA
C-02550,Kestrel Distribution 02550,Distributor,APAC-NE,China,241,95,1885,2000000,LTA
C-02551,Baltia Systems 02551,Tier-1,EMEA-W,Germany,314,95,529,5600000,consignment
C-02552,Atlas Motors 02552,OEM,EMEA-E,Poland,371,98,56776,34700000,spot
C-02553,Baltia Systems 02553,Tier-1,APAC-NE,China,82,95,3616,5100000,LTA
C-02554,Vantage Systems 02554,Tier-1,APAC-IN,India,119,95,2494,4200000,spot
C-02555,Sumida Distribution 02555,Aftermarket,NA-MX,Mexico,104,95,246,4400000,spot
C-02556,Norvia Motors 02556,OEM,APAC-IN,India,22,98,52913,38900000,LTA
C-02557,Bluepeak Distribution 02557,Distributor,EMEA-W,Germany,485,95,801,2000000,LTA
C-02558,Norvia Motors 02558,OEM,APAC-SE,Vietnam,264,98,41319,70200000,LTA
C-02559,Orion Distribution 02559,Aftermarket,NA-US,United States,148,95,3092,5900000,consignment
C-02560,Kestrel Motors 02560,OEM,NA-US,United States,34,98,44106,75500000,consignment
C-02561,Cordis Systems 02561,Tier-1,APAC-SE,Thailand,313,95,377,3500000,spot
C-02562,Atlas Systems 02562,Tier-1,NA-MX,Mexico,280,95,215,3900000,LTA
C-02563,Delantra Systems 02563,Tier-1,EMEA-E,Turkey,110,95,1216,3500000,LTA
C-02564,Orion Motors 02564,OEM,APAC-SE,Malaysia,485,98,39228,7900000,LTA
C-02565,Delantra Motors 02565,OEM,NA-US,United States,18,98,31478,42900000,consignment
C-02566,Atlas Distribution 02566,Distributor,SA,Brazil,318,95,2785,2400000,LTA
C-02567,Bluepeak Motors 02567,OEM,SA,Brazil,32,98,25625,61500000,LTA
C-02568,Cordis Distribution 02568,Distributor,APAC-SE,Indonesia,477,95,1109,1800000,spot
C-02569,Kestrel Distribution 02569,Aftermarket,APAC-SE,Thailand,163,95,1773,800000,LTA
C-02570,Kestrel Motors 02570,OEM,NA-US,United States,85,98,44706,81400000,LTA
C-02571,Baltia Systems 02571,Tier-1,EMEA-W,Germany,208,95,652,4100000,consignment
C-02572,Kestrel Systems 02572,Tier-1,APAC-SE,Malaysia,405,95,849,300000,spot
C-02573,Atlas Distribution 02573,Aftermarket,SA,Argentina,276,95,3225,1200000,LTA
C-02574,Vantage Systems 02574,Tier-1,SA,Brazil,218,95,3569,4700000,LTA
C-02575,Norvia Motors 02575,OEM,APAC-NE,Taiwan,238,98,12762,17200000,LTA
C-02576,Cordis Distribution 02576,Distributor,EMEA-E,Czechia,228,95,2978,300000,spot
C-02577,Bluepeak Distribution 02577,Aftermarket,EMEA-W,France,307,95,3035,5300000,spot
C-02578,Bluepeak Distribution 02578,Aftermarket,NA-US,United States,133,95,2170,4200000,LTA
C-02579,Vantage Motors 02579,OEM,APAC-SE,Indonesia,194,98,58787,60300000,LTA
C-02580,Delantra Motors 02580,OEM,SA,Brazil,81,98,29702,48100000,LTA
C-02581,Sumida Distribution 02581,Distributor,EMEA-E,Turkey,272,95,2136,4900000,spot
C-02582,Sumida Distribution 02582,Distributor,APAC-NE,Japan,192,95,372,6000000,LTA
C-02583,Delantra Distribution 02583,Aftermarket,NA-MX,Mexico,465,95,2004,300000,consignment
C-02584,Bluepeak Systems 02584,Tier-1,APAC-IN,India,321,95,808,4100000,LTA
C-02585,Atlas Distribution 02585,Aftermarket,SA,Argentina,59,95,615,4200000,LTA
C-02586,Kestrel Distribution 02586,Distributor,EMEA-W,Italy,351,95,477,4000000,LTA
C-02587,Atlas Systems 02587,Tier-1,APAC-IN,India,287,95,2888,5700000,LTA
C-02588,Atlas Motors 02588,OEM,APAC-SE,Thailand,494,98,48010,49200000,LTA
C-02589,Sumida Distribution 02589,Distributor,APAC-SE,Thailand,363,95,943,5000000,consignment
C-02590,Sumida Systems 02590,Tier-1,NA-MX,Mexico,181,95,3956,3400000,LTA
C-02591,Cordis Motors 02591,OEM,NA-MX,Mexico,353,98,55840,78500000,LTA
C-02592,Baltia Distribution 02592,Aftermarket,APAC-NE,South Korea,164,95,149,900000,spot
C-02593,Vantage Motors 02593,OEM,SA,Argentina,340,98,52355,38500000,spot
C-02594,Delantra Distribution 02594,Distributor,SA,Brazil,272,95,226,5900000,LTA
C-02595,Atlas Motors 02595,OEM,EMEA-E,Turkey,174,98,49796,18700000,consignment
C-02596,Sumida Distribution 02596,Aftermarket,APAC-SE,Indonesia,155,95,2458,100000,consignment
C-02597,Delantra Distribution 02597,Distributor,EMEA-E,Romania,323,95,2029,3800000,LTA
C-02598,Cordis Distribution 02598,Aftermarket,APAC-NE,China,112,95,1707,3200000,consignment
C-02599,Baltia Distribution 02599,Aftermarket,SA,Argentina,12,95,2935,5200000,LTA
C-02600,Cordis Motors 02600,OEM,APAC-NE,Taiwan,258,98,18659,78000000,LTA
C-02601,Atlas Systems 02601,Tier-1,APAC-IN,India,274,95,168,3300000,consignment
C-02602,Orion Motors 02602,OEM,APAC-SE,Indonesia,287,98,19992,32500000,spot
C-02603,Vantage Distribution 02603,Distributor,EMEA-E,Poland,23,95,3736,6000000,spot
C-02604,Atlas Motors 02604,OEM,APAC-NE,China,281,98,38918,74100000,consignment
C-02605,Baltia Distribution 02605,Distributor,EMEA-W,Spain,353,95,3123,5700000,spot
C-02606,Norvia Distribution 02606,Aftermarket,NA-US,United States,175,95,2894,3500000,spot
C-02607,Cordis Distribution 02607,Aftermarket,NA-US,United States,44,95,3665,1900000,consignment
C-02608,Kestrel Motors 02608,OEM,APAC-IN,India,30,98,46553,65600000,spot
C-02609,Sumida Motors 02609,OEM,APAC-NE,Japan,167,98,38176,66000000,consignment
C-02610,Sumida Distribution 02610,Distributor,APAC-NE,South Korea,453,95,1243,1100000,LTA
C-02611,Kestrel Systems 02611,Tier-1,NA-US,United States,24,95,3320,1900000,spot
C-02612,Baltia Distribution 02612,Aftermarket,EMEA-W,Spain,170,95,151,5400000,LTA
C-02613,Bluepeak Motors 02613,OEM,NA-MX,Mexico,133,98,12593,40500000,LTA
C-02614,Sumida Systems 02614,Tier-1,APAC-NE,China,119,95,3913,400000,LTA
C-02615,Bluepeak Distribution 02615,Aftermarket,APAC-IN,India,112,95,3748,1700000,consignment
C-02616,Norvia Motors 02616,OEM,NA-MX,Mexico,64,98,44315,18000000,LTA
C-02617,Cordis Systems 02617,Tier-1,SA,Argentina,60,95,20,1900000,consignment
C-02618,Kestrel Distribution 02618,Distributor,NA-MX,Mexico,280,95,2615,3200000,consignment
C-02619,Bluepeak Distribution 02619,Aftermarket,EMEA-E,Romania,419,95,543,900000,consignment
C-02620,Bluepeak Distribution 02620,Aftermarket,APAC-NE,China,414,95,75,1600000,consignment
C-02621,Baltia Distribution 02621,Aftermarket,APAC-SE,Malaysia,322,95,492,2000000,LTA
C-02622,Vantage Distribution 02622,Distributor,NA-US,United States,15,95,1539,300000,spot
C-02623,Sumida Systems 02623,Tier-1,APAC-SE,Thailand,433,95,2203,500000,LTA
C-02624,Bluepeak Systems 02624,Tier-1,APAC-SE,Malaysia,419,95,3321,2000000,LTA
C-02625,Sumida Distribution 02625,Distributor,APAC-NE,China,256,95,310,5800000,spot
C-02626,Atlas Distribution 02626,Aftermarket,NA-MX,Mexico,471,95,139,1600000,spot
C-02627,Cordis Motors 02627,OEM,APAC-SE,Thailand,64,98,14962,2100000,spot
C-02628,Orion Motors 02628,OEM,SA,Argentina,239,98,54750,6700000,LTA
C-02629,Orion Motors 02629,OEM,NA-MX,Mexico,136,98,35475,76300000,LTA
C-02630,Delantra Distribution 02630,Aftermarket,NA-MX,Mexico,46,95,2177,2400000,spot
C-02631,Bluepeak Motors 02631,OEM,NA-MX,Mexico,345,98,38833,74900000,LTA
C-02632,Vantage Distribution 02632,Distributor,APAC-SE,Thailand,414,95,2662,5500000,LTA
C-02633,Baltia Systems 02633,Tier-1,APAC-NE,China,364,95,3323,1000000,LTA
C-02634,Delantra Distribution 02634,Aftermarket,EMEA-E,Romania,265,95,3004,6000000,spot
C-02635,Cordis Distribution 02635,Aftermarket,APAC-NE,South Korea,375,95,3218,3300000,consignment
C-02636,Sumida Systems 02636,Tier-1,NA-US,United States,227,95,2226,4100000,spot
C-02637,Bluepeak Motors 02637,OEM,NA-MX,Mexico,322,98,23483,79700000,LTA
C-02638,Norvia Systems 02638,Tier-1,APAC-IN,India,290,95,3109,5100000,LTA
C-02639,Bluepeak Distribution 02639,Distributor,NA-US,United States,291,95,3611,500000,LTA
C-02640,Orion Distribution 02640,Distributor,EMEA-W,France,371,95,3832,2700000,spot
C-02641,Bluepeak Motors 02641,OEM,NA-US,United States,316,98,19715,74900000,LTA
C-02642,Cordis Motors 02642,OEM,NA-MX,Mexico,158,98,58616,30600000,consignment
C-02643,Cordis Distribution 02643,Distributor,APAC-NE,South Korea,467,95,662,400000,spot
C-02644,Atlas Distribution 02644,Aftermarket,EMEA-W,Italy,145,95,2661,4700000,LTA
C-02645,Delantra Distribution 02645,Aftermarket,SA,Brazil,248,95,1094,3100000,spot
C-02646,Bluepeak Distribution 02646,Distributor,NA-MX,Mexico,13,95,1747,300000,LTA
C-02647,Kestrel Motors 02647,OEM,SA,Argentina,387,98,55252,29600000,consignment
C-02648,Baltia Motors 02648,OEM,APAC-SE,Vietnam,427,98,56149,23800000,LTA
C-02649,Kestrel Motors 02649,OEM,NA-MX,Mexico,394,98,15839,76300000,spot
C-02650,Sumida Systems 02650,Tier-1,APAC-SE,Malaysia,218,95,270,4400000,LTA
C-02651,Baltia Motors 02651,OEM,EMEA-E,Turkey,115,98,35689,14900000,LTA
C-02652,Atlas Systems 02652,Tier-1,APAC-IN,India,197,95,252,2100000,LTA
C-02653,Cordis Motors 02653,OEM,NA-MX,Mexico,382,98,53561,52500000,consignment
C-02654,Bluepeak Motors 02654,OEM,APAC-NE,South Korea,401,98,17123,53300000,consignment
C-02655,Cordis Motors 02655,OEM,EMEA-W,Italy,447,98,42835,50700000,LTA
C-02656,Norvia Distribution 02656,Aftermarket,EMEA-W,Germany,311,95,2407,3200000,LTA
C-02657,Kestrel Distribution 02657,Aftermarket,NA-US,United States,280,95,185,3800000,LTA
C-02658,Orion Distribution 02658,Distributor,APAC-SE,Indonesia,365,95,3568,4400000,consignment
C-02659,Atlas Distribution 02659,Distributor,APAC-IN,India,282,95,886,900000,LTA
C-02660,Vantage Distribution 02660,Aftermarket,SA,Brazil,323,95,146,4800000,LTA
C-02661,Baltia Motors 02661,OEM,APAC-SE,Thailand,365,98,16282,20000000,LTA
C-02662,Sumida Systems 02662,Tier-1,APAC-IN,India,420,95,1934,1000000,LTA
C-02663,Kestrel Motors 02663,OEM,SA,Argentina,17,98,39000,80500000,LTA
C-02664,Kestrel Motors 02664,OEM,EMEA-W,Spain,118,98,10705,36800000,LTA
C-02665,Delantra Systems 02665,Tier-1,NA-US,United States,70,95,2693,4200000,LTA
C-02666,Delantra Motors 02666,OEM,EMEA-W,Italy,151,98,11766,82500000,LTA
C-02667,Atlas Motors 02667,OEM,SA,Argentina,206,98,13503,69400000,spot
C-02668,Norvia Distribution 02668,Aftermarket,EMEA-E,Poland,471,95,2553,6000000,LTA
C-02669,Baltia Motors 02669,OEM,SA,Argentina,19,98,38983,40500000,LTA
C-02670,Bluepeak Distribution 02670,Aftermarket,APAC-NE,China,34,95,2201,3400000,LTA
C-02671,Baltia Systems 02671,Tier-1,NA-MX,Mexico,362,95,1048,500000,LTA
C-02672,Baltia Distribution 02672,Distributor,NA-US,United States,89,95,3958,6000000,LTA
C-02673,Orion Motors 02673,OEM,APAC-IN,India,301,98,14817,22600000,LTA
C-02674,Orion Distribution 02674,Aftermarket,NA-MX,Mexico,21,95,2252,100000,LTA
C-02675,Kestrel Distribution 02675,Aftermarket,APAC-IN,India,371,95,3710,4100000,LTA
C-02676,Baltia Motors 02676,OEM,APAC-SE,Indonesia,388,98,5016,30600000,spot
C-02677,Sumida Motors 02677,OEM,APAC-IN,India,360,98,40660,67400000,spot
C-02678,Kestrel Distribution 02678,Distributor,APAC-IN,India,481,95,111,4200000,consignment
C-02679,Orion Motors 02679,OEM,APAC-NE,Taiwan,91,98,13528,5700000,LTA
C-02680,Delantra Motors 02680,OEM,APAC-IN,India,398,98,35124,43900000,spot
C-02681,Norvia Distribution 02681,Distributor,NA-US,United States,24,95,2875,3900000,spot
C-02682,Atlas Motors 02682,OEM,APAC-SE,Malaysia,114,98,29850,84700000,LTA
C-02683,Sumida Distribution 02683,Distributor,APAC-SE,Indonesia,90,95,1974,200000,LTA
C-02684,Norvia Motors 02684,OEM,APAC-SE,Indonesia,379,98,40554,71800000,LTA
C-02685,Atlas Distribution 02685,Distributor,NA-US,United States,196,95,3143,3600000,LTA
C-02686,Kestrel Distribution 02686,Aftermarket,APAC-IN,India,137,95,470,4600000,LTA
C-02687,Delantra Motors 02687,OEM,APAC-NE,South Korea,85,98,39221,48200000,LTA
C-02688,Kestrel Motors 02688,OEM,APAC-IN,India,451,98,11326,17300000,LTA
C-02689,Delantra Motors 02689,OEM,NA-US,United States,265,98,22533,10400000,consignment
C-02690,Delantra Distribution 02690,Aftermarket,APAC-NE,South Korea,53,95,3123,5400000,spot
C-02691,Sumida Distribution 02691,Distributor,EMEA-W,Germany,472,95,11,5900000,spot
C-02692,Cordis Distribution 02692,Aftermarket,NA-US,United States,117,95,3218,200000,consignment
C-02693,Atlas Distribution 02693,Distributor,SA,Brazil,81,95,1173,300000,spot
C-02694,Atlas Systems 02694,Tier-1,APAC-NE,China,184,95,3716,1400000,LTA
C-02695,Norvia Motors 02695,OEM,NA-US,United States,97,98,37525,52500000,LTA
C-02696,Kestrel Distribution 02696,Aftermarket,APAC-NE,Japan,136,95,1554,3500000,consignment
C-02697,Sumida Distribution 02697,Distributor,EMEA-W,Italy,131,95,2736,900000,consignment
C-02698,Vantage Motors 02698,OEM,APAC-IN,India,197,98,38245,37100000,LTA
C-02699,Atlas Distribution 02699,Distributor,APAC-NE,Japan,46,95,2457,2200000,LTA
C-02700,Vantage Motors 02700,OEM,APAC-NE,Japan,388,98,44509,36700000,spot
C-02701,Sumida Motors 02701,OEM,APAC-SE,Malaysia,383,98,6191,23100000,consignment
C-02702,Cordis Systems 02702,Tier-1,NA-US,United States,473,95,3159,5500000,spot
C-02703,Cordis Systems 02703,Tier-1,NA-MX,Mexico,254,95,1622,900000,consignment
C-02704,Atlas Distribution 02704,Aftermarket,NA-US,United States,101,95,2951,2500000,consignment
C-02705,Norvia Motors 02705,OEM,SA,Brazil,278,98,5702,23400000,spot
C-02706,Kestrel Motors 02706,OEM,APAC-IN,India,448,98,24443,32300000,LTA
C-02707,Delantra Motors 02707,OEM,APAC-SE,Vietnam,177,98,21920,15300000,LTA
C-02708,Atlas Distribution 02708,Distributor,EMEA-W,France,426,95,3848,200000,consignment
C-02709,Vantage Distribution 02709,Distributor,APAC-IN,India,336,95,882,500000,spot
C-02710,Baltia Motors 02710,OEM,NA-US,United States,290,98,35866,7200000,LTA
C-02711,Delantra Distribution 02711,Aftermarket,EMEA-W,Italy,109,95,2539,3800000,spot
C-02712,Sumida Distribution 02712,Aftermarket,APAC-SE,Vietnam,72,95,2073,4300000,spot
C-02713,Delantra Systems 02713,Tier-1,APAC-IN,India,487,95,3239,1900000,consignment
C-02714,Delantra Motors 02714,OEM,SA,Brazil,36,98,13085,9700000,consignment
C-02715,Orion Systems 02715,Tier-1,EMEA-E,Czechia,204,95,2788,500000,spot
C-02716,Atlas Systems 02716,Tier-1,APAC-IN,India,149,95,3000,5300000,consignment
C-02717,Orion Systems 02717,Tier-1,EMEA-E,Poland,28,95,1407,4000000,consignment
C-02718,Kestrel Motors 02718,OEM,SA,Brazil,105,98,57181,37800000,LTA
C-02719,Bluepeak Distribution 02719,Aftermarket,NA-MX,Mexico,139,95,3559,2800000,consignment
C-02720,Delantra Distribution 02720,Aftermarket,SA,Brazil,106,95,1531,5600000,consignment
C-02721,Atlas Distribution 02721,Aftermarket,EMEA-W,Italy,182,95,2787,1800000,LTA
C-02722,Kestrel Motors 02722,OEM,EMEA-W,Germany,248,98,10776,45600000,consignment
C-02723,Delantra Motors 02723,OEM,APAC-SE,Indonesia,403,98,51341,14700000,spot
C-02724,Sumida Systems 02724,Tier-1,SA,Brazil,433,95,1007,5100000,spot
C-02725,Atlas Distribution 02725,Distributor,NA-US,United States,437,95,3607,5500000,spot
C-02726,Norvia Distribution 02726,Aftermarket,EMEA-W,Italy,373,95,3261,1400000,LTA
C-02727,Orion Motors 02727,OEM,APAC-SE,Thailand,305,98,39834,59700000,LTA
C-02728,Baltia Distribution 02728,Aftermarket,EMEA-W,Spain,376,95,2379,5500000,consignment
C-02729,Atlas Motors 02729,OEM,APAC-SE,Malaysia,429,98,17491,67600000,LTA
C-02730,Atlas Distribution 02730,Aftermarket,SA,Brazil,288,95,2645,100000,LTA
C-02731,Vantage Motors 02731,OEM,APAC-SE,Vietnam,61,98,8467,24900000,consignment
C-02732,Orion Motors 02732,OEM,APAC-SE,Thailand,452,98,54681,70700000,consignment
C-02733,Norvia Systems 02733,Tier-1,APAC-IN,India,25,95,771,1100000,spot
C-02734,Norvia Distribution 02734,Distributor,EMEA-E,Turkey,343,95,1971,2300000,consignment
C-02735,Sumida Systems 02735,Tier-1,NA-MX,Mexico,87,95,3975,2300000,spot
C-02736,Kestrel Motors 02736,OEM,EMEA-W,Italy,470,98,23729,88300000,spot
C-02737,Orion Distribution 02737,Aftermarket,EMEA-E,Poland,38,95,2789,2500000,LTA
C-02738,Atlas Motors 02738,OEM,SA,Brazil,497,98,53115,63800000,spot
C-02739,Bluepeak Motors 02739,OEM,NA-US,United States,449,98,46182,66500000,LTA
C-02740,Orion Motors 02740,OEM,NA-MX,Mexico,397,98,44544,49700000,LTA
C-02741,Orion Motors 02741,OEM,NA-US,United States,164,98,15903,64500000,LTA
C-02742,Atlas Distribution 02742,Distributor,EMEA-E,Czechia,291,95,386,2500000,LTA
C-02743,Orion Distribution 02743,Aftermarket,SA,Argentina,469,95,2305,2800000,consignment
C-02744,Baltia Systems 02744,Tier-1,APAC-IN,India,152,95,166,500000,LTA
C-02745,Baltia Distribution 02745,Distributor,APAC-SE,Thailand,499,95,3835,4300000,LTA
C-02746,Vantage Distribution 02746,Aftermarket,APAC-NE,Taiwan,177,95,2977,2200000,LTA
C-02747,Norvia Motors 02747,OEM,EMEA-E,Poland,438,98,14552,78200000,LTA
C-02748,Vantage Motors 02748,OEM,EMEA-E,Turkey,288,98,38300,10600000,LTA
C-02749,Vantage Systems 02749,Tier-1,APAC-NE,Taiwan,265,95,1408,1600000,LTA
C-02750,Baltia Motors 02750,OEM,EMEA-W,France,327,98,50958,56000000,LTA
C-02751,Kestrel Motors 02751,OEM,NA-MX,Mexico,55,98,20208,8500000,LTA
C-02752,Bluepeak Systems 02752,Tier-1,APAC-NE,China,133,95,2670,4300000,LTA
C-02753,Sumida Distribution 02753,Aftermarket,NA-MX,Mexico,130,95,927,2200000,consignment
C-02754,Kestrel Motors 02754,OEM,NA-MX,Mexico,316,98,33487,47500000,LTA
C-02755,Baltia Motors 02755,OEM,APAC-NE,Japan,452,98,21946,47300000,LTA
C-02756,Norvia Systems 02756,Tier-1,NA-US,United States,246,95,2693,3400000,LTA
C-02757,Sumida Motors 02757,OEM,EMEA-W,Italy,256,98,24969,61400000,consignment
C-02758,Vantage Systems 02758,Tier-1,APAC-NE,China,183,95,1307,400000,LTA
C-02759,Kestrel Motors 02759,OEM,NA-US,United States,486,98,10101,16800000,consignment
C-02760,Vantage Motors 02760,OEM,SA,Argentina,380,98,7632,12700000,LTA
C-02761,Atlas Motors 02761,OEM,EMEA-E,Romania,478,98,55437,87700000,spot
C-02762,Baltia Distribution 02762,Distributor,APAC-IN,India,434,95,35,3300000,LTA
C-02763,Delantra Distribution 02763,Aftermarket,EMEA-E,Poland,49,95,2525,4000000,consignment
C-02764,Atlas Distribution 02764,Aftermarket,APAC-NE,South Korea,280,95,2198,1700000,consignment
C-02765,Baltia Motors 02765,OEM,EMEA-W,Italy,127,98,6490,37600000,LTA
C-02766,Kestrel Motors 02766,OEM,EMEA-E,Poland,464,98,54856,59700000,LTA
C-02767,Cordis Distribution 02767,Distributor,APAC-SE,Thailand,101,95,3753,700000,LTA
C-02768,Vantage Motors 02768,OEM,APAC-IN,India,400,98,15199,24800000,LTA
C-02769,Orion Motors 02769,OEM,EMEA-E,Romania,473,98,27463,47100000,consignment
C-02770,Atlas Motors 02770,OEM,NA-US,United States,332,98,54785,63500000,spot
C-02771,Norvia Motors 02771,OEM,EMEA-E,Poland,402,98,56871,83300000,LTA
C-02772,Bluepeak Motors 02772,OEM,APAC-SE,Vietnam,72,98,42979,76400000,LTA
C-02773,Vantage Distribution 02773,Distributor,APAC-SE,Indonesia,447,95,157,700000,consignment
C-02774,Kestrel Motors 02774,OEM,NA-US,United States,475,98,56877,25600000,spot
C-02775,Vantage Distribution 02775,Distributor,EMEA-W,France,340,95,1813,1400000,spot
C-02776,Bluepeak Systems 02776,Tier-1,APAC-SE,Vietnam,487,95,2273,5400000,LTA
C-02777,Vantage Systems 02777,Tier-1,NA-US,United States,371,95,3622,5700000,LTA
C-02778,Orion Distribution 02778,Distributor,EMEA-W,France,360,95,335,1100000,spot
C-02779,Norvia Distribution 02779,Aftermarket,NA-MX,Mexico,405,95,712,1300000,consignment
C-02780,Vantage Distribution 02780,Aftermarket,APAC-SE,Thailand,231,95,2777,1400000,LTA
C-02781,Norvia Systems 02781,Tier-1,SA,Argentina,437,95,3227,1200000,LTA
C-02782,Orion Distribution 02782,Aftermarket,APAC-IN,India,461,95,601,4400000,LTA
C-02783,Vantage Distribution 02783,Aftermarket,APAC-NE,China,381,95,3276,2100000,consignment
C-02784,Bluepeak Motors 02784,OEM,NA-US,United States,43,98,31509,62500000,spot
C-02785,Delantra Motors 02785,OEM,EMEA-W,Germany,325,98,17420,69300000,consignment
C-02786,Delantra Systems 02786,Tier-1,SA,Brazil,232,95,3692,1300000,LTA
C-02787,Norvia Motors 02787,OEM,SA,Brazil,142,98,16926,20900000,spot
C-02788,Vantage Distribution 02788,Distributor,APAC-IN,India,123,95,2449,4600000,LTA
C-02789,Kestrel Distribution 02789,Aftermarket,SA,Argentina,448,95,1043,2400000,spot
C-02790,Sumida Systems 02790,Tier-1,NA-US,United States,404,95,3594,5300000,spot
C-02791,Cordis Distribution 02791,Aftermarket,APAC-NE,Taiwan,115,95,2273,2400000,LTA
C-02792,Orion Motors 02792,OEM,APAC-SE,Malaysia,302,98,22763,20000000,LTA
C-02793,Vantage Distribution 02793,Distributor,APAC-SE,Thailand,405,95,2472,3500000,spot
C-02794,Atlas Distribution 02794,Distributor,NA-US,United States,274,95,2454,500000,spot
C-02795,Vantage Motors 02795,OEM,APAC-IN,India,420,98,43406,87900000,consignment
C-02796,Bluepeak Distribution 02796,Distributor,EMEA-W,France,104,95,1054,1700000,LTA
C-02797,Kestrel Distribution 02797,Aftermarket,APAC-IN,India,36,95,2679,1800000,LTA
C-02798,Vantage Distribution 02798,Distributor,SA,Argentina,309,95,2111,4400000,LTA
C-02799,Bluepeak Motors 02799,OEM,APAC-NE,South Korea,172,98,26987,86400000,LTA
C-02800,Baltia Distribution 02800,Aftermarket,NA-US,United States,198,95,3641,200000,spot
C-02801,Cordis Systems 02801,Tier-1,APAC-NE,South Korea,147,95,2293,3800000,LTA
C-02802,Bluepeak Distribution 02802,Aftermarket,EMEA-W,Italy,234,95,1892,1300000,consignment
C-02803,Orion Motors 02803,OEM,EMEA-E,Romania,353,98,50819,43900000,spot
C-02804,Kestrel Systems 02804,Tier-1,SA,Brazil,323,95,2182,800000,spot
C-02805,Sumida Systems 02805,Tier-1,SA,Brazil,438,95,1807,5900000,consignment
C-02806,Bluepeak Motors 02806,OEM,APAC-SE,Malaysia,470,98,41352,37900000,LTA
C-02807,Atlas Distribution 02807,Aftermarket,NA-US,United States,484,95,3958,4900000,LTA
C-02808,Baltia Motors 02808,OEM,EMEA-E,Poland,65,98,48897,72100000,spot
C-02809,Bluepeak Systems 02809,Tier-1,SA,Brazil,48,95,2556,2400000,LTA
C-02810,Kestrel Motors 02810,OEM,EMEA-E,Romania,43,98,19146,22500000,consignment
C-02811,Orion Motors 02811,OEM,APAC-IN,India,333,98,16851,18200000,LTA
C-02812,Orion Motors 02812,OEM,EMEA-E,Poland,23,98,46111,23500000,spot
C-02813,Orion Distribution 02813,Distributor,EMEA-W,Italy,195,95,3946,2800000,LTA
C-02814,Orion Motors 02814,OEM,APAC-IN,India,283,98,33328,28900000,LTA
C-02815,Sumida Distribution 02815,Distributor,APAC-NE,Taiwan,318,95,3211,2900000,consignment
C-02816,Atlas Systems 02816,Tier-1,NA-MX,Mexico,448,95,2356,1600000,spot
C-02817,Delantra Systems 02817,Tier-1,EMEA-E,Czechia,130,95,922,1000000,spot
C-02818,Orion Distribution 02818,Distributor,APAC-IN,India,99,95,1892,400000,consignment
C-02819,Bluepeak Motors 02819,OEM,EMEA-W,Italy,98,98,39988,56700000,LTA
C-02820,Baltia Distribution 02820,Aftermarket,APAC-IN,India,264,95,3452,1400000,spot
C-02821,Sumida Distribution 02821,Distributor,NA-US,United States,83,95,1710,2400000,LTA
C-02822,Delantra Motors 02822,OEM,NA-US,United States,477,98,16806,9900000,LTA
C-02823,Sumida Motors 02823,OEM,NA-MX,Mexico,261,98,54961,78900000,consignment
C-02824,Cordis Distribution 02824,Distributor,NA-MX,Mexico,417,95,981,2300000,LTA
C-02825,Vantage Systems 02825,Tier-1,SA,Brazil,460,95,1776,3200000,spot
C-02826,Baltia Systems 02826,Tier-1,EMEA-E,Turkey,63,95,2763,5400000,spot
C-02827,Kestrel Motors 02827,OEM,NA-US,United States,237,98,54194,83000000,LTA
C-02828,Norvia Motors 02828,OEM,EMEA-W,Italy,275,98,54588,36700000,LTA
C-02829,Bluepeak Motors 02829,OEM,SA,Argentina,201,98,33405,46700000,LTA
C-02830,Delantra Distribution 02830,Aftermarket,APAC-IN,India,452,95,415,4800000,LTA
C-02831,Delantra Systems 02831,Tier-1,SA,Brazil,295,95,3160,4600000,LTA
C-02832,Kestrel Distribution 02832,Distributor,EMEA-W,Germany,292,95,1610,2000000,spot
C-02833,Baltia Motors 02833,OEM,EMEA-W,France,198,98,52768,3600000,spot
C-02834,Norvia Motors 02834,OEM,NA-US,United States,120,98,52102,31300000,LTA
C-02835,Delantra Motors 02835,OEM,EMEA-E,Romania,255,98,38607,36500000,LTA
C-02836,Orion Distribution 02836,Distributor,NA-US,United States,188,95,811,5000000,LTA
C-02837,Bluepeak Motors 02837,OEM,EMEA-E,Poland,494,98,26649,24600000,LTA
C-02838,Kestrel Distribution 02838,Distributor,NA-MX,Mexico,22,95,237,5200000,spot
C-02839,Sumida Systems 02839,Tier-1,SA,Argentina,317,95,632,2300000,consignment
C-02840,Sumida Motors 02840,OEM,EMEA-E,Turkey,449,98,42488,56300000,LTA
C-02841,Kestrel Motors 02841,OEM,NA-MX,Mexico,83,98,26934,59200000,consignment
C-02842,Cordis Systems 02842,Tier-1,NA-MX,Mexico,276,95,2420,2800000,LTA
C-02843,Sumida Distribution 02843,Distributor,EMEA-W,Italy,80,95,161,600000,consignment
C-02844,Bluepeak Distribution 02844,Aftermarket,APAC-NE,China,325,95,2988,2700000,LTA
C-02845,Baltia Motors 02845,OEM,APAC-NE,Taiwan,296,98,27625,31500000,spot
C-02846,Atlas Systems 02846,Tier-1,NA-MX,Mexico,186,95,3208,1300000,spot
C-02847,Bluepeak Motors 02847,OEM,APAC-IN,India,168,98,47035,86700000,LTA
C-02848,Vantage Systems 02848,Tier-1,SA,Brazil,125,95,4,700000,consignment
C-02849,Cordis Distribution 02849,Distributor,NA-US,United States,498,95,192,2800000,LTA
C-02850,Baltia Motors 02850,OEM,APAC-SE,Thailand,138,98,36452,73100000,LTA
C-02851,Cordis Distribution 02851,Aftermarket,EMEA-W,Spain,87,95,3534,2200000,LTA
C-02852,Cordis Systems 02852,Tier-1,EMEA-W,France,499,95,1876,500000,LTA
C-02853,Baltia Motors 02853,OEM,APAC-SE,Vietnam,313,98,57056,24700000,consignment
C-02854,Orion Motors 02854,OEM,SA,Brazil,456,98,16547,31900000,LTA
C-02855,Orion Distribution 02855,Aftermarket,EMEA-W,Italy,154,95,847,2300000,spot
C-02856,Atlas Systems 02856,Tier-1,EMEA-E,Turkey,145,95,3560,800000,spot
C-02857,Sumida Systems 02857,Tier-1,APAC-SE,Thailand,33,95,3039,400000,LTA
C-02858,Cordis Motors 02858,OEM,NA-MX,Mexico,174,98,43856,50400000,LTA
C-02859,Atlas Motors 02859,OEM,NA-MX,Mexico,154,98,10468,39100000,spot
C-02860,Kestrel Distribution 02860,Aftermarket,NA-US,United States,289,95,2281,3200000,LTA
C-02861,Orion Motors 02861,OEM,NA-MX,Mexico,211,98,16693,83200000,spot
C-02862,Norvia Distribution 02862,Aftermarket,APAC-SE,Vietnam,120,95,2527,1900000,spot
C-02863,Vantage Distribution 02863,Distributor,EMEA-W,Italy,100,95,3078,3600000,consignment
C-02864,Bluepeak Motors 02864,OEM,EMEA-W,France,256,98,49007,41700000,LTA
C-02865,Orion Systems 02865,Tier-1,APAC-NE,Taiwan,417,95,883,1600000,spot
C-02866,Cordis Motors 02866,OEM,SA,Brazil,30,98,37113,42200000,spot
C-02867,Atlas Distribution 02867,Distributor,NA-US,United States,180,95,2878,5600000,spot
C-02868,Bluepeak Distribution 02868,Distributor,NA-US,United States,293,95,3326,3900000,consignment
C-02869,Vantage Distribution 02869,Distributor,NA-US,United States,114,95,291,1000000,LTA
C-02870,Delantra Motors 02870,OEM,EMEA-E,Czechia,472,98,15873,79700000,LTA
C-02871,Delantra Distribution 02871,Distributor,EMEA-W,Germany,355,95,733,2000000,consignment
C-02872,Delantra Motors 02872,OEM,NA-US,United States,385,98,28033,42800000,spot
C-02873,Vantage Distribution 02873,Distributor,NA-US,United States,176,95,2696,3600000,LTA
C-02874,Baltia Distribution 02874,Distributor,APAC-IN,India,269,95,2871,100000,consignment
C-02875,Baltia Motors 02875,OEM,EMEA-E,Romania,116,98,41187,44800000,LTA
C-02876,Kestrel Motors 02876,OEM,APAC-SE,Indonesia,446,98,55822,28400000,consignment
C-02877,Atlas Motors 02877,OEM,APAC-NE,China,144,98,51885,30700000,LTA
C-02878,Kestrel Motors 02878,OEM,NA-US,United States,192,98,12295,48600000,LTA
C-02879,Baltia Distribution 02879,Aftermarket,APAC-SE,Malaysia,356,95,1959,3100000,LTA
C-02880,Kestrel Motors 02880,OEM,EMEA-W,Spain,421,98,58956,14600000,LTA
C-02881,Kestrel Distribution 02881,Aftermarket,APAC-IN,India,55,95,2919,5100000,LTA
C-02882,Delantra Motors 02882,OEM,APAC-IN,India,203,98,52993,42300000,consignment
C-02883,Vantage Distribution 02883,Aftermarket,NA-US,United States,487,95,2104,1900000,consignment
C-02884,Kestrel Motors 02884,OEM,NA-US,United States,295,98,44860,54700000,spot
C-02885,Orion Systems 02885,Tier-1,APAC-NE,Taiwan,453,95,602,5000000,consignment
C-02886,Delantra Motors 02886,OEM,EMEA-E,Turkey,28,98,8792,48300000,spot
C-02887,Orion Distribution 02887,Distributor,APAC-SE,Thailand,129,95,3309,5700000,LTA
C-02888,Baltia Distribution 02888,Aftermarket,NA-US,United States,495,95,2329,1000000,consignment
C-02889,Bluepeak Distribution 02889,Distributor,EMEA-W,Germany,110,95,716,4100000,consignment
C-02890,Orion Motors 02890,OEM,EMEA-W,Germany,128,98,25712,78200000,consignment
C-02891,Cordis Distribution 02891,Aftermarket,NA-US,United States,459,95,1773,4100000,LTA
C-02892,Bluepeak Distribution 02892,Aftermarket,APAC-SE,Vietnam,253,95,2505,4900000,LTA
C-02893,Atlas Distribution 02893,Aftermarket,EMEA-W,Italy,271,95,2615,4200000,consignment
C-02894,Bluepeak Systems 02894,Tier-1,APAC-IN,India,133,95,1434,100000,spot
C-02895,Atlas Systems 02895,Tier-1,APAC-SE,Malaysia,319,95,999,5000000,spot
C-02896,Atlas Distribution 02896,Distributor,SA,Brazil,272,95,1963,5700000,LTA
C-02897,Delantra Systems 02897,Tier-1,SA,Brazil,225,95,3229,900000,spot
C-02898,Orion Distribution 02898,Distributor,APAC-SE,Thailand,124,95,1735,1200000,LTA
C-02899,Cordis Motors 02899,OEM,EMEA-E,Turkey,324,98,51780,51600000,spot
C-02900,Cordis Distribution 02900,Distributor,EMEA-E,Romania,410,95,3401,3100000,LTA
C-02901,Orion Motors 02901,OEM,APAC-SE,Vietnam,389,98,57123,15100000,LTA
C-02902,Baltia Motors 02902,OEM,SA,Brazil,343,98,26222,3400000,consignment
C-02903,Delantra Motors 02903,OEM,SA,Argentina,258,98,34626,30100000,LTA
C-02904,Cordis Motors 02904,OEM,APAC-SE,Vietnam,209,98,30295,62700000,LTA
C-02905,Cordis Motors 02905,OEM,APAC-NE,China,146,98,16204,28900000,spot
C-02906,Bluepeak Motors 02906,OEM,APAC-SE,Vietnam,337,98,29011,32500000,LTA
C-02907,Bluepeak Systems 02907,Tier-1,NA-US,United States,57,95,1291,1200000,consignment
C-02908,Norvia Motors 02908,OEM,EMEA-E,Poland,311,98,46808,54600000,LTA
C-02909,Vantage Distribution 02909,Aftermarket,SA,Argentina,251,95,1320,1300000,consignment
C-02910,Baltia Distribution 02910,Distributor,NA-MX,Mexico,448,95,3519,3600000,LTA
C-02911,Bluepeak Distribution 02911,Distributor,EMEA-W,Spain,451,95,60,500000,LTA
C-02912,Orion Motors 02912,OEM,EMEA-W,France,357,98,7282,48200000,consignment
C-02913,Vantage Motors 02913,OEM,APAC-IN,India,490,98,36746,66100000,LTA
C-02914,Bluepeak Systems 02914,Tier-1,EMEA-E,Poland,274,95,1114,1500000,LTA
C-02915,Orion Motors 02915,OEM,APAC-IN,India,331,98,25968,53300000,LTA
C-02916,Cordis Systems 02916,Tier-1,EMEA-W,Spain,217,95,695,2300000,LTA
C-02917,Bluepeak Motors 02917,OEM,EMEA-E,Czechia,431,98,39263,15600000,LTA
C-02918,Delantra Distribution 02918,Aftermarket,SA,Brazil,471,95,904,4800000,consignment
C-02919,Baltia Systems 02919,Tier-1,NA-MX,Mexico,151,95,1413,5200000,spot
C-02920,Cordis Distribution 02920,Distributor,NA-US,United States,153,95,3589,2900000,LTA
C-02921,Norvia Systems 02921,Tier-1,APAC-SE,Vietnam,327,95,2266,600000,LTA
C-02922,Orion Systems 02922,Tier-1,NA-US,United States,53,95,2668,5400000,LTA
C-02923,Vantage Distribution 02923,Aftermarket,SA,Argentina,92,95,1222,700000,spot
C-02924,Orion Motors 02924,OEM,EMEA-E,Poland,399,98,42147,57300000,spot
C-02925,Sumida Motors 02925,OEM,NA-US,United States,215,98,59199,18100000,spot
C-02926,Kestrel Systems 02926,Tier-1,APAC-NE,China,454,95,3126,5000000,spot
C-02927,Norvia Motors 02927,OEM,APAC-NE,Japan,335,98,26556,6300000,LTA
C-02928,Norvia Distribution 02928,Aftermarket,NA-US,United States,158,95,447,3500000,LTA
C-02929,Vantage Distribution 02929,Aftermarket,NA-MX,Mexico,148,95,216,4300000,consignment
C-02930,Delantra Motors 02930,OEM,APAC-NE,South Korea,195,98,28882,38000000,consignment
C-02931,Baltia Motors 02931,OEM,SA,Argentina,24,98,57075,8300000,spot
C-02932,Delantra Motors 02932,OEM,EMEA-W,Germany,433,98,56044,59200000,LTA
C-02933,Atlas Systems 02933,Tier-1,APAC-NE,Taiwan,83,95,2904,5600000,LTA
C-02934,Norvia Motors 02934,OEM,APAC-SE,Vietnam,240,98,15082,4500000,spot
C-02935,Cordis Distribution 02935,Aftermarket,APAC-NE,China,299,95,3791,1700000,LTA
C-02936,Kestrel Distribution 02936,Aftermarket,APAC-SE,Indonesia,381,95,2021,5400000,spot
C-02937,Baltia Motors 02937,OEM,APAC-SE,Indonesia,427,98,58757,17000000,consignment
C-02938,Kestrel Systems 02938,Tier-1,NA-US,United States,428,95,3409,900000,LTA
C-02939,Atlas Motors 02939,OEM,EMEA-E,Poland,129,98,34706,26400000,spot
C-02940,Bluepeak Systems 02940,Tier-1,EMEA-E,Romania,457,95,3947,2100000,consignment
C-02941,Baltia Distribution 02941,Distributor,EMEA-E,Poland,269,95,458,6000000,LTA
C-02942,Baltia Motors 02942,OEM,NA-MX,Mexico,242,98,41571,88300000,consignment
C-02943,Kestrel Distribution 02943,Distributor,NA-US,United States,143,95,2507,5400000,consignment
C-02944,Kestrel Motors 02944,OEM,SA,Brazil,56,98,56989,61000000,consignment
C-02945,Orion Systems 02945,Tier-1,SA,Brazil,185,95,570,4900000,LTA
C-02946,Baltia Motors 02946,OEM,EMEA-W,Germany,449,98,56876,60900000,spot
C-02947,Orion Motors 02947,OEM,NA-US,United States,243,98,33414,52300000,consignment
C-02948,Norvia Distribution 02948,Distributor,APAC-IN,India,466,95,2442,1500000,consignment
C-02949,Orion Systems 02949,Tier-1,APAC-SE,Thailand,298,95,786,3600000,spot
C-02950,Atlas Motors 02950,OEM,NA-MX,Mexico,248,98,25144,51100000,spot
C-02951,Delantra Distribution 02951,Distributor,APAC-IN,India,310,95,2554,3900000,consignment
C-02952,Kestrel Distribution 02952,Aftermarket,NA-MX,Mexico,373,95,2641,1800000,LTA
C-02953,Orion Motors 02953,OEM,EMEA-E,Czechia,444,98,6997,28400000,LTA
C-02954,Delantra Systems 02954,Tier-1,APAC-SE,Indonesia,204,95,3173,5600000,spot
C-02955,Orion Motors 02955,OEM,APAC-SE,Vietnam,76,98,22400,38500000,spot
C-02956,Bluepeak Distribution 02956,Aftermarket,EMEA-E,Romania,97,95,2299,3700000,LTA
C-02957,Bluepeak Systems 02957,Tier-1,NA-MX,Mexico,494,95,2413,400000,LTA
C-02958,Baltia Motors 02958,OEM,APAC-NE,Taiwan,186,98,40593,89700000,spot
C-02959,Baltia Distribution 02959,Distributor,NA-US,United States,146,95,2428,600000,LTA
C-02960,Delantra Systems 02960,Tier-1,APAC-NE,Japan,343,95,2205,2400000,LTA
C-02961,Sumida Distribution 02961,Aftermarket,SA,Brazil,342,95,2554,1700000,spot
C-02962,Cordis Motors 02962,OEM,EMEA-E,Czechia,162,98,52505,21600000,spot
C-02963,Bluepeak Distribution 02963,Distributor,EMEA-E,Romania,213,95,802,2700000,spot
C-02964,Orion Systems 02964,Tier-1,APAC-NE,South Korea,376,95,3937,3000000,LTA
C-02965,Atlas Distribution 02965,Distributor,APAC-NE,Taiwan,44,95,1462,2600000,LTA
C-02966,Cordis Motors 02966,OEM,APAC-SE,Malaysia,400,98,26980,85200000,LTA
C-02967,Bluepeak Motors 02967,OEM,APAC-IN,India,382,98,26108,31400000,LTA
C-02968,Delantra Distribution 02968,Distributor,APAC-NE,Japan,14,95,2019,5700000,spot
C-02969,Vantage Motors 02969,OEM,EMEA-E,Romania,105,98,17882,71700000,LTA
C-02970,Kestrel Systems 02970,Tier-1,EMEA-W,Italy,120,95,1222,1900000,LTA
C-02971,Bluepeak Motors 02971,OEM,NA-MX,Mexico,189,98,8550,6100000,spot
C-02972,Cordis Motors 02972,OEM,APAC-SE,Vietnam,72,98,37189,70300000,LTA
C-02973,Baltia Motors 02973,OEM,APAC-SE,Vietnam,461,98,44973,84600000,consignment
C-02974,Vantage Distribution 02974,Aftermarket,NA-MX,Mexico,455,95,1442,3300000,LTA
C-02975,Sumida Motors 02975,OEM,APAC-IN,India,225,98,52333,40800000,consignment
C-02976,Delantra Distribution 02976,Aftermarket,EMEA-E,Turkey,252,95,2820,1500000,LTA
C-02977,Sumida Distribution 02977,Aftermarket,EMEA-W,Germany,92,95,910,5900000,consignment
C-02978,Orion Distribution 02978,Distributor,APAC-SE,Vietnam,461,95,1078,2900000,spot
C-02979,Cordis Motors 02979,OEM,EMEA-W,Spain,481,98,18721,80800000,LTA
C-02980,Atlas Motors 02980,OEM,SA,Argentina,383,98,9305,23000000,consignment
C-02981,Vantage Distribution 02981,Distributor,NA-MX,Mexico,226,95,3818,4300000,LTA
C-02982,Atlas Distribution 02982,Distributor,SA,Argentina,392,95,1695,2800000,spot
C-02983,Baltia Distribution 02983,Distributor,APAC-IN,India,325,95,3127,500000,consignment
C-02984,Atlas Distribution 02984,Distributor,APAC-SE,Indonesia,85,95,3786,500000,consignment
C-02985,Cordis Motors 02985,OEM,EMEA-W,Italy,342,98,57392,49800000,spot
C-02986,Sumida Motors 02986,OEM,APAC-IN,India,465,98,17160,49200000,consignment
C-02987,Bluepeak Systems 02987,Tier-1,SA,Brazil,86,95,1422,3300000,LTA
C-02988,Norvia Distribution 02988,Aftermarket,NA-US,United States,314,95,1721,3900000,consignment
C-02989,Baltia Motors 02989,OEM,SA,Argentina,207,98,13377,20900000,LTA
C-02990,Vantage Motors 02990,OEM,NA-MX,Mexico,28,98,57417,87300000,LTA
C-02991,Bluepeak Distribution 02991,Aftermarket,NA-US,United States,360,95,2225,400000,LTA
C-02992,Orion Distribution 02992,Distributor,EMEA-E,Poland,399,95,3788,4200000,spot
C-02993,Vantage Motors 02993,OEM,APAC-NE,Taiwan,109,98,31776,33800000,consignment
C-02994,Kestrel Distribution 02994,Distributor,NA-MX,Mexico,61,95,1002,100000,LTA
C-02995,Sumida Distribution 02995,Distributor,NA-MX,Mexico,472,95,217,5700000,LTA
C-02996,Cordis Motors 02996,OEM,EMEA-W,Italy,378,98,15303,67100000,consignment
C-02997,Kestrel Motors 02997,OEM,NA-MX,Mexico,258,98,9105,78000000,LTA
C-02998,Bluepeak Distribution 02998,Aftermarket,EMEA-E,Romania,205,95,377,300000,LTA
C-02999,Baltia Motors 02999,OEM,NA-MX,Mexico,45,98,8900,82600000,spot
C-03000,Delantra Systems 03000,Tier-1,EMEA-W,Spain,302,95,2635,5500000,spot
C-03001,Vantage Systems 03001,Tier-1,NA-MX,Mexico,347,95,1854,200000,consignment
C-03002,Delantra Distribution 03002,Aftermarket,NA-US,United States,96,95,1549,400000,LTA
C-03003,Sumida Distribution 03003,Aftermarket,NA-US,United States,220,95,3605,500000,LTA
C-03004,Atlas Motors 03004,OEM,APAC-NE,China,427,98,48292,39300000,spot
C-03005,Baltia Distribution 03005,Distributor,APAC-IN,India,235,95,3748,3500000,spot
C-03006,Cordis Distribution 03006,Distributor,APAC-NE,China,130,95,353,2200000,consignment
C-03007,Atlas Systems 03007,Tier-1,NA-MX,Mexico,142,95,2011,2600000,spot
C-03008,Delantra Systems 03008,Tier-1,EMEA-E,Turkey,335,95,2333,1100000,consignment
C-03009,Vantage Distribution 03009,Distributor,NA-US,United States,308,95,3535,2600000,spot
C-03010,Baltia Motors 03010,OEM,NA-US,United States,165,98,55127,58000000,LTA
C-03011,Delantra Distribution 03011,Distributor,EMEA-W,Italy,444,95,588,2600000,LTA
C-03012,Baltia Motors 03012,OEM,EMEA-W,Spain,413,98,52931,64700000,LTA
C-03013,Norvia Distribution 03013,Distributor,SA,Brazil,20,95,917,2100000,LTA
C-03014,Bluepeak Distribution 03014,Distributor,EMEA-W,Germany,100,95,2333,2300000,spot
C-03015,Orion Distribution 03015,Distributor,NA-US,United States,40,95,524,1300000,LTA
C-03016,Atlas Distribution 03016,Distributor,SA,Argentina,299,95,323,3500000,LTA
C-03017,Vantage Motors 03017,OEM,SA,Brazil,25,98,56130,28600000,LTA
C-03018,Orion Systems 03018,Tier-1,EMEA-W,Germany,356,95,2667,3200000,LTA
C-03019,Delantra Distribution 03019,Aftermarket,NA-US,United States,410,95,2212,4000000,consignment
C-03020,Kestrel Motors 03020,OEM,SA,Brazil,177,98,37932,76200000,LTA
C-03021,Cordis Motors 03021,OEM,NA-MX,Mexico,47,98,34070,70800000,spot
C-03022,Delantra Motors 03022,OEM,APAC-NE,China,308,98,57034,42300000,consignment
C-03023,Baltia Distribution 03023,Distributor,EMEA-W,Italy,239,95,602,1900000,LTA
C-03024,Bluepeak Systems 03024,Tier-1,APAC-SE,Malaysia,19,95,2744,200000,spot
C-03025,Cordis Systems 03025,Tier-1,NA-MX,Mexico,339,95,3105,4700000,LTA
C-03026,Kestrel Distribution 03026,Distributor,NA-US,United States,55,95,1492,2300000,LTA
C-03027,Bluepeak Systems 03027,Tier-1,APAC-NE,Taiwan,18,95,801,300000,consignment
C-03028,Norvia Distribution 03028,Distributor,NA-MX,Mexico,211,95,3826,2000000,LTA
C-03029,Kestrel Systems 03029,Tier-1,APAC-SE,Malaysia,349,95,1245,4300000,LTA
C-03030,Vantage Motors 03030,OEM,APAC-NE,Taiwan,136,98,36741,75900000,consignment
C-03031,Sumida Distribution 03031,Aftermarket,APAC-IN,India,417,95,1930,4100000,consignment
C-03032,Orion Motors 03032,OEM,NA-US,United States,113,98,27968,17900000,LTA
C-03033,Delantra Motors 03033,OEM,EMEA-W,France,484,98,27241,89400000,LTA
C-03034,Orion Motors 03034,OEM,APAC-NE,Japan,180,98,56603,71900000,spot
C-03035,Sumida Distribution 03035,Aftermarket,APAC-SE,Malaysia,326,95,1218,1000000,spot
C-03036,Kestrel Motors 03036,OEM,EMEA-W,Italy,468,98,9059,5500000,LTA
C-03037,Norvia Motors 03037,OEM,EMEA-E,Romania,101,98,47109,60800000,LTA
C-03038,Atlas Distribution 03038,Distributor,EMEA-W,Italy,393,95,883,4600000,spot
C-03039,Bluepeak Distribution 03039,Aftermarket,APAC-IN,India,442,95,2358,4900000,spot
C-03040,Delantra Motors 03040,OEM,APAC-SE,Malaysia,305,98,10103,54600000,consignment
C-03041,Sumida Motors 03041,OEM,APAC-IN,India,72,98,27715,53400000,spot
C-03042,Cordis Motors 03042,OEM,EMEA-W,Italy,29,98,47440,38600000,spot
C-03043,Cordis Motors 03043,OEM,NA-US,United States,143,98,6493,28700000,spot
C-03044,Bluepeak Distribution 03044,Aftermarket,APAC-SE,Malaysia,144,95,2136,1400000,consignment
C-03045,Delantra Distribution 03045,Distributor,APAC-SE,Malaysia,99,95,2418,3400000,LTA
C-03046,Atlas Distribution 03046,Aftermarket,NA-US,United States,162,95,1116,3000000,spot
C-03047,Delantra Distribution 03047,Distributor,SA,Brazil,402,95,1143,2000000,spot
C-03048,Baltia Motors 03048,OEM,APAC-SE,Vietnam,190,98,40148,69300000,LTA
C-03049,Atlas Distribution 03049,Distributor,APAC-SE,Indonesia,111,95,3327,1900000,consignment
C-03050,Orion Motors 03050,OEM,SA,Brazil,497,98,10270,84400000,LTA
C-03051,Orion Systems 03051,Tier-1,SA,Brazil,477,95,1155,1400000,LTA
C-03052,Sumida Motors 03052,OEM,APAC-NE,China,406,98,42759,56400000,consignment
C-03053,Delantra Motors 03053,OEM,APAC-IN,India,342,98,53252,15300000,LTA
C-03054,Atlas Distribution 03054,Distributor,EMEA-W,Italy,500,95,493,2600000,LTA
C-03055,Delantra Distribution 03055,Distributor,NA-US,United States,148,95,2205,2500000,LTA
C-03056,Orion Motors 03056,OEM,APAC-NE,South Korea,491,98,27367,16400000,LTA
C-03057,Norvia Systems 03057,Tier-1,APAC-IN,India,89,95,3734,3600000,LTA
C-03058,Kestrel Distribution 03058,Distributor,EMEA-W,France,426,95,1037,1200000,consignment
C-03059,Sumida Distribution 03059,Aftermarket,APAC-IN,India,150,95,2325,3200000,LTA
C-03060,Atlas Motors 03060,OEM,APAC-SE,Malaysia,256,98,57836,43500000,spot
C-03061,Kestrel Motors 03061,OEM,APAC-NE,South Korea,61,98,48081,58100000,LTA
C-03062,Sumida Systems 03062,Tier-1,SA,Brazil,310,95,1630,700000,consignment
C-03063,Cordis Motors 03063,OEM,EMEA-E,Czechia,301,98,23835,46800000,consignment
C-03064,Cordis Motors 03064,OEM,APAC-IN,India,397,98,31471,31800000,LTA
C-03065,Atlas Distribution 03065,Distributor,APAC-IN,India,459,95,185,300000,LTA
C-03066,Kestrel Motors 03066,OEM,NA-US,United States,318,98,7712,20500000,consignment
C-03067,Kestrel Distribution 03067,Aftermarket,APAC-SE,Thailand,242,95,3120,2200000,LTA
C-03068,Norvia Motors 03068,OEM,EMEA-E,Poland,239,98,14721,57700000,consignment
C-03069,Bluepeak Motors 03069,OEM,APAC-IN,India,201,98,31584,22100000,LTA
C-03070,Cordis Distribution 03070,Aftermarket,APAC-IN,India,44,95,1519,2100000,LTA
C-03071,Delantra Motors 03071,OEM,NA-MX,Mexico,325,98,27382,75800000,spot
C-03072,Norvia Motors 03072,OEM,APAC-IN,India,284,98,59804,86000000,LTA
C-03073,Baltia Systems 03073,Tier-1,NA-US,United States,215,95,1468,700000,spot
C-03074,Kestrel Motors 03074,OEM,EMEA-W,Italy,153,98,5205,28600000,consignment
C-03075,Orion Systems 03075,Tier-1,EMEA-W,Germany,204,95,3827,5400000,spot
C-03076,Delantra Motors 03076,OEM,EMEA-W,Germany,264,98,52271,54900000,spot
C-03077,Vantage Motors 03077,OEM,APAC-SE,Malaysia,22,98,55208,63900000,spot
C-03078,Cordis Distribution 03078,Aftermarket,APAC-IN,India,17,95,784,1200000,LTA
C-03079,Norvia Motors 03079,OEM,APAC-IN,India,29,98,10187,83700000,spot
C-03080,Sumida Distribution 03080,Distributor,EMEA-E,Poland,33,95,1784,5200000,LTA
C-03081,Kestrel Motors 03081,OEM,APAC-NE,China,359,98,47523,50800000,LTA
C-03082,Kestrel Distribution 03082,Aftermarket,APAC-SE,Vietnam,160,95,2897,600000,spot
C-03083,Delantra Motors 03083,OEM,APAC-NE,Taiwan,330,98,15584,81800000,LTA
C-03084,Sumida Motors 03084,OEM,SA,Argentina,374,98,35251,54200000,spot
C-03085,Kestrel Distribution 03085,Distributor,EMEA-E,Turkey,68,95,2377,5900000,LTA
C-03086,Cordis Systems 03086,Tier-1,SA,Brazil,197,95,928,600000,spot
C-03087,Vantage Distribution 03087,Distributor,SA,Argentina,82,95,677,1300000,consignment
C-03088,Delantra Motors 03088,OEM,NA-US,United States,284,98,59805,15400000,spot
C-03089,Atlas Distribution 03089,Aftermarket,EMEA-E,Poland,496,95,2539,400000,LTA
C-03090,Bluepeak Motors 03090,OEM,APAC-IN,India,113,98,15341,52800000,LTA
C-03091,Vantage Motors 03091,OEM,APAC-IN,India,326,98,26391,35300000,consignment
C-03092,Sumida Distribution 03092,Distributor,EMEA-E,Poland,41,95,474,3700000,consignment
C-03093,Sumida Distribution 03093,Aftermarket,APAC-IN,India,239,95,1795,3800000,spot
C-03094,Bluepeak Systems 03094,Tier-1,APAC-NE,China,474,95,1579,5400000,LTA
C-03095,Orion Distribution 03095,Aftermarket,NA-MX,Mexico,91,95,2497,3600000,spot
C-03096,Kestrel Systems 03096,Tier-1,NA-MX,Mexico,266,95,3201,1500000,spot
C-03097,Bluepeak Systems 03097,Tier-1,EMEA-E,Turkey,337,95,2513,4800000,consignment
C-03098,Norvia Distribution 03098,Aftermarket,EMEA-W,France,90,95,245,1500000,consignment
C-03099,Cordis Systems 03099,Tier-1,NA-MX,Mexico,319,95,327,100000,spot
C-03100,Bluepeak Distribution 03100,Aftermarket,EMEA-E,Romania,400,95,309,2800000,LTA
C-03101,Kestrel Motors 03101,OEM,APAC-IN,India,309,98,38585,48200000,consignment
C-03102,Vantage Distribution 03102,Aftermarket,NA-MX,Mexico,452,95,1749,5700000,spot
C-03103,Cordis Distribution 03103,Distributor,SA,Argentina,96,95,1965,5800000,LTA
C-03104,Bluepeak Distribution 03104,Distributor,EMEA-W,Germany,28,95,1227,5400000,spot
C-03105,Orion Motors 03105,OEM,APAC-SE,Malaysia,220,98,35125,83800000,LTA
C-03106,Bluepeak Motors 03106,OEM,APAC-IN,India,269,98,5606,5200000,LTA
C-03107,Bluepeak Systems 03107,Tier-1,EMEA-W,Germany,392,95,1013,4900000,LTA
C-03108,Bluepeak Motors 03108,OEM,APAC-NE,South Korea,116,98,54071,82100000,LTA
C-03109,Orion Distribution 03109,Aftermarket,SA,Brazil,453,95,950,2100000,LTA
C-03110,Delantra Systems 03110,Tier-1,APAC-NE,China,212,95,1075,700000,consignment
C-03111,Baltia Systems 03111,Tier-1,EMEA-E,Romania,112,95,2621,5000000,LTA
C-03112,Atlas Motors 03112,OEM,EMEA-W,France,226,98,36718,32200000,LTA
C-03113,Bluepeak Distribution 03113,Distributor,APAC-IN,India,160,95,472,1700000,LTA
C-03114,Bluepeak Motors 03114,OEM,NA-MX,Mexico,212,98,5964,48700000,LTA
C-03115,Orion Motors 03115,OEM,APAC-IN,India,134,98,12923,60300000,LTA
C-03116,Vantage Systems 03116,Tier-1,NA-MX,Mexico,67,95,1183,4000000,spot
C-03117,Atlas Distribution 03117,Aftermarket,NA-MX,Mexico,288,95,1298,800000,LTA
C-03118,Sumida Systems 03118,Tier-1,EMEA-W,Spain,97,95,1075,5400000,spot
C-03119,Atlas Distribution 03119,Distributor,EMEA-E,Turkey,162,95,2664,5000000,consignment
C-03120,Baltia Motors 03120,OEM,EMEA-E,Romania,440,98,37616,26900000,spot
C-03121,Delantra Distribution 03121,Aftermarket,EMEA-W,Spain,369,95,3231,4700000,spot
C-03122,Bluepeak Distribution 03122,Distributor,NA-MX,Mexico,132,95,2749,5500000,LTA
C-03123,Bluepeak Systems 03123,Tier-1,APAC-NE,Japan,132,95,264,5100000,consignment
C-03124,Cordis Distribution 03124,Distributor,NA-US,United States,194,95,2398,2600000,LTA
C-03125,Baltia Systems 03125,Tier-1,APAC-IN,India,383,95,2064,5300000,consignment
C-03126,Sumida Motors 03126,OEM,APAC-NE,China,498,98,37947,41200000,LTA
C-03127,Norvia Systems 03127,Tier-1,APAC-IN,India,305,95,2205,1900000,LTA
C-03128,Atlas Motors 03128,OEM,APAC-NE,Taiwan,425,98,36580,89000000,consignment
C-03129,Orion Motors 03129,OEM,EMEA-W,Spain,307,98,40188,10300000,LTA
C-03130,Kestrel Distribution 03130,Aftermarket,NA-MX,Mexico,179,95,2260,400000,LTA
C-03131,Atlas Distribution 03131,Distributor,SA,Brazil,46,95,862,4100000,LTA
C-03132,Bluepeak Motors 03132,OEM,NA-US,United States,263,98,5395,4800000,consignment
C-03133,Bluepeak Distribution 03133,Distributor,EMEA-W,Spain,323,95,3672,500000,consignment
C-03134,Kestrel Distribution 03134,Distributor,EMEA-W,Germany,171,95,2062,3900000,LTA
C-03135,Norvia Motors 03135,OEM,APAC-IN,India,178,98,39554,81100000,LTA
C-03136,Orion Systems 03136,Tier-1,APAC-SE,Thailand,396,95,1146,2100000,consignment
C-03137,Norvia Motors 03137,OEM,APAC-SE,Malaysia,185,98,5368,21000000,spot
C-03138,Baltia Systems 03138,Tier-1,EMEA-E,Turkey,232,95,1787,3700000,LTA
C-03139,Kestrel Systems 03139,Tier-1,EMEA-E,Romania,109,95,1937,5800000,spot
C-03140,Norvia Distribution 03140,Aftermarket,EMEA-E,Czechia,143,95,3704,2900000,LTA
C-03141,Bluepeak Distribution 03141,Distributor,SA,Argentina,215,95,3646,1900000,consignment
C-03142,Norvia Motors 03142,OEM,EMEA-W,Germany,432,98,42502,17400000,LTA
C-03143,Atlas Distribution 03143,Aftermarket,SA,Argentina,494,95,1268,300000,spot
C-03144,Vantage Distribution 03144,Aftermarket,APAC-NE,Japan,312,95,1426,5700000,LTA
C-03145,Atlas Distribution 03145,Aftermarket,APAC-SE,Indonesia,499,95,1924,5700000,LTA
C-03146,Kestrel Systems 03146,Tier-1,APAC-SE,Vietnam,171,95,2768,500000,LTA
C-03147,Delantra Motors 03147,OEM,NA-US,United States,177,98,20040,61100000,LTA
C-03148,Bluepeak Distribution 03148,Aftermarket,EMEA-W,France,81,95,1120,5600000,spot
C-03149,Kestrel Motors 03149,OEM,NA-US,United States,223,98,58016,69000000,spot
C-03150,Bluepeak Distribution 03150,Distributor,NA-MX,Mexico,39,95,1925,3500000,LTA
C-03151,Baltia Distribution 03151,Distributor,EMEA-E,Czechia,138,95,3811,3600000,LTA
C-03152,Kestrel Distribution 03152,Distributor,APAC-NE,China,162,95,2336,600000,spot
C-03153,Vantage Motors 03153,OEM,APAC-IN,India,111,98,39552,45500000,LTA
C-03154,Cordis Distribution 03154,Distributor,SA,Brazil,156,95,2142,4800000,LTA
C-03155,Atlas Motors 03155,OEM,EMEA-W,France,252,98,21788,41000000,LTA
C-03156,Norvia Motors 03156,OEM,APAC-SE,Thailand,484,98,50224,78500000,LTA
C-03157,Orion Systems 03157,Tier-1,APAC-NE,Japan,114,95,1770,5000000,spot
C-03158,Vantage Systems 03158,Tier-1,SA,Brazil,376,95,1318,1900000,LTA
C-03159,Baltia Systems 03159,Tier-1,NA-US,United States,113,95,2390,2100000,LTA
C-03160,Kestrel Motors 03160,OEM,APAC-IN,India,232,98,18957,84400000,LTA
C-03161,Bluepeak Motors 03161,OEM,EMEA-W,Italy,190,98,50098,7900000,spot
C-03162,Kestrel Motors 03162,OEM,EMEA-W,Italy,408,98,27075,9400000,consignment
C-03163,Sumida Systems 03163,Tier-1,APAC-NE,Japan,17,95,1743,900000,LTA
C-03164,Vantage Systems 03164,Tier-1,APAC-IN,India,241,95,1790,700000,LTA
C-03165,Delantra Distribution 03165,Aftermarket,APAC-NE,Taiwan,262,95,1703,3900000,LTA
C-03166,Baltia Distribution 03166,Aftermarket,NA-US,United States,328,95,3946,4800000,spot
C-03167,Vantage Motors 03167,OEM,NA-US,United States,139,98,51993,57200000,LTA
C-03168,Bluepeak Motors 03168,OEM,APAC-IN,India,407,98,29659,43400000,spot
C-03169,Delantra Systems 03169,Tier-1,NA-US,United States,326,95,183,2400000,LTA
C-03170,Baltia Motors 03170,OEM,EMEA-W,Italy,20,98,16794,26300000,LTA
C-03171,Vantage Distribution 03171,Aftermarket,NA-MX,Mexico,345,95,1868,2700000,spot
C-03172,Cordis Distribution 03172,Distributor,NA-US,United States,425,95,2019,5200000,spot
C-03173,Kestrel Distribution 03173,Distributor,EMEA-E,Poland,218,95,2070,4100000,consignment
C-03174,Vantage Systems 03174,Tier-1,APAC-IN,India,486,95,3479,3200000,LTA
C-03175,Atlas Systems 03175,Tier-1,EMEA-W,France,162,95,2714,5200000,spot
C-03176,Norvia Distribution 03176,Aftermarket,NA-US,United States,444,95,1443,3900000,consignment
C-03177,Sumida Distribution 03177,Distributor,NA-MX,Mexico,33,95,2904,1900000,LTA
C-03178,Sumida Motors 03178,OEM,APAC-SE,Vietnam,167,98,44207,69700000,spot
C-03179,Bluepeak Distribution 03179,Aftermarket,EMEA-W,Italy,379,95,3843,2300000,LTA
C-03180,Norvia Motors 03180,OEM,APAC-NE,Taiwan,157,98,11012,72700000,spot
C-03181,Bluepeak Distribution 03181,Distributor,APAC-NE,Japan,201,95,2632,1700000,LTA
C-03182,Kestrel Motors 03182,OEM,APAC-IN,India,477,98,25145,9000000,spot
C-03183,Cordis Systems 03183,Tier-1,NA-MX,Mexico,376,95,759,600000,LTA
C-03184,Bluepeak Distribution 03184,Distributor,NA-MX,Mexico,247,95,2430,2300000,spot
C-03185,Sumida Motors 03185,OEM,NA-US,United States,247,98,33798,27600000,spot
C-03186,Kestrel Distribution 03186,Distributor,NA-US,United States,467,95,3044,700000,LTA
C-03187,Sumida Systems 03187,Tier-1,SA,Argentina,25,95,194,5500000,consignment
C-03188,Atlas Motors 03188,OEM,EMEA-E,Romania,316,98,30062,15000000,consignment
C-03189,Sumida Distribution 03189,Aftermarket,SA,Brazil,156,95,3746,1200000,consignment
C-03190,Kestrel Distribution 03190,Aftermarket,APAC-IN,India,222,95,583,1400000,spot
C-03191,Baltia Distribution 03191,Distributor,SA,Brazil,276,95,1946,3500000,spot
C-03192,Vantage Distribution 03192,Aftermarket,NA-US,United States,145,95,2156,4200000,LTA
C-03193,Atlas Distribution 03193,Aftermarket,EMEA-E,Czechia,417,95,632,500000,consignment
C-03194,Orion Motors 03194,OEM,APAC-IN,India,234,98,41358,3600000,spot
C-03195,Atlas Motors 03195,OEM,EMEA-E,Romania,460,98,18594,45700000,spot
C-03196,Kestrel Distribution 03196,Distributor,APAC-NE,China,381,95,520,4200000,consignment
C-03197,Norvia Systems 03197,Tier-1,NA-US,United States,269,95,1619,1500000,LTA
C-03198,Kestrel Distribution 03198,Distributor,APAC-NE,China,210,95,1889,5800000,LTA
C-03199,Sumida Motors 03199,OEM,EMEA-E,Turkey,161,98,30067,34000000,LTA
C-03200,Sumida Distribution 03200,Distributor,APAC-NE,China,184,95,2220,4100000,consignment
C-03201,Delantra Motors 03201,OEM,SA,Argentina,496,98,16915,13900000,LTA
C-03202,Bluepeak Distribution 03202,Aftermarket,NA-US,United States,222,95,1869,3100000,LTA
C-03203,Cordis Systems 03203,Tier-1,EMEA-E,Poland,254,95,1076,3900000,LTA
C-03204,Norvia Distribution 03204,Aftermarket,APAC-SE,Indonesia,179,95,1690,5400000,spot
C-03205,Vantage Distribution 03205,Distributor,NA-US,United States,21,95,3557,4800000,consignment
C-03206,Bluepeak Systems 03206,Tier-1,NA-US,United States,306,95,2067,3300000,LTA
C-03207,Delantra Systems 03207,Tier-1,NA-MX,Mexico,184,95,2353,4900000,LTA
C-03208,Norvia Distribution 03208,Aftermarket,EMEA-E,Poland,407,95,1659,4000000,LTA
C-03209,Baltia Motors 03209,OEM,APAC-SE,Indonesia,481,98,58189,32400000,LTA
C-03210,Cordis Motors 03210,OEM,EMEA-W,France,453,98,21301,83400000,consignment
C-03211,Orion Systems 03211,Tier-1,APAC-IN,India,293,95,3341,2800000,consignment
C-03212,Norvia Motors 03212,OEM,APAC-IN,India,158,98,40210,82600000,LTA
C-03213,Cordis Systems 03213,Tier-1,APAC-IN,India,180,95,3208,1800000,spot
C-03214,Kestrel Distribution 03214,Distributor,APAC-NE,Taiwan,24,95,2683,3800000,LTA
C-03215,Kestrel Motors 03215,OEM,SA,Brazil,380,98,48411,17600000,LTA
C-03216,Delantra Systems 03216,Tier-1,EMEA-W,Germany,145,95,2202,1100000,LTA
C-03217,Kestrel Distribution 03217,Distributor,APAC-NE,South Korea,445,95,681,2800000,consignment
C-03218,Sumida Distribution 03218,Aftermarket,EMEA-W,Italy,494,95,2567,5800000,spot
C-03219,Baltia Distribution 03219,Aftermarket,NA-US,United States,381,95,1954,1500000,spot
C-03220,Vantage Motors 03220,OEM,EMEA-W,France,195,98,28033,64100000,LTA
C-03221,Vantage Distribution 03221,Aftermarket,APAC-SE,Vietnam,376,95,3825,5700000,LTA
C-03222,Orion Distribution 03222,Distributor,EMEA-E,Czechia,274,95,3430,1600000,LTA
C-03223,Sumida Distribution 03223,Aftermarket,APAC-NE,South Korea,209,95,766,1200000,spot
C-03224,Orion Distribution 03224,Distributor,NA-MX,Mexico,258,95,1521,600000,LTA
C-03225,Sumida Motors 03225,OEM,NA-MX,Mexico,76,98,54143,64200000,spot
C-03226,Sumida Distribution 03226,Aftermarket,EMEA-W,Spain,217,95,2740,4800000,consignment
C-03227,Kestrel Motors 03227,OEM,EMEA-W,France,253,98,27271,6000000,spot
C-03228,Baltia Motors 03228,OEM,APAC-IN,India,361,98,6976,6500000,LTA
C-03229,Atlas Systems 03229,Tier-1,SA,Brazil,117,95,1501,1000000,LTA
C-03230,Delantra Motors 03230,OEM,APAC-NE,Taiwan,209,98,51461,89000000,spot
C-03231,Atlas Distribution 03231,Aftermarket,APAC-NE,Taiwan,56,95,3874,3500000,consignment
C-03232,Atlas Systems 03232,Tier-1,APAC-SE,Indonesia,464,95,2477,3800000,consignment
C-03233,Vantage Motors 03233,OEM,APAC-IN,India,179,98,22662,34000000,LTA
C-03234,Baltia Motors 03234,OEM,APAC-IN,India,82,98,38462,8800000,spot
C-03235,Cordis Motors 03235,OEM,EMEA-W,Spain,95,98,16408,18100000,LTA
C-03236,Baltia Systems 03236,Tier-1,NA-US,United States,217,95,2893,3900000,LTA
C-03237,Delantra Distribution 03237,Aftermarket,EMEA-W,Spain,288,95,435,1300000,LTA
C-03238,Sumida Distribution 03238,Aftermarket,APAC-NE,Taiwan,436,95,2232,5400000,consignment
C-03239,Vantage Distribution 03239,Distributor,EMEA-E,Romania,282,95,580,4100000,spot
C-03240,Sumida Motors 03240,OEM,APAC-IN,India,111,98,37629,43500000,spot
C-03241,Sumida Distribution 03241,Distributor,EMEA-W,France,255,95,2276,1800000,LTA
C-03242,Vantage Systems 03242,Tier-1,SA,Argentina,426,95,3634,600000,spot
C-03243,Bluepeak Motors 03243,OEM,APAC-IN,India,83,98,47752,78100000,LTA
C-03244,Delantra Systems 03244,Tier-1,APAC-IN,India,68,95,3916,900000,LTA
C-03245,Vantage Systems 03245,Tier-1,EMEA-W,France,240,95,166,4300000,LTA
C-03246,Delantra Distribution 03246,Aftermarket,EMEA-W,Germany,358,95,1568,4000000,LTA
C-03247,Vantage Systems 03247,Tier-1,SA,Argentina,272,95,1647,5700000,LTA
C-03248,Baltia Distribution 03248,Distributor,APAC-SE,Thailand,408,95,2205,4700000,LTA
C-03249,Atlas Distribution 03249,Aftermarket,APAC-SE,Indonesia,494,95,1982,3300000,LTA
C-03250,Sumida Systems 03250,Tier-1,NA-MX,Mexico,273,95,2827,4400000,spot
C-03251,Vantage Distribution 03251,Distributor,NA-US,United States,414,95,269,4300000,LTA
C-03252,Sumida Motors 03252,OEM,APAC-SE,Vietnam,260,98,53429,22600000,spot
C-03253,Norvia Systems 03253,Tier-1,APAC-NE,South Korea,273,95,2837,1500000,LTA
C-03254,Delantra Distribution 03254,Distributor,APAC-SE,Vietnam,403,95,2097,4000000,LTA
C-03255,Atlas Distribution 03255,Distributor,NA-US,United States,431,95,3748,3500000,consignment
C-03256,Delantra Motors 03256,OEM,EMEA-W,Italy,295,98,58758,23800000,LTA
C-03257,Kestrel Distribution 03257,Distributor,EMEA-E,Poland,333,95,2061,5100000,LTA
C-03258,Baltia Motors 03258,OEM,APAC-IN,India,59,98,8508,51400000,LTA
C-03259,Kestrel Distribution 03259,Distributor,APAC-IN,India,358,95,3656,2200000,LTA
C-03260,Kestrel Motors 03260,OEM,SA,Argentina,474,98,26822,62600000,LTA
C-03261,Vantage Distribution 03261,Distributor,NA-MX,Mexico,194,95,432,5400000,consignment
C-03262,Bluepeak Motors 03262,OEM,SA,Argentina,347,98,17446,87400000,LTA
C-03263,Bluepeak Distribution 03263,Distributor,APAC-IN,India,250,95,714,6000000,spot
C-03264,Baltia Distribution 03264,Aftermarket,EMEA-E,Czechia,143,95,3614,1600000,consignment
C-03265,Orion Distribution 03265,Aftermarket,EMEA-W,Germany,449,95,1644,1600000,consignment
C-03266,Kestrel Motors 03266,OEM,EMEA-W,Italy,434,98,21027,86100000,spot
C-03267,Norvia Systems 03267,Tier-1,APAC-NE,Taiwan,247,95,3400,5700000,LTA
C-03268,Kestrel Motors 03268,OEM,EMEA-W,Spain,496,98,43544,40500000,consignment
C-03269,Vantage Systems 03269,Tier-1,APAC-SE,Indonesia,333,95,2039,4700000,LTA
C-03270,Baltia Systems 03270,Tier-1,APAC-SE,Malaysia,72,95,710,2900000,LTA
C-03271,Sumida Distribution 03271,Distributor,NA-US,United States,297,95,2789,3000000,LTA
C-03272,Kestrel Systems 03272,Tier-1,APAC-NE,Taiwan,76,95,887,4900000,spot
C-03273,Bluepeak Distribution 03273,Aftermarket,SA,Brazil,338,95,582,3900000,consignment
C-03274,Vantage Distribution 03274,Distributor,EMEA-E,Turkey,92,95,1057,600000,LTA
C-03275,Orion Systems 03275,Tier-1,EMEA-E,Czechia,37,95,3667,4700000,LTA
C-03276,Cordis Distribution 03276,Aftermarket,APAC-NE,China,486,95,1929,3800000,LTA
C-03277,Delantra Distribution 03277,Aftermarket,APAC-SE,Malaysia,94,95,1089,4200000,LTA
C-03278,Cordis Distribution 03278,Distributor,NA-US,United States,338,95,3108,5600000,consignment
C-03279,Baltia Motors 03279,OEM,EMEA-W,Germany,292,98,58272,67500000,consignment
C-03280,Kestrel Motors 03280,OEM,NA-US,United States,240,98,59856,64200000,spot
C-03281,Cordis Systems 03281,Tier-1,EMEA-W,Germany,306,95,2702,2100000,spot
C-03282,Norvia Motors 03282,OEM,EMEA-W,Italy,457,98,45348,3900000,consignment
C-03283,Norvia Motors 03283,OEM,EMEA-W,Italy,319,98,31263,73100000,LTA
C-03284,Bluepeak Motors 03284,OEM,APAC-SE,Thailand,281,98,19291,62000000,spot
C-03285,Kestrel Systems 03285,Tier-1,APAC-IN,India,447,95,2615,3600000,spot
C-03286,Norvia Distribution 03286,Aftermarket,NA-MX,Mexico,112,95,1822,5800000,consignment
C-03287,Sumida Motors 03287,OEM,APAC-NE,Japan,110,98,15771,36000000,spot
C-03288,Orion Motors 03288,OEM,NA-US,United States,104,98,47950,47600000,LTA
C-03289,Baltia Motors 03289,OEM,APAC-IN,India,30,98,46963,54100000,LTA
C-03290,Atlas Motors 03290,OEM,EMEA-E,Turkey,73,98,40118,70700000,LTA
C-03291,Norvia Motors 03291,OEM,SA,Brazil,387,98,6582,22500000,consignment
C-03292,Baltia Motors 03292,OEM,EMEA-E,Romania,152,98,43170,33900000,spot
C-03293,Cordis Distribution 03293,Aftermarket,EMEA-E,Czechia,30,95,2493,1200000,LTA
C-03294,Kestrel Systems 03294,Tier-1,APAC-SE,Thailand,282,95,3956,1500000,spot
C-03295,Bluepeak Distribution 03295,Aftermarket,SA,Argentina,309,95,489,3500000,consignment
C-03296,Atlas Motors 03296,OEM,NA-US,United States,203,98,55636,64100000,consignment
C-03297,Sumida Systems 03297,Tier-1,APAC-NE,South Korea,57,95,3152,1400000,LTA
C-03298,Bluepeak Distribution 03298,Aftermarket,NA-US,United States,275,95,1678,2400000,consignment
C-03299,Atlas Systems 03299,Tier-1,APAC-SE,Vietnam,231,95,53,400000,LTA
C-03300,Norvia Motors 03300,OEM,NA-US,United States,110,98,54452,76000000,consignment
C-03301,Orion Distribution 03301,Distributor,APAC-SE,Thailand,84,95,2700,3400000,LTA
C-03302,Orion Distribution 03302,Aftermarket,EMEA-E,Czechia,495,95,3242,2700000,consignment
C-03303,Kestrel Motors 03303,OEM,NA-US,United States,198,98,51400,49100000,spot
C-03304,Orion Motors 03304,OEM,SA,Argentina,456,98,53142,60200000,LTA
C-03305,Atlas Motors 03305,OEM,NA-US,United States,369,98,35877,13600000,LTA
C-03306,Bluepeak Distribution 03306,Distributor,NA-US,United States,74,95,1322,5800000,LTA
C-03307,Baltia Motors 03307,OEM,APAC-IN,India,76,98,39836,58200000,LTA
C-03308,Sumida Motors 03308,OEM,SA,Brazil,172,98,46597,67800000,LTA
C-03309,Vantage Motors 03309,OEM,APAC-IN,India,70,98,40187,54200000,LTA
C-03310,Norvia Distribution 03310,Aftermarket,APAC-NE,China,416,95,1290,2200000,consignment
C-03311,Baltia Distribution 03311,Distributor,NA-US,United States,314,95,2483,1000000,spot
C-03312,Norvia Distribution 03312,Distributor,APAC-NE,South Korea,436,95,2106,4700000,spot
C-03313,Orion Distribution 03313,Aftermarket,SA,Brazil,408,95,549,5400000,LTA
C-03314,Norvia Distribution 03314,Distributor,NA-US,United States,349,95,3005,4400000,consignment
C-03315,Delantra Motors 03315,OEM,NA-MX,Mexico,415,98,41381,26300000,spot
C-03316,Cordis Motors 03316,OEM,EMEA-W,Germany,151,98,17412,23500000,spot
C-03317,Cordis Systems 03317,Tier-1,EMEA-E,Romania,155,95,1992,4000000,LTA
C-03318,Vantage Distribution 03318,Aftermarket,EMEA-E,Czechia,496,95,843,5700000,consignment
C-03319,Sumida Systems 03319,Tier-1,EMEA-E,Romania,499,95,2768,3300000,LTA
C-03320,Baltia Motors 03320,OEM,SA,Argentina,144,98,31998,45900000,spot
C-03321,Orion Motors 03321,OEM,APAC-SE,Thailand,89,98,39405,29100000,spot
C-03322,Cordis Systems 03322,Tier-1,APAC-SE,Indonesia,207,95,2000,800000,consignment
C-03323,Sumida Distribution 03323,Distributor,EMEA-W,Italy,78,95,1018,4500000,spot
C-03324,Bluepeak Distribution 03324,Aftermarket,SA,Brazil,423,95,2636,600000,LTA
C-03325,Orion Motors 03325,OEM,NA-MX,Mexico,257,98,15539,12000000,spot
C-03326,Norvia Motors 03326,OEM,APAC-IN,India,281,98,46498,35700000,LTA
C-03327,Delantra Systems 03327,Tier-1,APAC-SE,Thailand,416,95,342,3300000,consignment
C-03328,Bluepeak Motors 03328,OEM,EMEA-W,Italy,277,98,28839,37300000,LTA
C-03329,Cordis Motors 03329,OEM,NA-MX,Mexico,324,98,5207,85200000,LTA
C-03330,Bluepeak Motors 03330,OEM,NA-US,United States,197,98,13031,79000000,LTA
C-03331,Kestrel Motors 03331,OEM,APAC-NE,China,181,98,47122,79900000,LTA
C-03332,Vantage Motors 03332,OEM,SA,Brazil,241,98,11171,61400000,consignment
C-03333,Orion Distribution 03333,Aftermarket,APAC-NE,Japan,81,95,1750,5500000,LTA
C-03334,Sumida Distribution 03334,Aftermarket,EMEA-W,Italy,164,95,563,1100000,consignment
C-03335,Bluepeak Distribution 03335,Aftermarket,NA-MX,Mexico,71,95,1731,2100000,consignment
C-03336,Norvia Motors 03336,OEM,EMEA-E,Turkey,57,98,25856,23100000,spot
C-03337,Bluepeak Systems 03337,Tier-1,APAC-IN,India,106,95,3723,4500000,LTA
C-03338,Cordis Motors 03338,OEM,NA-US,United States,133,98,22727,2300000,consignment
C-03339,Orion Systems 03339,Tier-1,EMEA-W,Italy,241,95,2229,900000,LTA
C-03340,Kestrel Motors 03340,OEM,APAC-SE,Indonesia,458,98,41172,13900000,spot
C-03341,Kestrel Motors 03341,OEM,APAC-SE,Indonesia,124,98,34657,9200000,consignment
C-03342,Cordis Distribution 03342,Distributor,EMEA-E,Turkey,188,95,3105,1100000,LTA
C-03343,Cordis Distribution 03343,Distributor,EMEA-E,Poland,336,95,3118,300000,consignment
C-03344,Orion Systems 03344,Tier-1,APAC-SE,Malaysia,448,95,104,100000,consignment
C-03345,Baltia Motors 03345,OEM,APAC-NE,China,465,98,35672,47500000,LTA
C-03346,Baltia Distribution 03346,Distributor,NA-US,United States,356,95,149,5600000,LTA
C-03347,Bluepeak Motors 03347,OEM,NA-MX,Mexico,162,98,49637,12800000,spot
C-03348,Delantra Motors 03348,OEM,APAC-NE,South Korea,377,98,43334,34400000,consignment
C-03349,Delantra Distribution 03349,Aftermarket,EMEA-W,Spain,240,95,798,2500000,LTA
C-03350,Vantage Systems 03350,Tier-1,NA-MX,Mexico,322,95,2400,3700000,spot
C-03351,Delantra Distribution 03351,Distributor,NA-US,United States,33,95,1596,1200000,LTA
C-03352,Kestrel Motors 03352,OEM,NA-MX,Mexico,18,98,8162,5900000,consignment
C-03353,Norvia Systems 03353,Tier-1,EMEA-E,Poland,86,95,1369,3700000,spot
C-03354,Atlas Motors 03354,OEM,SA,Brazil,41,98,59381,47600000,consignment
C-03355,Cordis Motors 03355,OEM,SA,Brazil,269,98,24042,20500000,spot
C-03356,Orion Motors 03356,OEM,NA-MX,Mexico,476,98,20033,11800000,consignment
C-03357,Kestrel Motors 03357,OEM,APAC-SE,Vietnam,159,98,23346,81100000,spot
C-03358,Atlas Motors 03358,OEM,EMEA-E,Romania,245,98,26742,22900000,consignment
C-03359,Atlas Motors 03359,OEM,APAC-IN,India,382,98,38274,33900000,LTA
C-03360,Norvia Motors 03360,OEM,APAC-NE,South Korea,119,98,29997,2700000,LTA
C-03361,Bluepeak Systems 03361,Tier-1,EMEA-W,Germany,242,95,3441,2100000,LTA
C-03362,Orion Motors 03362,OEM,EMEA-W,Germany,420,98,53086,15500000,consignment
C-03363,Delantra Systems 03363,Tier-1,EMEA-W,France,356,95,1697,400000,LTA
C-03364,Atlas Motors 03364,OEM,APAC-SE,Malaysia,229,98,26118,3000000,spot
C-03365,Cordis Distribution 03365,Aftermarket,EMEA-E,Czechia,497,95,3522,2300000,LTA
C-03366,Atlas Systems 03366,Tier-1,EMEA-E,Turkey,115,95,413,2100000,LTA
C-03367,Vantage Motors 03367,OEM,APAC-SE,Malaysia,129,98,35995,63100000,consignment
C-03368,Sumida Distribution 03368,Aftermarket,APAC-NE,Taiwan,258,95,3235,200000,spot
C-03369,Kestrel Motors 03369,OEM,APAC-NE,Japan,411,98,38957,62800000,consignment
C-03370,Bluepeak Motors 03370,OEM,APAC-IN,India,156,98,43820,71700000,LTA
C-03371,Baltia Distribution 03371,Distributor,NA-MX,Mexico,209,95,2271,1300000,LTA
C-03372,Norvia Motors 03372,OEM,SA,Argentina,349,98,21102,61700000,spot
C-03373,Sumida Distribution 03373,Aftermarket,NA-MX,Mexico,338,95,2465,300000,spot
C-03374,Cordis Motors 03374,OEM,APAC-NE,South Korea,351,98,12413,75300000,consignment
C-03375,Kestrel Motors 03375,OEM,APAC-NE,Japan,475,98,10820,45100000,LTA
C-03376,Kestrel Systems 03376,Tier-1,APAC-IN,India,336,95,2537,4400000,consignment
C-03377,Orion Motors 03377,OEM,APAC-NE,South Korea,268,98,52478,67600000,consignment
C-03378,Kestrel Systems 03378,Tier-1,APAC-NE,China,25,95,484,200000,spot
C-03379,Sumida Distribution 03379,Aftermarket,EMEA-W,Germany,124,95,1481,3600000,spot
C-03380,Atlas Systems 03380,Tier-1,APAC-SE,Malaysia,117,95,3371,4500000,consignment
C-03381,Baltia Distribution 03381,Distributor,EMEA-W,France,204,95,3868,400000,spot
C-03382,Orion Motors 03382,OEM,NA-MX,Mexico,441,98,42524,23800000,spot
C-03383,Baltia Distribution 03383,Distributor,APAC-IN,India,208,95,2162,4600000,LTA
C-03384,Kestrel Motors 03384,OEM,NA-MX,Mexico,431,98,42455,24600000,spot
C-03385,Sumida Motors 03385,OEM,EMEA-W,Italy,210,98,27150,32100000,consignment
C-03386,Cordis Systems 03386,Tier-1,NA-US,United States,255,95,2784,900000,LTA
C-03387,Baltia Motors 03387,OEM,APAC-SE,Malaysia,452,98,21968,18300000,consignment
C-03388,Norvia Systems 03388,Tier-1,NA-US,United States,111,95,3074,5800000,LTA
C-03389,Cordis Motors 03389,OEM,EMEA-W,Italy,124,98,50081,8000000,LTA
C-03390,Orion Distribution 03390,Distributor,EMEA-W,Germany,198,95,133,5400000,LTA
C-03391,Orion Motors 03391,OEM,APAC-NE,South Korea,143,98,30643,69200000,spot
C-03392,Bluepeak Motors 03392,OEM,NA-US,United States,98,98,18559,40800000,consignment
C-03393,Vantage Systems 03393,Tier-1,APAC-SE,Thailand,399,95,1636,3600000,consignment
C-03394,Kestrel Distribution 03394,Distributor,APAC-SE,Malaysia,311,95,1030,1400000,LTA
C-03395,Baltia Distribution 03395,Distributor,EMEA-W,Italy,154,95,2225,2800000,LTA
C-03396,Delantra Motors 03396,OEM,SA,Argentina,30,98,5460,17300000,spot
C-03397,Norvia Systems 03397,Tier-1,EMEA-E,Czechia,158,95,1346,4900000,LTA
C-03398,Bluepeak Motors 03398,OEM,NA-MX,Mexico,33,98,53559,76500000,LTA
C-03399,Baltia Motors 03399,OEM,APAC-NE,China,215,98,37137,56900000,LTA
C-03400,Delantra Distribution 03400,Distributor,APAC-IN,India,110,95,1955,4600000,consignment
C-03401,Orion Distribution 03401,Aftermarket,NA-US,United States,308,95,944,3000000,consignment
C-03402,Delantra Distribution 03402,Distributor,NA-MX,Mexico,151,95,787,800000,spot
C-03403,Orion Motors 03403,OEM,EMEA-W,Germany,266,98,48748,5400000,LTA
C-03404,Kestrel Systems 03404,Tier-1,EMEA-E,Romania,444,95,72,3100000,LTA
C-03405,Norvia Systems 03405,Tier-1,APAC-NE,South Korea,426,95,3066,3700000,LTA
C-03406,Delantra Distribution 03406,Distributor,APAC-IN,India,253,95,2581,400000,LTA
C-03407,Baltia Distribution 03407,Distributor,SA,Argentina,485,95,2044,5100000,LTA
C-03408,Delantra Motors 03408,OEM,EMEA-W,Germany,284,98,45610,39100000,LTA
C-03409,Kestrel Systems 03409,Tier-1,EMEA-W,Spain,220,95,923,2300000,LTA
C-03410,Baltia Distribution 03410,Aftermarket,NA-MX,Mexico,499,95,3120,3800000,consignment
C-03411,Norvia Motors 03411,OEM,APAC-IN,India,496,98,6634,20000000,LTA
C-03412,Atlas Distribution 03412,Aftermarket,APAC-IN,India,121,95,327,2100000,LTA
C-03413,Bluepeak Systems 03413,Tier-1,NA-US,United States,156,95,1031,300000,spot
C-03414,Delantra Motors 03414,OEM,APAC-IN,India,356,98,47210,36000000,consignment
C-03415,Vantage Motors 03415,OEM,NA-MX,Mexico,195,98,37459,79000000,LTA
C-03416,Vantage Motors 03416,OEM,EMEA-W,Spain,250,98,49635,45000000,LTA
C-03417,Norvia Motors 03417,OEM,APAC-NE,Taiwan,280,98,35021,57400000,spot
C-03418,Orion Systems 03418,Tier-1,SA,Brazil,185,95,1848,2700000,spot
C-03419,Baltia Distribution 03419,Distributor,EMEA-E,Turkey,240,95,1585,3000000,LTA
C-03420,Baltia Motors 03420,OEM,SA,Brazil,232,98,39403,34500000,consignment
C-03421,Cordis Motors 03421,OEM,APAC-SE,Indonesia,171,98,41870,36500000,spot
C-03422,Delantra Motors 03422,OEM,APAC-IN,India,286,98,7237,61700000,LTA
C-03423,Baltia Distribution 03423,Aftermarket,NA-MX,Mexico,248,95,2823,4300000,LTA
C-03424,Bluepeak Distribution 03424,Distributor,NA-US,United States,215,95,1289,5200000,consignment
C-03425,Atlas Distribution 03425,Aftermarket,APAC-NE,Taiwan,32,95,3809,800000,LTA
C-03426,Orion Motors 03426,OEM,APAC-SE,Indonesia,337,98,15963,30000000,LTA
C-03427,Baltia Motors 03427,OEM,APAC-IN,India,77,98,58840,20500000,consignment
C-03428,Cordis Motors 03428,OEM,SA,Argentina,211,98,34114,66400000,LTA
C-03429,Norvia Distribution 03429,Distributor,EMEA-E,Romania,461,95,1556,1700000,LTA
C-03430,Vantage Distribution 03430,Distributor,SA,Argentina,219,95,3655,5000000,consignment
C-03431,Orion Systems 03431,Tier-1,EMEA-E,Turkey,294,95,375,2500000,LTA
C-03432,Atlas Motors 03432,OEM,EMEA-E,Turkey,256,98,59711,36500000,LTA
C-03433,Orion Distribution 03433,Distributor,NA-US,United States,414,95,2604,5200000,LTA
C-03434,Sumida Distribution 03434,Aftermarket,APAC-NE,Japan,248,95,3044,400000,LTA
C-03435,Kestrel Distribution 03435,Distributor,NA-MX,Mexico,332,95,2479,500000,consignment
C-03436,Vantage Distribution 03436,Aftermarket,APAC-SE,Thailand,481,95,1760,100000,LTA
C-03437,Orion Systems 03437,Tier-1,NA-MX,Mexico,222,95,541,1200000,consignment
C-03438,Baltia Distribution 03438,Aftermarket,SA,Argentina,348,95,3220,4900000,spot
C-03439,Norvia Motors 03439,OEM,APAC-IN,India,239,98,13586,62700000,LTA
C-03440,Atlas Distribution 03440,Distributor,NA-US,United States,110,95,3906,5600000,LTA
C-03441,Vantage Distribution 03441,Aftermarket,APAC-NE,South Korea,355,95,348,2800000,LTA
C-03442,Baltia Distribution 03442,Distributor,SA,Argentina,102,95,170,3600000,spot
C-03443,Delantra Systems 03443,Tier-1,APAC-SE,Malaysia,127,95,2930,4200000,LTA
C-03444,Baltia Systems 03444,Tier-1,APAC-NE,South Korea,283,95,332,2000000,LTA
C-03445,Kestrel Motors 03445,OEM,APAC-NE,Taiwan,332,98,47906,8900000,LTA
C-03446,Vantage Distribution 03446,Distributor,EMEA-W,France,182,95,1660,4800000,LTA
C-03447,Baltia Distribution 03447,Aftermarket,APAC-NE,China,266,95,1086,2800000,spot
C-03448,Orion Distribution 03448,Aftermarket,NA-US,United States,425,95,597,2100000,LTA
C-03449,Sumida Systems 03449,Tier-1,EMEA-E,Czechia,240,95,3044,5000000,consignment
C-03450,Atlas Motors 03450,OEM,EMEA-W,Spain,268,98,25808,9500000,spot
C-03451,Atlas Distribution 03451,Aftermarket,EMEA-E,Romania,351,95,458,1100000,LTA
C-03452,Sumida Motors 03452,OEM,APAC-IN,India,397,98,36695,34200000,consignment
C-03453,Kestrel Systems 03453,Tier-1,EMEA-E,Romania,442,95,624,5300000,consignment
C-03454,Baltia Distribution 03454,Distributor,SA,Brazil,287,95,157,1200000,consignment
C-03455,Baltia Distribution 03455,Distributor,APAC-IN,India,385,95,2437,2600000,spot
C-03456,Sumida Distribution 03456,Distributor,EMEA-W,France,102,95,1777,4200000,consignment
C-03457,Delantra Distribution 03457,Aftermarket,APAC-IN,India,464,95,163,3600000,LTA
C-03458,Sumida Systems 03458,Tier-1,APAC-NE,South Korea,108,95,3411,5700000,spot
C-03459,Vantage Distribution 03459,Distributor,EMEA-W,Germany,260,95,3040,4200000,consignment
C-03460,Bluepeak Systems 03460,Tier-1,EMEA-E,Turkey,481,95,2964,3100000,spot
C-03461,Cordis Motors 03461,OEM,EMEA-W,France,477,98,52898,12000000,spot
C-03462,Norvia Distribution 03462,Aftermarket,APAC-NE,Taiwan,113,95,3522,4100000,LTA
C-03463,Orion Systems 03463,Tier-1,EMEA-E,Poland,456,95,3763,3600000,consignment
C-03464,Norvia Distribution 03464,Aftermarket,SA,Argentina,483,95,607,1100000,LTA
C-03465,Vantage Motors 03465,OEM,NA-US,United States,489,98,58691,71100000,LTA
C-03466,Orion Motors 03466,OEM,APAC-NE,Japan,211,98,38792,80100000,spot
C-03467,Sumida Motors 03467,OEM,NA-US,United States,451,98,41888,89700000,LTA
C-03468,Bluepeak Distribution 03468,Distributor,NA-MX,Mexico,325,95,1660,5000000,spot
C-03469,Norvia Distribution 03469,Distributor,APAC-SE,Indonesia,177,95,473,2500000,spot
C-03470,Vantage Distribution 03470,Aftermarket,EMEA-W,France,231,95,1443,1800000,LTA
C-03471,Sumida Distribution 03471,Distributor,APAC-SE,Malaysia,223,95,1809,5400000,LTA
C-03472,Bluepeak Distribution 03472,Aftermarket,SA,Brazil,242,95,942,1500000,LTA
C-03473,Delantra Motors 03473,OEM,APAC-IN,India,342,98,10995,28700000,LTA
C-03474,Sumida Distribution 03474,Distributor,EMEA-E,Turkey,219,95,750,400000,LTA
C-03475,Delantra Motors 03475,OEM,NA-US,United States,437,98,41903,7200000,LTA
C-03476,Delantra Motors 03476,OEM,EMEA-E,Czechia,129,98,47117,15400000,LTA
C-03477,Baltia Distribution 03477,Distributor,EMEA-E,Turkey,108,95,1968,700000,LTA
C-03478,Orion Systems 03478,Tier-1,EMEA-W,Spain,158,95,1739,3000000,LTA
C-03479,Orion Motors 03479,OEM,EMEA-W,Germany,326,98,35715,61700000,consignment
C-03480,Kestrel Motors 03480,OEM,APAC-IN,India,69,98,40451,61000000,consignment
C-03481,Sumida Motors 03481,OEM,NA-MX,Mexico,155,98,20807,50100000,consignment
C-03482,Norvia Motors 03482,OEM,EMEA-E,Czechia,82,98,48191,2200000,LTA
C-03483,Baltia Motors 03483,OEM,APAC-NE,South Korea,152,98,17002,51900000,LTA
C-03484,Bluepeak Motors 03484,OEM,NA-US,United States,283,98,38115,19900000,LTA
C-03485,Bluepeak Motors 03485,OEM,NA-US,United States,222,98,48873,73300000,consignment
C-03486,Bluepeak Distribution 03486,Distributor,EMEA-W,France,102,95,3606,1600000,LTA
C-03487,Delantra Motors 03487,OEM,APAC-SE,Malaysia,369,98,44229,34700000,LTA
C-03488,Sumida Distribution 03488,Distributor,APAC-NE,South Korea,495,95,2502,3600000,spot
C-03489,Bluepeak Systems 03489,Tier-1,EMEA-E,Romania,197,95,1910,5700000,LTA
C-03490,Norvia Motors 03490,OEM,EMEA-W,Italy,336,98,39166,74800000,LTA
C-03491,Kestrel Motors 03491,OEM,EMEA-W,France,470,98,16902,47000000,LTA
C-03492,Bluepeak Motors 03492,OEM,NA-US,United States,182,98,42776,52200000,spot
C-03493,Vantage Distribution 03493,Aftermarket,APAC-IN,India,377,95,3460,5500000,consignment
C-03494,Orion Distribution 03494,Distributor,NA-US,United States,259,95,2871,300000,LTA
C-03495,Baltia Distribution 03495,Distributor,APAC-NE,China,421,95,893,5700000,LTA
C-03496,Sumida Motors 03496,OEM,NA-US,United States,209,98,6939,52500000,spot
C-03497,Bluepeak Distribution 03497,Aftermarket,EMEA-E,Poland,414,95,2304,3100000,consignment
C-03498,Kestrel Motors 03498,OEM,EMEA-W,France,415,98,17246,18000000,LTA
C-03499,Norvia Distribution 03499,Distributor,NA-MX,Mexico,297,95,3313,4500000,LTA
C-03500,Cordis Distribution 03500,Distributor,APAC-NE,Japan,450,95,197,4900000,consignment
C-03501,Kestrel Motors 03501,OEM,APAC-NE,Taiwan,369,98,24851,17300000,LTA
C-03502,Cordis Motors 03502,OEM,EMEA-E,Czechia,107,98,22036,86600000,LTA
C-03503,Bluepeak Motors 03503,OEM,APAC-IN,India,68,98,8337,47500000,LTA
C-03504,Kestrel Motors 03504,OEM,APAC-NE,China,252,98,40979,63000000,consignment
C-03505,Kestrel Systems 03505,Tier-1,SA,Argentina,458,95,892,2700000,consignment
C-03506,Delantra Distribution 03506,Distributor,EMEA-E,Poland,399,95,2972,2200000,LTA
C-03507,Sumida Motors 03507,OEM,EMEA-E,Romania,29,98,20809,51400000,spot
C-03508,Cordis Distribution 03508,Distributor,APAC-NE,China,286,95,1194,3200000,LTA
C-03509,Baltia Distribution 03509,Distributor,APAC-NE,South Korea,452,95,2407,2200000,LTA
C-03510,Bluepeak Distribution 03510,Aftermarket,NA-MX,Mexico,152,95,3544,4700000,LTA
C-03511,Atlas Distribution 03511,Distributor,APAC-SE,Thailand,402,95,2698,5600000,LTA
C-03512,Bluepeak Distribution 03512,Distributor,SA,Argentina,375,95,1990,3500000,LTA
C-03513,Sumida Distribution 03513,Distributor,APAC-SE,Malaysia,213,95,2458,3900000,spot
C-03514,Delantra Motors 03514,OEM,EMEA-E,Czechia,310,98,20060,35200000,LTA
C-03515,Sumida Distribution 03515,Aftermarket,APAC-NE,Japan,115,95,2848,1400000,spot
C-03516,Kestrel Distribution 03516,Distributor,EMEA-W,Germany,183,95,3738,2400000,consignment
C-03517,Orion Motors 03517,OEM,APAC-IN,India,388,98,25092,62700000,LTA
C-03518,Delantra Distribution 03518,Distributor,APAC-IN,India,245,95,2997,5900000,LTA
C-03519,Atlas Motors 03519,OEM,SA,Argentina,134,98,49208,26300000,LTA
C-03520,Vantage Motors 03520,OEM,NA-US,United States,292,98,12053,43700000,spot
C-03521,Cordis Motors 03521,OEM,NA-US,United States,308,98,22240,30500000,LTA
C-03522,Norvia Systems 03522,Tier-1,NA-MX,Mexico,386,95,632,5900000,LTA
C-03523,Sumida Motors 03523,OEM,APAC-NE,China,106,98,55377,51600000,consignment
C-03524,Sumida Motors 03524,OEM,APAC-IN,India,248,98,41367,23400000,LTA
C-03525,Norvia Motors 03525,OEM,APAC-IN,India,458,98,43748,42800000,LTA
C-03526,Delantra Distribution 03526,Aftermarket,EMEA-W,Spain,345,95,2441,5100000,consignment
C-03527,Baltia Motors 03527,OEM,APAC-NE,Taiwan,33,98,20994,46200000,LTA
C-03528,Kestrel Motors 03528,OEM,APAC-NE,China,445,98,58359,30300000,LTA
C-03529,Kestrel Motors 03529,OEM,APAC-NE,South Korea,193,98,8571,47300000,LTA
C-03530,Bluepeak Motors 03530,OEM,APAC-SE,Vietnam,378,98,21591,67400000,LTA
C-03531,Bluepeak Distribution 03531,Aftermarket,EMEA-W,Spain,158,95,888,3100000,LTA
C-03532,Delantra Distribution 03532,Distributor,APAC-IN,India,474,95,2800,800000,LTA
C-03533,Kestrel Distribution 03533,Aftermarket,NA-MX,Mexico,23,95,3035,3700000,spot
C-03534,Orion Systems 03534,Tier-1,APAC-IN,India,307,95,3597,3300000,consignment
C-03535,Sumida Systems 03535,Tier-1,APAC-IN,India,14,95,3570,5700000,LTA
C-03536,Delantra Motors 03536,OEM,NA-MX,Mexico,325,98,39074,72800000,consignment
C-03537,Kestrel Motors 03537,OEM,APAC-NE,Japan,128,98,38352,61600000,LTA
C-03538,Orion Distribution 03538,Aftermarket,NA-US,United States,313,95,1948,1000000,LTA
C-03539,Orion Motors 03539,OEM,SA,Argentina,79,98,20090,63400000,LTA
C-03540,Baltia Systems 03540,Tier-1,EMEA-W,Italy,36,95,402,2400000,consignment
C-03541,Cordis Systems 03541,Tier-1,APAC-IN,India,496,95,2267,1600000,LTA
C-03542,Vantage Motors 03542,OEM,APAC-SE,Thailand,159,98,9294,14000000,spot
C-03543,Kestrel Motors 03543,OEM,NA-US,United States,154,98,10111,78300000,LTA
C-03544,Orion Distribution 03544,Distributor,SA,Argentina,212,95,632,2500000,consignment
C-03545,Sumida Distribution 03545,Aftermarket,APAC-SE,Thailand,235,95,1925,1500000,LTA
C-03546,Bluepeak Motors 03546,OEM,APAC-NE,South Korea,286,98,42661,58200000,LTA
C-03547,Cordis Systems 03547,Tier-1,APAC-SE,Malaysia,343,95,3404,5800000,spot
C-03548,Delantra Motors 03548,OEM,SA,Brazil,21,98,8005,62500000,LTA
C-03549,Bluepeak Distribution 03549,Aftermarket,NA-US,United States,469,95,3519,1800000,spot
C-03550,Vantage Systems 03550,Tier-1,NA-MX,Mexico,371,95,3818,4000000,consignment
C-03551,Orion Motors 03551,OEM,EMEA-E,Czechia,229,98,55432,11300000,LTA
C-03552,Kestrel Motors 03552,OEM,NA-MX,Mexico,473,98,30605,46700000,LTA
C-03553,Kestrel Distribution 03553,Distributor,EMEA-E,Czechia,36,95,3403,1100000,LTA
C-03554,Vantage Motors 03554,OEM,APAC-SE,Malaysia,236,98,25154,57000000,LTA
C-03555,Kestrel Distribution 03555,Distributor,NA-US,United States,160,95,2704,5900000,spot
C-03556,Norvia Distribution 03556,Distributor,NA-US,United States,268,95,832,600000,LTA
C-03557,Baltia Distribution 03557,Distributor,APAC-NE,South Korea,157,95,3890,5300000,spot
C-03558,Baltia Distribution 03558,Distributor,SA,Brazil,179,95,3969,1400000,consignment
C-03559,Bluepeak Distribution 03559,Aftermarket,APAC-SE,Malaysia,237,95,2966,3300000,consignment
C-03560,Orion Motors 03560,OEM,APAC-SE,Thailand,365,98,34245,36700000,LTA
C-03561,Norvia Distribution 03561,Aftermarket,NA-US,United States,444,95,1228,3300000,spot
C-03562,Vantage Distribution 03562,Aftermarket,APAC-IN,India,231,95,3269,3800000,consignment
C-03563,Kestrel Motors 03563,OEM,SA,Brazil,443,98,17768,67000000,spot
C-03564,Cordis Distribution 03564,Distributor,APAC-NE,Taiwan,136,95,3892,1000000,LTA
C-03565,Norvia Distribution 03565,Distributor,NA-MX,Mexico,445,95,1829,800000,consignment
C-03566,Baltia Distribution 03566,Distributor,NA-MX,Mexico,304,95,2503,6000000,consignment
C-03567,Vantage Systems 03567,Tier-1,NA-US,United States,425,95,434,4400000,spot
C-03568,Norvia Motors 03568,OEM,APAC-SE,Indonesia,278,98,47320,34200000,consignment
C-03569,Sumida Motors 03569,OEM,EMEA-E,Czechia,367,98,42697,7000000,consignment
C-03570,Atlas Distribution 03570,Distributor,NA-MX,Mexico,246,95,1793,1800000,LTA
C-03571,Vantage Motors 03571,OEM,EMEA-E,Romania,415,98,36575,21100000,spot
C-03572,Kestrel Distribution 03572,Distributor,APAC-IN,India,252,95,3363,5700000,consignment
C-03573,Kestrel Distribution 03573,Distributor,NA-MX,Mexico,475,95,382,3200000,consignment
C-03574,Vantage Motors 03574,OEM,EMEA-W,Germany,293,98,36408,34600000,spot
C-03575,Sumida Distribution 03575,Aftermarket,APAC-SE,Thailand,344,95,2151,2500000,LTA
C-03576,Kestrel Motors 03576,OEM,APAC-IN,India,40,98,22978,70500000,spot
C-03577,Sumida Distribution 03577,Distributor,EMEA-W,Spain,164,95,3508,4200000,LTA
C-03578,Orion Distribution 03578,Distributor,APAC-NE,Taiwan,446,95,435,2900000,LTA
C-03579,Cordis Motors 03579,OEM,APAC-SE,Thailand,84,98,12687,76300000,LTA
C-03580,Kestrel Motors 03580,OEM,SA,Argentina,332,98,43185,10800000,spot
C-03581,Vantage Motors 03581,OEM,APAC-IN,India,118,98,38609,56600000,LTA
C-03582,Orion Motors 03582,OEM,NA-MX,Mexico,259,98,12658,83900000,LTA
C-03583,Cordis Systems 03583,Tier-1,EMEA-W,Germany,344,95,1355,500000,consignment
C-03584,Sumida Systems 03584,Tier-1,NA-US,United States,181,95,1600,700000,LTA
C-03585,Sumida Distribution 03585,Aftermarket,EMEA-W,Italy,211,95,2563,1000000,LTA
C-03586,Bluepeak Motors 03586,OEM,NA-US,United States,476,98,26993,25900000,LTA
C-03587,Vantage Distribution 03587,Distributor,APAC-IN,India,277,95,2254,700000,consignment
C-03588,Cordis Distribution 03588,Distributor,EMEA-W,Spain,439,95,484,5800000,LTA
C-03589,Norvia Distribution 03589,Distributor,EMEA-E,Turkey,14,95,2006,3000000,spot
C-03590,Cordis Motors 03590,OEM,EMEA-E,Turkey,182,98,35169,52100000,spot
C-03591,Baltia Motors 03591,OEM,APAC-SE,Malaysia,143,98,28320,56200000,LTA
C-03592,Kestrel Systems 03592,Tier-1,EMEA-W,Italy,246,95,2181,200000,spot
C-03593,Norvia Distribution 03593,Aftermarket,EMEA-E,Turkey,435,95,1665,3400000,spot
C-03594,Sumida Systems 03594,Tier-1,NA-US,United States,226,95,3941,900000,spot
C-03595,Cordis Motors 03595,OEM,SA,Argentina,217,98,31864,11200000,spot
C-03596,Delantra Systems 03596,Tier-1,APAC-SE,Vietnam,280,95,2898,3200000,LTA
C-03597,Cordis Motors 03597,OEM,APAC-IN,India,123,98,51847,32500000,consignment
C-03598,Norvia Distribution 03598,Aftermarket,EMEA-W,Germany,181,95,947,3300000,LTA
C-03599,Orion Distribution 03599,Distributor,APAC-IN,India,319,95,481,4600000,LTA
C-03600,Baltia Systems 03600,Tier-1,NA-MX,Mexico,48,95,3967,2600000,LTA
C-03601,Vantage Motors 03601,OEM,NA-MX,Mexico,350,98,12534,79600000,LTA
C-03602,Norvia Systems 03602,Tier-1,NA-US,United States,114,95,3619,5400000,consignment
C-03603,Orion Distribution 03603,Aftermarket,EMEA-E,Czechia,499,95,1516,800000,LTA
C-03604,Sumida Motors 03604,OEM,APAC-SE,Malaysia,460,98,29070,56600000,LTA
C-03605,Norvia Distribution 03605,Aftermarket,APAC-IN,India,254,95,583,700000,consignment
C-03606,Cordis Motors 03606,OEM,APAC-NE,China,302,98,14585,45800000,LTA
C-03607,Delantra Motors 03607,OEM,EMEA-W,Italy,386,98,59046,63200000,LTA
C-03608,Cordis Systems 03608,Tier-1,NA-MX,Mexico,440,95,3816,3200000,consignment
C-03609,Baltia Systems 03609,Tier-1,EMEA-W,Germany,66,95,164,3600000,LTA
C-03610,Orion Distribution 03610,Aftermarket,NA-MX,Mexico,372,95,3549,4800000,spot
C-03611,Cordis Distribution 03611,Aftermarket,EMEA-W,Italy,176,95,1334,1100000,spot
C-03612,Cordis Distribution 03612,Aftermarket,EMEA-W,Spain,306,95,3339,5400000,LTA
C-03613,Kestrel Distribution 03613,Distributor,NA-MX,Mexico,90,95,320,5800000,LTA
C-03614,Sumida Motors 03614,OEM,EMEA-W,Spain,300,98,14671,55000000,consignment
C-03615,Vantage Systems 03615,Tier-1,NA-MX,Mexico,292,95,2423,4100000,spot
C-03616,Norvia Motors 03616,OEM,NA-US,United States,152,98,56936,84700000,spot
C-03617,Kestrel Distribution 03617,Aftermarket,EMEA-E,Poland,318,95,1942,1300000,LTA
C-03618,Bluepeak Motors 03618,OEM,NA-US,United States,348,98,41389,60000000,LTA
C-03619,Vantage Motors 03619,OEM,NA-US,United States,223,98,54296,54400000,LTA
C-03620,Baltia Systems 03620,Tier-1,APAC-IN,India,105,95,1777,5300000,LTA
C-03621,Cordis Distribution 03621,Aftermarket,EMEA-E,Romania,202,95,1500,5200000,LTA
C-03622,Orion Systems 03622,Tier-1,EMEA-W,Italy,410,95,854,3300000,LTA
C-03623,Kestrel Distribution 03623,Aftermarket,APAC-SE,Malaysia,452,95,1748,3000000,LTA
C-03624,Baltia Motors 03624,OEM,APAC-IN,India,484,98,9713,61300000,spot
C-03625,Delantra Motors 03625,OEM,EMEA-E,Czechia,49,98,46664,74000000,spot
C-03626,Vantage Distribution 03626,Aftermarket,SA,Argentina,251,95,1085,5000000,LTA
C-03627,Baltia Motors 03627,OEM,EMEA-W,Germany,133,98,52893,50700000,spot
C-03628,Orion Distribution 03628,Aftermarket,NA-US,United States,401,95,246,700000,consignment
C-03629,Bluepeak Motors 03629,OEM,EMEA-E,Turkey,118,98,37342,17200000,LTA
C-03630,Baltia Distribution 03630,Aftermarket,SA,Brazil,147,95,2918,3700000,LTA
C-03631,Sumida Motors 03631,OEM,APAC-NE,Japan,305,98,37385,10000000,LTA
C-03632,Norvia Motors 03632,OEM,APAC-NE,Taiwan,189,98,28303,24500000,LTA
C-03633,Sumida Systems 03633,Tier-1,APAC-NE,China,360,95,3552,4200000,spot
C-03634,Norvia Systems 03634,Tier-1,EMEA-E,Poland,444,95,1540,1900000,consignment
C-03635,Atlas Distribution 03635,Aftermarket,APAC-SE,Thailand,403,95,526,4100000,LTA
C-03636,Vantage Distribution 03636,Distributor,APAC-SE,Indonesia,308,95,242,800000,spot
C-03637,Cordis Distribution 03637,Aftermarket,EMEA-W,Italy,313,95,3704,1400000,LTA
C-03638,Orion Motors 03638,OEM,NA-US,United States,57,98,57105,71600000,LTA
C-03639,Orion Distribution 03639,Distributor,APAC-SE,Indonesia,309,95,2604,1000000,LTA
C-03640,Bluepeak Distribution 03640,Distributor,APAC-IN,India,157,95,957,4700000,spot
C-03641,Atlas Motors 03641,OEM,EMEA-W,Italy,128,98,30454,74700000,spot
C-03642,Vantage Motors 03642,OEM,EMEA-W,Italy,253,98,38557,73100000,LTA
C-03643,Bluepeak Motors 03643,OEM,NA-US,United States,111,98,29029,49300000,consignment
C-03644,Cordis Motors 03644,OEM,NA-US,United States,233,98,43911,51600000,LTA
C-03645,Vantage Motors 03645,OEM,EMEA-W,Spain,281,98,8163,73200000,spot
C-03646,Vantage Distribution 03646,Aftermarket,APAC-SE,Thailand,27,95,745,4600000,spot
C-03647,Bluepeak Motors 03647,OEM,EMEA-W,Spain,498,98,32702,54300000,LTA
C-03648,Vantage Motors 03648,OEM,EMEA-W,France,264,98,24860,82600000,spot
C-03649,Cordis Distribution 03649,Distributor,EMEA-E,Poland,453,95,1747,3000000,LTA
C-03650,Atlas Motors 03650,OEM,EMEA-W,Spain,198,98,49275,70500000,consignment
C-03651,Baltia Distribution 03651,Distributor,EMEA-E,Turkey,378,95,966,1900000,LTA
C-03652,Bluepeak Distribution 03652,Distributor,APAC-IN,India,200,95,1887,1300000,consignment
C-03653,Bluepeak Motors 03653,OEM,EMEA-E,Czechia,37,98,55931,73600000,LTA
C-03654,Norvia Motors 03654,OEM,EMEA-W,France,58,98,14462,5200000,spot
C-03655,Vantage Distribution 03655,Distributor,APAC-SE,Thailand,26,95,516,1200000,spot
C-03656,Norvia Systems 03656,Tier-1,APAC-IN,India,133,95,1914,600000,LTA
C-03657,Delantra Motors 03657,OEM,EMEA-E,Czechia,270,98,56954,72300000,LTA
C-03658,Delantra Systems 03658,Tier-1,APAC-NE,Japan,313,95,1566,3100000,LTA
C-03659,Vantage Motors 03659,OEM,EMEA-E,Czechia,479,98,32996,25900000,LTA
C-03660,Vantage Distribution 03660,Distributor,SA,Argentina,117,95,1361,400000,consignment
C-03661,Atlas Motors 03661,OEM,APAC-IN,India,143,98,35883,67600000,LTA
C-03662,Delantra Motors 03662,OEM,APAC-IN,India,40,98,24282,85600000,consignment
C-03663,Orion Distribution 03663,Aftermarket,EMEA-E,Turkey,134,95,1701,600000,consignment
C-03664,Delantra Systems 03664,Tier-1,APAC-IN,India,395,95,1814,2500000,consignment
C-03665,Sumida Motors 03665,OEM,NA-US,United States,307,98,11317,28200000,LTA
C-03666,Norvia Motors 03666,OEM,APAC-IN,India,420,98,41702,18400000,consignment
C-03667,Atlas Systems 03667,Tier-1,EMEA-W,Germany,322,95,2096,2100000,LTA
C-03668,Delantra Systems 03668,Tier-1,SA,Argentina,56,95,514,2500000,LTA
C-03669,Baltia Systems 03669,Tier-1,APAC-NE,China,273,95,3575,1900000,LTA
C-03670,Cordis Motors 03670,OEM,NA-US,United States,40,98,15990,70200000,LTA
C-03671,Baltia Distribution 03671,Aftermarket,NA-US,United States,261,95,66,2600000,consignment
C-03672,Cordis Motors 03672,OEM,NA-US,United States,20,98,39827,76600000,consignment
C-03673,Bluepeak Motors 03673,OEM,NA-MX,Mexico,172,98,53473,45200000,LTA
C-03674,Bluepeak Motors 03674,OEM,NA-MX,Mexico,405,98,11536,83600000,LTA
C-03675,Cordis Distribution 03675,Distributor,EMEA-W,Italy,481,95,2820,4400000,LTA
C-03676,Delantra Systems 03676,Tier-1,APAC-SE,Vietnam,39,95,3176,5300000,spot
C-03677,Cordis Motors 03677,OEM,APAC-IN,India,221,98,35994,85400000,LTA
C-03678,Cordis Distribution 03678,Aftermarket,APAC-NE,China,77,95,2170,4600000,consignment
C-03679,Cordis Motors 03679,OEM,APAC-IN,India,41,98,8782,74500000,LTA
C-03680,Kestrel Distribution 03680,Aftermarket,NA-MX,Mexico,27,95,652,1300000,spot
C-03681,Delantra Motors 03681,OEM,EMEA-W,France,344,98,48786,39200000,spot
C-03682,Delantra Distribution 03682,Distributor,APAC-NE,Taiwan,492,95,2933,5300000,consignment
C-03683,Bluepeak Motors 03683,OEM,APAC-NE,China,264,98,27923,36700000,LTA
C-03684,Sumida Distribution 03684,Aftermarket,NA-MX,Mexico,311,95,2990,3000000,LTA
C-03685,Atlas Distribution 03685,Aftermarket,SA,Brazil,425,95,2950,2700000,LTA
C-03686,Kestrel Motors 03686,OEM,APAC-NE,Taiwan,405,98,52214,19900000,spot
C-03687,Norvia Motors 03687,OEM,APAC-IN,India,302,98,10454,2800000,consignment
C-03688,Orion Systems 03688,Tier-1,APAC-SE,Indonesia,325,95,1195,1400000,spot
C-03689,Cordis Distribution 03689,Aftermarket,SA,Brazil,244,95,3368,1500000,LTA
C-03690,Vantage Systems 03690,Tier-1,EMEA-E,Poland,51,95,1246,1500000,spot
C-03691,Orion Distribution 03691,Distributor,NA-US,United States,196,95,3133,4200000,LTA
C-03692,Vantage Systems 03692,Tier-1,NA-MX,Mexico,147,95,669,4600000,LTA
C-03693,Kestrel Distribution 03693,Aftermarket,APAC-IN,India,34,95,3671,2800000,spot
C-03694,Vantage Distribution 03694,Distributor,EMEA-E,Poland,313,95,2390,3100000,LTA
C-03695,Orion Systems 03695,Tier-1,APAC-SE,Indonesia,170,95,3162,2200000,consignment
C-03696,Cordis Motors 03696,OEM,NA-US,United States,481,98,44515,62200000,spot
C-03697,Delantra Motors 03697,OEM,SA,Argentina,227,98,18457,66800000,spot
C-03698,Atlas Distribution 03698,Distributor,APAC-NE,China,323,95,3120,2300000,consignment
C-03699,Baltia Motors 03699,OEM,EMEA-E,Czechia,86,98,32432,82800000,LTA
C-03700,Bluepeak Motors 03700,OEM,EMEA-E,Czechia,89,98,22075,60500000,spot
C-03701,Orion Systems 03701,Tier-1,EMEA-E,Turkey,368,95,3027,500000,LTA
C-03702,Cordis Motors 03702,OEM,APAC-NE,Japan,367,98,32019,21800000,consignment
C-03703,Vantage Systems 03703,Tier-1,APAC-NE,Taiwan,26,95,3213,2600000,LTA
C-03704,Delantra Motors 03704,OEM,EMEA-W,France,487,98,50982,34400000,consignment
C-03705,Vantage Motors 03705,OEM,EMEA-E,Romania,139,98,20727,85600000,LTA
C-03706,Norvia Distribution 03706,Distributor,NA-US,United States,284,95,2016,5100000,LTA
C-03707,Delantra Motors 03707,OEM,APAC-SE,Malaysia,44,98,40337,73700000,LTA
C-03708,Delantra Motors 03708,OEM,EMEA-W,Italy,259,98,50404,76900000,LTA
C-03709,Cordis Motors 03709,OEM,NA-MX,Mexico,53,98,52781,36000000,spot
C-03710,Atlas Motors 03710,OEM,EMEA-W,Spain,228,98,52665,17300000,LTA
C-03711,Orion Motors 03711,OEM,EMEA-W,Italy,79,98,37295,52600000,LTA
C-03712,Orion Motors 03712,OEM,APAC-SE,Malaysia,54,98,11220,20900000,LTA
C-03713,Vantage Distribution 03713,Aftermarket,APAC-IN,India,332,95,462,4200000,LTA
C-03714,Norvia Motors 03714,OEM,NA-US,United States,351,98,37994,40400000,spot
C-03715,Norvia Distribution 03715,Distributor,NA-MX,Mexico,16,95,1957,1300000,consignment
C-03716,Delantra Motors 03716,OEM,APAC-NE,South Korea,147,98,8587,52600000,LTA
C-03717,Delantra Motors 03717,OEM,NA-US,United States,438,98,40311,8900000,LTA
C-03718,Orion Motors 03718,OEM,APAC-SE,Vietnam,403,98,57653,41000000,consignment
C-03719,Vantage Motors 03719,OEM,APAC-IN,India,389,98,15754,44200000,spot
C-03720,Baltia Distribution 03720,Aftermarket,EMEA-W,Spain,356,95,1486,2100000,LTA
C-03721,Cordis Motors 03721,OEM,SA,Brazil,221,98,36002,12400000,consignment
C-03722,Delantra Motors 03722,OEM,NA-US,United States,211,98,18590,29700000,LTA
C-03723,Baltia Distribution 03723,Distributor,EMEA-E,Romania,305,95,1291,3200000,LTA
C-03724,Sumida Distribution 03724,Distributor,EMEA-E,Turkey,354,95,1596,4900000,LTA
C-03725,Cordis Systems 03725,Tier-1,NA-US,United States,239,95,208,5700000,spot
C-03726,Norvia Systems 03726,Tier-1,APAC-NE,China,71,95,867,3000000,LTA
C-03727,Vantage Systems 03727,Tier-1,EMEA-E,Romania,409,95,384,4300000,consignment
C-03728,Sumida Systems 03728,Tier-1,APAC-NE,South Korea,388,95,426,700000,LTA
C-03729,Norvia Motors 03729,OEM,NA-MX,Mexico,277,98,57475,29300000,consignment
C-03730,Sumida Motors 03730,OEM,EMEA-W,Spain,71,98,5071,90000000,spot
C-03731,Bluepeak Distribution 03731,Aftermarket,APAC-IN,India,135,95,993,2300000,consignment
C-03732,Baltia Motors 03732,OEM,APAC-NE,Japan,422,98,33881,31500000,LTA
C-03733,Cordis Distribution 03733,Aftermarket,APAC-SE,Vietnam,464,95,1895,2800000,spot
C-03734,Bluepeak Systems 03734,Tier-1,EMEA-W,Italy,295,95,2525,1000000,consignment
C-03735,Bluepeak Motors 03735,OEM,EMEA-E,Romania,488,98,59123,29300000,LTA
C-03736,Orion Systems 03736,Tier-1,APAC-SE,Indonesia,182,95,3192,1200000,LTA
C-03737,Baltia Motors 03737,OEM,NA-MX,Mexico,96,98,55376,73500000,consignment
C-03738,Bluepeak Systems 03738,Tier-1,APAC-IN,India,450,95,426,2900000,LTA
C-03739,Baltia Motors 03739,OEM,EMEA-E,Poland,129,98,5243,11800000,LTA
C-03740,Cordis Distribution 03740,Distributor,NA-US,United States,83,95,3135,4400000,LTA
C-03741,Orion Systems 03741,Tier-1,NA-US,United States,40,95,1975,2400000,spot
C-03742,Norvia Distribution 03742,Aftermarket,APAC-NE,Japan,380,95,123,5100000,LTA
C-03743,Vantage Systems 03743,Tier-1,EMEA-W,France,428,95,2380,2000000,spot
C-03744,Delantra Distribution 03744,Distributor,APAC-IN,India,101,95,894,3800000,LTA
C-03745,Baltia Motors 03745,OEM,EMEA-E,Romania,392,98,15813,20200000,spot
C-03746,Baltia Distribution 03746,Aftermarket,SA,Brazil,488,95,3233,1300000,LTA
C-03747,Kestrel Motors 03747,OEM,APAC-SE,Vietnam,380,98,47703,35100000,spot
C-03748,Cordis Motors 03748,OEM,EMEA-W,Spain,31,98,30795,47000000,spot
C-03749,Kestrel Motors 03749,OEM,NA-US,United States,248,98,44771,27700000,LTA
C-03750,Bluepeak Motors 03750,OEM,APAC-SE,Vietnam,107,98,27181,37500000,LTA
C-03751,Sumida Systems 03751,Tier-1,NA-MX,Mexico,498,95,2068,2300000,LTA
C-03752,Delantra Motors 03752,OEM,NA-MX,Mexico,135,98,47484,80200000,LTA
C-03753,Cordis Systems 03753,Tier-1,APAC-IN,India,83,95,1897,4100000,spot
C-03754,Vantage Motors 03754,OEM,EMEA-W,Spain,187,98,41533,28200000,LTA
C-03755,Cordis Systems 03755,Tier-1,SA,Argentina,482,95,32,4200000,spot
C-03756,Sumida Distribution 03756,Aftermarket,APAC-SE,Vietnam,234,95,566,900000,spot
C-03757,Orion Systems 03757,Tier-1,SA,Brazil,350,95,2441,700000,spot
C-03758,Cordis Motors 03758,OEM,SA,Argentina,11,98,16344,33300000,spot
C-03759,Sumida Motors 03759,OEM,SA,Brazil,482,98,5152,26100000,LTA
C-03760,Kestrel Motors 03760,OEM,NA-MX,Mexico,177,98,46541,87400000,consignment
C-03761,Bluepeak Distribution 03761,Distributor,APAC-SE,Malaysia,248,95,679,3400000,LTA
C-03762,Baltia Motors 03762,OEM,EMEA-E,Czechia,193,98,52281,39500000,spot
C-03763,Kestrel Distribution 03763,Aftermarket,SA,Brazil,52,95,859,5900000,LTA
C-03764,Orion Distribution 03764,Distributor,APAC-IN,India,212,95,3766,800000,LTA
C-03765,Norvia Motors 03765,OEM,APAC-IN,India,62,98,18872,63800000,spot
C-03766,Atlas Systems 03766,Tier-1,SA,Brazil,186,95,2718,5300000,LTA
C-03767,Vantage Distribution 03767,Aftermarket,EMEA-W,Germany,204,95,3133,3000000,LTA
C-03768,Bluepeak Distribution 03768,Aftermarket,EMEA-W,Germany,298,95,2876,2400000,consignment
C-03769,Atlas Motors 03769,OEM,NA-US,United States,231,98,19327,84700000,LTA
C-03770,Sumida Distribution 03770,Distributor,SA,Brazil,115,95,2069,100000,LTA
C-03771,Cordis Distribution 03771,Aftermarket,EMEA-E,Turkey,226,95,3183,1100000,consignment
C-03772,Delantra Motors 03772,OEM,APAC-SE,Vietnam,291,98,54501,4900000,LTA
C-03773,Norvia Motors 03773,OEM,APAC-SE,Vietnam,80,98,16482,45000000,consignment
C-03774,Kestrel Systems 03774,Tier-1,EMEA-W,Italy,67,95,628,5100000,LTA
C-03775,Kestrel Distribution 03775,Distributor,SA,Argentina,41,95,3514,4700000,LTA
C-03776,Baltia Distribution 03776,Aftermarket,EMEA-W,France,45,95,3031,2000000,LTA
C-03777,Vantage Systems 03777,Tier-1,NA-MX,Mexico,129,95,364,900000,spot
C-03778,Orion Motors 03778,OEM,APAC-NE,Taiwan,267,98,5612,19100000,LTA
C-03779,Sumida Distribution 03779,Distributor,NA-US,United States,266,95,3383,4700000,LTA
C-03780,Vantage Motors 03780,OEM,EMEA-W,Spain,406,98,18901,57200000,LTA
C-03781,Sumida Motors 03781,OEM,APAC-IN,India,151,98,22248,82600000,LTA
C-03782,Norvia Motors 03782,OEM,APAC-IN,India,182,98,25951,88600000,spot
C-03783,Vantage Motors 03783,OEM,NA-MX,Mexico,471,98,27660,67700000,spot
C-03784,Delantra Motors 03784,OEM,EMEA-W,France,183,98,50444,55200000,consignment
C-03785,Orion Motors 03785,OEM,APAC-SE,Malaysia,324,98,15320,37200000,spot
C-03786,Baltia Motors 03786,OEM,EMEA-E,Poland,477,98,20327,89300000,LTA
C-03787,Cordis Distribution 03787,Aftermarket,SA,Brazil,35,95,3876,2300000,LTA
C-03788,Cordis Motors 03788,OEM,SA,Argentina,384,98,46352,77500000,LTA
C-03789,Vantage Distribution 03789,Distributor,EMEA-W,France,79,95,1950,500000,LTA
C-03790,Delantra Distribution 03790,Distributor,NA-US,United States,463,95,3250,5000000,LTA
C-03791,Kestrel Systems 03791,Tier-1,NA-MX,Mexico,140,95,1688,2300000,LTA
C-03792,Norvia Distribution 03792,Aftermarket,NA-US,United States,32,95,209,4900000,LTA
C-03793,Kestrel Distribution 03793,Distributor,APAC-NE,Taiwan,51,95,274,1900000,spot
C-03794,Norvia Systems 03794,Tier-1,EMEA-E,Turkey,359,95,533,1700000,spot
C-03795,Cordis Motors 03795,OEM,SA,Brazil,32,98,10005,21300000,spot
C-03796,Cordis Distribution 03796,Distributor,APAC-IN,India,212,95,3915,5800000,LTA
C-03797,Baltia Distribution 03797,Distributor,APAC-IN,India,251,95,2202,1400000,LTA
C-03798,Kestrel Systems 03798,Tier-1,EMEA-E,Turkey,31,95,3781,5200000,LTA
C-03799,Cordis Distribution 03799,Distributor,APAC-SE,Thailand,304,95,2696,3700000,LTA
C-03800,Bluepeak Motors 03800,OEM,EMEA-E,Poland,194,98,7710,33700000,consignment
C-03801,Atlas Motors 03801,OEM,NA-MX,Mexico,365,98,8241,40800000,spot
C-03802,Cordis Distribution 03802,Aftermarket,EMEA-W,Italy,83,95,2308,5300000,consignment
C-03803,Orion Motors 03803,OEM,NA-MX,Mexico,440,98,19902,76000000,LTA
C-03804,Atlas Systems 03804,Tier-1,SA,Argentina,318,95,2623,3100000,consignment
C-03805,Delantra Distribution 03805,Aftermarket,APAC-SE,Thailand,193,95,138,2700000,LTA
C-03806,Bluepeak Motors 03806,OEM,SA,Argentina,416,98,38957,48800000,consignment
C-03807,Kestrel Distribution 03807,Aftermarket,NA-MX,Mexico,447,95,1894,5600000,consignment
C-03808,Sumida Distribution 03808,Distributor,APAC-NE,South Korea,378,95,910,3100000,spot
C-03809,Atlas Systems 03809,Tier-1,SA,Brazil,252,95,404,5700000,LTA
C-03810,Orion Systems 03810,Tier-1,SA,Brazil,156,95,449,3800000,spot
C-03811,Orion Motors 03811,OEM,SA,Brazil,176,98,33282,50200000,spot
C-03812,Baltia Motors 03812,OEM,EMEA-E,Turkey,371,98,57824,45500000,LTA
C-03813,Delantra Motors 03813,OEM,APAC-SE,Malaysia,73,98,59808,4300000,spot
C-03814,Cordis Motors 03814,OEM,APAC-NE,South Korea,438,98,22862,31400000,consignment
C-03815,Vantage Motors 03815,OEM,EMEA-W,Germany,275,98,31366,77500000,consignment
C-03816,Sumida Systems 03816,Tier-1,APAC-SE,Vietnam,164,95,433,2800000,consignment
C-03817,Bluepeak Distribution 03817,Aftermarket,EMEA-W,Germany,90,95,2273,200000,LTA
C-03818,Delantra Motors 03818,OEM,EMEA-E,Romania,232,98,8092,41800000,LTA
C-03819,Sumida Motors 03819,OEM,APAC-NE,China,354,98,37179,3500000,consignment
C-03820,Kestrel Systems 03820,Tier-1,EMEA-W,Germany,54,95,3345,2200000,LTA
C-03821,Norvia Motors 03821,OEM,APAC-IN,India,243,98,50620,23400000,LTA
C-03822,Baltia Systems 03822,Tier-1,NA-US,United States,408,95,2130,5300000,spot
C-03823,Cordis Motors 03823,OEM,EMEA-W,Germany,237,98,33302,56000000,spot
C-03824,Bluepeak Systems 03824,Tier-1,APAC-IN,India,260,95,2543,2700000,LTA
C-03825,Baltia Motors 03825,OEM,NA-US,United States,211,98,9259,51700000,LTA
C-03826,Atlas Distribution 03826,Aftermarket,EMEA-W,Italy,363,95,3403,2500000,consignment
C-03827,Delantra Distribution 03827,Aftermarket,APAC-SE,Thailand,395,95,3276,5200000,LTA
C-03828,Vantage Systems 03828,Tier-1,EMEA-W,Spain,314,95,1221,400000,LTA
C-03829,Sumida Motors 03829,OEM,APAC-IN,India,286,98,9195,68700000,LTA
C-03830,Atlas Systems 03830,Tier-1,APAC-SE,Malaysia,436,95,3953,5600000,consignment
C-03831,Bluepeak Systems 03831,Tier-1,NA-US,United States,80,95,1520,3600000,spot
C-03832,Vantage Motors 03832,OEM,NA-US,United States,329,98,31911,61500000,LTA
C-03833,Atlas Distribution 03833,Aftermarket,APAC-NE,Japan,439,95,1202,4100000,LTA
C-03834,Kestrel Systems 03834,Tier-1,EMEA-E,Poland,301,95,1505,4600000,consignment
C-03835,Atlas Systems 03835,Tier-1,EMEA-W,Germany,17,95,3742,1000000,LTA
C-03836,Atlas Motors 03836,OEM,APAC-IN,India,209,98,48038,17800000,spot
C-03837,Orion Distribution 03837,Distributor,APAC-NE,Taiwan,30,95,967,1500000,LTA
C-03838,Bluepeak Distribution 03838,Distributor,EMEA-W,France,223,95,136,2900000,spot
C-03839,Norvia Distribution 03839,Distributor,EMEA-W,Spain,356,95,2666,5900000,LTA
C-03840,Bluepeak Motors 03840,OEM,NA-MX,Mexico,242,98,26785,52500000,consignment
C-03841,Atlas Motors 03841,OEM,APAC-SE,Indonesia,122,98,47782,24100000,LTA
C-03842,Cordis Motors 03842,OEM,NA-MX,Mexico,255,98,19591,89600000,consignment
C-03843,Baltia Distribution 03843,Distributor,APAC-SE,Thailand,244,95,3399,400000,consignment
C-03844,Sumida Distribution 03844,Aftermarket,APAC-IN,India,124,95,1544,5700000,LTA
C-03845,Orion Distribution 03845,Aftermarket,NA-MX,Mexico,66,95,2419,5800000,spot
C-03846,Delantra Distribution 03846,Distributor,APAC-NE,China,317,95,3678,5200000,spot
C-03847,Kestrel Motors 03847,OEM,EMEA-W,Germany,489,98,36224,23700000,consignment
C-03848,Bluepeak Systems 03848,Tier-1,NA-US,United States,354,95,1775,4200000,LTA
C-03849,Cordis Distribution 03849,Distributor,NA-US,United States,122,95,2922,3200000,consignment
C-03850,Vantage Distribution 03850,Distributor,NA-MX,Mexico,195,95,851,6000000,spot
C-03851,Baltia Motors 03851,OEM,APAC-IN,India,11,98,31752,29800000,LTA
C-03852,Kestrel Motors 03852,OEM,NA-MX,Mexico,88,98,18786,24600000,LTA
C-03853,Baltia Distribution 03853,Aftermarket,EMEA-W,France,310,95,126,1600000,spot
C-03854,Orion Motors 03854,OEM,APAC-IN,India,421,98,11249,62800000,spot
C-03855,Bluepeak Motors 03855,OEM,NA-US,United States,279,98,43055,75300000,spot
C-03856,Delantra Distribution 03856,Aftermarket,NA-US,United States,311,95,1571,5200000,consignment
C-03857,Bluepeak Motors 03857,OEM,APAC-NE,China,397,98,53004,59600000,LTA
C-03858,Bluepeak Systems 03858,Tier-1,EMEA-W,Italy,122,95,1159,5800000,consignment
C-03859,Bluepeak Motors 03859,OEM,APAC-NE,South Korea,110,98,37518,79700000,consignment
C-03860,Orion Motors 03860,OEM,NA-US,United States,45,98,51236,77600000,LTA
C-03861,Bluepeak Motors 03861,OEM,EMEA-E,Turkey,35,98,48330,22600000,spot
C-03862,Bluepeak Systems 03862,Tier-1,NA-MX,Mexico,169,95,2472,400000,LTA
C-03863,Vantage Motors 03863,OEM,APAC-NE,South Korea,417,98,53134,53500000,LTA
C-03864,Baltia Motors 03864,OEM,EMEA-E,Czechia,306,98,59400,19200000,LTA
C-03865,Kestrel Motors 03865,OEM,NA-US,United States,31,98,17343,24900000,consignment
C-03866,Bluepeak Distribution 03866,Distributor,EMEA-W,France,348,95,1025,3500000,consignment
C-03867,Vantage Distribution 03867,Distributor,NA-US,United States,285,95,2174,2600000,LTA
C-03868,Sumida Motors 03868,OEM,SA,Brazil,135,98,19389,27800000,LTA
C-03869,Orion Motors 03869,OEM,APAC-IN,India,347,98,24278,19000000,consignment
C-03870,Kestrel Distribution 03870,Distributor,APAC-SE,Vietnam,372,95,1115,3200000,consignment
C-03871,Vantage Distribution 03871,Distributor,APAC-SE,Thailand,71,95,3975,2400000,LTA
C-03872,Orion Motors 03872,OEM,EMEA-E,Turkey,372,98,20185,18800000,LTA
C-03873,Cordis Distribution 03873,Aftermarket,NA-US,United States,203,95,3694,100000,LTA
C-03874,Baltia Motors 03874,OEM,NA-US,United States,296,98,53017,6500000,LTA
C-03875,Bluepeak Distribution 03875,Distributor,NA-US,United States,237,95,677,5600000,LTA
C-03876,Norvia Distribution 03876,Aftermarket,EMEA-E,Romania,479,95,2293,200000,spot
C-03877,Atlas Systems 03877,Tier-1,EMEA-W,Italy,302,95,886,1700000,spot
C-03878,Cordis Motors 03878,OEM,APAC-IN,India,362,98,10467,18800000,spot
C-03879,Sumida Distribution 03879,Distributor,APAC-IN,India,344,95,3103,4200000,LTA
C-03880,Vantage Systems 03880,Tier-1,EMEA-W,Germany,171,95,3632,4700000,LTA
C-03881,Norvia Distribution 03881,Distributor,NA-MX,Mexico,301,95,154,1000000,LTA
C-03882,Bluepeak Motors 03882,OEM,APAC-IN,India,252,98,16768,14900000,LTA
C-03883,Bluepeak Systems 03883,Tier-1,APAC-SE,Thailand,151,95,2211,1300000,LTA
C-03884,Baltia Motors 03884,OEM,NA-US,United States,469,98,10617,42100000,consignment
C-03885,Kestrel Distribution 03885,Distributor,APAC-IN,India,361,95,2959,200000,spot
C-03886,Delantra Distribution 03886,Distributor,APAC-NE,Taiwan,220,95,2211,4500000,consignment
C-03887,Kestrel Systems 03887,Tier-1,NA-MX,Mexico,386,95,2460,800000,LTA
C-03888,Baltia Distribution 03888,Distributor,EMEA-E,Poland,245,95,1846,2400000,LTA
C-03889,Sumida Motors 03889,OEM,NA-US,United States,398,98,25985,12200000,LTA
C-03890,Bluepeak Distribution 03890,Distributor,APAC-IN,India,165,95,3918,1700000,spot
C-03891,Sumida Distribution 03891,Aftermarket,EMEA-W,France,232,95,3401,3400000,consignment
C-03892,Kestrel Systems 03892,Tier-1,EMEA-W,Italy,31,95,3014,400000,spot
C-03893,Baltia Distribution 03893,Distributor,NA-MX,Mexico,464,95,3573,5200000,spot
C-03894,Cordis Systems 03894,Tier-1,APAC-IN,India,80,95,3578,3500000,consignment
C-03895,Norvia Motors 03895,OEM,APAC-SE,Indonesia,362,98,26062,89900000,LTA
C-03896,Baltia Distribution 03896,Aftermarket,SA,Argentina,339,95,2996,200000,LTA
C-03897,Kestrel Motors 03897,OEM,NA-MX,Mexico,308,98,22599,6200000,spot
C-03898,Kestrel Systems 03898,Tier-1,NA-US,United States,417,95,3232,3200000,spot
C-03899,Kestrel Motors 03899,OEM,APAC-SE,Vietnam,247,98,10537,21700000,LTA
C-03900,Sumida Motors 03900,OEM,APAC-SE,Malaysia,386,98,22851,33900000,LTA
C-03901,Bluepeak Systems 03901,Tier-1,APAC-NE,Taiwan,60,95,526,4800000,consignment
C-03902,Delantra Motors 03902,OEM,SA,Brazil,394,98,31075,70000000,spot
C-03903,Vantage Systems 03903,Tier-1,EMEA-W,Germany,18,95,962,5400000,LTA
C-03904,Orion Distribution 03904,Aftermarket,APAC-NE,South Korea,157,95,520,1700000,consignment
C-03905,Norvia Distribution 03905,Distributor,APAC-IN,India,101,95,2358,2300000,consignment
C-03906,Kestrel Motors 03906,OEM,SA,Brazil,135,98,37392,71100000,consignment
C-03907,Sumida Motors 03907,OEM,NA-US,United States,46,98,7227,3900000,LTA
C-03908,Cordis Distribution 03908,Distributor,APAC-IN,India,408,95,3266,500000,LTA
C-03909,Delantra Systems 03909,Tier-1,EMEA-E,Turkey,96,95,719,5000000,consignment
C-03910,Orion Motors 03910,OEM,NA-US,United States,259,98,7713,23800000,LTA
C-03911,Sumida Motors 03911,OEM,APAC-IN,India,173,98,29843,22900000,consignment
C-03912,Atlas Motors 03912,OEM,SA,Argentina,136,98,50426,40900000,spot
C-03913,Bluepeak Motors 03913,OEM,EMEA-E,Turkey,140,98,10857,35500000,LTA
C-03914,Vantage Distribution 03914,Aftermarket,NA-MX,Mexico,411,95,3104,4500000,consignment
C-03915,Sumida Motors 03915,OEM,NA-US,United States,82,98,55286,78800000,LTA
C-03916,Sumida Distribution 03916,Aftermarket,SA,Argentina,326,95,2988,600000,spot
C-03917,Norvia Motors 03917,OEM,EMEA-E,Czechia,109,98,51693,59400000,spot
C-03918,Cordis Motors 03918,OEM,APAC-IN,India,135,98,10340,68400000,consignment
C-03919,Cordis Distribution 03919,Distributor,SA,Argentina,309,95,780,5100000,consignment
C-03920,Norvia Motors 03920,OEM,APAC-IN,India,248,98,17608,52300000,consignment
C-03921,Cordis Motors 03921,OEM,NA-US,United States,126,98,47923,68100000,spot
C-03922,Norvia Distribution 03922,Aftermarket,SA,Brazil,162,95,2790,5900000,consignment
C-03923,Norvia Distribution 03923,Distributor,EMEA-E,Poland,465,95,1152,2300000,LTA
C-03924,Norvia Systems 03924,Tier-1,APAC-IN,India,45,95,1851,3600000,spot
C-03925,Baltia Motors 03925,OEM,APAC-SE,Vietnam,217,98,51747,11400000,LTA
C-03926,Orion Motors 03926,OEM,APAC-IN,India,161,98,11961,87000000,LTA
C-03927,Vantage Motors 03927,OEM,SA,Argentina,66,98,25735,45100000,LTA
C-03928,Kestrel Systems 03928,Tier-1,NA-MX,Mexico,275,95,875,3100000,LTA
C-03929,Baltia Motors 03929,OEM,SA,Brazil,110,98,22954,15400000,spot
C-03930,Sumida Motors 03930,OEM,NA-US,United States,331,98,52933,4700000,LTA
C-03931,Atlas Motors 03931,OEM,APAC-IN,India,495,98,52379,34200000,consignment
C-03932,Vantage Motors 03932,OEM,APAC-NE,Japan,397,98,29903,14700000,consignment
C-03933,Kestrel Motors 03933,OEM,APAC-NE,Japan,169,98,38296,73300000,spot
C-03934,Atlas Distribution 03934,Aftermarket,NA-MX,Mexico,437,95,3967,3300000,LTA
C-03935,Vantage Distribution 03935,Aftermarket,EMEA-W,Spain,253,95,1776,2800000,LTA
C-03936,Sumida Motors 03936,OEM,EMEA-W,France,87,98,30910,89000000,consignment
C-03937,Sumida Systems 03937,Tier-1,SA,Argentina,35,95,311,4800000,spot
C-03938,Cordis Distribution 03938,Distributor,APAC-SE,Malaysia,239,95,1265,2700000,spot
C-03939,Bluepeak Distribution 03939,Aftermarket,APAC-SE,Indonesia,170,95,1122,3000000,spot
C-03940,Kestrel Distribution 03940,Aftermarket,NA-US,United States,479,95,2637,4000000,consignment
C-03941,Kestrel Systems 03941,Tier-1,EMEA-W,Germany,356,95,249,4200000,spot
C-03942,Kestrel Systems 03942,Tier-1,EMEA-E,Czechia,309,95,815,1100000,consignment
C-03943,Sumida Distribution 03943,Distributor,EMEA-W,Germany,432,95,778,1000000,LTA
C-03944,Bluepeak Distribution 03944,Aftermarket,EMEA-E,Turkey,404,95,3092,4000000,LTA
C-03945,Baltia Distribution 03945,Aftermarket,APAC-NE,China,258,95,3195,5700000,LTA
C-03946,Sumida Distribution 03946,Distributor,NA-US,United States,312,95,3457,5000000,consignment
C-03947,Bluepeak Systems 03947,Tier-1,EMEA-E,Czechia,215,95,3803,4600000,LTA
C-03948,Delantra Systems 03948,Tier-1,NA-US,United States,379,95,3166,3200000,consignment
C-03949,Bluepeak Motors 03949,OEM,SA,Argentina,370,98,32773,50900000,LTA
C-03950,Sumida Distribution 03950,Distributor,NA-MX,Mexico,127,95,974,4100000,LTA
C-03951,Orion Motors 03951,OEM,NA-US,United States,413,98,37624,52800000,consignment
C-03952,Bluepeak Systems 03952,Tier-1,EMEA-W,Italy,136,95,1335,1100000,LTA
C-03953,Orion Distribution 03953,Aftermarket,EMEA-E,Czechia,106,95,1985,3700000,consignment
C-03954,Vantage Motors 03954,OEM,APAC-NE,South Korea,397,98,30989,85900000,LTA
C-03955,Sumida Distribution 03955,Aftermarket,APAC-SE,Vietnam,148,95,3390,600000,spot
C-03956,Cordis Systems 03956,Tier-1,EMEA-W,Germany,469,95,2551,4100000,consignment
C-03957,Vantage Systems 03957,Tier-1,APAC-IN,India,17,95,1466,4000000,consignment
C-03958,Bluepeak Systems 03958,Tier-1,NA-US,United States,40,95,3498,200000,LTA
C-03959,Atlas Motors 03959,OEM,EMEA-E,Romania,290,98,36954,86900000,spot
C-03960,Orion Distribution 03960,Distributor,EMEA-E,Czechia,86,95,396,1600000,LTA
C-03961,Bluepeak Distribution 03961,Aftermarket,APAC-NE,South Korea,361,95,932,5700000,LTA
C-03962,Orion Distribution 03962,Aftermarket,EMEA-W,Germany,37,95,2153,4700000,LTA
C-03963,Atlas Distribution 03963,Aftermarket,EMEA-W,Italy,277,95,1323,5500000,LTA
C-03964,Norvia Distribution 03964,Distributor,APAC-SE,Indonesia,213,95,1511,4000000,spot
C-03965,Delantra Distribution 03965,Aftermarket,NA-US,United States,326,95,169,1600000,LTA
C-03966,Delantra Distribution 03966,Aftermarket,EMEA-W,Germany,277,95,1815,2500000,spot
C-03967,Orion Motors 03967,OEM,EMEA-W,Italy,469,98,53927,30200000,consignment
C-03968,Delantra Systems 03968,Tier-1,NA-US,United States,285,95,245,4500000,consignment
C-03969,Vantage Systems 03969,Tier-1,NA-US,United States,347,95,3762,5500000,spot
C-03970,Bluepeak Distribution 03970,Aftermarket,EMEA-E,Czechia,217,95,834,3100000,LTA
C-03971,Cordis Systems 03971,Tier-1,APAC-NE,China,256,95,3829,4300000,LTA
C-03972,Kestrel Distribution 03972,Aftermarket,EMEA-W,France,402,95,3583,3600000,spot
C-03973,Norvia Distribution 03973,Aftermarket,SA,Argentina,152,95,2810,1100000,LTA
C-03974,Norvia Motors 03974,OEM,EMEA-E,Czechia,443,98,18600,33900000,LTA
C-03975,Norvia Distribution 03975,Distributor,EMEA-W,Spain,229,95,3413,5900000,LTA
C-03976,Cordis Distribution 03976,Distributor,EMEA-E,Poland,270,95,2297,4000000,LTA
C-03977,Baltia Distribution 03977,Aftermarket,APAC-SE,Vietnam,414,95,918,5100000,LTA
C-03978,Atlas Motors 03978,OEM,EMEA-E,Romania,209,98,43198,64500000,LTA
C-03979,Cordis Distribution 03979,Distributor,EMEA-W,Italy,100,95,1166,3300000,consignment
C-03980,Atlas Distribution 03980,Aftermarket,APAC-NE,China,491,95,368,2500000,LTA
C-03981,Bluepeak Systems 03981,Tier-1,NA-US,United States,122,95,413,2300000,LTA
C-03982,Sumida Motors 03982,OEM,APAC-NE,China,281,98,45666,65300000,LTA
C-03983,Kestrel Motors 03983,OEM,SA,Argentina,204,98,17125,16900000,LTA
C-03984,Sumida Distribution 03984,Distributor,NA-US,United States,338,95,2653,1600000,LTA
C-03985,Atlas Distribution 03985,Aftermarket,SA,Brazil,496,95,822,5900000,consignment
C-03986,Baltia Systems 03986,Tier-1,EMEA-W,Spain,297,95,2331,1900000,spot
C-03987,Vantage Distribution 03987,Aftermarket,SA,Argentina,211,95,2882,4300000,LTA
C-03988,Sumida Distribution 03988,Distributor,NA-MX,Mexico,339,95,787,4600000,spot
C-03989,Norvia Distribution 03989,Distributor,APAC-SE,Malaysia,220,95,1603,2900000,spot
C-03990,Kestrel Distribution 03990,Aftermarket,SA,Argentina,442,95,3789,4600000,LTA
C-03991,Baltia Motors 03991,OEM,APAC-NE,Taiwan,449,98,58267,53200000,spot
C-03992,Delantra Systems 03992,Tier-1,NA-MX,Mexico,352,95,1360,800000,LTA
C-03993,Cordis Systems 03993,Tier-1,APAC-IN,India,146,95,1116,100000,spot
C-03994,Baltia Motors 03994,OEM,APAC-SE,Malaysia,96,98,13188,62100000,LTA
C-03995,Sumida Distribution 03995,Distributor,SA,Argentina,430,95,1054,1100000,consignment
C-03996,Atlas Distribution 03996,Distributor,NA-US,United States,494,95,323,900000,LTA
C-03997,Norvia Motors 03997,OEM,EMEA-E,Poland,307,98,57982,38400000,consignment
C-03998,Bluepeak Motors 03998,OEM,NA-US,United States,307,98,45292,23300000,LTA
C-03999,Kestrel Motors 03999,OEM,NA-US,United States,478,98,11257,83500000,LTA
C-04000,Delantra Motors 04000,OEM,APAC-SE,Malaysia,16,98,55272,21200000,consignment
C-04001,Bluepeak Systems 04001,Tier-1,SA,Brazil,28,95,3914,4000000,spot
C-04002,Orion Motors 04002,OEM,EMEA-E,Romania,293,98,41795,66900000,consignment
C-04003,Vantage Distribution 04003,Aftermarket,NA-US,United States,71,95,1550,1700000,LTA
C-04004,Bluepeak Distribution 04004,Distributor,APAC-IN,India,499,95,2279,5900000,LTA
C-04005,Sumida Motors 04005,OEM,APAC-NE,Taiwan,147,98,15064,79700000,consignment
C-04006,Baltia Motors 04006,OEM,NA-US,United States,224,98,11293,43300000,LTA
C-04007,Norvia Systems 04007,Tier-1,NA-MX,Mexico,267,95,2102,3000000,spot
C-04008,Bluepeak Motors 04008,OEM,APAC-SE,Malaysia,133,98,21761,82600000,spot
C-04009,Orion Motors 04009,OEM,APAC-SE,Thailand,488,98,46971,28500000,LTA
C-04010,Vantage Distribution 04010,Distributor,APAC-NE,China,477,95,2932,5700000,spot
C-04011,Delantra Motors 04011,OEM,APAC-SE,Thailand,395,98,49953,17500000,LTA
C-04012,Cordis Distribution 04012,Aftermarket,APAC-NE,China,156,95,3022,3800000,LTA
C-04013,Sumida Motors 04013,OEM,SA,Brazil,427,98,20910,89200000,LTA
C-04014,Atlas Distribution 04014,Aftermarket,APAC-SE,Malaysia,315,95,2326,2100000,LTA
C-04015,Sumida Motors 04015,OEM,NA-US,United States,291,98,45594,65100000,LTA
C-04016,Bluepeak Motors 04016,OEM,APAC-NE,Taiwan,426,98,24509,10700000,consignment
C-04017,Baltia Systems 04017,Tier-1,APAC-NE,Japan,106,95,3342,2500000,consignment
C-04018,Baltia Systems 04018,Tier-1,EMEA-W,France,391,95,2227,2500000,consignment
C-04019,Norvia Distribution 04019,Aftermarket,EMEA-E,Czechia,238,95,1398,2800000,consignment
C-04020,Bluepeak Systems 04020,Tier-1,SA,Argentina,284,95,1237,3100000,consignment
C-04021,Atlas Motors 04021,OEM,APAC-SE,Indonesia,326,98,13847,70200000,LTA
C-04022,Bluepeak Motors 04022,OEM,APAC-IN,India,259,98,27263,42400000,LTA
C-04023,Vantage Distribution 04023,Aftermarket,APAC-NE,China,81,95,3053,4500000,consignment
C-04024,Atlas Motors 04024,OEM,APAC-IN,India,309,98,12794,20600000,LTA
C-04025,Bluepeak Systems 04025,Tier-1,SA,Argentina,143,95,3815,1400000,LTA
C-04026,Cordis Distribution 04026,Aftermarket,APAC-SE,Malaysia,208,95,1177,5700000,LTA
C-04027,Cordis Systems 04027,Tier-1,APAC-SE,Vietnam,447,95,2659,4400000,consignment
C-04028,Cordis Distribution 04028,Distributor,APAC-IN,India,61,95,3175,700000,LTA
C-04029,Norvia Systems 04029,Tier-1,NA-MX,Mexico,497,95,553,4800000,spot
C-04030,Orion Distribution 04030,Aftermarket,APAC-NE,Japan,60,95,3800,700000,spot
C-04031,Norvia Distribution 04031,Distributor,SA,Argentina,214,95,3611,100000,spot
C-04032,Sumida Distribution 04032,Distributor,APAC-IN,India,139,95,1166,1900000,spot
C-04033,Orion Motors 04033,OEM,APAC-IN,India,157,98,18429,22100000,consignment
C-04034,Baltia Distribution 04034,Distributor,APAC-NE,South Korea,322,95,1403,700000,consignment
C-04035,Delantra Motors 04035,OEM,EMEA-W,Italy,482,98,12633,10800000,LTA
C-04036,Kestrel Motors 04036,OEM,APAC-IN,India,235,98,58647,9900000,LTA
C-04037,Vantage Motors 04037,OEM,APAC-IN,India,147,98,51035,57300000,LTA
C-04038,Sumida Distribution 04038,Aftermarket,SA,Brazil,320,95,3960,2400000,consignment
C-04039,Delantra Systems 04039,Tier-1,NA-MX,Mexico,387,95,2243,4400000,spot
C-04040,Cordis Motors 04040,OEM,APAC-IN,India,24,98,20950,16200000,consignment
C-04041,Kestrel Motors 04041,OEM,APAC-SE,Indonesia,486,98,5754,72700000,spot
C-04042,Delantra Motors 04042,OEM,EMEA-W,Spain,145,98,43246,31000000,consignment
C-04043,Norvia Distribution 04043,Distributor,NA-US,United States,406,95,2630,5100000,spot
C-04044,Bluepeak Motors 04044,OEM,EMEA-W,Italy,463,98,12590,28600000,spot
C-04045,Delantra Distribution 04045,Aftermarket,EMEA-E,Turkey,17,95,3835,3400000,spot
C-04046,Cordis Distribution 04046,Aftermarket,EMEA-W,France,68,95,68,1700000,consignment
C-04047,Sumida Systems 04047,Tier-1,APAC-NE,China,426,95,228,3400000,LTA
C-04048,Cordis Motors 04048,OEM,SA,Brazil,94,98,48792,23400000,LTA
C-04049,Sumida Motors 04049,OEM,APAC-NE,China,318,98,35938,64500000,consignment
C-04050,Bluepeak Motors 04050,OEM,NA-MX,Mexico,349,98,14481,78700000,consignment
C-04051,Atlas Motors 04051,OEM,APAC-NE,South Korea,425,98,28508,78900000,spot
C-04052,Atlas Motors 04052,OEM,EMEA-W,Germany,74,98,26669,80400000,LTA
C-04053,Sumida Distribution 04053,Distributor,APAC-NE,Taiwan,446,95,418,6000000,spot
C-04054,Baltia Distribution 04054,Distributor,EMEA-E,Romania,463,95,2226,3900000,spot
C-04055,Kestrel Distribution 04055,Aftermarket,APAC-NE,Japan,314,95,1754,800000,spot
C-04056,Cordis Systems 04056,Tier-1,APAC-NE,Japan,294,95,3818,5200000,consignment
C-04057,Kestrel Distribution 04057,Distributor,APAC-IN,India,173,95,3986,4200000,consignment
C-04058,Vantage Motors 04058,OEM,SA,Argentina,199,98,49828,87700000,spot
C-04059,Cordis Motors 04059,OEM,NA-MX,Mexico,432,98,48390,34200000,consignment
C-04060,Cordis Distribution 04060,Aftermarket,APAC-IN,India,308,95,3990,2100000,LTA
C-04061,Vantage Motors 04061,OEM,EMEA-E,Romania,426,98,37357,14100000,LTA
C-04062,Vantage Systems 04062,Tier-1,APAC-NE,South Korea,171,95,1912,2100000,consignment
C-04063,Kestrel Distribution 04063,Aftermarket,APAC-NE,Japan,226,95,1169,3200000,consignment
C-04064,Sumida Distribution 04064,Aftermarket,APAC-NE,South Korea,164,95,2826,1300000,spot
C-04065,Delantra Motors 04065,OEM,NA-US,United States,461,98,7155,4000000,consignment
C-04066,Orion Motors 04066,OEM,SA,Argentina,281,98,13664,80000000,LTA
C-04067,Norvia Motors 04067,OEM,EMEA-W,Germany,33,98,6574,27400000,spot
C-04068,Norvia Distribution 04068,Aftermarket,NA-MX,Mexico,176,95,2626,3300000,consignment
C-04069,Delantra Motors 04069,OEM,APAC-NE,Japan,79,98,18611,45600000,LTA
C-04070,Sumida Motors 04070,OEM,NA-MX,Mexico,49,98,21936,26700000,consignment
C-04071,Norvia Motors 04071,OEM,EMEA-W,Spain,67,98,35657,86800000,LTA
C-04072,Sumida Motors 04072,OEM,APAC-IN,India,96,98,10777,34800000,consignment
C-04073,Vantage Distribution 04073,Aftermarket,APAC-IN,India,44,95,3383,600000,LTA
C-04074,Bluepeak Motors 04074,OEM,NA-US,United States,323,98,35108,84000000,LTA
C-04075,Norvia Distribution 04075,Distributor,NA-US,United States,53,95,768,5900000,consignment
C-04076,Cordis Motors 04076,OEM,APAC-SE,Malaysia,171,98,51531,74900000,LTA
C-04077,Baltia Distribution 04077,Distributor,APAC-IN,India,199,95,1027,2800000,spot
C-04078,Orion Distribution 04078,Aftermarket,EMEA-W,France,482,95,2172,2900000,consignment
C-04079,Cordis Systems 04079,Tier-1,APAC-NE,Japan,483,95,1355,1900000,LTA
C-04080,Vantage Motors 04080,OEM,NA-US,United States,139,98,39396,44200000,consignment
C-04081,Kestrel Motors 04081,OEM,NA-US,United States,187,98,49741,82900000,LTA
C-04082,Vantage Motors 04082,OEM,NA-MX,Mexico,455,98,30207,52300000,consignment
C-04083,Sumida Distribution 04083,Distributor,NA-US,United States,109,95,3585,4200000,spot
C-04084,Atlas Distribution 04084,Distributor,APAC-NE,China,93,95,479,700000,spot
C-04085,Bluepeak Distribution 04085,Aftermarket,EMEA-E,Poland,325,95,3761,5100000,spot
C-04086,Cordis Motors 04086,OEM,NA-MX,Mexico,190,98,57922,9400000,consignment
C-04087,Delantra Distribution 04087,Aftermarket,SA,Brazil,442,95,2874,3700000,LTA
C-04088,Norvia Motors 04088,OEM,NA-US,United States,278,98,31296,62900000,spot
C-04089,Cordis Motors 04089,OEM,EMEA-E,Romania,179,98,26788,70700000,LTA
C-04090,Cordis Motors 04090,OEM,NA-US,United States,15,98,49124,43100000,consignment
C-04091,Sumida Systems 04091,Tier-1,APAC-SE,Malaysia,120,95,565,1100000,spot
C-04092,Delantra Motors 04092,OEM,EMEA-W,Italy,301,98,28304,74500000,consignment
C-04093,Vantage Distribution 04093,Distributor,APAC-NE,China,237,95,2334,3000000,consignment
C-04094,Bluepeak Motors 04094,OEM,NA-US,United States,419,98,56632,49400000,spot
C-04095,Sumida Motors 04095,OEM,EMEA-E,Romania,205,98,36279,63300000,LTA
C-04096,Cordis Motors 04096,OEM,APAC-SE,Malaysia,214,98,55696,28300000,spot
C-04097,Kestrel Motors 04097,OEM,APAC-IN,India,301,98,55340,65500000,spot
C-04098,Sumida Distribution 04098,Distributor,EMEA-E,Romania,269,95,969,3300000,spot
C-04099,Cordis Motors 04099,OEM,APAC-SE,Malaysia,329,98,11839,21600000,spot
C-04100,Baltia Distribution 04100,Aftermarket,APAC-NE,Japan,31,95,1628,800000,LTA
C-04101,Vantage Motors 04101,OEM,APAC-NE,Japan,482,98,18608,73500000,LTA
C-04102,Atlas Distribution 04102,Distributor,NA-MX,Mexico,323,95,3014,3300000,consignment
C-04103,Baltia Distribution 04103,Distributor,EMEA-W,Spain,375,95,1456,4500000,spot
C-04104,Norvia Motors 04104,OEM,NA-MX,Mexico,136,98,36631,70400000,LTA
C-04105,Vantage Distribution 04105,Distributor,APAC-NE,Taiwan,391,95,1492,900000,LTA
C-04106,Atlas Distribution 04106,Aftermarket,EMEA-E,Turkey,283,95,2020,400000,LTA
C-04107,Baltia Systems 04107,Tier-1,NA-MX,Mexico,359,95,204,1700000,LTA
C-04108,Sumida Distribution 04108,Distributor,EMEA-W,Italy,124,95,2944,5100000,LTA
C-04109,Kestrel Motors 04109,OEM,APAC-NE,Taiwan,440,98,36851,31100000,consignment
C-04110,Delantra Motors 04110,OEM,EMEA-W,Italy,172,98,54869,13500000,LTA
C-04111,Atlas Motors 04111,OEM,APAC-IN,India,459,98,59681,71300000,consignment
C-04112,Sumida Motors 04112,OEM,APAC-SE,Malaysia,500,98,45146,76700000,LTA
C-04113,Kestrel Distribution 04113,Aftermarket,EMEA-W,Germany,360,95,1060,2100000,spot
C-04114,Bluepeak Distribution 04114,Distributor,NA-MX,Mexico,136,95,2771,3800000,spot
C-04115,Vantage Distribution 04115,Aftermarket,SA,Argentina,222,95,3793,5400000,spot
C-04116,Delantra Motors 04116,OEM,APAC-IN,India,356,98,27331,53200000,LTA
C-04117,Cordis Systems 04117,Tier-1,EMEA-E,Romania,317,95,2501,1700000,LTA
C-04118,Bluepeak Systems 04118,Tier-1,APAC-NE,China,167,95,1725,4900000,spot
C-04119,Bluepeak Motors 04119,OEM,NA-US,United States,370,98,36708,34000000,LTA
C-04120,Bluepeak Systems 04120,Tier-1,EMEA-W,Italy,351,95,2653,3300000,LTA
C-04121,Orion Distribution 04121,Distributor,NA-US,United States,226,95,1569,700000,LTA
C-04122,Bluepeak Motors 04122,OEM,EMEA-E,Romania,215,98,37814,32800000,consignment
C-04123,Norvia Distribution 04123,Aftermarket,APAC-IN,India,350,95,1907,2700000,spot
C-04124,Norvia Motors 04124,OEM,NA-US,United States,209,98,7968,74500000,LTA
C-04125,Vantage Distribution 04125,Aftermarket,NA-US,United States,195,95,2578,700000,LTA
C-04126,Orion Distribution 04126,Aftermarket,NA-MX,Mexico,216,95,817,3200000,consignment
C-04127,Delantra Distribution 04127,Distributor,EMEA-W,France,453,95,1073,100000,spot
C-04128,Delantra Motors 04128,OEM,APAC-NE,China,44,98,57249,25300000,LTA
C-04129,Baltia Distribution 04129,Aftermarket,EMEA-W,Spain,142,95,2697,1500000,spot
C-04130,Delantra Distribution 04130,Distributor,SA,Argentina,20,95,34,5000000,LTA
C-04131,Delantra Distribution 04131,Aftermarket,APAC-SE,Vietnam,155,95,2974,3200000,spot
C-04132,Atlas Distribution 04132,Distributor,APAC-IN,India,124,95,1083,5600000,LTA
C-04133,Atlas Distribution 04133,Aftermarket,NA-US,United States,61,95,3680,1000000,spot
C-04134,Kestrel Distribution 04134,Aftermarket,NA-MX,Mexico,215,95,1043,4900000,spot
C-04135,Cordis Distribution 04135,Aftermarket,APAC-IN,India,51,95,317,5000000,LTA
C-04136,Baltia Motors 04136,OEM,SA,Brazil,52,98,47645,77000000,LTA
C-04137,Baltia Motors 04137,OEM,APAC-IN,India,430,98,57822,18700000,LTA
C-04138,Kestrel Distribution 04138,Aftermarket,NA-US,United States,403,95,135,1500000,consignment
C-04139,Orion Motors 04139,OEM,SA,Argentina,19,98,11274,60200000,spot
C-04140,Norvia Distribution 04140,Aftermarket,APAC-NE,Taiwan,306,95,3658,1300000,LTA
C-04141,Vantage Systems 04141,Tier-1,NA-MX,Mexico,333,95,2285,500000,spot
C-04142,Baltia Motors 04142,OEM,APAC-NE,Japan,326,98,10771,66000000,LTA
C-04143,Norvia Motors 04143,OEM,NA-US,United States,473,98,42644,11000000,spot
C-04144,Norvia Distribution 04144,Distributor,APAC-SE,Thailand,259,95,990,3900000,consignment
C-04145,Atlas Motors 04145,OEM,EMEA-W,Spain,138,98,51431,46900000,spot
C-04146,Orion Distribution 04146,Aftermarket,APAC-NE,China,411,95,1616,2400000,spot
C-04147,Vantage Motors 04147,OEM,APAC-IN,India,347,98,6428,69100000,LTA
C-04148,Kestrel Systems 04148,Tier-1,EMEA-W,Spain,22,95,1685,200000,LTA
C-04149,Baltia Motors 04149,OEM,APAC-SE,Malaysia,414,98,25251,45200000,spot
C-04150,Baltia Motors 04150,OEM,APAC-IN,India,265,98,6276,10100000,LTA
C-04151,Vantage Distribution 04151,Distributor,NA-MX,Mexico,124,95,944,4800000,spot
C-04152,Vantage Motors 04152,OEM,APAC-NE,Japan,240,98,44046,48000000,LTA
C-04153,Atlas Motors 04153,OEM,APAC-SE,Indonesia,13,98,31086,46700000,spot
C-04154,Cordis Distribution 04154,Distributor,NA-US,United States,11,95,3156,4900000,spot
C-04155,Cordis Motors 04155,OEM,NA-MX,Mexico,125,98,48993,67700000,LTA
C-04156,Kestrel Distribution 04156,Aftermarket,APAC-IN,India,325,95,478,5100000,spot
C-04157,Norvia Motors 04157,OEM,SA,Brazil,195,98,34799,48000000,spot
C-04158,Cordis Distribution 04158,Aftermarket,EMEA-E,Romania,74,95,1588,2500000,spot
C-04159,Sumida Systems 04159,Tier-1,EMEA-E,Turkey,416,95,708,1000000,consignment
C-04160,Sumida Distribution 04160,Distributor,APAC-NE,China,23,95,215,200000,LTA
C-04161,Kestrel Distribution 04161,Distributor,NA-US,United States,80,95,1470,4700000,spot
C-04162,Cordis Motors 04162,OEM,EMEA-W,Italy,369,98,11019,67500000,LTA
C-04163,Sumida Distribution 04163,Distributor,APAC-SE,Malaysia,382,95,1812,500000,spot
C-04164,Orion Systems 04164,Tier-1,APAC-NE,Japan,408,95,2169,1600000,LTA
C-04165,Delantra Motors 04165,OEM,SA,Argentina,90,98,37880,34000000,LTA
C-04166,Baltia Systems 04166,Tier-1,SA,Brazil,394,95,59,5900000,spot
C-04167,Vantage Systems 04167,Tier-1,APAC-IN,India,410,95,207,1700000,LTA
C-04168,Bluepeak Systems 04168,Tier-1,EMEA-W,Spain,365,95,124,2000000,consignment
C-04169,Bluepeak Motors 04169,OEM,NA-MX,Mexico,165,98,17197,66300000,LTA
C-04170,Baltia Distribution 04170,Distributor,APAC-SE,Indonesia,200,95,3400,1900000,spot
C-04171,Bluepeak Motors 04171,OEM,APAC-NE,Taiwan,301,98,33115,31700000,LTA
C-04172,Baltia Systems 04172,Tier-1,APAC-SE,Vietnam,335,95,2951,500000,consignment
C-04173,Kestrel Distribution 04173,Distributor,EMEA-E,Poland,79,95,515,5100000,LTA
C-04174,Cordis Distribution 04174,Aftermarket,NA-US,United States,292,95,1539,5900000,LTA
C-04175,Norvia Distribution 04175,Aftermarket,NA-US,United States,277,95,1282,3600000,consignment
C-04176,Norvia Motors 04176,OEM,APAC-SE,Malaysia,90,98,36123,36600000,LTA
C-04177,Orion Distribution 04177,Aftermarket,NA-MX,Mexico,413,95,2910,1500000,LTA
C-04178,Bluepeak Distribution 04178,Aftermarket,SA,Argentina,460,95,1482,3100000,LTA
C-04179,Norvia Distribution 04179,Distributor,APAC-SE,Vietnam,189,95,3288,4700000,LTA
C-04180,Orion Motors 04180,OEM,APAC-SE,Malaysia,331,98,37144,37000000,spot
C-04181,Baltia Distribution 04181,Distributor,NA-MX,Mexico,235,95,2508,5800000,LTA
C-04182,Delantra Systems 04182,Tier-1,NA-MX,Mexico,476,95,190,2800000,spot
C-04183,Cordis Motors 04183,OEM,NA-MX,Mexico,344,98,14415,52100000,consignment
C-04184,Baltia Distribution 04184,Aftermarket,APAC-NE,South Korea,282,95,273,5900000,spot
C-04185,Atlas Motors 04185,OEM,APAC-SE,Malaysia,340,98,25964,12100000,spot
C-04186,Cordis Motors 04186,OEM,SA,Brazil,209,98,17105,24700000,consignment
C-04187,Cordis Motors 04187,OEM,EMEA-E,Poland,36,98,25120,81600000,LTA
C-04188,Orion Motors 04188,OEM,NA-MX,Mexico,80,98,10617,60100000,spot
C-04189,Atlas Distribution 04189,Distributor,APAC-NE,South Korea,259,95,1183,2900000,spot
C-04190,Delantra Systems 04190,Tier-1,NA-MX,Mexico,139,95,3555,3100000,spot
C-04191,Delantra Systems 04191,Tier-1,SA,Argentina,151,95,1324,900000,spot
C-04192,Orion Systems 04192,Tier-1,APAC-SE,Malaysia,151,95,2985,4400000,LTA
C-04193,Bluepeak Distribution 04193,Aftermarket,APAC-NE,China,333,95,1189,4300000,consignment
C-04194,Kestrel Systems 04194,Tier-1,APAC-IN,India,312,95,1794,3200000,consignment
C-04195,Delantra Distribution 04195,Distributor,APAC-IN,India,41,95,282,100000,consignment
C-04196,Vantage Systems 04196,Tier-1,APAC-IN,India,471,95,3059,4300000,LTA
C-04197,Delantra Systems 04197,Tier-1,APAC-IN,India,497,95,3457,3100000,spot
C-04198,Norvia Distribution 04198,Aftermarket,EMEA-E,Turkey,177,95,1799,1400000,LTA
C-04199,Orion Distribution 04199,Distributor,EMEA-W,Italy,437,95,3521,2100000,consignment
C-04200,Bluepeak Distribution 04200,Distributor,NA-US,United States,250,95,3669,1100000,LTA
C-04201,Baltia Motors 04201,OEM,NA-MX,Mexico,212,98,6180,45500000,consignment
C-04202,Vantage Distribution 04202,Aftermarket,APAC-SE,Thailand,294,95,3676,2000000,consignment
C-04203,Sumida Systems 04203,Tier-1,NA-MX,Mexico,144,95,2489,4500000,consignment
C-04204,Sumida Distribution 04204,Distributor,APAC-IN,India,442,95,3249,5000000,LTA
C-04205,Vantage Systems 04205,Tier-1,APAC-IN,India,496,95,1589,6000000,LTA
C-04206,Baltia Distribution 04206,Distributor,APAC-SE,Vietnam,34,95,974,5000000,LTA
C-04207,Bluepeak Distribution 04207,Distributor,NA-US,United States,234,95,256,5200000,LTA
C-04208,Baltia Systems 04208,Tier-1,EMEA-W,Germany,300,95,1291,5500000,consignment
C-04209,Norvia Motors 04209,OEM,APAC-IN,India,239,98,23795,52100000,LTA
C-04210,Bluepeak Distribution 04210,Aftermarket,APAC-NE,Japan,78,95,2482,5000000,LTA
C-04211,Bluepeak Motors 04211,OEM,APAC-SE,Malaysia,66,98,20295,64000000,LTA
C-04212,Bluepeak Systems 04212,Tier-1,APAC-NE,South Korea,198,95,2259,5300000,consignment
C-04213,Norvia Systems 04213,Tier-1,APAC-SE,Malaysia,15,95,437,2200000,spot
C-04214,Atlas Motors 04214,OEM,NA-MX,Mexico,426,98,8537,61700000,spot
C-04215,Sumida Systems 04215,Tier-1,NA-MX,Mexico,323,95,420,3500000,spot
C-04216,Vantage Systems 04216,Tier-1,EMEA-E,Turkey,446,95,1755,3200000,consignment
C-04217,Orion Distribution 04217,Distributor,NA-US,United States,169,95,409,1700000,LTA
C-04218,Norvia Motors 04218,OEM,APAC-NE,China,263,98,58948,36700000,LTA
C-04219,Atlas Motors 04219,OEM,EMEA-W,Germany,312,98,42368,87700000,spot
C-04220,Kestrel Motors 04220,OEM,NA-MX,Mexico,13,98,45312,25100000,LTA
C-04221,Baltia Motors 04221,OEM,SA,Argentina,38,98,14754,2400000,consignment
C-04222,Baltia Distribution 04222,Aftermarket,APAC-NE,South Korea,190,95,1204,2500000,consignment
C-04223,Kestrel Distribution 04223,Distributor,NA-MX,Mexico,329,95,65,1000000,consignment
C-04224,Orion Motors 04224,OEM,NA-US,United States,60,98,48417,71500000,consignment
C-04225,Kestrel Systems 04225,Tier-1,NA-MX,Mexico,262,95,61,4600000,LTA
C-04226,Baltia Distribution 04226,Aftermarket,APAC-IN,India,441,95,715,4000000,LTA
C-04227,Baltia Motors 04227,OEM,APAC-SE,Indonesia,247,98,41501,61400000,consignment
C-04228,Delantra Systems 04228,Tier-1,SA,Brazil,22,95,2929,500000,LTA
C-04229,Delantra Systems 04229,Tier-1,NA-US,United States,353,95,2209,5500000,spot
C-04230,Bluepeak Systems 04230,Tier-1,APAC-IN,India,476,95,1001,5600000,consignment
C-04231,Kestrel Motors 04231,OEM,EMEA-W,France,221,98,27722,53500000,consignment
C-04232,Baltia Distribution 04232,Distributor,NA-MX,Mexico,471,95,1037,3800000,LTA
C-04233,Delantra Motors 04233,OEM,NA-MX,Mexico,331,98,31057,43000000,LTA
C-04234,Orion Distribution 04234,Aftermarket,APAC-IN,India,449,95,1826,3500000,LTA
C-04235,Vantage Motors 04235,OEM,NA-MX,Mexico,82,98,9239,50800000,LTA
C-04236,Orion Systems 04236,Tier-1,APAC-NE,China,489,95,3979,600000,spot
C-04237,Sumida Motors 04237,OEM,APAC-IN,India,71,98,47451,19800000,LTA
C-04238,Bluepeak Motors 04238,OEM,NA-US,United States,125,98,28545,45100000,LTA
C-04239,Delantra Motors 04239,OEM,NA-MX,Mexico,341,98,22908,67900000,LTA
C-04240,Cordis Motors 04240,OEM,APAC-SE,Vietnam,338,98,27309,19500000,LTA
C-04241,Vantage Motors 04241,OEM,EMEA-E,Turkey,265,98,25003,72400000,spot
C-04242,Atlas Systems 04242,Tier-1,APAC-NE,Taiwan,161,95,1728,2900000,consignment
C-04243,Bluepeak Systems 04243,Tier-1,APAC-NE,China,420,95,2349,3200000,consignment
C-04244,Bluepeak Motors 04244,OEM,NA-MX,Mexico,126,98,20445,81900000,LTA
C-04245,Baltia Distribution 04245,Distributor,APAC-NE,Japan,111,95,3095,4000000,spot
C-04246,Baltia Systems 04246,Tier-1,EMEA-W,France,353,95,3531,4700000,LTA
C-04247,Baltia Motors 04247,OEM,NA-US,United States,455,98,5645,89500000,spot
C-04248,Vantage Systems 04248,Tier-1,SA,Brazil,334,95,3085,100000,consignment
C-04249,Vantage Distribution 04249,Aftermarket,SA,Argentina,58,95,3508,3800000,spot
C-04250,Atlas Motors 04250,OEM,EMEA-W,Spain,245,98,27665,14600000,consignment
C-04251,Delantra Motors 04251,OEM,NA-MX,Mexico,321,98,32253,25600000,spot
C-04252,Vantage Motors 04252,OEM,APAC-IN,India,292,98,59641,82800000,LTA
C-04253,Delantra Systems 04253,Tier-1,NA-MX,Mexico,287,95,2827,2200000,LTA
C-04254,Orion Motors 04254,OEM,NA-US,United States,128,98,32878,86800000,spot
C-04255,Vantage Distribution 04255,Distributor,APAC-IN,India,273,95,3078,4200000,consignment
C-04256,Atlas Systems 04256,Tier-1,NA-US,United States,487,95,785,5400000,spot
C-04257,Bluepeak Motors 04257,OEM,APAC-NE,South Korea,331,98,22767,73500000,LTA
C-04258,Atlas Motors 04258,OEM,EMEA-E,Turkey,487,98,43721,81200000,LTA
C-04259,Sumida Distribution 04259,Distributor,NA-MX,Mexico,277,95,2198,4400000,LTA
C-04260,Baltia Distribution 04260,Aftermarket,APAC-SE,Malaysia,363,95,1957,2700000,LTA
C-04261,Baltia Motors 04261,OEM,APAC-NE,China,319,98,45958,17100000,spot
C-04262,Delantra Distribution 04262,Distributor,APAC-NE,Japan,366,95,1405,4500000,spot
C-04263,Norvia Distribution 04263,Aftermarket,NA-MX,Mexico,463,95,2997,4700000,spot
C-04264,Atlas Distribution 04264,Aftermarket,SA,Argentina,448,95,529,1000000,consignment
C-04265,Kestrel Distribution 04265,Aftermarket,EMEA-E,Turkey,403,95,3772,5300000,consignment
C-04266,Cordis Motors 04266,OEM,APAC-IN,India,61,98,56094,56000000,LTA
C-04267,Vantage Systems 04267,Tier-1,NA-MX,Mexico,279,95,3023,4400000,spot
C-04268,Sumida Distribution 04268,Aftermarket,APAC-NE,Taiwan,460,95,1565,4600000,LTA
C-04269,Cordis Motors 04269,OEM,SA,Brazil,355,98,54409,32200000,LTA
C-04270,Norvia Systems 04270,Tier-1,APAC-IN,India,284,95,3743,2700000,LTA
C-04271,Baltia Systems 04271,Tier-1,NA-MX,Mexico,228,95,3067,2100000,LTA
C-04272,Kestrel Motors 04272,OEM,NA-MX,Mexico,265,98,57383,53100000,LTA
C-04273,Kestrel Distribution 04273,Aftermarket,EMEA-E,Turkey,279,95,2881,2900000,LTA
C-04274,Atlas Distribution 04274,Distributor,EMEA-W,Spain,257,95,1336,4900000,LTA
C-04275,Sumida Distribution 04275,Distributor,NA-US,United States,343,95,766,3200000,spot
C-04276,Bluepeak Distribution 04276,Aftermarket,EMEA-E,Turkey,256,95,3608,1200000,spot
C-04277,Delantra Distribution 04277,Aftermarket,SA,Argentina,21,95,3311,500000,LTA
C-04278,Delantra Distribution 04278,Distributor,APAC-SE,Malaysia,127,95,2248,300000,LTA
C-04279,Orion Motors 04279,OEM,SA,Brazil,278,98,11300,20700000,LTA
C-04280,Atlas Motors 04280,OEM,APAC-NE,Taiwan,163,98,19629,47700000,LTA
C-04281,Delantra Motors 04281,OEM,APAC-NE,Japan,193,98,15676,88500000,consignment
C-04282,Vantage Systems 04282,Tier-1,APAC-NE,Japan,346,95,418,4200000,LTA
C-04283,Norvia Motors 04283,OEM,APAC-NE,Japan,43,98,50044,33000000,spot
C-04284,Orion Motors 04284,OEM,NA-US,United States,229,98,11334,13700000,LTA
C-04285,Atlas Distribution 04285,Distributor,SA,Brazil,412,95,2617,500000,LTA
C-04286,Sumida Distribution 04286,Distributor,NA-MX,Mexico,467,95,2511,1500000,LTA
C-04287,Cordis Distribution 04287,Distributor,EMEA-W,Spain,409,95,1505,2700000,spot
C-04288,Norvia Distribution 04288,Aftermarket,NA-US,United States,329,95,919,5700000,LTA
C-04289,Vantage Distribution 04289,Aftermarket,NA-US,United States,147,95,1089,400000,consignment
C-04290,Baltia Distribution 04290,Distributor,APAC-NE,South Korea,306,95,2709,1500000,LTA
C-04291,Kestrel Distribution 04291,Aftermarket,NA-US,United States,20,95,1182,200000,spot
C-04292,Sumida Motors 04292,OEM,EMEA-E,Czechia,469,98,23102,13700000,LTA
C-04293,Norvia Motors 04293,OEM,APAC-SE,Indonesia,201,98,47609,11000000,LTA
C-04294,Orion Systems 04294,Tier-1,APAC-SE,Vietnam,23,95,3748,3500000,consignment
C-04295,Cordis Systems 04295,Tier-1,NA-MX,Mexico,27,95,948,5700000,LTA
C-04296,Delantra Systems 04296,Tier-1,EMEA-E,Turkey,212,95,3446,3000000,consignment
C-04297,Bluepeak Systems 04297,Tier-1,NA-MX,Mexico,434,95,172,1400000,consignment
C-04298,Kestrel Distribution 04298,Aftermarket,APAC-IN,India,117,95,207,1600000,LTA
C-04299,Atlas Motors 04299,OEM,APAC-SE,Vietnam,43,98,48327,39600000,spot
C-04300,Bluepeak Systems 04300,Tier-1,EMEA-W,Germany,465,95,1433,5900000,spot
C-04301,Vantage Distribution 04301,Aftermarket,EMEA-E,Czechia,82,95,2689,3400000,LTA
C-04302,Bluepeak Distribution 04302,Distributor,NA-MX,Mexico,349,95,51,2400000,consignment
C-04303,Norvia Distribution 04303,Aftermarket,APAC-NE,China,136,95,1192,100000,spot
C-04304,Orion Distribution 04304,Aftermarket,APAC-SE,Thailand,267,95,1403,3600000,LTA
C-04305,Sumida Distribution 04305,Aftermarket,NA-US,United States,196,95,2351,2500000,spot
C-04306,Kestrel Systems 04306,Tier-1,SA,Brazil,38,95,417,2800000,consignment
C-04307,Orion Motors 04307,OEM,APAC-SE,Vietnam,31,98,48099,16000000,LTA
C-04308,Atlas Motors 04308,OEM,SA,Brazil,357,98,51571,62000000,LTA
C-04309,Vantage Motors 04309,OEM,APAC-NE,Taiwan,348,98,45113,6100000,LTA
C-04310,Orion Distribution 04310,Aftermarket,NA-US,United States,231,95,1650,5900000,LTA
C-04311,Sumida Motors 04311,OEM,APAC-NE,Japan,431,98,53798,80900000,spot
C-04312,Atlas Motors 04312,OEM,APAC-IN,India,268,98,25532,39500000,spot
C-04313,Bluepeak Systems 04313,Tier-1,APAC-SE,Vietnam,395,95,3174,3000000,LTA
C-04314,Kestrel Systems 04314,Tier-1,APAC-NE,Japan,390,95,3597,2700000,LTA
C-04315,Norvia Motors 04315,OEM,EMEA-W,Germany,74,98,54761,5500000,spot
C-04316,Vantage Systems 04316,Tier-1,APAC-NE,Japan,236,95,2318,4100000,spot
C-04317,Atlas Motors 04317,OEM,APAC-IN,India,434,98,7238,81200000,consignment
C-04318,Atlas Systems 04318,Tier-1,APAC-SE,Malaysia,372,95,144,3600000,spot
C-04319,Kestrel Distribution 04319,Aftermarket,APAC-SE,Malaysia,303,95,3491,2400000,LTA
C-04320,Sumida Motors 04320,OEM,EMEA-W,France,76,98,27137,10500000,LTA
C-04321,Bluepeak Systems 04321,Tier-1,EMEA-W,France,418,95,660,5600000,LTA
C-04322,Cordis Distribution 04322,Aftermarket,EMEA-E,Turkey,364,95,6,5500000,spot
C-04323,Orion Systems 04323,Tier-1,EMEA-E,Romania,468,95,2877,4200000,LTA
C-04324,Cordis Systems 04324,Tier-1,NA-MX,Mexico,416,95,3185,4300000,consignment
C-04325,Kestrel Distribution 04325,Aftermarket,SA,Argentina,418,95,901,4800000,consignment
C-04326,Norvia Motors 04326,OEM,EMEA-W,Italy,235,98,29296,51400000,consignment
C-04327,Sumida Distribution 04327,Distributor,EMEA-E,Poland,348,95,1902,2200000,LTA
C-04328,Kestrel Systems 04328,Tier-1,APAC-IN,India,406,95,87,3800000,LTA
C-04329,Cordis Systems 04329,Tier-1,SA,Brazil,59,95,2555,1500000,LTA
C-04330,Norvia Distribution 04330,Distributor,EMEA-W,France,258,95,3164,3400000,LTA
C-04331,Vantage Distribution 04331,Distributor,SA,Argentina,275,95,2213,700000,consignment
C-04332,Sumida Distribution 04332,Aftermarket,NA-MX,Mexico,242,95,2011,600000,spot
C-04333,Norvia Systems 04333,Tier-1,APAC-IN,India,67,95,955,1600000,spot
C-04334,Cordis Systems 04334,Tier-1,EMEA-W,Italy,283,95,629,1800000,spot
C-04335,Orion Distribution 04335,Distributor,EMEA-E,Romania,430,95,325,1900000,LTA
C-04336,Baltia Distribution 04336,Distributor,APAC-IN,India,159,95,953,100000,consignment
C-04337,Atlas Distribution 04337,Distributor,APAC-IN,India,48,95,1574,3800000,LTA
C-04338,Delantra Motors 04338,OEM,NA-US,United States,277,98,47424,26400000,spot
C-04339,Orion Systems 04339,Tier-1,APAC-SE,Indonesia,293,95,1222,1300000,spot
C-04340,Baltia Motors 04340,OEM,SA,Argentina,323,98,48141,51800000,LTA
C-04341,Bluepeak Distribution 04341,Distributor,APAC-SE,Vietnam,344,95,747,1700000,LTA
C-04342,Bluepeak Motors 04342,OEM,APAC-IN,India,290,98,59623,34000000,LTA
C-04343,Orion Distribution 04343,Distributor,APAC-IN,India,207,95,213,5800000,LTA
C-04344,Vantage Distribution 04344,Aftermarket,NA-MX,Mexico,130,95,3174,2000000,spot
C-04345,Sumida Distribution 04345,Distributor,APAC-IN,India,118,95,2656,3000000,spot
C-04346,Bluepeak Motors 04346,OEM,APAC-NE,Japan,324,98,53764,12400000,LTA
C-04347,Delantra Systems 04347,Tier-1,EMEA-W,Germany,149,95,1030,2400000,spot
C-04348,Atlas Distribution 04348,Aftermarket,NA-MX,Mexico,361,95,471,3200000,consignment
C-04349,Baltia Distribution 04349,Distributor,NA-MX,Mexico,495,95,546,5200000,LTA
C-04350,Vantage Distribution 04350,Aftermarket,APAC-SE,Indonesia,111,95,1414,3700000,LTA
C-04351,Baltia Motors 04351,OEM,APAC-NE,Taiwan,137,98,34991,69700000,consignment
C-04352,Atlas Distribution 04352,Aftermarket,APAC-SE,Indonesia,343,95,1908,4700000,LTA
C-04353,Kestrel Motors 04353,OEM,EMEA-W,Germany,14,98,35410,8100000,LTA
C-04354,Sumida Motors 04354,OEM,EMEA-E,Romania,273,98,50698,38800000,LTA
C-04355,Kestrel Systems 04355,Tier-1,SA,Brazil,286,95,3551,800000,spot
C-04356,Atlas Motors 04356,OEM,EMEA-W,Germany,405,98,42628,3000000,spot
C-04357,Sumida Systems 04357,Tier-1,EMEA-W,Spain,38,95,3718,3400000,spot
C-04358,Cordis Distribution 04358,Distributor,NA-MX,Mexico,445,95,2202,700000,LTA
C-04359,Kestrel Distribution 04359,Aftermarket,EMEA-E,Romania,45,95,1251,3600000,LTA
C-04360,Orion Distribution 04360,Distributor,APAC-NE,China,327,95,1756,4600000,LTA
C-04361,Kestrel Motors 04361,OEM,APAC-IN,India,18,98,51421,80600000,spot
C-04362,Kestrel Motors 04362,OEM,APAC-IN,India,247,98,24905,75200000,LTA
C-04363,Vantage Motors 04363,OEM,APAC-NE,Japan,36,98,42526,42800000,LTA
C-04364,Norvia Distribution 04364,Distributor,NA-MX,Mexico,145,95,2722,4600000,LTA
C-04365,Cordis Distribution 04365,Distributor,APAC-SE,Thailand,269,95,3976,300000,spot
C-04366,Atlas Motors 04366,OEM,EMEA-W,Germany,170,98,11382,33500000,LTA
C-04367,Delantra Systems 04367,Tier-1,EMEA-W,Italy,125,95,2109,700000,LTA
C-04368,Norvia Distribution 04368,Distributor,APAC-IN,India,371,95,2011,5300000,LTA
C-04369,Vantage Systems 04369,Tier-1,APAC-IN,India,485,95,3256,2600000,LTA
C-04370,Vantage Distribution 04370,Distributor,APAC-SE,Thailand,401,95,2454,2500000,spot
C-04371,Orion Systems 04371,Tier-1,EMEA-E,Romania,99,95,3800,4100000,consignment
C-04372,Baltia Motors 04372,OEM,NA-MX,Mexico,170,98,39855,27600000,LTA
C-04373,Vantage Systems 04373,Tier-1,SA,Brazil,367,95,633,4400000,LTA
C-04374,Kestrel Distribution 04374,Distributor,SA,Brazil,52,95,455,1400000,spot
C-04375,Norvia Systems 04375,Tier-1,APAC-IN,India,490,95,2347,3200000,spot
C-04376,Atlas Motors 04376,OEM,SA,Argentina,331,98,31198,8200000,LTA
C-04377,Orion Motors 04377,OEM,APAC-SE,Indonesia,407,98,7471,56100000,spot
C-04378,Vantage Systems 04378,Tier-1,APAC-IN,India,217,95,1631,3800000,LTA
C-04379,Atlas Motors 04379,OEM,EMEA-E,Poland,127,98,39793,66000000,LTA
C-04380,Baltia Motors 04380,OEM,APAC-IN,India,283,98,44150,88300000,consignment
C-04381,Sumida Distribution 04381,Distributor,NA-MX,Mexico,368,95,1849,1400000,consignment
C-04382,Sumida Motors 04382,OEM,APAC-NE,China,76,98,29885,10600000,LTA
C-04383,Vantage Distribution 04383,Aftermarket,EMEA-E,Poland,214,95,3720,200000,LTA
C-04384,Vantage Distribution 04384,Aftermarket,APAC-NE,South Korea,394,95,1863,4000000,LTA
C-04385,Delantra Distribution 04385,Distributor,APAC-NE,Japan,381,95,950,2600000,LTA
C-04386,Bluepeak Systems 04386,Tier-1,SA,Brazil,255,95,2272,3100000,LTA
C-04387,Cordis Motors 04387,OEM,APAC-NE,China,221,98,11512,83600000,LTA
C-04388,Delantra Motors 04388,OEM,APAC-SE,Indonesia,267,98,7039,10100000,LTA
C-04389,Vantage Distribution 04389,Aftermarket,NA-MX,Mexico,216,95,3880,6000000,spot
C-04390,Kestrel Motors 04390,OEM,APAC-IN,India,216,98,15887,78300000,LTA
C-04391,Norvia Distribution 04391,Aftermarket,EMEA-W,Spain,309,95,3392,2300000,LTA
C-04392,Delantra Motors 04392,OEM,EMEA-W,Italy,373,98,15336,35800000,spot
C-04393,Delantra Distribution 04393,Distributor,NA-US,United States,193,95,92,2700000,LTA
C-04394,Baltia Motors 04394,OEM,NA-US,United States,461,98,17700,56300000,spot
C-04395,Sumida Motors 04395,OEM,NA-US,United States,471,98,7995,39000000,LTA
C-04396,Orion Motors 04396,OEM,NA-MX,Mexico,159,98,59913,78000000,consignment
C-04397,Orion Systems 04397,Tier-1,APAC-IN,India,279,95,2331,5200000,LTA
C-04398,Norvia Motors 04398,OEM,NA-MX,Mexico,219,98,53722,6900000,LTA
C-04399,Vantage Systems 04399,Tier-1,APAC-NE,South Korea,322,95,1188,3100000,LTA
C-04400,Kestrel Systems 04400,Tier-1,APAC-SE,Indonesia,475,95,1127,3000000,consignment
C-04401,Norvia Motors 04401,OEM,NA-US,United States,315,98,47671,35100000,spot
C-04402,Vantage Systems 04402,Tier-1,EMEA-E,Poland,448,95,636,1200000,LTA
C-04403,Kestrel Systems 04403,Tier-1,SA,Brazil,13,95,636,4800000,consignment
C-04404,Baltia Motors 04404,OEM,NA-MX,Mexico,36,98,36006,51000000,spot
C-04405,Sumida Distribution 04405,Distributor,NA-US,United States,406,95,3406,3600000,consignment
C-04406,Atlas Systems 04406,Tier-1,APAC-NE,Taiwan,367,95,3336,5200000,LTA
C-04407,Kestrel Distribution 04407,Distributor,NA-US,United States,328,95,2843,400000,spot
C-04408,Sumida Distribution 04408,Distributor,NA-MX,Mexico,107,95,2490,4600000,LTA
C-04409,Sumida Distribution 04409,Aftermarket,NA-US,United States,469,95,1703,4300000,LTA
C-04410,Baltia Distribution 04410,Distributor,APAC-NE,Taiwan,262,95,214,900000,LTA
C-04411,Norvia Systems 04411,Tier-1,EMEA-W,Spain,480,95,137,3700000,spot
C-04412,Delantra Distribution 04412,Distributor,SA,Argentina,293,95,2371,3200000,LTA
C-04413,Atlas Motors 04413,OEM,EMEA-W,Spain,443,98,48352,45800000,spot
C-04414,Baltia Motors 04414,OEM,EMEA-W,France,290,98,30018,17400000,LTA
C-04415,Norvia Distribution 04415,Distributor,EMEA-E,Turkey,468,95,3252,5400000,LTA
C-04416,Vantage Motors 04416,OEM,APAC-SE,Vietnam,107,98,39763,58700000,spot
C-04417,Norvia Systems 04417,Tier-1,APAC-IN,India,143,95,1084,1000000,spot
C-04418,Orion Motors 04418,OEM,APAC-SE,Vietnam,164,98,52660,15300000,LTA
C-04419,Bluepeak Distribution 04419,Distributor,APAC-IN,India,161,95,3916,6000000,LTA
C-04420,Kestrel Motors 04420,OEM,NA-MX,Mexico,447,98,13190,26500000,LTA
C-04421,Delantra Distribution 04421,Aftermarket,APAC-NE,South Korea,265,95,2721,5500000,LTA
C-04422,Baltia Motors 04422,OEM,NA-MX,Mexico,216,98,36259,66600000,LTA
C-04423,Baltia Systems 04423,Tier-1,EMEA-W,Germany,493,95,1718,4800000,LTA
C-04424,Kestrel Distribution 04424,Distributor,EMEA-W,Spain,85,95,2375,1400000,LTA
C-04425,Atlas Distribution 04425,Aftermarket,APAC-SE,Malaysia,98,95,3162,2100000,LTA
C-04426,Atlas Systems 04426,Tier-1,EMEA-E,Romania,416,95,454,4400000,LTA
C-04427,Bluepeak Distribution 04427,Aftermarket,EMEA-W,Spain,399,95,3199,1100000,spot
C-04428,Norvia Distribution 04428,Aftermarket,SA,Brazil,391,95,3251,3300000,LTA
C-04429,Atlas Motors 04429,OEM,NA-US,United States,300,98,54563,72100000,consignment
C-04430,Kestrel Motors 04430,OEM,APAC-NE,South Korea,268,98,44264,10500000,LTA
C-04431,Vantage Distribution 04431,Distributor,APAC-SE,Vietnam,281,95,1208,5100000,LTA
C-04432,Bluepeak Distribution 04432,Distributor,NA-MX,Mexico,165,95,3854,2300000,spot
C-04433,Delantra Motors 04433,OEM,NA-US,United States,432,98,30081,25000000,consignment
C-04434,Vantage Distribution 04434,Aftermarket,APAC-NE,South Korea,91,95,745,1600000,LTA
C-04435,Baltia Systems 04435,Tier-1,EMEA-W,Germany,229,95,2502,500000,spot
C-04436,Vantage Motors 04436,OEM,NA-US,United States,181,98,59636,29000000,LTA
C-04437,Bluepeak Motors 04437,OEM,APAC-SE,Malaysia,81,98,44842,31800000,consignment
C-04438,Kestrel Distribution 04438,Aftermarket,NA-MX,Mexico,249,95,1853,4600000,LTA
C-04439,Baltia Distribution 04439,Aftermarket,APAC-SE,Thailand,360,95,3597,1000000,consignment
C-04440,Kestrel Systems 04440,Tier-1,APAC-IN,India,284,95,2727,4600000,LTA
C-04441,Delantra Distribution 04441,Aftermarket,EMEA-E,Czechia,126,95,2182,5300000,spot
C-04442,Baltia Distribution 04442,Aftermarket,APAC-NE,China,283,95,2659,700000,LTA
C-04443,Cordis Motors 04443,OEM,NA-US,United States,331,98,44497,75800000,spot
C-04444,Norvia Distribution 04444,Distributor,APAC-IN,India,315,95,968,5600000,spot
C-04445,Kestrel Motors 04445,OEM,APAC-SE,Malaysia,247,98,12432,42400000,LTA
C-04446,Atlas Distribution 04446,Aftermarket,EMEA-E,Turkey,410,95,2932,1100000,LTA
C-04447,Norvia Motors 04447,OEM,APAC-IN,India,468,98,17651,32400000,consignment
C-04448,Bluepeak Distribution 04448,Aftermarket,SA,Argentina,463,95,1953,5400000,LTA
C-04449,Sumida Motors 04449,OEM,EMEA-E,Turkey,11,98,57509,64400000,spot
C-04450,Cordis Systems 04450,Tier-1,EMEA-W,Spain,468,95,2519,3700000,consignment
C-04451,Vantage Distribution 04451,Aftermarket,EMEA-W,France,120,95,1146,2600000,LTA
C-04452,Orion Motors 04452,OEM,SA,Brazil,42,98,35996,14400000,spot
C-04453,Norvia Distribution 04453,Aftermarket,APAC-NE,Taiwan,115,95,2572,2400000,LTA
C-04454,Norvia Motors 04454,OEM,NA-MX,Mexico,253,98,10300,77500000,spot
C-04455,Atlas Distribution 04455,Aftermarket,NA-MX,Mexico,74,95,2623,500000,spot
C-04456,Bluepeak Distribution 04456,Aftermarket,NA-MX,Mexico,107,95,927,1700000,spot
C-04457,Vantage Motors 04457,OEM,EMEA-E,Turkey,350,98,5552,34500000,spot
C-04458,Sumida Motors 04458,OEM,APAC-NE,South Korea,244,98,58671,21300000,consignment
C-04459,Orion Motors 04459,OEM,APAC-SE,Indonesia,230,98,21391,15500000,consignment
C-04460,Vantage Motors 04460,OEM,APAC-NE,South Korea,91,98,45141,16500000,consignment
C-04461,Kestrel Distribution 04461,Distributor,APAC-SE,Malaysia,167,95,377,1700000,spot
C-04462,Delantra Distribution 04462,Aftermarket,SA,Argentina,279,95,389,2700000,LTA
C-04463,Norvia Distribution 04463,Distributor,EMEA-E,Romania,367,95,2812,4300000,LTA
C-04464,Baltia Systems 04464,Tier-1,APAC-SE,Vietnam,238,95,739,2100000,consignment
C-04465,Kestrel Motors 04465,OEM,NA-MX,Mexico,380,98,20468,13500000,LTA
C-04466,Vantage Motors 04466,OEM,SA,Brazil,102,98,44799,45200000,spot
C-04467,Sumida Systems 04467,Tier-1,SA,Brazil,87,95,1165,1600000,LTA
C-04468,Cordis Motors 04468,OEM,APAC-IN,India,500,98,37535,67000000,consignment
C-04469,Cordis Motors 04469,OEM,EMEA-W,Spain,117,98,31686,60200000,LTA
C-04470,Baltia Motors 04470,OEM,NA-MX,Mexico,301,98,35864,63800000,consignment
C-04471,Norvia Motors 04471,OEM,APAC-IN,India,369,98,53164,70300000,LTA
C-04472,Bluepeak Motors 04472,OEM,NA-MX,Mexico,342,98,24505,59700000,LTA
C-04473,Kestrel Motors 04473,OEM,NA-US,United States,300,98,26647,45200000,consignment
C-04474,Atlas Motors 04474,OEM,EMEA-W,France,227,98,23257,19600000,LTA
C-04475,Norvia Motors 04475,OEM,APAC-IN,India,396,98,15366,45300000,spot
C-04476,Delantra Systems 04476,Tier-1,SA,Brazil,395,95,1564,1200000,LTA
C-04477,Norvia Distribution 04477,Aftermarket,SA,Argentina,413,95,3094,800000,LTA
C-04478,Bluepeak Distribution 04478,Distributor,APAC-NE,Japan,212,95,3634,4000000,LTA
C-04479,Cordis Distribution 04479,Distributor,SA,Brazil,395,95,1871,3600000,spot
C-04480,Sumida Distribution 04480,Distributor,NA-MX,Mexico,114,95,3188,5100000,consignment
C-04481,Kestrel Motors 04481,OEM,APAC-IN,India,324,98,51232,66200000,LTA
C-04482,Atlas Distribution 04482,Aftermarket,EMEA-E,Poland,287,95,42,2300000,LTA
C-04483,Atlas Distribution 04483,Distributor,NA-MX,Mexico,232,95,434,3800000,LTA
C-04484,Sumida Distribution 04484,Aftermarket,APAC-SE,Malaysia,231,95,300,3100000,spot
C-04485,Cordis Motors 04485,OEM,EMEA-E,Czechia,305,98,43020,71500000,LTA
C-04486,Kestrel Motors 04486,OEM,NA-MX,Mexico,259,98,30663,58300000,LTA
C-04487,Sumida Motors 04487,OEM,NA-MX,Mexico,120,98,25670,72500000,LTA
C-04488,Norvia Systems 04488,Tier-1,NA-US,United States,224,95,3709,4500000,spot
C-04489,Cordis Motors 04489,OEM,NA-US,United States,218,98,48800,44300000,spot
C-04490,Cordis Systems 04490,Tier-1,APAC-NE,South Korea,198,95,133,2400000,spot
C-04491,Baltia Systems 04491,Tier-1,APAC-NE,South Korea,495,95,716,400000,spot
C-04492,Orion Motors 04492,OEM,SA,Brazil,103,98,38347,35400000,spot
C-04493,Kestrel Motors 04493,OEM,EMEA-W,Italy,330,98,35684,84300000,spot
C-04494,Atlas Motors 04494,OEM,APAC-IN,India,338,98,48069,28200000,consignment
C-04495,Cordis Motors 04495,OEM,EMEA-W,France,87,98,55131,85800000,LTA
C-04496,Kestrel Motors 04496,OEM,EMEA-E,Turkey,142,98,50863,40000000,spot
C-04497,Kestrel Motors 04497,OEM,NA-MX,Mexico,317,98,56054,27000000,consignment
C-04498,Orion Distribution 04498,Distributor,APAC-SE,Vietnam,397,95,197,6000000,LTA
C-04499,Sumida Motors 04499,OEM,EMEA-W,France,26,98,24189,34600000,spot
C-04500,Delantra Distribution 04500,Aftermarket,NA-MX,Mexico,28,95,1109,1800000,LTA
C-04501,Delantra Systems 04501,Tier-1,SA,Argentina,381,95,367,3200000,LTA
C-04502,Delantra Distribution 04502,Distributor,EMEA-W,Spain,274,95,3750,4400000,LTA
C-04503,Orion Distribution 04503,Aftermarket,EMEA-E,Poland,260,95,2456,300000,consignment
C-04504,Orion Distribution 04504,Aftermarket,SA,Brazil,374,95,2365,1900000,LTA
C-04505,Delantra Motors 04505,OEM,APAC-NE,Taiwan,78,98,16506,15800000,spot
C-04506,Delantra Distribution 04506,Aftermarket,NA-MX,Mexico,162,95,1585,2200000,LTA
C-04507,Vantage Distribution 04507,Distributor,NA-MX,Mexico,45,95,801,5300000,LTA
C-04508,Vantage Systems 04508,Tier-1,APAC-SE,Indonesia,213,95,86,3500000,spot
C-04509,Norvia Distribution 04509,Aftermarket,NA-MX,Mexico,225,95,894,4500000,LTA
C-04510,Sumida Distribution 04510,Distributor,EMEA-E,Czechia,89,95,3415,3100000,LTA
C-04511,Vantage Systems 04511,Tier-1,SA,Brazil,60,95,248,700000,consignment
C-04512,Orion Motors 04512,OEM,SA,Argentina,287,98,36396,13800000,spot
C-04513,Vantage Distribution 04513,Aftermarket,NA-US,United States,76,95,2922,1000000,LTA
C-04514,Sumida Distribution 04514,Distributor,EMEA-E,Romania,334,95,1652,1200000,consignment
C-04515,Orion Motors 04515,OEM,APAC-NE,Japan,263,98,46942,19800000,LTA
C-04516,Norvia Systems 04516,Tier-1,SA,Argentina,356,95,2909,2700000,consignment
C-04517,Delantra Motors 04517,OEM,EMEA-W,France,28,98,54951,60000000,consignment
C-04518,Bluepeak Motors 04518,OEM,NA-MX,Mexico,287,98,38748,66100000,LTA
C-04519,Orion Distribution 04519,Distributor,APAC-IN,India,353,95,2752,4400000,LTA
C-04520,Sumida Distribution 04520,Aftermarket,APAC-SE,Vietnam,346,95,3020,700000,LTA
C-04521,Norvia Distribution 04521,Distributor,APAC-SE,Indonesia,75,95,2054,5600000,spot
C-04522,Bluepeak Motors 04522,OEM,APAC-IN,India,163,98,46368,73800000,consignment
C-04523,Cordis Distribution 04523,Distributor,EMEA-E,Poland,381,95,1292,5000000,consignment
C-04524,Cordis Systems 04524,Tier-1,NA-US,United States,412,95,2194,400000,spot
C-04525,Delantra Motors 04525,OEM,APAC-NE,China,380,98,56554,60300000,LTA
C-04526,Atlas Distribution 04526,Distributor,APAC-NE,South Korea,162,95,3074,900000,consignment
C-04527,Baltia Distribution 04527,Aftermarket,SA,Brazil,49,95,2353,4000000,LTA
C-04528,Kestrel Motors 04528,OEM,APAC-IN,India,430,98,7662,82600000,spot
C-04529,Atlas Motors 04529,OEM,NA-MX,Mexico,32,98,22808,25500000,consignment
C-04530,Norvia Distribution 04530,Distributor,APAC-NE,South Korea,36,95,2767,800000,LTA
C-04531,Kestrel Distribution 04531,Distributor,SA,Brazil,121,95,963,3900000,LTA
C-04532,Norvia Motors 04532,OEM,NA-US,United States,373,98,17063,61900000,LTA
C-04533,Atlas Motors 04533,OEM,EMEA-W,Germany,372,98,46377,11600000,LTA
C-04534,Vantage Motors 04534,OEM,APAC-SE,Indonesia,35,98,40822,11200000,LTA
C-04535,Baltia Distribution 04535,Aftermarket,APAC-NE,South Korea,60,95,1349,2300000,spot
C-04536,Cordis Distribution 04536,Aftermarket,EMEA-E,Romania,104,95,2367,5000000,LTA
C-04537,Delantra Distribution 04537,Aftermarket,APAC-NE,Taiwan,136,95,1926,4500000,LTA
C-04538,Vantage Distribution 04538,Aftermarket,APAC-SE,Thailand,282,95,1793,4500000,LTA
C-04539,Orion Distribution 04539,Aftermarket,EMEA-W,France,239,95,3035,3400000,LTA
C-04540,Vantage Motors 04540,OEM,NA-US,United States,59,98,25059,54000000,consignment
C-04541,Baltia Motors 04541,OEM,NA-MX,Mexico,72,98,19093,77600000,consignment
C-04542,Kestrel Motors 04542,OEM,SA,Brazil,64,98,42989,69200000,LTA
C-04543,Delantra Motors 04543,OEM,SA,Brazil,380,98,48960,54700000,consignment
C-04544,Cordis Distribution 04544,Aftermarket,APAC-NE,China,368,95,291,4200000,LTA
C-04545,Norvia Distribution 04545,Distributor,EMEA-E,Poland,345,95,2704,900000,LTA
C-04546,Atlas Distribution 04546,Distributor,NA-US,United States,463,95,1960,400000,spot
C-04547,Baltia Motors 04547,OEM,APAC-NE,China,103,98,49866,5500000,consignment
C-04548,Cordis Motors 04548,OEM,EMEA-E,Poland,373,98,49769,24500000,spot
C-04549,Norvia Motors 04549,OEM,APAC-SE,Malaysia,68,98,39469,75700000,consignment
C-04550,Kestrel Systems 04550,Tier-1,SA,Argentina,25,95,2888,200000,LTA
C-04551,Cordis Distribution 04551,Distributor,APAC-IN,India,124,95,3765,5300000,spot
C-04552,Bluepeak Distribution 04552,Distributor,EMEA-E,Turkey,14,95,162,600000,LTA
C-04553,Vantage Distribution 04553,Aftermarket,NA-US,United States,413,95,3104,1000000,spot
C-04554,Cordis Distribution 04554,Distributor,EMEA-W,Germany,148,95,3392,1700000,spot
C-04555,Orion Systems 04555,Tier-1,EMEA-E,Poland,174,95,3439,3800000,LTA
C-04556,Bluepeak Motors 04556,OEM,APAC-IN,India,144,98,55216,32900000,consignment
C-04557,Kestrel Motors 04557,OEM,SA,Brazil,28,98,12051,54700000,LTA
C-04558,Atlas Systems 04558,Tier-1,EMEA-W,Spain,80,95,1200,4000000,spot
C-04559,Atlas Motors 04559,OEM,APAC-NE,China,496,98,40462,18700000,spot
C-04560,Atlas Motors 04560,OEM,NA-US,United States,305,98,16883,32200000,consignment
C-04561,Baltia Systems 04561,Tier-1,APAC-SE,Malaysia,418,95,2579,5300000,spot
C-04562,Atlas Motors 04562,OEM,APAC-IN,India,161,98,28596,47100000,LTA
C-04563,Kestrel Motors 04563,OEM,APAC-NE,Taiwan,77,98,41277,52900000,consignment
C-04564,Atlas Systems 04564,Tier-1,NA-US,United States,325,95,3348,5100000,spot
C-04565,Atlas Systems 04565,Tier-1,NA-MX,Mexico,200,95,3699,5400000,spot
C-04566,Vantage Distribution 04566,Aftermarket,EMEA-E,Romania,69,95,50,2200000,LTA
C-04567,Vantage Systems 04567,Tier-1,NA-MX,Mexico,408,95,2079,2700000,spot
C-04568,Vantage Motors 04568,OEM,EMEA-E,Turkey,360,98,49341,49800000,LTA
C-04569,Baltia Systems 04569,Tier-1,EMEA-E,Turkey,297,95,3801,2100000,consignment
C-04570,Cordis Distribution 04570,Aftermarket,EMEA-E,Turkey,410,95,1316,4800000,consignment
C-04571,Sumida Distribution 04571,Aftermarket,APAC-NE,Japan,102,95,474,2200000,LTA
C-04572,Atlas Motors 04572,OEM,EMEA-W,Italy,348,98,54614,89800000,LTA
C-04573,Kestrel Systems 04573,Tier-1,APAC-NE,China,462,95,3567,1400000,LTA
C-04574,Norvia Distribution 04574,Distributor,NA-MX,Mexico,283,95,3167,4800000,LTA
C-04575,Baltia Systems 04575,Tier-1,SA,Brazil,432,95,2861,400000,spot
C-04576,Kestrel Distribution 04576,Aftermarket,APAC-NE,Taiwan,360,95,3263,4200000,spot
C-04577,Orion Distribution 04577,Distributor,NA-US,United States,368,95,3915,900000,LTA
C-04578,Baltia Motors 04578,OEM,APAC-IN,India,163,98,12970,19400000,LTA
C-04579,Bluepeak Distribution 04579,Distributor,SA,Brazil,254,95,342,1600000,spot
C-04580,Kestrel Motors 04580,OEM,APAC-NE,Japan,358,98,53367,49500000,LTA
C-04581,Cordis Motors 04581,OEM,SA,Argentina,355,98,28640,37400000,LTA
C-04582,Atlas Distribution 04582,Aftermarket,EMEA-W,France,262,95,904,4100000,spot
C-04583,Sumida Systems 04583,Tier-1,APAC-NE,Taiwan,382,95,2935,3400000,LTA
C-04584,Atlas Motors 04584,OEM,NA-US,United States,361,98,24747,63700000,LTA
C-04585,Kestrel Motors 04585,OEM,NA-MX,Mexico,381,98,29629,86800000,spot
C-04586,Kestrel Systems 04586,Tier-1,APAC-SE,Indonesia,283,95,1145,5200000,LTA
C-04587,Atlas Distribution 04587,Distributor,APAC-IN,India,285,95,675,5600000,consignment
C-04588,Sumida Motors 04588,OEM,APAC-SE,Vietnam,21,98,21837,57300000,consignment
C-04589,Norvia Systems 04589,Tier-1,NA-US,United States,93,95,1104,900000,LTA
C-04590,Cordis Distribution 04590,Distributor,APAC-NE,China,54,95,3503,5100000,consignment
C-04591,Norvia Distribution 04591,Distributor,SA,Brazil,322,95,967,800000,LTA
C-04592,Norvia Systems 04592,Tier-1,SA,Argentina,76,95,3898,3100000,LTA
C-04593,Atlas Motors 04593,OEM,SA,Argentina,40,98,22462,16700000,spot
C-04594,Atlas Systems 04594,Tier-1,APAC-IN,India,73,95,1159,200000,LTA
C-04595,Delantra Systems 04595,Tier-1,NA-US,United States,212,95,2189,5600000,LTA
C-04596,Cordis Motors 04596,OEM,EMEA-W,Spain,270,98,48928,86000000,consignment
C-04597,Orion Systems 04597,Tier-1,APAC-IN,India,100,95,1267,3500000,LTA
C-04598,Cordis Distribution 04598,Aftermarket,SA,Argentina,491,95,2324,1600000,spot
C-04599,Kestrel Motors 04599,OEM,APAC-NE,Taiwan,107,98,53653,12600000,consignment
C-04600,Bluepeak Distribution 04600,Distributor,EMEA-W,Spain,131,95,3741,500000,LTA
C-04601,Sumida Systems 04601,Tier-1,NA-MX,Mexico,12,95,2415,2000000,spot
C-04602,Baltia Motors 04602,OEM,APAC-IN,India,493,98,12117,20000000,spot
C-04603,Norvia Motors 04603,OEM,APAC-SE,Vietnam,349,98,48143,31100000,spot
C-04604,Atlas Motors 04604,OEM,SA,Argentina,146,98,25078,72500000,consignment
C-04605,Vantage Motors 04605,OEM,APAC-IN,India,68,98,27037,76600000,LTA
C-04606,Cordis Systems 04606,Tier-1,APAC-SE,Thailand,34,95,3113,1100000,consignment
C-04607,Vantage Systems 04607,Tier-1,APAC-SE,Malaysia,397,95,385,4200000,LTA
C-04608,Kestrel Motors 04608,OEM,APAC-IN,India,384,98,35890,48300000,LTA
C-04609,Baltia Motors 04609,OEM,APAC-NE,China,486,98,15494,72100000,LTA
C-04610,Delantra Distribution 04610,Distributor,APAC-SE,Thailand,23,95,2124,800000,LTA
C-04611,Kestrel Motors 04611,OEM,SA,Argentina,360,98,40163,23500000,LTA
C-04612,Atlas Distribution 04612,Distributor,EMEA-E,Turkey,20,95,2870,700000,LTA
C-04613,Sumida Motors 04613,OEM,APAC-SE,Malaysia,448,98,13280,62100000,consignment
C-04614,Sumida Motors 04614,OEM,SA,Argentina,439,98,49600,9100000,LTA
C-04615,Cordis Systems 04615,Tier-1,APAC-IN,India,234,95,3658,1800000,LTA
C-04616,Norvia Distribution 04616,Aftermarket,EMEA-E,Turkey,193,95,2143,900000,consignment
C-04617,Delantra Distribution 04617,Aftermarket,NA-MX,Mexico,227,95,2573,1800000,LTA
C-04618,Atlas Motors 04618,OEM,EMEA-E,Poland,331,98,20596,74900000,consignment
C-04619,Kestrel Motors 04619,OEM,NA-MX,Mexico,266,98,53412,37100000,consignment
C-04620,Kestrel Motors 04620,OEM,APAC-SE,Vietnam,395,98,37140,48200000,spot
C-04621,Kestrel Motors 04621,OEM,EMEA-W,Germany,41,98,47691,83100000,LTA
C-04622,Orion Motors 04622,OEM,SA,Brazil,170,98,18290,78800000,consignment
C-04623,Bluepeak Distribution 04623,Aftermarket,NA-MX,Mexico,12,95,3164,2000000,LTA
C-04624,Delantra Motors 04624,OEM,APAC-NE,Japan,170,98,16627,40500000,LTA
C-04625,Sumida Distribution 04625,Aftermarket,APAC-IN,India,36,95,76,2600000,consignment
C-04626,Bluepeak Motors 04626,OEM,NA-US,United States,181,98,35363,71200000,LTA
C-04627,Sumida Motors 04627,OEM,EMEA-E,Romania,476,98,10307,63500000,spot
C-04628,Baltia Distribution 04628,Aftermarket,EMEA-W,Spain,221,95,95,3000000,LTA
C-04629,Bluepeak Motors 04629,OEM,APAC-NE,South Korea,429,98,53775,10600000,consignment
C-04630,Sumida Distribution 04630,Aftermarket,APAC-IN,India,69,95,663,5000000,consignment
C-04631,Baltia Distribution 04631,Distributor,EMEA-E,Romania,42,95,1623,3600000,spot
C-04632,Sumida Systems 04632,Tier-1,EMEA-E,Turkey,491,95,3714,1700000,LTA
C-04633,Cordis Systems 04633,Tier-1,APAC-IN,India,327,95,2729,1900000,LTA
C-04634,Norvia Motors 04634,OEM,EMEA-E,Czechia,110,98,15446,80500000,spot
C-04635,Bluepeak Motors 04635,OEM,APAC-IN,India,351,98,33129,71400000,LTA
C-04636,Sumida Distribution 04636,Aftermarket,APAC-NE,Japan,112,95,2941,1600000,LTA
C-04637,Baltia Motors 04637,OEM,SA,Argentina,133,98,21694,2700000,LTA
C-04638,Norvia Distribution 04638,Distributor,NA-US,United States,199,95,2092,4400000,LTA
C-04639,Bluepeak Distribution 04639,Distributor,NA-MX,Mexico,88,95,1914,5800000,LTA
C-04640,Vantage Systems 04640,Tier-1,NA-MX,Mexico,196,95,1295,5300000,spot
C-04641,Delantra Motors 04641,OEM,NA-US,United States,184,98,11260,6200000,spot
C-04642,Kestrel Distribution 04642,Aftermarket,APAC-NE,China,265,95,206,3400000,LTA
C-04643,Orion Distribution 04643,Aftermarket,NA-US,United States,189,95,3178,3700000,LTA
C-04644,Atlas Systems 04644,Tier-1,APAC-NE,Taiwan,172,95,1487,200000,consignment
C-04645,Vantage Distribution 04645,Aftermarket,APAC-NE,Japan,30,95,3488,1600000,spot
C-04646,Kestrel Distribution 04646,Distributor,APAC-IN,India,119,95,1643,5400000,spot
C-04647,Atlas Motors 04647,OEM,APAC-IN,India,381,98,37001,77500000,LTA
C-04648,Kestrel Distribution 04648,Distributor,APAC-IN,India,399,95,2583,5300000,consignment
C-04649,Norvia Motors 04649,OEM,EMEA-E,Romania,324,98,44971,36100000,LTA
C-04650,Delantra Motors 04650,OEM,NA-MX,Mexico,179,98,21784,69800000,LTA
C-04651,Bluepeak Systems 04651,Tier-1,NA-US,United States,283,95,3496,6000000,consignment
C-04652,Vantage Motors 04652,OEM,APAC-NE,Japan,271,98,51978,83700000,consignment
C-04653,Vantage Distribution 04653,Aftermarket,EMEA-W,France,443,95,1097,5100000,LTA
C-04654,Delantra Distribution 04654,Distributor,APAC-IN,India,144,95,1582,1500000,LTA
C-04655,Baltia Distribution 04655,Aftermarket,APAC-SE,Malaysia,177,95,3812,5200000,LTA
C-04656,Orion Distribution 04656,Distributor,APAC-NE,China,159,95,258,2700000,LTA
C-04657,Sumida Distribution 04657,Aftermarket,APAC-SE,Thailand,195,95,2706,1300000,LTA
C-04658,Kestrel Motors 04658,OEM,SA,Brazil,32,98,45940,15700000,spot
C-04659,Bluepeak Motors 04659,OEM,SA,Argentina,454,98,46224,14000000,consignment
C-04660,Vantage Motors 04660,OEM,SA,Argentina,317,98,42463,13300000,LTA
C-04661,Bluepeak Motors 04661,OEM,APAC-NE,Japan,195,98,51349,61900000,spot
C-04662,Atlas Motors 04662,OEM,APAC-IN,India,142,98,50464,33100000,consignment
C-04663,Atlas Systems 04663,Tier-1,EMEA-W,Germany,239,95,1226,1600000,consignment
C-04664,Delantra Motors 04664,OEM,APAC-SE,Malaysia,184,98,59246,23900000,LTA
C-04665,Orion Distribution 04665,Distributor,APAC-NE,China,451,95,2697,900000,spot
C-04666,Sumida Distribution 04666,Distributor,EMEA-E,Romania,435,95,406,300000,spot
C-04667,Cordis Motors 04667,OEM,EMEA-W,Italy,87,98,21744,28100000,spot
C-04668,Kestrel Motors 04668,OEM,EMEA-E,Poland,47,98,18405,80400000,spot
C-04669,Norvia Motors 04669,OEM,APAC-SE,Thailand,66,98,25394,21200000,consignment
C-04670,Cordis Motors 04670,OEM,SA,Brazil,310,98,13128,52300000,consignment
C-04671,Sumida Systems 04671,Tier-1,NA-US,United States,420,95,2593,3700000,consignment
C-04672,Cordis Motors 04672,OEM,APAC-IN,India,164,98,25063,59600000,consignment
C-04673,Norvia Systems 04673,Tier-1,EMEA-W,Germany,47,95,3198,400000,spot
C-04674,Kestrel Systems 04674,Tier-1,EMEA-E,Romania,255,95,1441,3100000,spot
C-04675,Sumida Distribution 04675,Distributor,APAC-SE,Malaysia,120,95,473,1500000,consignment
C-04676,Cordis Systems 04676,Tier-1,APAC-IN,India,278,95,547,3800000,LTA
C-04677,Atlas Motors 04677,OEM,NA-MX,Mexico,376,98,55976,86400000,LTA
C-04678,Kestrel Distribution 04678,Distributor,NA-MX,Mexico,461,95,840,100000,LTA
C-04679,Atlas Distribution 04679,Aftermarket,EMEA-W,Spain,177,95,338,1800000,LTA
C-04680,Kestrel Distribution 04680,Aftermarket,EMEA-W,Spain,30,95,56,4000000,LTA
C-04681,Kestrel Distribution 04681,Distributor,NA-US,United States,185,95,1249,4500000,LTA
C-04682,Cordis Systems 04682,Tier-1,NA-US,United States,323,95,268,2900000,LTA
C-04683,Atlas Distribution 04683,Aftermarket,APAC-NE,Taiwan,133,95,1120,5300000,LTA
C-04684,Sumida Distribution 04684,Distributor,APAC-SE,Thailand,246,95,1888,5900000,consignment
C-04685,Vantage Systems 04685,Tier-1,EMEA-E,Romania,34,95,2664,200000,consignment
C-04686,Kestrel Distribution 04686,Distributor,APAC-NE,Japan,306,95,2337,3900000,consignment
C-04687,Baltia Distribution 04687,Distributor,NA-MX,Mexico,78,95,2556,600000,LTA
C-04688,Bluepeak Distribution 04688,Aftermarket,APAC-NE,Taiwan,228,95,3686,300000,spot
C-04689,Cordis Systems 04689,Tier-1,NA-US,United States,429,95,1864,2000000,consignment
C-04690,Baltia Motors 04690,OEM,SA,Brazil,278,98,40472,68400000,LTA
C-04691,Baltia Distribution 04691,Aftermarket,APAC-IN,India,341,95,795,4500000,consignment
C-04692,Sumida Motors 04692,OEM,EMEA-E,Turkey,330,98,15431,74700000,LTA
C-04693,Orion Systems 04693,Tier-1,APAC-IN,India,490,95,2570,4700000,LTA
C-04694,Orion Systems 04694,Tier-1,NA-US,United States,214,95,3493,2100000,LTA
C-04695,Vantage Distribution 04695,Distributor,APAC-NE,Taiwan,360,95,244,4700000,LTA
C-04696,Norvia Motors 04696,OEM,NA-US,United States,37,98,35751,32000000,consignment
C-04697,Baltia Distribution 04697,Aftermarket,APAC-SE,Vietnam,204,95,1278,5700000,spot
C-04698,Cordis Motors 04698,OEM,SA,Brazil,310,98,43783,9000000,consignment
C-04699,Delantra Motors 04699,OEM,APAC-NE,Taiwan,153,98,28007,61000000,spot
C-04700,Baltia Systems 04700,Tier-1,APAC-IN,India,366,95,1489,2700000,LTA
C-04701,Cordis Distribution 04701,Distributor,APAC-SE,Indonesia,376,95,2492,1500000,spot
C-04702,Norvia Motors 04702,OEM,EMEA-E,Poland,23,98,6355,3900000,spot
C-04703,Kestrel Distribution 04703,Distributor,SA,Argentina,470,95,2564,3500000,LTA
C-04704,Baltia Motors 04704,OEM,NA-MX,Mexico,288,98,15847,4100000,consignment
C-04705,Delantra Systems 04705,Tier-1,NA-US,United States,294,95,2199,1700000,consignment
C-04706,Delantra Motors 04706,OEM,NA-MX,Mexico,460,98,24796,21500000,spot
C-04707,Bluepeak Motors 04707,OEM,APAC-SE,Thailand,164,98,28569,25200000,spot
C-04708,Delantra Systems 04708,Tier-1,APAC-NE,Japan,416,95,2225,2900000,LTA
C-04709,Orion Systems 04709,Tier-1,EMEA-W,France,434,95,3594,5200000,LTA
C-04710,Orion Distribution 04710,Distributor,NA-US,United States,292,95,2575,3500000,LTA
C-04711,Bluepeak Systems 04711,Tier-1,NA-MX,Mexico,77,95,86,5200000,consignment
C-04712,Baltia Distribution 04712,Distributor,EMEA-E,Romania,219,95,865,2800000,LTA
C-04713,Atlas Motors 04713,OEM,NA-MX,Mexico,427,98,19547,8700000,LTA
C-04714,Sumida Distribution 04714,Distributor,EMEA-E,Czechia,406,95,2140,200000,spot
C-04715,Sumida Systems 04715,Tier-1,NA-MX,Mexico,226,95,1912,3000000,LTA
C-04716,Norvia Distribution 04716,Distributor,NA-MX,Mexico,62,95,176,300000,LTA
C-04717,Norvia Distribution 04717,Distributor,EMEA-W,Germany,119,95,385,5400000,spot
C-04718,Vantage Motors 04718,OEM,NA-MX,Mexico,128,98,21761,4900000,LTA
C-04719,Sumida Distribution 04719,Aftermarket,NA-US,United States,78,95,41,3800000,LTA
C-04720,Baltia Motors 04720,OEM,NA-MX,Mexico,194,98,28104,4400000,spot
C-04721,Orion Motors 04721,OEM,EMEA-E,Poland,284,98,49812,71500000,LTA
C-04722,Norvia Motors 04722,OEM,NA-US,United States,222,98,20517,41700000,LTA
C-04723,Baltia Systems 04723,Tier-1,APAC-IN,India,454,95,1546,1700000,LTA
C-04724,Kestrel Motors 04724,OEM,APAC-NE,China,152,98,17005,70200000,consignment
C-04725,Sumida Motors 04725,OEM,NA-US,United States,79,98,59677,8000000,consignment
C-04726,Cordis Motors 04726,OEM,APAC-NE,South Korea,400,98,52570,53900000,consignment
C-04727,Atlas Distribution 04727,Distributor,NA-MX,Mexico,185,95,1570,300000,spot
C-04728,Orion Motors 04728,OEM,SA,Argentina,20,98,24085,15600000,spot
C-04729,Kestrel Motors 04729,OEM,NA-MX,Mexico,18,98,38387,7500000,spot
C-04730,Orion Motors 04730,OEM,NA-US,United States,172,98,10030,62900000,consignment
C-04731,Vantage Distribution 04731,Distributor,NA-US,United States,284,95,1432,5900000,LTA
C-04732,Cordis Distribution 04732,Distributor,APAC-NE,South Korea,134,95,3409,5600000,LTA
C-04733,Orion Motors 04733,OEM,APAC-NE,South Korea,225,98,23189,11200000,consignment
C-04734,Sumida Systems 04734,Tier-1,APAC-NE,Taiwan,98,95,3103,4100000,LTA
C-04735,Atlas Systems 04735,Tier-1,EMEA-E,Romania,421,95,2974,700000,LTA
C-04736,Sumida Systems 04736,Tier-1,APAC-IN,India,202,95,2335,2500000,LTA
C-04737,Cordis Motors 04737,OEM,EMEA-W,Germany,286,98,55386,31300000,LTA
C-04738,Delantra Motors 04738,OEM,NA-US,United States,491,98,16229,18100000,spot
C-04739,Bluepeak Motors 04739,OEM,APAC-NE,China,457,98,48568,6100000,LTA
C-04740,Kestrel Motors 04740,OEM,APAC-IN,India,294,98,28309,36100000,spot
C-04741,Bluepeak Distribution 04741,Distributor,SA,Argentina,254,95,2479,1800000,spot
C-04742,Atlas Distribution 04742,Distributor,EMEA-E,Romania,35,95,1584,6000000,spot
C-04743,Bluepeak Motors 04743,OEM,APAC-SE,Thailand,171,98,18260,13000000,LTA
C-04744,Norvia Systems 04744,Tier-1,EMEA-E,Poland,264,95,310,3100000,consignment
C-04745,Atlas Systems 04745,Tier-1,SA,Argentina,321,95,2790,2400000,LTA
C-04746,Kestrel Distribution 04746,Distributor,SA,Argentina,189,95,3700,4200000,LTA
C-04747,Sumida Motors 04747,OEM,APAC-SE,Malaysia,114,98,10385,50500000,spot
C-04748,Orion Motors 04748,OEM,SA,Brazil,70,98,28497,68700000,spot
C-04749,Orion Distribution 04749,Aftermarket,APAC-NE,Japan,165,95,3846,500000,consignment
C-04750,Kestrel Motors 04750,OEM,NA-US,United States,185,98,21736,58500000,LTA
C-04751,Orion Motors 04751,OEM,EMEA-E,Poland,176,98,31293,26600000,spot
C-04752,Baltia Motors 04752,OEM,NA-MX,Mexico,485,98,29635,41900000,LTA
C-04753,Kestrel Motors 04753,OEM,EMEA-E,Romania,408,98,26960,83700000,LTA
C-04754,Bluepeak Systems 04754,Tier-1,NA-US,United States,272,95,3737,2200000,LTA
C-04755,Sumida Motors 04755,OEM,APAC-NE,Taiwan,255,98,32792,65100000,consignment
C-04756,Cordis Systems 04756,Tier-1,APAC-NE,China,289,95,2744,2600000,LTA
C-04757,Atlas Systems 04757,Tier-1,NA-US,United States,296,95,3423,3300000,spot
C-04758,Atlas Distribution 04758,Aftermarket,EMEA-W,Germany,448,95,2446,700000,LTA
C-04759,Norvia Distribution 04759,Distributor,EMEA-W,Spain,110,95,1099,1500000,spot
C-04760,Cordis Systems 04760,Tier-1,EMEA-W,Spain,225,95,1200,3300000,LTA
C-04761,Bluepeak Distribution 04761,Distributor,EMEA-W,Spain,451,95,3105,800000,LTA
C-04762,Cordis Motors 04762,OEM,SA,Brazil,92,98,38075,73000000,LTA
C-04763,Sumida Motors 04763,OEM,APAC-NE,Taiwan,339,98,53301,47300000,consignment
C-04764,Vantage Motors 04764,OEM,APAC-IN,India,11,98,41580,55500000,spot
C-04765,Orion Motors 04765,OEM,APAC-NE,Taiwan,368,98,5788,7600000,consignment
C-04766,Vantage Distribution 04766,Distributor,NA-MX,Mexico,435,95,1092,2200000,LTA
C-04767,Baltia Motors 04767,OEM,SA,Argentina,83,98,32047,61100000,consignment
C-04768,Baltia Distribution 04768,Distributor,APAC-IN,India,151,95,2149,2700000,LTA
C-04769,Norvia Distribution 04769,Aftermarket,APAC-SE,Vietnam,488,95,2802,1100000,LTA
C-04770,Delantra Motors 04770,OEM,APAC-SE,Thailand,79,98,21294,14000000,LTA
C-04771,Orion Distribution 04771,Distributor,SA,Argentina,275,95,2107,1400000,LTA
C-04772,Bluepeak Systems 04772,Tier-1,EMEA-E,Czechia,235,95,3135,2700000,LTA
C-04773,Sumida Motors 04773,OEM,APAC-NE,South Korea,499,98,14543,76400000,consignment
C-04774,Bluepeak Distribution 04774,Distributor,EMEA-W,France,233,95,1606,5600000,LTA
C-04775,Baltia Motors 04775,OEM,NA-US,United States,179,98,51306,76500000,LTA
C-04776,Norvia Distribution 04776,Aftermarket,NA-MX,Mexico,71,95,2691,1700000,LTA
C-04777,Sumida Distribution 04777,Distributor,APAC-NE,Japan,236,95,3901,5500000,spot
C-04778,Norvia Motors 04778,OEM,NA-US,United States,49,98,43638,5900000,spot
C-04779,Delantra Motors 04779,OEM,SA,Brazil,454,98,6082,87700000,consignment
C-04780,Delantra Motors 04780,OEM,SA,Argentina,256,98,45021,3700000,LTA
C-04781,Norvia Systems 04781,Tier-1,APAC-IN,India,255,95,3626,2700000,LTA
C-04782,Baltia Distribution 04782,Distributor,APAC-IN,India,195,95,2320,5600000,consignment
C-04783,Kestrel Distribution 04783,Distributor,EMEA-E,Poland,489,95,2813,1100000,spot
C-04784,Cordis Distribution 04784,Aftermarket,APAC-SE,Thailand,184,95,570,3700000,LTA
C-04785,Norvia Distribution 04785,Distributor,EMEA-E,Romania,99,95,585,1700000,LTA
C-04786,Kestrel Motors 04786,OEM,APAC-IN,India,465,98,12129,77500000,consignment
C-04787,Sumida Motors 04787,OEM,NA-MX,Mexico,307,98,59860,31500000,consignment
C-04788,Kestrel Motors 04788,OEM,NA-MX,Mexico,390,98,46892,42800000,LTA
C-04789,Norvia Systems 04789,Tier-1,APAC-SE,Malaysia,152,95,1740,2300000,spot
C-04790,Bluepeak Motors 04790,OEM,EMEA-E,Turkey,228,98,14481,16200000,LTA
C-04791,Atlas Distribution 04791,Aftermarket,EMEA-W,France,162,95,3726,4500000,LTA
C-04792,Cordis Motors 04792,OEM,NA-MX,Mexico,378,98,39032,56100000,LTA
C-04793,Orion Motors 04793,OEM,EMEA-W,Spain,218,98,22391,88000000,LTA
C-04794,Sumida Distribution 04794,Distributor,APAC-SE,Indonesia,261,95,3303,3700000,LTA
C-04795,Sumida Distribution 04795,Aftermarket,APAC-IN,India,300,95,3936,5200000,LTA
C-04796,Sumida Motors 04796,OEM,SA,Argentina,287,98,7322,88900000,spot
C-04797,Delantra Systems 04797,Tier-1,APAC-IN,India,211,95,1778,3900000,spot
C-04798,Kestrel Motors 04798,OEM,APAC-SE,Thailand,77,98,40124,16200000,consignment
C-04799,Sumida Systems 04799,Tier-1,SA,Argentina,373,95,2687,5900000,consignment
C-04800,Delantra Systems 04800,Tier-1,APAC-IN,India,13,95,1281,600000,spot
C-04801,Cordis Distribution 04801,Aftermarket,APAC-NE,South Korea,15,95,3819,6000000,LTA
C-04802,Vantage Motors 04802,OEM,APAC-NE,China,60,98,20922,8800000,spot
C-04803,Atlas Distribution 04803,Aftermarket,APAC-NE,Japan,488,95,798,4000000,consignment
C-04804,Orion Systems 04804,Tier-1,NA-MX,Mexico,193,95,3720,5800000,LTA
C-04805,Baltia Systems 04805,Tier-1,EMEA-E,Romania,484,95,3573,2000000,consignment
C-04806,Kestrel Systems 04806,Tier-1,APAC-NE,Japan,83,95,3381,1500000,spot
C-04807,Atlas Systems 04807,Tier-1,SA,Argentina,435,95,690,400000,consignment
C-04808,Bluepeak Motors 04808,OEM,NA-US,United States,163,98,23000,44300000,spot
C-04809,Atlas Systems 04809,Tier-1,APAC-IN,India,179,95,2849,800000,LTA
C-04810,Bluepeak Motors 04810,OEM,NA-US,United States,483,98,37102,80600000,spot
C-04811,Vantage Motors 04811,OEM,NA-US,United States,62,98,25524,85700000,spot
C-04812,Cordis Motors 04812,OEM,NA-US,United States,237,98,21602,86200000,spot
C-04813,Sumida Motors 04813,OEM,APAC-IN,India,102,98,50467,16200000,LTA
C-04814,Cordis Distribution 04814,Aftermarket,NA-MX,Mexico,486,95,1514,3600000,LTA
C-04815,Bluepeak Motors 04815,OEM,NA-MX,Mexico,281,98,37843,57200000,spot
C-04816,Vantage Distribution 04816,Distributor,APAC-SE,Indonesia,455,95,3569,100000,consignment
C-04817,Baltia Distribution 04817,Distributor,NA-MX,Mexico,251,95,931,3900000,LTA
C-04818,Delantra Distribution 04818,Distributor,EMEA-E,Czechia,473,95,2586,3400000,consignment
C-04819,Bluepeak Distribution 04819,Aftermarket,NA-MX,Mexico,316,95,2221,3800000,spot
C-04820,Cordis Motors 04820,OEM,NA-MX,Mexico,225,98,52537,76500000,LTA
C-04821,Norvia Motors 04821,OEM,NA-US,United States,248,98,15475,4600000,LTA
C-04822,Sumida Motors 04822,OEM,EMEA-E,Turkey,223,98,52149,27600000,LTA
C-04823,Vantage Distribution 04823,Distributor,EMEA-W,France,491,95,3344,1500000,spot
C-04824,Bluepeak Motors 04824,OEM,APAC-IN,India,325,98,46416,65000000,spot
C-04825,Bluepeak Distribution 04825,Distributor,APAC-NE,Japan,122,95,3866,4500000,consignment
C-04826,Norvia Systems 04826,Tier-1,NA-US,United States,14,95,2421,3200000,LTA
C-04827,Norvia Systems 04827,Tier-1,NA-US,United States,270,95,3721,5000000,LTA
C-04828,Sumida Motors 04828,OEM,APAC-IN,India,398,98,30582,74800000,consignment
C-04829,Kestrel Distribution 04829,Aftermarket,EMEA-W,Germany,265,95,2566,3600000,spot
C-04830,Sumida Distribution 04830,Aftermarket,APAC-NE,Japan,150,95,978,2600000,consignment
C-04831,Bluepeak Distribution 04831,Aftermarket,EMEA-W,France,369,95,1279,6000000,LTA
C-04832,Atlas Distribution 04832,Distributor,APAC-NE,China,279,95,1783,2900000,LTA
C-04833,Kestrel Motors 04833,OEM,NA-MX,Mexico,65,98,58907,16700000,LTA
C-04834,Baltia Distribution 04834,Distributor,EMEA-E,Poland,411,95,348,1500000,spot
C-04835,Bluepeak Motors 04835,OEM,SA,Brazil,127,98,39541,45500000,spot
C-04836,Kestrel Motors 04836,OEM,EMEA-W,Spain,246,98,27344,46500000,consignment
C-04837,Bluepeak Motors 04837,OEM,NA-US,United States,136,98,24867,76000000,spot
C-04838,Atlas Motors 04838,OEM,APAC-IN,India,375,98,13868,12700000,spot
C-04839,Vantage Motors 04839,OEM,SA,Brazil,415,98,50758,6900000,LTA
C-04840,Baltia Motors 04840,OEM,NA-MX,Mexico,203,98,38896,12500000,spot
C-04841,Cordis Motors 04841,OEM,EMEA-W,Spain,275,98,47498,70000000,consignment
C-04842,Sumida Systems 04842,Tier-1,APAC-NE,Japan,153,95,2137,1800000,LTA
C-04843,Delantra Motors 04843,OEM,EMEA-W,France,328,98,34603,83200000,consignment
C-04844,Bluepeak Motors 04844,OEM,APAC-NE,Taiwan,244,98,46596,85800000,LTA
C-04845,Bluepeak Motors 04845,OEM,APAC-NE,South Korea,31,98,52742,56100000,consignment
C-04846,Bluepeak Distribution 04846,Aftermarket,APAC-IN,India,41,95,789,3700000,consignment
C-04847,Bluepeak Systems 04847,Tier-1,SA,Brazil,403,95,1283,1600000,consignment
C-04848,Sumida Motors 04848,OEM,APAC-SE,Malaysia,133,98,23369,44500000,consignment
C-04849,Orion Motors 04849,OEM,SA,Argentina,408,98,9703,7400000,LTA
C-04850,Sumida Distribution 04850,Aftermarket,EMEA-W,Italy,89,95,2054,2000000,LTA
C-04851,Baltia Motors 04851,OEM,APAC-SE,Indonesia,110,98,11672,32300000,spot
C-04852,Atlas Distribution 04852,Distributor,APAC-SE,Vietnam,177,95,2652,4600000,consignment
C-04853,Kestrel Distribution 04853,Distributor,NA-US,United States,328,95,3319,1400000,spot
C-04854,Atlas Motors 04854,OEM,APAC-IN,India,59,98,17408,25200000,LTA
C-04855,Delantra Motors 04855,OEM,APAC-NE,South Korea,389,98,44167,56400000,spot
C-04856,Norvia Motors 04856,OEM,APAC-SE,Malaysia,37,98,27170,41500000,spot
C-04857,Atlas Distribution 04857,Distributor,EMEA-E,Czechia,105,95,2863,4600000,LTA
C-04858,Atlas Distribution 04858,Distributor,NA-MX,Mexico,276,95,122,1400000,LTA
C-04859,Atlas Distribution 04859,Aftermarket,EMEA-W,Spain,475,95,886,2900000,LTA
C-04860,Kestrel Systems 04860,Tier-1,EMEA-W,France,389,95,2661,900000,consignment
C-04861,Baltia Motors 04861,OEM,EMEA-W,France,181,98,53182,86100000,consignment
C-04862,Vantage Distribution 04862,Distributor,APAC-SE,Vietnam,434,95,2853,4500000,LTA
C-04863,Baltia Distribution 04863,Aftermarket,EMEA-W,Italy,250,95,2888,5700000,spot
C-04864,Orion Systems 04864,Tier-1,APAC-IN,India,91,95,2704,200000,consignment
C-04865,Bluepeak Systems 04865,Tier-1,SA,Argentina,491,95,1316,2500000,consignment
C-04866,Kestrel Distribution 04866,Distributor,SA,Argentina,252,95,3371,900000,consignment
C-04867,Bluepeak Systems 04867,Tier-1,NA-US,United States,307,95,3519,600000,spot
C-04868,Kestrel Systems 04868,Tier-1,APAC-SE,Malaysia,102,95,26,5500000,LTA
C-04869,Atlas Distribution 04869,Aftermarket,APAC-IN,India,487,95,1644,4200000,LTA
C-04870,Vantage Distribution 04870,Aftermarket,EMEA-W,France,59,95,137,5700000,LTA
C-04871,Vantage Distribution 04871,Aftermarket,APAC-NE,South Korea,207,95,2674,2200000,LTA
C-04872,Bluepeak Distribution 04872,Distributor,APAC-IN,India,468,95,1460,2500000,consignment
C-04873,Kestrel Distribution 04873,Aftermarket,APAC-NE,South Korea,284,95,1084,5100000,LTA
C-04874,Vantage Motors 04874,OEM,SA,Argentina,291,98,47345,49600000,spot
C-04875,Delantra Distribution 04875,Distributor,APAC-NE,China,315,95,579,3500000,LTA
C-04876,Delantra Motors 04876,OEM,SA,Brazil,139,98,57106,58200000,LTA
C-04877,Orion Motors 04877,OEM,NA-MX,Mexico,491,98,28423,41000000,LTA
C-04878,Cordis Distribution 04878,Aftermarket,APAC-NE,Taiwan,416,95,3134,1100000,spot
C-04879,Baltia Motors 04879,OEM,NA-MX,Mexico,364,98,20694,81000000,spot
C-04880,Cordis Distribution 04880,Aftermarket,SA,Argentina,140,95,1423,300000,LTA
C-04881,Norvia Motors 04881,OEM,NA-US,United States,238,98,25954,76000000,spot
C-04882,Kestrel Systems 04882,Tier-1,APAC-IN,India,211,95,33,1700000,spot
C-04883,Vantage Motors 04883,OEM,APAC-NE,Taiwan,129,98,53830,44700000,LTA
C-04884,Atlas Distribution 04884,Distributor,NA-MX,Mexico,263,95,304,4100000,LTA
C-04885,Norvia Systems 04885,Tier-1,NA-US,United States,258,95,1243,5400000,consignment
C-04886,Baltia Motors 04886,OEM,APAC-SE,Indonesia,462,98,9787,11400000,spot
C-04887,Bluepeak Motors 04887,OEM,APAC-SE,Malaysia,251,98,34347,5500000,LTA
C-04888,Kestrel Motors 04888,OEM,SA,Argentina,95,98,33557,60900000,LTA
C-04889,Delantra Motors 04889,OEM,NA-MX,Mexico,233,98,49216,61000000,LTA
C-04890,Sumida Motors 04890,OEM,EMEA-E,Poland,139,98,29366,60000000,LTA
C-04891,Norvia Systems 04891,Tier-1,NA-US,United States,286,95,2453,800000,LTA
C-04892,Sumida Motors 04892,OEM,APAC-SE,Indonesia,430,98,39316,17100000,spot
C-04893,Delantra Systems 04893,Tier-1,NA-US,United States,224,95,2674,5900000,LTA
C-04894,Cordis Motors 04894,OEM,NA-MX,Mexico,338,98,55386,84200000,LTA
C-04895,Cordis Systems 04895,Tier-1,NA-US,United States,321,95,1657,1800000,spot
C-04896,Kestrel Motors 04896,OEM,NA-MX,Mexico,185,98,6309,38500000,LTA
C-04897,Sumida Distribution 04897,Distributor,APAC-SE,Vietnam,285,95,3211,3700000,consignment
C-04898,Norvia Motors 04898,OEM,APAC-SE,Vietnam,296,98,57765,46100000,LTA
C-04899,Sumida Distribution 04899,Distributor,SA,Argentina,306,95,1086,600000,consignment
C-04900,Norvia Distribution 04900,Distributor,EMEA-W,Germany,85,95,3101,1500000,consignment
C-04901,Orion Systems 04901,Tier-1,EMEA-W,Italy,239,95,502,2900000,spot
C-04902,Cordis Distribution 04902,Distributor,EMEA-W,Germany,169,95,1596,2300000,LTA
C-04903,Baltia Distribution 04903,Distributor,EMEA-W,France,23,95,3123,4600000,spot
C-04904,Kestrel Motors 04904,OEM,APAC-SE,Thailand,375,98,40673,75600000,LTA
C-04905,Bluepeak Motors 04905,OEM,APAC-NE,Japan,88,98,36417,50100000,consignment
C-04906,Norvia Systems 04906,Tier-1,EMEA-W,France,293,95,3027,1300000,consignment
C-04907,Delantra Motors 04907,OEM,EMEA-E,Poland,189,98,8997,76900000,spot
C-04908,Delantra Distribution 04908,Aftermarket,EMEA-E,Poland,398,95,3927,5500000,LTA
C-04909,Atlas Systems 04909,Tier-1,NA-US,United States,92,95,583,3300000,LTA
C-04910,Atlas Systems 04910,Tier-1,APAC-NE,Taiwan,346,95,535,4600000,spot
C-04911,Baltia Motors 04911,OEM,EMEA-E,Poland,283,98,13357,58800000,spot
C-04912,Kestrel Motors 04912,OEM,NA-MX,Mexico,45,98,10250,88800000,LTA
C-04913,Bluepeak Motors 04913,OEM,APAC-NE,South Korea,21,98,7535,48100000,LTA
C-04914,Vantage Motors 04914,OEM,NA-MX,Mexico,386,98,41300,71500000,consignment
C-04915,Vantage Distribution 04915,Aftermarket,NA-US,United States,446,95,1189,1900000,LTA
C-04916,Delantra Motors 04916,OEM,APAC-NE,Taiwan,131,98,20036,23800000,LTA
C-04917,Baltia Distribution 04917,Aftermarket,APAC-SE,Indonesia,28,95,3368,1500000,spot
C-04918,Bluepeak Distribution 04918,Aftermarket,APAC-IN,India,324,95,2005,600000,spot
C-04919,Sumida Distribution 04919,Aftermarket,APAC-IN,India,104,95,2096,5500000,consignment
C-04920,Atlas Distribution 04920,Distributor,EMEA-W,France,226,95,1206,2900000,LTA
C-04921,Bluepeak Motors 04921,OEM,APAC-SE,Vietnam,204,98,44596,29400000,LTA
C-04922,Delantra Motors 04922,OEM,APAC-NE,Taiwan,283,98,28818,89800000,consignment
C-04923,Kestrel Systems 04923,Tier-1,APAC-NE,Japan,172,95,439,2000000,consignment
C-04924,Vantage Systems 04924,Tier-1,EMEA-W,Germany,321,95,2291,2700000,LTA
C-04925,Bluepeak Distribution 04925,Distributor,EMEA-W,France,291,95,3159,1200000,LTA
C-04926,Sumida Distribution 04926,Distributor,NA-US,United States,376,95,3903,600000,consignment
C-04927,Vantage Systems 04927,Tier-1,NA-US,United States,25,95,731,4700000,spot
C-04928,Vantage Distribution 04928,Distributor,EMEA-W,Germany,438,95,3008,3300000,spot
C-04929,Sumida Motors 04929,OEM,NA-MX,Mexico,35,98,29935,87200000,consignment
C-04930,Baltia Motors 04930,OEM,APAC-IN,India,398,98,9973,30200000,spot
C-04931,Vantage Motors 04931,OEM,EMEA-E,Poland,12,98,25430,33100000,spot
C-04932,Sumida Distribution 04932,Distributor,EMEA-W,Spain,148,95,23,4900000,consignment
C-04933,Baltia Distribution 04933,Distributor,EMEA-W,France,177,95,3352,200000,LTA
C-04934,Delantra Motors 04934,OEM,EMEA-W,Spain,393,98,29194,28500000,LTA
C-04935,Baltia Systems 04935,Tier-1,NA-US,United States,196,95,2070,1700000,LTA
C-04936,Cordis Distribution 04936,Aftermarket,SA,Argentina,445,95,3169,800000,LTA
C-04937,Atlas Motors 04937,OEM,APAC-IN,India,181,98,20827,36700000,consignment
C-04938,Delantra Motors 04938,OEM,SA,Argentina,167,98,16561,8800000,spot
C-04939,Kestrel Distribution 04939,Distributor,NA-MX,Mexico,236,95,1807,5700000,spot
C-04940,Cordis Systems 04940,Tier-1,NA-US,United States,148,95,861,5300000,spot
C-04941,Vantage Distribution 04941,Distributor,EMEA-E,Poland,18,95,3693,300000,consignment
C-04942,Sumida Distribution 04942,Aftermarket,APAC-NE,Taiwan,161,95,1983,600000,consignment
C-04943,Vantage Systems 04943,Tier-1,APAC-IN,India,401,95,3327,5100000,LTA
C-04944,Delantra Distribution 04944,Aftermarket,NA-US,United States,35,95,3762,5200000,spot
C-04945,Bluepeak Systems 04945,Tier-1,EMEA-W,Germany,159,95,1030,5500000,spot
C-04946,Cordis Distribution 04946,Aftermarket,NA-US,United States,286,95,985,2900000,spot
C-04947,Sumida Motors 04947,OEM,SA,Argentina,279,98,7302,28100000,LTA
C-04948,Sumida Motors 04948,OEM,APAC-NE,Japan,41,98,42031,42100000,consignment
C-04949,Orion Motors 04949,OEM,SA,Brazil,238,98,53461,67200000,LTA
C-04950,Cordis Systems 04950,Tier-1,NA-MX,Mexico,127,95,3110,4500000,LTA
C-04951,Bluepeak Distribution 04951,Aftermarket,EMEA-W,Spain,98,95,627,5400000,consignment
C-04952,Delantra Motors 04952,OEM,NA-MX,Mexico,275,98,16021,22100000,LTA
C-04953,Atlas Distribution 04953,Distributor,SA,Brazil,328,95,812,4900000,consignment
C-04954,Delantra Distribution 04954,Aftermarket,EMEA-E,Poland,43,95,3367,4100000,consignment
C-04955,Sumida Distribution 04955,Distributor,NA-US,United States,238,95,3866,5500000,spot
C-04956,Sumida Motors 04956,OEM,APAC-NE,Japan,477,98,59620,64600000,LTA
C-04957,Cordis Motors 04957,OEM,NA-US,United States,403,98,19279,31900000,spot
C-04958,Baltia Systems 04958,Tier-1,APAC-IN,India,205,95,1056,3500000,consignment
C-04959,Orion Systems 04959,Tier-1,APAC-IN,India,402,95,256,2100000,LTA
C-04960,Delantra Systems 04960,Tier-1,APAC-SE,Vietnam,362,95,1493,3600000,consignment
C-04961,Kestrel Systems 04961,Tier-1,APAC-SE,Vietnam,448,95,2330,5400000,consignment
C-04962,Orion Motors 04962,OEM,APAC-NE,Japan,45,98,12659,76100000,spot
C-04963,Cordis Distribution 04963,Aftermarket,NA-US,United States,417,95,3987,100000,consignment
C-04964,Sumida Distribution 04964,Aftermarket,EMEA-E,Poland,368,95,969,1200000,LTA
C-04965,Bluepeak Distribution 04965,Distributor,NA-MX,Mexico,229,95,522,2400000,LTA
C-04966,Delantra Distribution 04966,Distributor,NA-MX,Mexico,50,95,2366,5300000,LTA
C-04967,Orion Motors 04967,OEM,APAC-IN,India,201,98,31256,19200000,consignment
C-04968,Bluepeak Systems 04968,Tier-1,APAC-NE,China,343,95,1485,1500000,consignment
C-04969,Sumida Motors 04969,OEM,SA,Brazil,199,98,20665,12000000,consignment
C-04970,Orion Systems 04970,Tier-1,NA-US,United States,44,95,385,1400000,spot
C-04971,Vantage Systems 04971,Tier-1,EMEA-W,Germany,377,95,2648,1700000,spot
C-04972,Baltia Distribution 04972,Distributor,NA-US,United States,109,95,1020,5700000,consignment
C-04973,Sumida Distribution 04973,Distributor,APAC-SE,Vietnam,105,95,3614,2200000,LTA
C-04974,Baltia Distribution 04974,Distributor,APAC-IN,India,315,95,1464,700000,LTA
C-04975,Atlas Motors 04975,OEM,NA-US,United States,102,98,31720,10200000,consignment
C-04976,Vantage Distribution 04976,Aftermarket,APAC-IN,India,414,95,2115,2600000,spot
C-04977,Norvia Motors 04977,OEM,APAC-SE,Vietnam,197,98,29324,6000000,LTA
C-04978,Baltia Motors 04978,OEM,APAC-NE,Japan,195,98,48780,20000000,spot
C-04979,Delantra Systems 04979,Tier-1,NA-US,United States,434,95,256,1400000,consignment
C-04980,Orion Motors 04980,OEM,EMEA-E,Poland,377,98,56968,44700000,LTA
C-04981,Sumida Distribution 04981,Distributor,EMEA-W,Spain,144,95,544,500000,LTA
C-04982,Cordis Distribution 04982,Distributor,NA-US,United States,477,95,1902,5100000,spot
C-04983,Vantage Distribution 04983,Aftermarket,EMEA-E,Czechia,15,95,623,5400000,LTA
C-04984,Bluepeak Motors 04984,OEM,EMEA-W,France,214,98,55369,48000000,consignment
C-04985,Kestrel Distribution 04985,Aftermarket,APAC-IN,India,59,95,970,3000000,consignment
C-04986,Kestrel Motors 04986,OEM,EMEA-W,Italy,346,98,46769,34300000,consignment
C-04987,Baltia Distribution 04987,Distributor,APAC-SE,Thailand,220,95,2751,5500000,LTA
C-04988,Vantage Motors 04988,OEM,SA,Argentina,454,98,38902,88500000,spot
C-04989,Vantage Systems 04989,Tier-1,APAC-NE,China,210,95,1396,2800000,LTA
C-04990,Cordis Distribution 04990,Aftermarket,EMEA-W,France,92,95,1612,5700000,LTA
C-04991,Vantage Distribution 04991,Distributor,SA,Brazil,162,95,1375,1400000,LTA
C-04992,Kestrel Motors 04992,OEM,NA-MX,Mexico,80,98,40770,87400000,spot
C-04993,Baltia Motors 04993,OEM,SA,Argentina,395,98,45803,7600000,consignment
C-04994,Cordis Motors 04994,OEM,APAC-NE,China,317,98,19254,51100000,LTA
C-04995,Norvia Motors 04995,OEM,EMEA-E,Romania,187,98,16779,41400000,consignment
C-04996,Bluepeak Systems 04996,Tier-1,APAC-IN,India,456,95,1115,1400000,consignment
C-04997,Sumida Distribution 04997,Aftermarket,APAC-IN,India,445,95,3350,5700000,spot
C-04998,Delantra Systems 04998,Tier-1,APAC-SE,Thailand,50,95,2154,3000000,LTA
C-04999,Atlas Motors 04999,OEM,NA-US,United States,128,98,32993,7000000,consignment
C-05000,Kestrel Motors 05000,OEM,APAC-NE,China,345,98,16586,38900000,LTA
C-05001,Orion Systems 05001,Tier-1,EMEA-W,Spain,393,95,2707,4200000,spot
C-05002,Norvia Distribution 05002,Distributor,APAC-SE,Thailand,178,95,2525,5700000,consignment
C-05003,Kestrel Distribution 05003,Distributor,APAC-SE,Thailand,165,95,1333,3300000,LTA
C-05004,Atlas Systems 05004,Tier-1,NA-MX,Mexico,144,95,3830,4400000,LTA
C-05005,Orion Distribution 05005,Distributor,APAC-IN,India,311,95,1929,700000,LTA
C-05006,Kestrel Distribution 05006,Distributor,APAC-SE,Indonesia,401,95,1967,200000,spot
C-05007,Sumida Motors 05007,OEM,EMEA-E,Turkey,363,98,33893,22400000,consignment
C-05008,Kestrel Distribution 05008,Aftermarket,APAC-IN,India,143,95,2991,4600000,consignment
C-05009,Baltia Motors 05009,OEM,SA,Argentina,293,98,20225,22300000,LTA
C-05010,Bluepeak Systems 05010,Tier-1,EMEA-W,Germany,29,95,2348,600000,LTA
C-05011,Cordis Distribution 05011,Aftermarket,SA,Brazil,372,95,2226,500000,LTA
C-05012,Baltia Distribution 05012,Distributor,EMEA-E,Romania,174,95,28,4700000,LTA
C-05013,Orion Motors 05013,OEM,APAC-SE,Indonesia,100,98,36078,21400000,spot
C-05014,Baltia Distribution 05014,Distributor,SA,Argentina,142,95,1620,2500000,LTA
C-05015,Bluepeak Motors 05015,OEM,NA-US,United States,250,98,32202,7900000,consignment
C-05016,Delantra Systems 05016,Tier-1,NA-US,United States,133,95,1592,1300000,LTA
C-05017,Orion Motors 05017,OEM,APAC-IN,India,441,98,9279,3000000,LTA
C-05018,Bluepeak Distribution 05018,Distributor,APAC-SE,Thailand,281,95,2110,100000,LTA
C-05019,Vantage Motors 05019,OEM,NA-MX,Mexico,467,98,6588,61200000,LTA
C-05020,Norvia Systems 05020,Tier-1,NA-MX,Mexico,420,95,1696,3200000,consignment
C-05021,Kestrel Distribution 05021,Distributor,EMEA-W,Italy,468,95,2315,4900000,LTA
C-05022,Baltia Distribution 05022,Aftermarket,APAC-SE,Malaysia,429,95,1059,200000,spot
C-05023,Kestrel Systems 05023,Tier-1,SA,Argentina,97,95,2233,5400000,LTA
C-05024,Cordis Distribution 05024,Distributor,APAC-SE,Indonesia,326,95,2383,2100000,LTA
C-05025,Orion Distribution 05025,Aftermarket,NA-MX,Mexico,341,95,2933,2500000,spot
C-05026,Orion Motors 05026,OEM,EMEA-E,Romania,457,98,51942,20700000,spot
C-05027,Cordis Distribution 05027,Aftermarket,NA-MX,Mexico,67,95,1367,1700000,spot
C-05028,Vantage Distribution 05028,Aftermarket,EMEA-W,Spain,243,95,635,5900000,LTA
C-05029,Baltia Motors 05029,OEM,APAC-SE,Indonesia,17,98,7234,22200000,spot
C-05030,Kestrel Motors 05030,OEM,APAC-NE,Taiwan,449,98,16842,74200000,consignment
C-05031,Baltia Systems 05031,Tier-1,EMEA-E,Romania,188,95,2844,3900000,spot
C-05032,Atlas Motors 05032,OEM,NA-MX,Mexico,359,98,26216,14600000,spot
C-05033,Kestrel Distribution 05033,Distributor,EMEA-W,Italy,154,95,3310,2200000,LTA
C-05034,Orion Motors 05034,OEM,SA,Argentina,452,98,20404,72700000,LTA
C-05035,Norvia Distribution 05035,Distributor,EMEA-W,France,254,95,1382,4100000,consignment
C-05036,Norvia Distribution 05036,Distributor,EMEA-E,Turkey,237,95,1714,900000,LTA
C-05037,Delantra Motors 05037,OEM,NA-MX,Mexico,228,98,21782,18700000,LTA
C-05038,Baltia Motors 05038,OEM,APAC-NE,Japan,137,98,52860,29500000,LTA
C-05039,Vantage Motors 05039,OEM,APAC-SE,Indonesia,323,98,38629,33400000,consignment
C-05040,Baltia Distribution 05040,Distributor,NA-US,United States,264,95,2941,900000,LTA
C-05041,Bluepeak Motors 05041,OEM,APAC-SE,Indonesia,236,98,42843,3000000,consignment
C-05042,Atlas Distribution 05042,Aftermarket,APAC-SE,Thailand,316,95,591,3100000,LTA
C-05043,Cordis Motors 05043,OEM,NA-US,United States,167,98,57871,10700000,spot
C-05044,Atlas Distribution 05044,Aftermarket,EMEA-E,Czechia,62,95,115,300000,consignment
C-05045,Baltia Distribution 05045,Aftermarket,APAC-IN,India,98,95,1504,2200000,spot
C-05046,Delantra Distribution 05046,Distributor,APAC-NE,China,461,95,2502,4300000,LTA
C-05047,Atlas Systems 05047,Tier-1,APAC-SE,Vietnam,340,95,1587,5000000,LTA
C-05048,Delantra Distribution 05048,Aftermarket,EMEA-E,Czechia,249,95,3389,2500000,consignment
C-05049,Sumida Motors 05049,OEM,APAC-NE,Taiwan,194,98,15886,20100000,spot
C-05050,Atlas Motors 05050,OEM,NA-US,United States,40,98,45499,70700000,LTA
C-05051,Cordis Motors 05051,OEM,APAC-IN,India,470,98,59701,67700000,LTA
C-05052,Sumida Systems 05052,Tier-1,NA-MX,Mexico,179,95,2591,5000000,consignment
C-05053,Atlas Motors 05053,OEM,EMEA-E,Czechia,94,98,44534,82600000,spot
C-05054,Norvia Distribution 05054,Distributor,EMEA-E,Czechia,259,95,3887,5700000,LTA
C-05055,Atlas Motors 05055,OEM,SA,Brazil,143,98,32158,7900000,LTA
C-05056,Delantra Motors 05056,OEM,EMEA-W,France,489,98,30982,55600000,LTA
C-05057,Delantra Motors 05057,OEM,APAC-IN,India,382,98,38468,8600000,LTA
C-05058,Norvia Systems 05058,Tier-1,APAC-IN,India,320,95,2302,4900000,LTA
C-05059,Vantage Motors 05059,OEM,APAC-IN,India,438,98,57074,35700000,consignment
C-05060,Sumida Systems 05060,Tier-1,SA,Brazil,173,95,708,4500000,spot
C-05061,Cordis Systems 05061,Tier-1,APAC-IN,India,222,95,294,600000,LTA
C-05062,Sumida Distribution 05062,Distributor,APAC-IN,India,442,95,3227,4500000,LTA
C-05063,Cordis Distribution 05063,Distributor,SA,Argentina,224,95,1727,5900000,LTA
C-05064,Bluepeak Systems 05064,Tier-1,EMEA-E,Czechia,416,95,887,900000,LTA
C-05065,Cordis Motors 05065,OEM,SA,Argentina,466,98,24344,55300000,consignment
C-05066,Norvia Distribution 05066,Distributor,APAC-NE,Japan,387,95,3037,3600000,spot
C-05067,Sumida Motors 05067,OEM,SA,Argentina,442,98,50560,80100000,spot
C-05068,Delantra Distribution 05068,Aftermarket,SA,Argentina,498,95,99,1700000,consignment
C-05069,Baltia Distribution 05069,Aftermarket,APAC-SE,Thailand,58,95,1070,4600000,LTA
C-05070,Bluepeak Motors 05070,OEM,EMEA-E,Czechia,343,98,46153,62100000,LTA
C-05071,Atlas Motors 05071,OEM,APAC-IN,India,224,98,41038,73600000,LTA
C-05072,Bluepeak Distribution 05072,Aftermarket,NA-MX,Mexico,469,95,3517,700000,LTA
C-05073,Atlas Distribution 05073,Aftermarket,EMEA-E,Turkey,429,95,3411,1200000,consignment
C-05074,Atlas Motors 05074,OEM,APAC-SE,Thailand,239,98,19132,9000000,spot
C-05075,Bluepeak Distribution 05075,Aftermarket,NA-US,United States,14,95,3884,4900000,spot
C-05076,Orion Motors 05076,OEM,APAC-NE,Taiwan,300,98,28601,21200000,LTA
C-05077,Delantra Systems 05077,Tier-1,APAC-NE,China,247,95,107,5800000,LTA
C-05078,Vantage Motors 05078,OEM,APAC-NE,South Korea,447,98,29542,26400000,spot
C-05079,Norvia Distribution 05079,Aftermarket,EMEA-E,Czechia,435,95,1344,4900000,spot
C-05080,Kestrel Motors 05080,OEM,SA,Brazil,408,98,44255,41100000,LTA
C-05081,Kestrel Distribution 05081,Aftermarket,EMEA-W,Germany,117,95,1369,1200000,LTA
C-05082,Norvia Motors 05082,OEM,APAC-SE,Vietnam,427,98,17487,11700000,LTA
C-05083,Cordis Distribution 05083,Distributor,APAC-IN,India,333,95,3359,5700000,LTA
C-05084,Kestrel Systems 05084,Tier-1,EMEA-W,Spain,142,95,3075,4000000,LTA
C-05085,Orion Systems 05085,Tier-1,NA-US,United States,87,95,3160,3300000,LTA
C-05086,Kestrel Motors 05086,OEM,EMEA-E,Poland,218,98,54236,2700000,LTA
C-05087,Vantage Motors 05087,OEM,SA,Brazil,357,98,15243,64400000,LTA
C-05088,Delantra Motors 05088,OEM,NA-MX,Mexico,79,98,48604,86100000,LTA
C-05089,Vantage Motors 05089,OEM,EMEA-W,Spain,246,98,41810,47100000,consignment
C-05090,Delantra Systems 05090,Tier-1,APAC-SE,Vietnam,373,95,1314,3400000,spot
C-05091,Atlas Systems 05091,Tier-1,APAC-NE,Japan,332,95,3386,5400000,spot
C-05092,Delantra Motors 05092,OEM,APAC-SE,Malaysia,324,98,53221,11900000,LTA
C-05093,Baltia Distribution 05093,Aftermarket,NA-US,United States,496,95,2078,3700000,consignment
C-05094,Delantra Motors 05094,OEM,NA-US,United States,328,98,46083,37400000,LTA
C-05095,Cordis Distribution 05095,Aftermarket,APAC-NE,China,201,95,1081,2100000,LTA
C-05096,Delantra Motors 05096,OEM,APAC-IN,India,180,98,21154,35100000,spot
C-05097,Sumida Motors 05097,OEM,APAC-IN,India,476,98,11238,16400000,spot
C-05098,Bluepeak Motors 05098,OEM,EMEA-W,France,112,98,6879,35800000,LTA
C-05099,Sumida Distribution 05099,Distributor,NA-MX,Mexico,159,95,647,3600000,spot
C-05100,Delantra Systems 05100,Tier-1,SA,Brazil,176,95,1413,3400000,consignment
C-05101,Sumida Distribution 05101,Distributor,APAC-SE,Vietnam,127,95,2060,1100000,LTA
C-05102,Vantage Distribution 05102,Aftermarket,APAC-IN,India,490,95,2492,600000,LTA
C-05103,Cordis Motors 05103,OEM,APAC-SE,Thailand,430,98,49984,19200000,consignment
C-05104,Cordis Distribution 05104,Aftermarket,APAC-SE,Vietnam,87,95,3267,2700000,LTA
C-05105,Vantage Motors 05105,OEM,APAC-SE,Indonesia,417,98,15863,72700000,spot
C-05106,Kestrel Motors 05106,OEM,EMEA-W,Italy,80,98,56833,60200000,consignment
C-05107,Cordis Systems 05107,Tier-1,EMEA-E,Turkey,232,95,2110,5800000,spot
C-05108,Delantra Motors 05108,OEM,APAC-IN,India,291,98,53228,45900000,spot
C-05109,Kestrel Distribution 05109,Distributor,SA,Argentina,292,95,903,4400000,consignment
C-05110,Sumida Distribution 05110,Distributor,NA-MX,Mexico,217,95,1709,5400000,consignment
C-05111,Bluepeak Distribution 05111,Aftermarket,SA,Argentina,318,95,144,5700000,LTA
C-05112,Atlas Motors 05112,OEM,EMEA-W,France,91,98,43368,84700000,spot
C-05113,Atlas Motors 05113,OEM,APAC-SE,Malaysia,154,98,32497,30100000,LTA
C-05114,Sumida Motors 05114,OEM,APAC-SE,Indonesia,410,98,9968,61900000,LTA
C-05115,Vantage Motors 05115,OEM,SA,Brazil,282,98,8802,31600000,consignment
C-05116,Cordis Motors 05116,OEM,EMEA-E,Romania,357,98,33508,4900000,consignment
C-05117,Vantage Motors 05117,OEM,EMEA-W,Germany,99,98,8441,62200000,LTA
C-05118,Bluepeak Distribution 05118,Distributor,NA-US,United States,84,95,2632,4900000,consignment
C-05119,Delantra Distribution 05119,Aftermarket,APAC-SE,Indonesia,431,95,3688,300000,LTA
C-05120,Bluepeak Distribution 05120,Aftermarket,EMEA-W,France,200,95,1279,4800000,consignment
C-05121,Kestrel Distribution 05121,Aftermarket,APAC-IN,India,275,95,1869,2400000,LTA
C-05122,Baltia Distribution 05122,Distributor,APAC-IN,India,226,95,1064,6000000,consignment
C-05123,Atlas Systems 05123,Tier-1,NA-MX,Mexico,372,95,433,1100000,LTA
C-05124,Cordis Motors 05124,OEM,EMEA-E,Romania,406,98,7869,82200000,LTA
C-05125,Sumida Distribution 05125,Distributor,SA,Argentina,401,95,843,600000,spot
C-05126,Atlas Motors 05126,OEM,SA,Argentina,40,98,44649,20600000,spot
C-05127,Atlas Distribution 05127,Distributor,NA-US,United States,210,95,300,1800000,LTA
C-05128,Atlas Systems 05128,Tier-1,NA-MX,Mexico,417,95,1708,600000,consignment
C-05129,Vantage Motors 05129,OEM,NA-US,United States,433,98,17483,3800000,spot
C-05130,Sumida Systems 05130,Tier-1,NA-MX,Mexico,370,95,1284,2900000,consignment
C-05131,Atlas Motors 05131,OEM,NA-MX,Mexico,428,98,58681,45600000,LTA
C-05132,Orion Systems 05132,Tier-1,SA,Argentina,113,95,1078,3600000,LTA
C-05133,Baltia Motors 05133,OEM,NA-MX,Mexico,394,98,29365,12300000,LTA
C-05134,Bluepeak Distribution 05134,Aftermarket,NA-MX,Mexico,173,95,966,4600000,consignment
C-05135,Sumida Motors 05135,OEM,SA,Brazil,448,98,33077,32700000,consignment
C-05136,Kestrel Systems 05136,Tier-1,APAC-IN,India,37,95,1744,1200000,LTA
C-05137,Vantage Motors 05137,OEM,APAC-IN,India,357,98,26960,16100000,LTA
C-05138,Cordis Motors 05138,OEM,EMEA-W,Italy,246,98,31545,35100000,LTA
C-05139,Cordis Motors 05139,OEM,APAC-NE,South Korea,281,98,50315,48600000,spot
C-05140,Kestrel Motors 05140,OEM,APAC-IN,India,53,98,21005,31300000,consignment
C-05141,Norvia Distribution 05141,Distributor,SA,Brazil,99,95,3723,3600000,spot
C-05142,Sumida Systems 05142,Tier-1,EMEA-E,Romania,497,95,1511,3400000,consignment
C-05143,Norvia Systems 05143,Tier-1,APAC-NE,China,382,95,1881,2300000,LTA
C-05144,Sumida Distribution 05144,Distributor,APAC-IN,India,369,95,2996,4500000,LTA
C-05145,Vantage Systems 05145,Tier-1,APAC-SE,Vietnam,370,95,3642,1300000,LTA
C-05146,Delantra Systems 05146,Tier-1,SA,Brazil,58,95,2668,2600000,spot
C-05147,Orion Motors 05147,OEM,EMEA-W,Italy,177,98,29080,22100000,LTA
C-05148,Vantage Distribution 05148,Aftermarket,APAC-NE,South Korea,13,95,3513,1300000,LTA
C-05149,Sumida Motors 05149,OEM,EMEA-W,Spain,396,98,8150,57600000,spot
C-05150,Sumida Motors 05150,OEM,APAC-NE,China,249,98,12242,19800000,LTA
C-05151,Delantra Motors 05151,OEM,NA-MX,Mexico,177,98,18021,49400000,LTA
C-05152,Bluepeak Distribution 05152,Distributor,EMEA-E,Czechia,116,95,263,4700000,LTA
C-05153,Delantra Motors 05153,OEM,APAC-NE,China,441,98,49247,56000000,consignment
C-05154,Atlas Distribution 05154,Distributor,APAC-NE,South Korea,103,95,3165,5100000,spot
C-05155,Baltia Systems 05155,Tier-1,EMEA-E,Turkey,325,95,199,5200000,consignment
C-05156,Cordis Systems 05156,Tier-1,APAC-SE,Malaysia,249,95,2989,1300000,spot
C-05157,Orion Distribution 05157,Aftermarket,APAC-SE,Vietnam,108,95,924,1000000,LTA
C-05158,Orion Distribution 05158,Aftermarket,APAC-SE,Vietnam,121,95,2652,5000000,spot
C-05159,Delantra Systems 05159,Tier-1,APAC-NE,South Korea,460,95,3780,3500000,spot
C-05160,Norvia Motors 05160,OEM,APAC-IN,India,55,98,43318,68400000,consignment
C-05161,Atlas Motors 05161,OEM,APAC-SE,Malaysia,220,98,8111,38200000,spot
C-05162,Sumida Systems 05162,Tier-1,APAC-IN,India,68,95,341,2500000,LTA
C-05163,Baltia Systems 05163,Tier-1,NA-US,United States,434,95,602,3200000,spot
C-05164,Cordis Motors 05164,OEM,EMEA-E,Poland,295,98,53443,26700000,LTA
C-05165,Kestrel Motors 05165,OEM,EMEA-E,Turkey,449,98,43338,42100000,consignment
C-05166,Atlas Distribution 05166,Aftermarket,APAC-SE,Thailand,90,95,2405,900000,consignment
C-05167,Baltia Motors 05167,OEM,APAC-NE,Japan,396,98,26682,34200000,LTA
C-05168,Atlas Distribution 05168,Distributor,EMEA-E,Poland,379,95,3499,3900000,spot
C-05169,Orion Distribution 05169,Aftermarket,APAC-IN,India,39,95,1539,4900000,LTA
C-05170,Delantra Motors 05170,OEM,NA-US,United States,286,98,27328,54100000,consignment
C-05171,Cordis Distribution 05171,Aftermarket,SA,Argentina,235,95,1208,4800000,spot
C-05172,Norvia Motors 05172,OEM,APAC-IN,India,212,98,51228,38700000,consignment
C-05173,Sumida Distribution 05173,Distributor,NA-MX,Mexico,148,95,1398,4800000,LTA
C-05174,Vantage Distribution 05174,Aftermarket,NA-US,United States,179,95,1430,3500000,spot
C-05175,Baltia Motors 05175,OEM,SA,Argentina,166,98,52438,48200000,LTA
C-05176,Orion Systems 05176,Tier-1,EMEA-E,Turkey,478,95,273,5800000,spot
C-05177,Cordis Distribution 05177,Distributor,NA-MX,Mexico,463,95,250,4400000,LTA
C-05178,Vantage Distribution 05178,Aftermarket,SA,Brazil,52,95,2192,3100000,LTA
C-05179,Bluepeak Motors 05179,OEM,EMEA-W,Germany,489,98,57284,18600000,LTA
C-05180,Cordis Distribution 05180,Distributor,APAC-IN,India,380,95,318,4200000,consignment
C-05181,Delantra Systems 05181,Tier-1,NA-MX,Mexico,383,95,2178,5400000,spot
C-05182,Kestrel Motors 05182,OEM,APAC-NE,China,246,98,29124,24400000,LTA
C-05183,Bluepeak Motors 05183,OEM,NA-MX,Mexico,20,98,55440,82600000,consignment
C-05184,Delantra Systems 05184,Tier-1,NA-MX,Mexico,196,95,1175,5000000,LTA
C-05185,Atlas Distribution 05185,Aftermarket,NA-MX,Mexico,353,95,2930,2300000,LTA
C-05186,Atlas Systems 05186,Tier-1,NA-MX,Mexico,347,95,2229,500000,consignment
C-05187,Orion Motors 05187,OEM,EMEA-E,Poland,82,98,18090,73600000,spot
C-05188,Kestrel Distribution 05188,Distributor,EMEA-E,Poland,300,95,1023,1900000,spot
C-05189,Norvia Motors 05189,OEM,EMEA-W,Germany,404,98,55220,54600000,spot
C-05190,Bluepeak Systems 05190,Tier-1,APAC-NE,China,259,95,3032,800000,LTA
C-05191,Vantage Motors 05191,OEM,NA-US,United States,305,98,17538,23000000,LTA
C-05192,Baltia Distribution 05192,Distributor,APAC-IN,India,106,95,1712,600000,LTA
C-05193,Bluepeak Motors 05193,OEM,APAC-IN,India,330,98,16907,74200000,LTA
C-05194,Baltia Distribution 05194,Distributor,SA,Brazil,193,95,172,100000,spot
C-05195,Norvia Distribution 05195,Distributor,NA-MX,Mexico,465,95,3262,5300000,LTA
C-05196,Sumida Distribution 05196,Distributor,NA-US,United States,340,95,2172,4500000,consignment
C-05197,Orion Systems 05197,Tier-1,APAC-NE,Taiwan,496,95,690,2100000,LTA
C-05198,Sumida Distribution 05198,Distributor,EMEA-E,Romania,80,95,3795,5700000,LTA
C-05199,Norvia Systems 05199,Tier-1,APAC-SE,Vietnam,26,95,1521,3600000,LTA
C-05200,Delantra Distribution 05200,Distributor,SA,Brazil,319,95,2081,2100000,consignment
C-05201,Atlas Distribution 05201,Aftermarket,APAC-IN,India,356,95,1322,3300000,spot
C-05202,Vantage Distribution 05202,Aftermarket,APAC-SE,Indonesia,361,95,1963,5600000,LTA
C-05203,Vantage Motors 05203,OEM,APAC-SE,Thailand,288,98,41012,22400000,consignment
C-05204,Cordis Motors 05204,OEM,APAC-NE,Japan,51,98,56936,63300000,LTA
C-05205,Delantra Motors 05205,OEM,EMEA-E,Poland,59,98,56716,68400000,consignment
C-05206,Atlas Motors 05206,OEM,SA,Brazil,234,98,42187,41300000,consignment
C-05207,Atlas Distribution 05207,Aftermarket,EMEA-E,Romania,309,95,2745,300000,spot
C-05208,Sumida Distribution 05208,Aftermarket,APAC-IN,India,265,95,422,5600000,LTA
C-05209,Kestrel Systems 05209,Tier-1,NA-MX,Mexico,254,95,2785,5800000,consignment
C-05210,Vantage Motors 05210,OEM,NA-US,United States,218,98,36569,36300000,LTA
C-05211,Norvia Distribution 05211,Distributor,EMEA-E,Romania,341,95,3450,200000,LTA
C-05212,Baltia Distribution 05212,Aftermarket,NA-US,United States,404,95,2417,1400000,LTA
C-05213,Delantra Motors 05213,OEM,EMEA-E,Poland,82,98,34968,23300000,consignment
C-05214,Norvia Motors 05214,OEM,APAC-IN,India,220,98,57295,29100000,LTA
C-05215,Norvia Distribution 05215,Aftermarket,APAC-SE,Vietnam,19,95,3996,900000,spot
C-05216,Vantage Distribution 05216,Aftermarket,APAC-NE,South Korea,440,95,2066,700000,consignment
C-05217,Delantra Distribution 05217,Aftermarket,APAC-SE,Vietnam,227,95,2212,600000,consignment
C-05218,Baltia Motors 05218,OEM,NA-MX,Mexico,446,98,30722,87700000,consignment
C-05219,Delantra Distribution 05219,Distributor,NA-US,United States,145,95,1962,1100000,LTA
C-05220,Cordis Distribution 05220,Aftermarket,EMEA-E,Turkey,144,95,488,4900000,LTA
C-05221,Bluepeak Distribution 05221,Aftermarket,EMEA-E,Czechia,235,95,3360,3100000,LTA
C-05222,Bluepeak Motors 05222,OEM,EMEA-E,Czechia,261,98,29202,24900000,LTA
C-05223,Baltia Motors 05223,OEM,EMEA-E,Romania,201,98,33781,52300000,spot
C-05224,Kestrel Motors 05224,OEM,EMEA-E,Poland,234,98,15792,10700000,consignment
C-05225,Cordis Systems 05225,Tier-1,EMEA-E,Romania,400,95,2284,6000000,LTA
C-05226,Orion Motors 05226,OEM,SA,Argentina,385,98,13799,31200000,LTA
C-05227,Baltia Distribution 05227,Distributor,EMEA-E,Poland,440,95,1401,5900000,LTA
C-05228,Atlas Distribution 05228,Distributor,APAC-IN,India,477,95,3452,2300000,LTA
C-05229,Norvia Motors 05229,OEM,APAC-IN,India,371,98,5843,15300000,LTA
C-05230,Bluepeak Motors 05230,OEM,NA-MX,Mexico,106,98,47955,14500000,LTA
C-05231,Vantage Systems 05231,Tier-1,APAC-SE,Malaysia,193,95,2518,3800000,LTA
C-05232,Atlas Motors 05232,OEM,SA,Argentina,163,98,5584,7800000,spot
C-05233,Delantra Systems 05233,Tier-1,NA-MX,Mexico,363,95,2655,2400000,consignment
C-05234,Atlas Distribution 05234,Aftermarket,NA-US,United States,265,95,3061,1600000,spot
C-05235,Vantage Distribution 05235,Aftermarket,EMEA-E,Romania,270,95,3297,3700000,LTA
C-05236,Norvia Systems 05236,Tier-1,NA-MX,Mexico,441,95,1085,2300000,LTA
C-05237,Kestrel Systems 05237,Tier-1,APAC-IN,India,68,95,1644,1200000,consignment
C-05238,Kestrel Systems 05238,Tier-1,EMEA-W,Germany,288,95,3573,5800000,spot
C-05239,Bluepeak Motors 05239,OEM,APAC-NE,Japan,104,98,41593,74400000,consignment
C-05240,Delantra Distribution 05240,Aftermarket,NA-US,United States,189,95,2244,1600000,consignment
C-05241,Orion Distribution 05241,Aftermarket,SA,Brazil,176,95,3202,1800000,LTA
C-05242,Kestrel Motors 05242,OEM,APAC-IN,India,11,98,50972,66100000,consignment
C-05243,Orion Systems 05243,Tier-1,SA,Brazil,449,95,2712,4900000,LTA
C-05244,Baltia Systems 05244,Tier-1,NA-MX,Mexico,130,95,734,5200000,LTA
C-05245,Delantra Distribution 05245,Distributor,EMEA-W,Spain,123,95,1315,4200000,spot
C-05246,Norvia Systems 05246,Tier-1,EMEA-E,Turkey,441,95,1161,5800000,LTA
C-05247,Bluepeak Distribution 05247,Distributor,NA-MX,Mexico,354,95,3074,2700000,consignment
C-05248,Kestrel Motors 05248,OEM,NA-MX,Mexico,481,98,32304,6200000,spot
C-05249,Vantage Systems 05249,Tier-1,APAC-NE,China,405,95,3272,2600000,spot
C-05250,Vantage Systems 05250,Tier-1,NA-US,United States,11,95,2703,100000,LTA
C-05251,Delantra Motors 05251,OEM,EMEA-W,Spain,157,98,53111,30400000,consignment
C-05252,Bluepeak Distribution 05252,Distributor,EMEA-W,Spain,472,95,558,3200000,consignment
C-05253,Cordis Systems 05253,Tier-1,APAC-NE,Taiwan,142,95,3378,1400000,consignment
C-05254,Atlas Motors 05254,OEM,NA-MX,Mexico,59,98,26676,59000000,consignment
C-05255,Vantage Distribution 05255,Aftermarket,APAC-NE,South Korea,238,95,2718,600000,consignment
C-05256,Bluepeak Motors 05256,OEM,NA-MX,Mexico,223,98,50455,88700000,spot
C-05257,Kestrel Distribution 05257,Aftermarket,APAC-IN,India,190,95,937,5400000,spot
C-05258,Norvia Motors 05258,OEM,SA,Argentina,409,98,40859,61100000,spot
C-05259,Kestrel Systems 05259,Tier-1,EMEA-W,Spain,402,95,1541,3100000,LTA
C-05260,Sumida Motors 05260,OEM,SA,Brazil,79,98,43320,72200000,consignment
C-05261,Delantra Motors 05261,OEM,APAC-IN,India,33,98,39133,49800000,LTA
C-05262,Sumida Motors 05262,OEM,APAC-NE,South Korea,251,98,51505,84800000,LTA
C-05263,Orion Distribution 05263,Distributor,APAC-SE,Thailand,404,95,2213,1900000,consignment
C-05264,Atlas Systems 05264,Tier-1,EMEA-E,Poland,341,95,933,5300000,LTA
C-05265,Delantra Distribution 05265,Aftermarket,NA-US,United States,216,95,243,4200000,spot
C-05266,Kestrel Motors 05266,OEM,SA,Argentina,404,98,32922,62200000,LTA
C-05267,Kestrel Distribution 05267,Aftermarket,APAC-NE,Taiwan,131,95,9,5600000,spot
C-05268,Delantra Distribution 05268,Aftermarket,EMEA-W,Italy,419,95,2962,5300000,spot
C-05269,Baltia Motors 05269,OEM,EMEA-W,Italy,39,98,44600,8400000,consignment
C-05270,Kestrel Systems 05270,Tier-1,EMEA-W,Italy,90,95,3272,900000,LTA
C-05271,Norvia Systems 05271,Tier-1,NA-MX,Mexico,434,95,3093,300000,spot
C-05272,Kestrel Motors 05272,OEM,EMEA-W,Italy,344,98,26164,73500000,consignment
C-05273,Sumida Motors 05273,OEM,APAC-NE,South Korea,294,98,38773,30800000,LTA
C-05274,Delantra Motors 05274,OEM,NA-US,United States,482,98,42093,42400000,LTA
C-05275,Delantra Motors 05275,OEM,NA-MX,Mexico,183,98,13386,77100000,spot
C-05276,Baltia Motors 05276,OEM,NA-US,United States,217,98,48926,72700000,consignment
C-05277,Atlas Distribution 05277,Aftermarket,SA,Brazil,282,95,1667,3000000,LTA
C-05278,Kestrel Distribution 05278,Aftermarket,NA-US,United States,318,95,1316,200000,consignment
C-05279,Cordis Systems 05279,Tier-1,APAC-IN,India,347,95,3048,1700000,LTA
C-05280,Sumida Distribution 05280,Distributor,SA,Argentina,75,95,985,1800000,LTA
C-05281,Cordis Motors 05281,OEM,APAC-IN,India,371,98,23087,29400000,consignment
C-05282,Vantage Distribution 05282,Distributor,EMEA-W,Germany,243,95,2339,5600000,consignment
C-05283,Cordis Motors 05283,OEM,APAC-IN,India,375,98,43938,78900000,consignment
C-05284,Orion Distribution 05284,Aftermarket,SA,Brazil,135,95,1411,3100000,spot
C-05285,Kestrel Systems 05285,Tier-1,EMEA-E,Czechia,298,95,38,1900000,LTA
C-05286,Sumida Motors 05286,OEM,NA-MX,Mexico,199,98,35504,83700000,spot
C-05287,Atlas Distribution 05287,Distributor,APAC-IN,India,134,95,3180,3700000,LTA
C-05288,Bluepeak Motors 05288,OEM,EMEA-W,Spain,474,98,26665,22300000,LTA
C-05289,Orion Motors 05289,OEM,APAC-IN,India,72,98,36395,69300000,LTA
C-05290,Baltia Distribution 05290,Distributor,EMEA-W,Italy,150,95,3940,3600000,consignment
C-05291,Delantra Systems 05291,Tier-1,EMEA-W,Italy,26,95,3202,2700000,LTA
C-05292,Orion Motors 05292,OEM,APAC-SE,Thailand,111,98,13306,81600000,LTA
C-05293,Cordis Systems 05293,Tier-1,APAC-NE,South Korea,51,95,2536,2500000,LTA
C-05294,Vantage Distribution 05294,Aftermarket,APAC-NE,Taiwan,234,95,557,4900000,consignment
C-05295,Cordis Motors 05295,OEM,APAC-SE,Malaysia,286,98,49705,66700000,LTA
C-05296,Vantage Motors 05296,OEM,NA-US,United States,423,98,22938,5200000,spot
C-05297,Sumida Motors 05297,OEM,SA,Brazil,197,98,29677,87100000,LTA
C-05298,Bluepeak Distribution 05298,Aftermarket,APAC-NE,Japan,327,95,986,3600000,LTA
C-05299,Norvia Systems 05299,Tier-1,APAC-IN,India,435,95,2530,2600000,LTA
C-05300,Sumida Motors 05300,OEM,APAC-NE,Taiwan,124,98,33648,83500000,spot
C-05301,Norvia Systems 05301,Tier-1,NA-US,United States,454,95,299,3500000,LTA
C-05302,Cordis Systems 05302,Tier-1,APAC-IN,India,488,95,2041,1500000,LTA
C-05303,Vantage Motors 05303,OEM,NA-MX,Mexico,348,98,17845,10200000,spot
C-05304,Orion Motors 05304,OEM,APAC-NE,China,453,98,47746,62200000,consignment
C-05305,Vantage Motors 05305,OEM,APAC-SE,Indonesia,307,98,39473,83200000,consignment
C-05306,Baltia Distribution 05306,Aftermarket,EMEA-W,France,352,95,2722,4600000,spot
C-05307,Vantage Systems 05307,Tier-1,NA-MX,Mexico,15,95,1162,4300000,LTA
C-05308,Cordis Distribution 05308,Distributor,NA-MX,Mexico,467,95,2725,3600000,LTA
C-05309,Delantra Motors 05309,OEM,APAC-NE,China,456,98,36864,18500000,LTA
C-05310,Kestrel Systems 05310,Tier-1,APAC-SE,Malaysia,367,95,758,3700000,consignment
C-05311,Cordis Motors 05311,OEM,EMEA-W,France,424,98,47089,35400000,consignment
C-05312,Sumida Motors 05312,OEM,APAC-NE,China,80,98,6594,69600000,LTA
C-05313,Orion Distribution 05313,Distributor,EMEA-W,Italy,222,95,550,5600000,spot
C-05314,Sumida Systems 05314,Tier-1,EMEA-W,Spain,19,95,3393,4400000,spot
C-05315,Kestrel Distribution 05315,Distributor,APAC-NE,Taiwan,200,95,2230,4300000,spot
C-05316,Baltia Distribution 05316,Distributor,APAC-NE,South Korea,69,95,220,600000,LTA
C-05317,Cordis Distribution 05317,Aftermarket,NA-US,United States,18,95,2675,3700000,LTA
C-05318,Vantage Distribution 05318,Aftermarket,NA-US,United States,365,95,424,100000,consignment
C-05319,Cordis Systems 05319,Tier-1,APAC-SE,Vietnam,225,95,874,800000,consignment
C-05320,Orion Motors 05320,OEM,NA-US,United States,37,98,17308,51900000,LTA
C-05321,Atlas Motors 05321,OEM,APAC-IN,India,49,98,15704,11000000,spot
C-05322,Bluepeak Distribution 05322,Aftermarket,NA-MX,Mexico,105,95,3498,5400000,LTA
C-05323,Orion Motors 05323,OEM,NA-MX,Mexico,90,98,44885,84800000,LTA
C-05324,Cordis Distribution 05324,Aftermarket,EMEA-E,Poland,192,95,2329,5000000,spot
C-05325,Orion Motors 05325,OEM,NA-MX,Mexico,140,98,57298,78300000,consignment
C-05326,Delantra Motors 05326,OEM,SA,Brazil,385,98,55005,40400000,LTA
C-05327,Norvia Motors 05327,OEM,EMEA-W,Germany,83,98,22547,23900000,LTA
C-05328,Atlas Systems 05328,Tier-1,EMEA-W,Italy,105,95,2707,700000,spot
C-05329,Atlas Systems 05329,Tier-1,NA-US,United States,217,95,15,200000,LTA
C-05330,Atlas Distribution 05330,Distributor,EMEA-W,Italy,194,95,3041,3600000,LTA
C-05331,Orion Distribution 05331,Distributor,APAC-NE,China,396,95,1624,3800000,consignment
C-05332,Bluepeak Motors 05332,OEM,APAC-SE,Malaysia,305,98,6720,41800000,spot
C-05333,Vantage Motors 05333,OEM,SA,Brazil,441,98,56361,18100000,LTA
C-05334,Delantra Motors 05334,OEM,SA,Argentina,497,98,20378,73900000,LTA
C-05335,Delantra Motors 05335,OEM,NA-MX,Mexico,485,98,33601,58600000,consignment
C-05336,Orion Distribution 05336,Aftermarket,APAC-NE,China,365,95,753,1400000,LTA
C-05337,Atlas Distribution 05337,Distributor,SA,Argentina,35,95,2311,1200000,LTA
C-05338,Bluepeak Distribution 05338,Aftermarket,APAC-SE,Indonesia,425,95,2780,500000,spot
C-05339,Orion Distribution 05339,Distributor,EMEA-E,Romania,46,95,1388,1300000,consignment
C-05340,Delantra Distribution 05340,Aftermarket,APAC-IN,India,314,95,1250,6000000,spot
C-05341,Kestrel Distribution 05341,Aftermarket,EMEA-W,Spain,174,95,3348,3200000,LTA
C-05342,Delantra Distribution 05342,Distributor,EMEA-W,Spain,241,95,973,200000,spot
C-05343,Sumida Motors 05343,OEM,SA,Brazil,153,98,49807,64400000,spot
C-05344,Bluepeak Systems 05344,Tier-1,NA-US,United States,495,95,1428,3900000,LTA
C-05345,Orion Motors 05345,OEM,APAC-SE,Vietnam,175,98,35038,61400000,consignment
C-05346,Delantra Systems 05346,Tier-1,APAC-SE,Malaysia,295,95,1476,3900000,LTA
C-05347,Bluepeak Distribution 05347,Aftermarket,APAC-NE,China,133,95,964,5700000,LTA
C-05348,Baltia Motors 05348,OEM,EMEA-E,Turkey,349,98,48495,77900000,LTA
C-05349,Cordis Distribution 05349,Aftermarket,EMEA-W,Italy,210,95,1618,1200000,spot
C-05350,Atlas Distribution 05350,Aftermarket,SA,Argentina,368,95,1933,100000,LTA
C-05351,Bluepeak Distribution 05351,Distributor,EMEA-E,Poland,477,95,2195,5600000,LTA
C-05352,Kestrel Systems 05352,Tier-1,EMEA-E,Czechia,45,95,3566,5900000,LTA
C-05353,Sumida Distribution 05353,Distributor,NA-MX,Mexico,248,95,3881,3900000,LTA
C-05354,Atlas Motors 05354,OEM,APAC-SE,Malaysia,406,98,20750,57500000,spot
C-05355,Kestrel Distribution 05355,Distributor,NA-MX,Mexico,24,95,2159,2700000,spot
C-05356,Orion Motors 05356,OEM,EMEA-E,Poland,61,98,37823,85300000,consignment
C-05357,Norvia Distribution 05357,Distributor,SA,Brazil,135,95,2868,2100000,spot
C-05358,Cordis Distribution 05358,Aftermarket,EMEA-E,Czechia,174,95,2610,4900000,LTA
C-05359,Sumida Motors 05359,OEM,NA-US,United States,157,98,17825,41400000,consignment
C-05360,Sumida Distribution 05360,Distributor,EMEA-E,Romania,183,95,3692,5300000,LTA
C-05361,Delantra Distribution 05361,Aftermarket,EMEA-E,Romania,311,95,614,5400000,spot
C-05362,Baltia Distribution 05362,Aftermarket,NA-US,United States,291,95,307,3300000,spot
C-05363,Atlas Systems 05363,Tier-1,NA-MX,Mexico,334,95,1064,1600000,LTA
C-05364,Kestrel Motors 05364,OEM,NA-US,United States,367,98,56740,59800000,consignment
C-05365,Bluepeak Motors 05365,OEM,EMEA-W,Germany,237,98,5263,52800000,spot
C-05366,Sumida Distribution 05366,Aftermarket,APAC-SE,Malaysia,232,95,2743,3800000,spot
C-05367,Norvia Distribution 05367,Aftermarket,EMEA-E,Romania,138,95,1425,3600000,spot
C-05368,Atlas Systems 05368,Tier-1,NA-MX,Mexico,49,95,1274,300000,LTA
C-05369,Baltia Distribution 05369,Aftermarket,NA-MX,Mexico,401,95,1825,3000000,LTA
C-05370,Delantra Motors 05370,OEM,EMEA-E,Turkey,159,98,49467,8200000,spot
C-05371,Vantage Systems 05371,Tier-1,APAC-NE,China,16,95,3309,2500000,LTA
C-05372,Sumida Motors 05372,OEM,APAC-SE,Indonesia,294,98,28343,89700000,spot
C-05373,Baltia Distribution 05373,Distributor,APAC-SE,Indonesia,68,95,1841,3200000,LTA
C-05374,Kestrel Distribution 05374,Aftermarket,EMEA-W,Italy,211,95,450,5400000,spot
C-05375,Kestrel Distribution 05375,Aftermarket,APAC-NE,China,205,95,785,3000000,LTA
C-05376,Kestrel Distribution 05376,Distributor,APAC-IN,India,465,95,3973,1900000,LTA
C-05377,Kestrel Distribution 05377,Aftermarket,EMEA-E,Turkey,82,95,423,1500000,consignment
C-05378,Norvia Systems 05378,Tier-1,SA,Argentina,191,95,1203,1100000,consignment
C-05379,Atlas Distribution 05379,Aftermarket,EMEA-E,Czechia,308,95,3303,5900000,spot
C-05380,Orion Motors 05380,OEM,EMEA-W,Spain,196,98,24455,56500000,consignment
C-05381,Sumida Motors 05381,OEM,APAC-IN,India,434,98,7751,35700000,LTA
C-05382,Atlas Motors 05382,OEM,SA,Brazil,138,98,25383,34600000,LTA
C-05383,Orion Motors 05383,OEM,APAC-IN,India,487,98,39890,51900000,consignment
C-05384,Norvia Distribution 05384,Distributor,NA-US,United States,285,95,886,4100000,spot
C-05385,Cordis Distribution 05385,Aftermarket,APAC-SE,Thailand,430,95,45,2200000,consignment
C-05386,Cordis Systems 05386,Tier-1,NA-MX,Mexico,325,95,1747,700000,spot
C-05387,Bluepeak Systems 05387,Tier-1,APAC-NE,Taiwan,360,95,3496,4000000,LTA
C-05388,Norvia Distribution 05388,Aftermarket,EMEA-W,France,71,95,204,5400000,LTA
C-05389,Norvia Motors 05389,OEM,NA-MX,Mexico,485,98,23015,41000000,LTA
C-05390,Kestrel Systems 05390,Tier-1,EMEA-W,Germany,177,95,464,800000,LTA
C-05391,Norvia Distribution 05391,Aftermarket,NA-MX,Mexico,17,95,3866,1100000,consignment
C-05392,Kestrel Systems 05392,Tier-1,NA-US,United States,106,95,3809,2300000,consignment
C-05393,Kestrel Motors 05393,OEM,EMEA-W,Germany,147,98,36573,80400000,spot
C-05394,Orion Distribution 05394,Distributor,EMEA-W,France,42,95,1899,3500000,LTA
C-05395,Sumida Motors 05395,OEM,SA,Argentina,199,98,27262,31000000,consignment
C-05396,Sumida Motors 05396,OEM,EMEA-W,Germany,325,98,14247,88700000,spot
C-05397,Cordis Motors 05397,OEM,EMEA-E,Romania,197,98,18519,65200000,consignment
C-05398,Kestrel Motors 05398,OEM,APAC-NE,Japan,419,98,34582,62700000,spot
C-05399,Vantage Motors 05399,OEM,EMEA-W,Spain,191,98,44370,11500000,LTA
C-05400,Norvia Motors 05400,OEM,EMEA-W,France,88,98,11478,89300000,spot
C-05401,Baltia Motors 05401,OEM,NA-US,United States,491,98,32577,39500000,LTA
C-05402,Delantra Distribution 05402,Aftermarket,APAC-SE,Indonesia,113,95,1448,4200000,LTA
C-05403,Norvia Motors 05403,OEM,APAC-SE,Indonesia,271,98,31695,55500000,spot
C-05404,Delantra Distribution 05404,Aftermarket,APAC-SE,Malaysia,85,95,3992,5300000,LTA
C-05405,Cordis Distribution 05405,Aftermarket,SA,Argentina,403,95,3879,2900000,LTA
C-05406,Vantage Motors 05406,OEM,APAC-SE,Malaysia,177,98,41837,5500000,spot
C-05407,Cordis Distribution 05407,Distributor,EMEA-E,Turkey,392,95,1785,1200000,spot
C-05408,Atlas Motors 05408,OEM,EMEA-E,Poland,234,98,57245,42100000,spot
C-05409,Sumida Motors 05409,OEM,EMEA-W,Spain,407,98,39041,51000000,consignment
C-05410,Norvia Distribution 05410,Aftermarket,APAC-SE,Indonesia,420,95,187,400000,LTA
C-05411,Atlas Systems 05411,Tier-1,SA,Brazil,493,95,2516,2500000,consignment
C-05412,Atlas Motors 05412,OEM,NA-US,United States,422,98,48332,40900000,consignment
C-05413,Norvia Distribution 05413,Aftermarket,EMEA-E,Poland,372,95,2754,4700000,LTA
C-05414,Norvia Systems 05414,Tier-1,NA-MX,Mexico,220,95,2811,4400000,consignment
C-05415,Norvia Motors 05415,OEM,APAC-SE,Malaysia,467,98,36563,73200000,LTA
C-05416,Kestrel Motors 05416,OEM,EMEA-W,Germany,176,98,20946,13900000,LTA
C-05417,Cordis Distribution 05417,Aftermarket,SA,Argentina,475,95,2731,2900000,spot
C-05418,Baltia Distribution 05418,Aftermarket,NA-MX,Mexico,239,95,3165,5500000,consignment
C-05419,Vantage Motors 05419,OEM,NA-US,United States,284,98,38412,45800000,LTA
C-05420,Delantra Distribution 05420,Aftermarket,NA-US,United States,207,95,206,3500000,consignment
C-05421,Vantage Motors 05421,OEM,EMEA-E,Romania,290,98,28557,9500000,consignment
C-05422,Norvia Distribution 05422,Distributor,APAC-IN,India,111,95,1188,5200000,spot
C-05423,Vantage Motors 05423,OEM,EMEA-E,Czechia,270,98,14883,48100000,LTA
C-05424,Cordis Motors 05424,OEM,NA-MX,Mexico,426,98,54621,81000000,LTA
C-05425,Vantage Motors 05425,OEM,APAC-SE,Thailand,494,98,15579,51100000,spot
C-05426,Bluepeak Motors 05426,OEM,APAC-SE,Thailand,468,98,31524,7600000,consignment
C-05427,Kestrel Distribution 05427,Aftermarket,SA,Brazil,63,95,1057,600000,spot
C-05428,Cordis Motors 05428,OEM,NA-US,United States,317,98,53535,13700000,LTA
C-05429,Cordis Motors 05429,OEM,SA,Argentina,311,98,52569,73400000,consignment
C-05430,Orion Distribution 05430,Aftermarket,NA-MX,Mexico,441,95,3584,1800000,consignment
C-05431,Orion Distribution 05431,Distributor,NA-MX,Mexico,181,95,3290,3600000,LTA
C-05432,Baltia Motors 05432,OEM,SA,Brazil,205,98,48255,16600000,consignment
C-05433,Baltia Motors 05433,OEM,SA,Brazil,493,98,16144,78500000,spot
C-05434,Delantra Motors 05434,OEM,SA,Argentina,478,98,57051,10100000,LTA
C-05435,Baltia Motors 05435,OEM,EMEA-W,Germany,303,98,22974,36100000,LTA
C-05436,Cordis Motors 05436,OEM,EMEA-E,Turkey,470,98,19558,12300000,spot
C-05437,Atlas Systems 05437,Tier-1,NA-MX,Mexico,97,95,542,5200000,spot
C-05438,Sumida Systems 05438,Tier-1,NA-MX,Mexico,162,95,146,3300000,LTA
C-05439,Delantra Motors 05439,OEM,NA-US,United States,159,98,24292,48000000,LTA
C-05440,Baltia Distribution 05440,Aftermarket,APAC-NE,Taiwan,171,95,1961,6000000,LTA
C-05441,Bluepeak Motors 05441,OEM,APAC-SE,Vietnam,265,98,12521,70800000,consignment
C-05442,Sumida Motors 05442,OEM,NA-US,United States,347,98,19334,27500000,consignment
C-05443,Baltia Motors 05443,OEM,APAC-IN,India,87,98,16995,12900000,consignment
C-05444,Orion Motors 05444,OEM,APAC-IN,India,490,98,26291,59400000,LTA
C-05445,Bluepeak Systems 05445,Tier-1,APAC-IN,India,321,95,2611,1100000,consignment
C-05446,Norvia Distribution 05446,Aftermarket,EMEA-W,Italy,301,95,2656,5800000,LTA
C-05447,Vantage Motors 05447,OEM,SA,Brazil,260,98,44379,62700000,consignment
C-05448,Bluepeak Motors 05448,OEM,APAC-IN,India,238,98,28180,11100000,spot
C-05449,Bluepeak Distribution 05449,Distributor,APAC-NE,China,388,95,2395,3100000,spot
C-05450,Cordis Distribution 05450,Distributor,APAC-NE,China,154,95,262,4800000,spot
C-05451,Atlas Motors 05451,OEM,NA-MX,Mexico,83,98,52876,16600000,LTA
C-05452,Norvia Distribution 05452,Aftermarket,APAC-NE,Japan,87,95,3820,600000,consignment
C-05453,Orion Systems 05453,Tier-1,APAC-SE,Vietnam,244,95,3659,2500000,consignment
C-05454,Baltia Motors 05454,OEM,APAC-SE,Vietnam,307,98,29343,65200000,LTA
C-05455,Cordis Motors 05455,OEM,EMEA-E,Poland,179,98,48139,76100000,LTA
C-05456,Cordis Motors 05456,OEM,APAC-NE,Taiwan,347,98,13849,88700000,spot
C-05457,Norvia Distribution 05457,Aftermarket,SA,Argentina,286,95,740,4200000,spot
C-05458,Delantra Distribution 05458,Aftermarket,EMEA-E,Poland,258,95,3512,3700000,LTA
C-05459,Norvia Distribution 05459,Aftermarket,APAC-NE,China,124,95,2150,400000,spot
C-05460,Kestrel Motors 05460,OEM,APAC-SE,Malaysia,114,98,32645,6200000,consignment
C-05461,Norvia Motors 05461,OEM,EMEA-E,Romania,199,98,22601,29300000,LTA
C-05462,Norvia Distribution 05462,Distributor,EMEA-W,Italy,288,95,276,5700000,consignment
C-05463,Kestrel Distribution 05463,Distributor,APAC-SE,Thailand,259,95,598,4200000,consignment
C-05464,Kestrel Motors 05464,OEM,EMEA-W,Germany,250,98,47606,83200000,LTA
C-05465,Sumida Motors 05465,OEM,APAC-SE,Thailand,226,98,21450,83400000,LTA
C-05466,Baltia Systems 05466,Tier-1,NA-MX,Mexico,100,95,1609,4400000,LTA
C-05467,Orion Distribution 05467,Aftermarket,EMEA-W,Germany,216,95,2425,3400000,consignment
C-05468,Norvia Motors 05468,OEM,APAC-SE,Thailand,392,98,43835,46200000,consignment
C-05469,Vantage Motors 05469,OEM,APAC-NE,China,148,98,58836,41800000,LTA
C-05470,Atlas Motors 05470,OEM,APAC-NE,Japan,313,98,37183,67200000,consignment
C-05471,Sumida Distribution 05471,Distributor,NA-US,United States,56,95,3784,2900000,spot
C-05472,Delantra Motors 05472,OEM,NA-MX,Mexico,276,98,11969,8900000,consignment
C-05473,Sumida Distribution 05473,Aftermarket,EMEA-W,Spain,366,95,3845,2100000,spot
C-05474,Bluepeak Motors 05474,OEM,APAC-IN,India,439,98,51484,12500000,LTA
C-05475,Cordis Motors 05475,OEM,NA-US,United States,81,98,27582,24500000,LTA
C-05476,Sumida Distribution 05476,Aftermarket,NA-US,United States,479,95,2782,5000000,spot
C-05477,Kestrel Distribution 05477,Aftermarket,APAC-IN,India,207,95,2103,4200000,LTA
C-05478,Kestrel Motors 05478,OEM,EMEA-W,Germany,190,98,42906,22100000,consignment
C-05479,Atlas Distribution 05479,Distributor,APAC-SE,Thailand,323,95,2637,3000000,LTA
C-05480,Atlas Distribution 05480,Aftermarket,NA-MX,Mexico,135,95,765,3300000,LTA
C-05481,Norvia Systems 05481,Tier-1,APAC-NE,South Korea,296,95,2492,1200000,consignment
C-05482,Cordis Systems 05482,Tier-1,APAC-SE,Indonesia,203,95,903,5100000,spot
C-05483,Bluepeak Distribution 05483,Distributor,EMEA-E,Czechia,167,95,170,600000,LTA
C-05484,Orion Motors 05484,OEM,APAC-NE,China,431,98,25204,75900000,LTA
C-05485,Atlas Motors 05485,OEM,SA,Brazil,183,98,56272,71400000,LTA
C-05486,Vantage Distribution 05486,Aftermarket,SA,Brazil,235,95,199,4000000,consignment
C-05487,Cordis Distribution 05487,Distributor,APAC-NE,Japan,107,95,3766,4400000,spot
C-05488,Bluepeak Motors 05488,OEM,APAC-IN,India,176,98,25121,39500000,consignment
C-05489,Atlas Systems 05489,Tier-1,APAC-IN,India,47,95,3917,2100000,spot
C-05490,Delantra Systems 05490,Tier-1,SA,Argentina,188,95,2759,600000,spot
C-05491,Baltia Systems 05491,Tier-1,APAC-IN,India,209,95,665,5800000,consignment
C-05492,Vantage Distribution 05492,Distributor,EMEA-E,Czechia,99,95,2791,5600000,LTA
C-05493,Bluepeak Distribution 05493,Aftermarket,EMEA-E,Czechia,96,95,1277,5600000,LTA
C-05494,Sumida Motors 05494,OEM,APAC-IN,India,78,98,38959,40800000,LTA
C-05495,Bluepeak Distribution 05495,Aftermarket,APAC-NE,South Korea,206,95,1685,2000000,consignment
C-05496,Cordis Systems 05496,Tier-1,APAC-IN,India,191,95,3131,5200000,LTA
C-05497,Kestrel Distribution 05497,Distributor,APAC-SE,Thailand,125,95,3121,5800000,LTA
C-05498,Norvia Motors 05498,OEM,EMEA-E,Poland,394,98,50140,26000000,LTA
C-05499,Sumida Systems 05499,Tier-1,NA-MX,Mexico,237,95,3315,1100000,consignment
C-05500,Vantage Motors 05500,OEM,APAC-SE,Vietnam,388,98,7947,4700000,consignment
C-05501,Baltia Distribution 05501,Aftermarket,EMEA-W,Germany,209,95,3079,1700000,consignment
C-05502,Bluepeak Distribution 05502,Distributor,SA,Argentina,407,95,3751,1400000,LTA
C-05503,Bluepeak Distribution 05503,Aftermarket,EMEA-W,Italy,261,95,2071,1500000,spot
C-05504,Baltia Distribution 05504,Aftermarket,NA-US,United States,182,95,2488,900000,spot
C-05505,Bluepeak Motors 05505,OEM,NA-US,United States,71,98,40427,82300000,consignment
C-05506,Orion Distribution 05506,Distributor,EMEA-E,Romania,307,95,3816,300000,LTA
C-05507,Delantra Motors 05507,OEM,APAC-IN,India,121,98,20060,17400000,LTA
C-05508,Delantra Distribution 05508,Distributor,APAC-NE,South Korea,98,95,2027,4700000,LTA
C-05509,Norvia Distribution 05509,Distributor,APAC-NE,South Korea,81,95,562,3900000,consignment
C-05510,Kestrel Distribution 05510,Aftermarket,APAC-NE,Taiwan,307,95,1851,5700000,LTA
C-05511,Baltia Distribution 05511,Distributor,APAC-SE,Indonesia,254,95,1010,4500000,spot
C-05512,Delantra Distribution 05512,Distributor,APAC-SE,Thailand,143,95,1700,4200000,consignment
C-05513,Kestrel Motors 05513,OEM,APAC-IN,India,447,98,52875,43900000,spot
C-05514,Sumida Distribution 05514,Aftermarket,APAC-SE,Indonesia,148,95,1950,2200000,spot
C-05515,Kestrel Motors 05515,OEM,SA,Argentina,90,98,46473,88400000,LTA
C-05516,Bluepeak Motors 05516,OEM,SA,Argentina,121,98,12992,42500000,LTA
C-05517,Cordis Distribution 05517,Aftermarket,EMEA-W,France,65,95,3506,5300000,consignment
C-05518,Orion Distribution 05518,Aftermarket,APAC-IN,India,471,95,3463,5400000,consignment
C-05519,Norvia Motors 05519,OEM,APAC-IN,India,52,98,8412,2800000,consignment
C-05520,Baltia Motors 05520,OEM,APAC-SE,Indonesia,342,98,27261,25100000,spot
C-05521,Norvia Motors 05521,OEM,APAC-IN,India,424,98,18825,73700000,consignment
C-05522,Delantra Distribution 05522,Distributor,EMEA-E,Czechia,172,95,784,3800000,consignment
C-05523,Orion Distribution 05523,Aftermarket,EMEA-E,Poland,268,95,1373,4800000,LTA
C-05524,Atlas Systems 05524,Tier-1,APAC-NE,South Korea,289,95,1545,1300000,LTA
C-05525,Atlas Distribution 05525,Distributor,EMEA-W,France,358,95,3282,3600000,spot
C-05526,Baltia Distribution 05526,Aftermarket,EMEA-W,France,47,95,1400,4800000,spot
C-05527,Orion Distribution 05527,Distributor,APAC-IN,India,418,95,2443,3900000,spot
C-05528,Kestrel Distribution 05528,Aftermarket,SA,Argentina,121,95,3042,5100000,consignment
C-05529,Atlas Distribution 05529,Distributor,NA-US,United States,255,95,3540,3500000,consignment
C-05530,Atlas Distribution 05530,Distributor,EMEA-E,Poland,451,95,2170,4000000,LTA
C-05531,Delantra Motors 05531,OEM,APAC-SE,Malaysia,224,98,46194,51000000,spot
C-05532,Atlas Distribution 05532,Distributor,NA-MX,Mexico,137,95,1154,5800000,LTA
C-05533,Orion Motors 05533,OEM,APAC-IN,India,55,98,6568,55800000,LTA
C-05534,Kestrel Distribution 05534,Aftermarket,APAC-NE,Taiwan,347,95,3864,5000000,spot
C-05535,Sumida Distribution 05535,Aftermarket,NA-US,United States,98,95,2410,2000000,consignment
C-05536,Kestrel Distribution 05536,Aftermarket,APAC-IN,India,134,95,3956,5000000,LTA
C-05537,Atlas Motors 05537,OEM,APAC-IN,India,333,98,59295,38300000,LTA
C-05538,Kestrel Distribution 05538,Aftermarket,EMEA-W,Italy,173,95,3961,4700000,LTA
C-05539,Kestrel Motors 05539,OEM,NA-MX,Mexico,464,98,11882,46700000,spot
C-05540,Delantra Motors 05540,OEM,NA-MX,Mexico,158,98,52583,51900000,spot
C-05541,Atlas Motors 05541,OEM,APAC-SE,Thailand,116,98,36916,54200000,LTA
C-05542,Delantra Distribution 05542,Aftermarket,NA-US,United States,218,95,3679,4500000,spot
C-05543,Kestrel Motors 05543,OEM,EMEA-E,Poland,263,98,37675,23300000,LTA
C-05544,Atlas Motors 05544,OEM,APAC-NE,South Korea,171,98,15848,4700000,LTA
C-05545,Sumida Systems 05545,Tier-1,APAC-NE,Japan,235,95,2820,3800000,LTA
C-05546,Baltia Distribution 05546,Aftermarket,SA,Brazil,365,95,1267,5500000,LTA
C-05547,Cordis Motors 05547,OEM,EMEA-E,Czechia,15,98,53643,68600000,LTA
C-05548,Atlas Motors 05548,OEM,SA,Brazil,123,98,26741,75300000,LTA
C-05549,Vantage Motors 05549,OEM,SA,Brazil,461,98,26596,52600000,spot
C-05550,Bluepeak Distribution 05550,Aftermarket,NA-MX,Mexico,241,95,3549,5400000,LTA
C-05551,Kestrel Motors 05551,OEM,APAC-SE,Indonesia,133,98,49407,72300000,LTA
C-05552,Atlas Motors 05552,OEM,EMEA-W,France,418,98,27842,70900000,spot
C-05553,Kestrel Distribution 05553,Distributor,NA-US,United States,228,95,3714,3900000,LTA
C-05554,Atlas Distribution 05554,Distributor,APAC-SE,Malaysia,250,95,3702,3500000,spot
C-05555,Bluepeak Motors 05555,OEM,SA,Argentina,376,98,33092,75500000,LTA
C-05556,Delantra Distribution 05556,Distributor,EMEA-W,Germany,331,95,2951,3700000,LTA
C-05557,Atlas Distribution 05557,Aftermarket,NA-US,United States,485,95,127,3300000,spot
C-05558,Baltia Systems 05558,Tier-1,EMEA-E,Romania,66,95,1308,1700000,LTA
C-05559,Sumida Distribution 05559,Aftermarket,SA,Brazil,431,95,3767,500000,consignment
C-05560,Sumida Motors 05560,OEM,APAC-IN,India,255,98,54971,86500000,spot
C-05561,Cordis Distribution 05561,Distributor,EMEA-E,Czechia,314,95,411,3800000,consignment
C-05562,Atlas Distribution 05562,Distributor,SA,Argentina,462,95,632,400000,LTA
C-05563,Sumida Motors 05563,OEM,EMEA-W,Germany,159,98,25456,25600000,LTA
C-05564,Bluepeak Motors 05564,OEM,EMEA-W,Spain,419,98,40347,73300000,LTA
C-05565,Baltia Distribution 05565,Aftermarket,NA-MX,Mexico,72,95,2104,5800000,LTA
C-05566,Kestrel Motors 05566,OEM,APAC-SE,Vietnam,154,98,48583,58300000,spot
C-05567,Vantage Motors 05567,OEM,NA-MX,Mexico,482,98,59239,38000000,LTA
C-05568,Orion Motors 05568,OEM,APAC-SE,Thailand,11,98,31956,7300000,consignment
C-05569,Delantra Motors 05569,OEM,NA-MX,Mexico,269,98,7317,3600000,spot
C-05570,Vantage Motors 05570,OEM,APAC-SE,Malaysia,382,98,38400,32400000,LTA
C-05571,Atlas Distribution 05571,Aftermarket,APAC-SE,Malaysia,18,95,2128,800000,spot
C-05572,Kestrel Distribution 05572,Aftermarket,EMEA-W,Italy,125,95,257,3300000,LTA
C-05573,Kestrel Motors 05573,OEM,APAC-IN,India,117,98,14780,36000000,spot
C-05574,Sumida Distribution 05574,Distributor,APAC-SE,Vietnam,98,95,975,3300000,LTA
C-05575,Delantra Distribution 05575,Distributor,EMEA-E,Czechia,195,95,131,100000,consignment
C-05576,Norvia Distribution 05576,Distributor,EMEA-E,Turkey,250,95,3334,1700000,LTA
C-05577,Sumida Motors 05577,OEM,SA,Argentina,153,98,45751,12400000,consignment
C-05578,Cordis Motors 05578,OEM,NA-US,United States,372,98,28608,26300000,consignment
C-05579,Bluepeak Systems 05579,Tier-1,NA-MX,Mexico,230,95,2255,3700000,LTA
C-05580,Kestrel Motors 05580,OEM,APAC-NE,Japan,54,98,31056,9900000,consignment
C-05581,Delantra Distribution 05581,Distributor,SA,Brazil,104,95,1506,100000,spot
C-05582,Vantage Systems 05582,Tier-1,EMEA-E,Czechia,367,95,1445,2200000,consignment
C-05583,Sumida Distribution 05583,Distributor,EMEA-E,Turkey,100,95,354,2700000,spot
C-05584,Vantage Distribution 05584,Distributor,EMEA-E,Turkey,96,95,3141,3200000,LTA
C-05585,Vantage Motors 05585,OEM,NA-MX,Mexico,350,98,15270,57600000,LTA
C-05586,Kestrel Systems 05586,Tier-1,APAC-SE,Vietnam,94,95,2625,3500000,consignment
C-05587,Atlas Distribution 05587,Distributor,SA,Argentina,237,95,1445,3500000,consignment
C-05588,Cordis Distribution 05588,Distributor,SA,Argentina,487,95,683,300000,LTA
C-05589,Norvia Distribution 05589,Aftermarket,EMEA-W,Spain,97,95,1645,1200000,consignment
C-05590,Delantra Distribution 05590,Aftermarket,APAC-IN,India,127,95,3430,2500000,LTA
C-05591,Orion Motors 05591,OEM,EMEA-W,France,396,98,53829,23300000,consignment
C-05592,Kestrel Systems 05592,Tier-1,EMEA-E,Romania,440,95,2708,3500000,LTA
C-05593,Vantage Motors 05593,OEM,APAC-NE,South Korea,123,98,14508,22900000,LTA
C-05594,Vantage Motors 05594,OEM,APAC-IN,India,252,98,32980,82400000,LTA
C-05595,Cordis Motors 05595,OEM,APAC-SE,Malaysia,145,98,57386,12700000,consignment
C-05596,Kestrel Systems 05596,Tier-1,APAC-IN,India,179,95,2389,2000000,LTA
C-05597,Norvia Distribution 05597,Distributor,APAC-SE,Vietnam,281,95,1131,500000,LTA
C-05598,Atlas Motors 05598,OEM,APAC-IN,India,465,98,48389,89800000,consignment
C-05599,Atlas Distribution 05599,Distributor,APAC-SE,Malaysia,491,95,2820,3000000,LTA
C-05600,Delantra Motors 05600,OEM,APAC-NE,South Korea,302,98,40102,2800000,spot
C-05601,Orion Motors 05601,OEM,APAC-NE,Taiwan,97,98,11092,15300000,LTA
C-05602,Bluepeak Distribution 05602,Aftermarket,APAC-SE,Malaysia,421,95,2834,5900000,consignment
C-05603,Bluepeak Motors 05603,OEM,APAC-NE,Japan,266,98,22139,16800000,spot
C-05604,Bluepeak Systems 05604,Tier-1,APAC-IN,India,75,95,2594,1600000,LTA
C-05605,Kestrel Distribution 05605,Aftermarket,APAC-IN,India,12,95,2065,600000,spot
C-05606,Atlas Systems 05606,Tier-1,EMEA-E,Romania,248,95,3481,2800000,consignment
C-05607,Atlas Systems 05607,Tier-1,EMEA-W,Italy,16,95,669,1900000,LTA
C-05608,Atlas Distribution 05608,Aftermarket,APAC-SE,Indonesia,44,95,3637,2500000,LTA
C-05609,Bluepeak Motors 05609,OEM,NA-US,United States,328,98,51341,62700000,LTA
C-05610,Vantage Distribution 05610,Distributor,NA-US,United States,299,95,3163,3200000,LTA
C-05611,Kestrel Distribution 05611,Distributor,APAC-SE,Malaysia,166,95,686,5900000,LTA
C-05612,Kestrel Distribution 05612,Distributor,NA-MX,Mexico,145,95,3949,3800000,LTA
C-05613,Bluepeak Motors 05613,OEM,EMEA-W,Spain,301,98,58556,52900000,spot
C-05614,Atlas Systems 05614,Tier-1,EMEA-E,Poland,319,95,3142,1500000,spot
C-05615,Sumida Distribution 05615,Distributor,EMEA-E,Czechia,319,95,266,3100000,LTA
C-05616,Cordis Distribution 05616,Distributor,SA,Brazil,174,95,608,1800000,LTA
C-05617,Cordis Systems 05617,Tier-1,APAC-NE,South Korea,336,95,1814,5000000,LTA
C-05618,Orion Motors 05618,OEM,SA,Brazil,476,98,27901,43500000,consignment
C-05619,Kestrel Distribution 05619,Distributor,APAC-IN,India,171,95,3348,4600000,LTA
C-05620,Kestrel Distribution 05620,Distributor,NA-MX,Mexico,159,95,1418,4500000,consignment
C-05621,Cordis Systems 05621,Tier-1,NA-US,United States,409,95,2668,1800000,LTA
C-05622,Delantra Systems 05622,Tier-1,EMEA-E,Czechia,347,95,2004,5900000,LTA
C-05623,Norvia Distribution 05623,Distributor,SA,Argentina,95,95,691,500000,spot
C-05624,Vantage Motors 05624,OEM,NA-US,United States,156,98,47121,26000000,LTA
C-05625,Baltia Distribution 05625,Distributor,EMEA-W,Germany,114,95,338,4600000,LTA
C-05626,Cordis Distribution 05626,Aftermarket,SA,Brazil,257,95,2740,5400000,LTA
C-05627,Orion Systems 05627,Tier-1,NA-MX,Mexico,409,95,3982,1100000,spot
C-05628,Orion Systems 05628,Tier-1,APAC-IN,India,444,95,3534,3200000,spot
C-05629,Vantage Distribution 05629,Distributor,NA-US,United States,332,95,2277,100000,LTA
C-05630,Delantra Motors 05630,OEM,NA-US,United States,80,98,36763,44800000,spot
C-05631,Kestrel Systems 05631,Tier-1,EMEA-E,Turkey,307,95,180,4700000,spot
C-05632,Kestrel Systems 05632,Tier-1,EMEA-W,Spain,152,95,783,600000,LTA
C-05633,Delantra Distribution 05633,Aftermarket,EMEA-W,France,158,95,2980,3000000,LTA
C-05634,Atlas Motors 05634,OEM,APAC-NE,South Korea,391,98,29602,16900000,spot
C-05635,Baltia Motors 05635,OEM,EMEA-E,Czechia,362,98,34235,89900000,consignment
C-05636,Kestrel Motors 05636,OEM,APAC-NE,Taiwan,208,98,27627,48800000,spot
C-05637,Vantage Motors 05637,OEM,SA,Argentina,341,98,28566,6800000,LTA
C-05638,Baltia Distribution 05638,Aftermarket,SA,Argentina,107,95,1934,5600000,LTA
C-05639,Sumida Motors 05639,OEM,EMEA-E,Poland,303,98,51541,64400000,LTA
C-05640,Vantage Distribution 05640,Aftermarket,EMEA-W,Germany,318,95,995,3900000,LTA
C-05641,Norvia Distribution 05641,Distributor,NA-MX,Mexico,29,95,496,2000000,LTA
C-05642,Kestrel Distribution 05642,Distributor,APAC-IN,India,400,95,2469,5900000,consignment
C-05643,Delantra Distribution 05643,Aftermarket,NA-MX,Mexico,356,95,1353,3400000,LTA
C-05644,Norvia Motors 05644,OEM,SA,Argentina,259,98,48551,6000000,spot
C-05645,Cordis Distribution 05645,Distributor,APAC-IN,India,29,95,2318,5600000,LTA
C-05646,Bluepeak Motors 05646,OEM,APAC-IN,India,183,98,54866,71500000,LTA
C-05647,Orion Distribution 05647,Aftermarket,NA-US,United States,296,95,611,5300000,LTA
C-05648,Kestrel Systems 05648,Tier-1,EMEA-W,France,101,95,1615,600000,LTA
C-05649,Baltia Distribution 05649,Aftermarket,EMEA-E,Romania,343,95,1621,3200000,consignment
C-05650,Kestrel Distribution 05650,Distributor,SA,Brazil,334,95,1938,2400000,LTA
C-05651,Orion Distribution 05651,Distributor,SA,Brazil,126,95,521,2400000,LTA
C-05652,Delantra Systems 05652,Tier-1,SA,Brazil,343,95,830,800000,LTA
C-05653,Kestrel Motors 05653,OEM,APAC-SE,Indonesia,307,98,46613,68800000,spot
C-05654,Bluepeak Systems 05654,Tier-1,NA-US,United States,473,95,269,6000000,LTA
C-05655,Cordis Distribution 05655,Aftermarket,EMEA-W,Germany,411,95,3081,4400000,LTA
C-05656,Kestrel Distribution 05656,Distributor,NA-US,United States,476,95,501,5600000,LTA
C-05657,Bluepeak Distribution 05657,Aftermarket,APAC-NE,China,353,95,308,4900000,LTA
C-05658,Kestrel Distribution 05658,Aftermarket,EMEA-E,Romania,58,95,111,5700000,consignment
C-05659,Bluepeak Distribution 05659,Aftermarket,NA-MX,Mexico,320,95,1023,4600000,LTA
C-05660,Orion Motors 05660,OEM,EMEA-W,Spain,402,98,31575,59700000,spot
C-05661,Vantage Motors 05661,OEM,APAC-IN,India,492,98,54817,88900000,spot
C-05662,Atlas Distribution 05662,Distributor,APAC-NE,China,367,95,121,5700000,spot
C-05663,Vantage Distribution 05663,Aftermarket,EMEA-E,Romania,230,95,2171,4500000,LTA
C-05664,Kestrel Systems 05664,Tier-1,EMEA-W,Italy,295,95,704,5800000,LTA
C-05665,Orion Systems 05665,Tier-1,APAC-NE,Taiwan,426,95,2985,5700000,spot
C-05666,Kestrel Distribution 05666,Aftermarket,APAC-SE,Indonesia,23,95,907,4000000,LTA
C-05667,Cordis Systems 05667,Tier-1,NA-US,United States,73,95,2036,1500000,spot
C-05668,Bluepeak Motors 05668,OEM,NA-MX,Mexico,356,98,26838,41300000,consignment
C-05669,Atlas Distribution 05669,Aftermarket,APAC-IN,India,296,95,3991,5100000,LTA
C-05670,Sumida Motors 05670,OEM,APAC-SE,Vietnam,222,98,5984,52600000,LTA
C-05671,Sumida Motors 05671,OEM,NA-US,United States,289,98,14243,87200000,spot
C-05672,Kestrel Distribution 05672,Distributor,APAC-SE,Malaysia,491,95,3714,2900000,LTA
C-05673,Kestrel Distribution 05673,Distributor,APAC-SE,Malaysia,118,95,3800,1600000,consignment
C-05674,Atlas Motors 05674,OEM,EMEA-W,Italy,70,98,25581,16700000,spot
C-05675,Norvia Motors 05675,OEM,APAC-SE,Indonesia,473,98,56900,26400000,LTA
C-05676,Vantage Systems 05676,Tier-1,EMEA-W,Germany,379,95,3978,1600000,LTA
C-05677,Cordis Distribution 05677,Distributor,APAC-NE,South Korea,350,95,3358,5600000,LTA
C-05678,Vantage Motors 05678,OEM,EMEA-W,Spain,165,98,44697,40400000,LTA
C-05679,Norvia Motors 05679,OEM,APAC-NE,Japan,150,98,5461,56500000,LTA
C-05680,Kestrel Motors 05680,OEM,APAC-SE,Thailand,430,98,42291,24600000,spot
C-05681,Orion Distribution 05681,Distributor,SA,Brazil,162,95,3876,1800000,LTA
C-05682,Norvia Distribution 05682,Distributor,EMEA-W,Germany,195,95,1555,4300000,spot
C-05683,Norvia Motors 05683,OEM,APAC-IN,India,178,98,42616,65300000,spot
C-05684,Cordis Motors 05684,OEM,NA-MX,Mexico,198,98,54460,81000000,LTA
C-05685,Vantage Systems 05685,Tier-1,SA,Argentina,271,95,3554,4900000,LTA
C-05686,Orion Motors 05686,OEM,APAC-NE,Japan,375,98,38881,67900000,LTA
C-05687,Sumida Motors 05687,OEM,APAC-IN,India,394,98,54703,55000000,spot
C-05688,Cordis Distribution 05688,Aftermarket,SA,Brazil,143,95,3824,3800000,consignment
C-05689,Delantra Systems 05689,Tier-1,APAC-SE,Thailand,48,95,2559,1600000,LTA
C-05690,Delantra Motors 05690,OEM,NA-MX,Mexico,335,98,12050,22200000,spot
C-05691,Kestrel Distribution 05691,Distributor,SA,Brazil,349,95,2954,2600000,LTA
C-05692,Kestrel Distribution 05692,Aftermarket,NA-US,United States,345,95,2511,1500000,LTA
C-05693,Delantra Distribution 05693,Aftermarket,APAC-SE,Malaysia,167,95,252,3400000,LTA
C-05694,Baltia Distribution 05694,Distributor,APAC-IN,India,372,95,1078,2800000,consignment
C-05695,Cordis Distribution 05695,Distributor,SA,Argentina,198,95,3936,600000,spot
C-05696,Delantra Systems 05696,Tier-1,NA-MX,Mexico,119,95,3365,3300000,consignment
C-05697,Delantra Motors 05697,OEM,NA-MX,Mexico,18,98,14147,63100000,spot
C-05698,Sumida Motors 05698,OEM,APAC-IN,India,154,98,43531,41700000,LTA
C-05699,Atlas Distribution 05699,Aftermarket,EMEA-W,Germany,270,95,3247,4800000,LTA
C-05700,Sumida Distribution 05700,Aftermarket,APAC-SE,Indonesia,473,95,3598,2000000,consignment
C-05701,Kestrel Distribution 05701,Distributor,NA-US,United States,174,95,2226,1700000,consignment
C-05702,Atlas Distribution 05702,Aftermarket,SA,Brazil,277,95,2633,1900000,consignment
C-05703,Bluepeak Distribution 05703,Distributor,SA,Brazil,306,95,1926,800000,spot
C-05704,Norvia Distribution 05704,Aftermarket,APAC-NE,Taiwan,105,95,1090,3900000,LTA
C-05705,Delantra Motors 05705,OEM,EMEA-E,Romania,110,98,56375,88100000,LTA
C-05706,Sumida Motors 05706,OEM,SA,Brazil,298,98,47780,82000000,spot
C-05707,Norvia Motors 05707,OEM,APAC-SE,Malaysia,317,98,11450,31100000,LTA
C-05708,Baltia Systems 05708,Tier-1,APAC-SE,Thailand,125,95,3805,2400000,spot
C-05709,Atlas Distribution 05709,Aftermarket,EMEA-E,Poland,486,95,2597,4500000,consignment
C-05710,Baltia Distribution 05710,Aftermarket,APAC-SE,Thailand,106,95,1912,5500000,LTA
C-05711,Orion Motors 05711,OEM,EMEA-W,France,123,98,34932,9800000,consignment
C-05712,Cordis Motors 05712,OEM,APAC-SE,Malaysia,363,98,24925,28300000,spot
C-05713,Vantage Motors 05713,OEM,NA-US,United States,194,98,22665,80300000,consignment
C-05714,Atlas Motors 05714,OEM,EMEA-E,Poland,222,98,54926,4600000,LTA
C-05715,Cordis Motors 05715,OEM,EMEA-E,Czechia,31,98,15444,24000000,LTA
C-05716,Cordis Systems 05716,Tier-1,APAC-IN,India,475,95,3394,100000,LTA
C-05717,Vantage Distribution 05717,Distributor,EMEA-E,Czechia,412,95,2081,5500000,LTA
C-05718,Cordis Distribution 05718,Aftermarket,NA-MX,Mexico,46,95,1826,4600000,spot
C-05719,Atlas Motors 05719,OEM,APAC-NE,Japan,192,98,7578,33700000,LTA
C-05720,Kestrel Motors 05720,OEM,SA,Brazil,476,98,43922,66100000,LTA
C-05721,Delantra Motors 05721,OEM,APAC-IN,India,490,98,33135,18400000,LTA
C-05722,Vantage Motors 05722,OEM,APAC-IN,India,423,98,50464,18700000,consignment
C-05723,Norvia Motors 05723,OEM,NA-US,United States,110,98,43395,88100000,consignment
C-05724,Orion Distribution 05724,Aftermarket,NA-MX,Mexico,196,95,3194,200000,consignment
C-05725,Cordis Distribution 05725,Distributor,APAC-SE,Malaysia,357,95,245,2900000,consignment
C-05726,Delantra Distribution 05726,Distributor,APAC-IN,India,239,95,2668,2200000,spot
C-05727,Baltia Motors 05727,OEM,EMEA-W,Italy,267,98,27260,74800000,LTA
C-05728,Delantra Distribution 05728,Distributor,APAC-IN,India,115,95,2816,6000000,consignment
C-05729,Bluepeak Motors 05729,OEM,EMEA-W,Spain,131,98,21898,16500000,consignment
C-05730,Baltia Motors 05730,OEM,APAC-SE,Indonesia,270,98,47444,70500000,LTA
C-05731,Bluepeak Motors 05731,OEM,APAC-SE,Malaysia,472,98,19116,67700000,consignment
C-05732,Delantra Systems 05732,Tier-1,APAC-IN,India,147,95,1850,4400000,LTA
C-05733,Sumida Distribution 05733,Aftermarket,EMEA-E,Czechia,391,95,2754,2800000,consignment
C-05734,Cordis Systems 05734,Tier-1,SA,Argentina,82,95,3356,1700000,LTA
C-05735,Atlas Motors 05735,OEM,EMEA-E,Romania,321,98,26195,42500000,LTA
C-05736,Sumida Motors 05736,OEM,NA-US,United States,292,98,52120,9500000,spot
C-05737,Kestrel Distribution 05737,Distributor,APAC-IN,India,130,95,3764,1300000,LTA
C-05738,Cordis Systems 05738,Tier-1,APAC-IN,India,233,95,3175,1600000,consignment
C-05739,Vantage Distribution 05739,Aftermarket,APAC-SE,Thailand,296,95,957,1000000,LTA
C-05740,Baltia Distribution 05740,Distributor,NA-MX,Mexico,216,95,1074,5100000,consignment
C-05741,Vantage Systems 05741,Tier-1,APAC-IN,India,274,95,616,4600000,LTA
C-05742,Sumida Systems 05742,Tier-1,APAC-SE,Vietnam,457,95,2689,900000,spot
C-05743,Norvia Motors 05743,OEM,NA-US,United States,89,98,55685,79400000,spot
C-05744,Delantra Motors 05744,OEM,SA,Argentina,208,98,10189,3300000,consignment
C-05745,Cordis Distribution 05745,Distributor,APAC-SE,Indonesia,474,95,3555,2400000,LTA
C-05746,Delantra Distribution 05746,Aftermarket,APAC-IN,India,207,95,277,1400000,LTA
C-05747,Kestrel Systems 05747,Tier-1,NA-US,United States,495,95,2363,4500000,LTA
C-05748,Delantra Motors 05748,OEM,APAC-SE,Vietnam,86,98,44807,59600000,consignment
C-05749,Atlas Motors 05749,OEM,SA,Argentina,473,98,24820,67700000,LTA
C-05750,Atlas Distribution 05750,Distributor,EMEA-E,Turkey,91,95,594,4800000,spot
C-05751,Cordis Distribution 05751,Aftermarket,APAC-SE,Thailand,78,95,3694,5500000,consignment
C-05752,Cordis Motors 05752,OEM,NA-US,United States,465,98,9435,75700000,consignment
C-05753,Bluepeak Distribution 05753,Distributor,APAC-SE,Indonesia,152,95,2728,5900000,LTA
C-05754,Bluepeak Motors 05754,OEM,SA,Brazil,270,98,16771,46300000,consignment
C-05755,Cordis Motors 05755,OEM,APAC-NE,South Korea,318,98,40188,45400000,spot
C-05756,Baltia Motors 05756,OEM,EMEA-W,Italy,493,98,44967,4300000,consignment
C-05757,Sumida Distribution 05757,Aftermarket,NA-MX,Mexico,223,95,686,4500000,LTA
C-05758,Vantage Motors 05758,OEM,APAC-NE,South Korea,238,98,51471,24000000,LTA
C-05759,Baltia Distribution 05759,Aftermarket,EMEA-W,Spain,128,95,365,900000,consignment
C-05760,Delantra Motors 05760,OEM,APAC-SE,Thailand,406,98,33997,66300000,LTA
C-05761,Cordis Distribution 05761,Distributor,SA,Brazil,128,95,2883,200000,LTA
C-05762,Bluepeak Motors 05762,OEM,APAC-IN,India,471,98,37649,13900000,LTA
C-05763,Delantra Distribution 05763,Aftermarket,EMEA-E,Poland,326,95,3646,3100000,spot
C-05764,Baltia Distribution 05764,Aftermarket,APAC-NE,China,67,95,3520,2900000,LTA
C-05765,Bluepeak Distribution 05765,Aftermarket,NA-US,United States,18,95,904,4200000,consignment
C-05766,Bluepeak Systems 05766,Tier-1,NA-MX,Mexico,59,95,979,5300000,consignment
C-05767,Orion Distribution 05767,Aftermarket,NA-MX,Mexico,421,95,2913,3100000,spot
C-05768,Orion Distribution 05768,Distributor,EMEA-W,Spain,350,95,2024,400000,spot
C-05769,Atlas Distribution 05769,Distributor,NA-MX,Mexico,430,95,339,5800000,consignment
C-05770,Atlas Distribution 05770,Aftermarket,APAC-SE,Malaysia,130,95,2552,3200000,spot
C-05771,Sumida Motors 05771,OEM,SA,Brazil,454,98,56667,40800000,LTA
C-05772,Atlas Motors 05772,OEM,APAC-NE,South Korea,25,98,49173,21200000,spot
C-05773,Atlas Motors 05773,OEM,EMEA-W,Spain,163,98,46226,56800000,consignment
C-05774,Bluepeak Distribution 05774,Aftermarket,APAC-SE,Vietnam,324,95,207,2300000,spot
C-05775,Baltia Distribution 05775,Distributor,APAC-SE,Indonesia,44,95,2206,5100000,LTA
C-05776,Baltia Systems 05776,Tier-1,EMEA-W,Spain,393,95,3048,2700000,consignment
C-05777,Sumida Distribution 05777,Distributor,APAC-NE,Japan,181,95,1393,600000,consignment
C-05778,Baltia Motors 05778,OEM,SA,Brazil,68,98,13380,40000000,spot
C-05779,Atlas Distribution 05779,Distributor,EMEA-W,Spain,48,95,315,1100000,LTA
C-05780,Sumida Distribution 05780,Aftermarket,APAC-IN,India,28,95,1778,1700000,consignment
C-05781,Norvia Systems 05781,Tier-1,EMEA-W,France,321,95,1466,1700000,LTA
C-05782,Atlas Motors 05782,OEM,EMEA-E,Turkey,258,98,32601,78900000,LTA
C-05783,Baltia Distribution 05783,Aftermarket,NA-MX,Mexico,447,95,2028,2500000,LTA
C-05784,Kestrel Motors 05784,OEM,SA,Brazil,201,98,6382,72600000,LTA
C-05785,Atlas Distribution 05785,Distributor,APAC-IN,India,79,95,1561,1400000,consignment
C-05786,Bluepeak Distribution 05786,Aftermarket,SA,Brazil,433,95,2525,700000,LTA
C-05787,Cordis Motors 05787,OEM,NA-US,United States,344,98,22510,26800000,consignment
C-05788,Delantra Distribution 05788,Distributor,EMEA-W,Germany,423,95,1576,3100000,LTA
C-05789,Orion Systems 05789,Tier-1,APAC-SE,Malaysia,31,95,3656,4000000,consignment
C-05790,Kestrel Distribution 05790,Aftermarket,APAC-SE,Thailand,269,95,2702,5800000,LTA
C-05791,Sumida Motors 05791,OEM,EMEA-W,Italy,85,98,36895,46900000,LTA
C-05792,Vantage Motors 05792,OEM,NA-US,United States,257,98,22797,39400000,LTA
C-05793,Cordis Distribution 05793,Distributor,APAC-SE,Malaysia,471,95,833,1300000,consignment
C-05794,Sumida Distribution 05794,Aftermarket,NA-MX,Mexico,491,95,2278,1700000,LTA
C-05795,Atlas Systems 05795,Tier-1,NA-MX,Mexico,88,95,373,4100000,LTA
C-05796,Orion Motors 05796,OEM,APAC-IN,India,65,98,15787,58600000,LTA
C-05797,Norvia Systems 05797,Tier-1,APAC-IN,India,207,95,1011,3500000,LTA
C-05798,Atlas Distribution 05798,Aftermarket,EMEA-W,Spain,262,95,3241,4700000,LTA
C-05799,Orion Distribution 05799,Aftermarket,NA-US,United States,329,95,2433,300000,spot
C-05800,Cordis Motors 05800,OEM,NA-US,United States,186,98,21265,5700000,consignment
C-05801,Cordis Motors 05801,OEM,NA-US,United States,399,98,45150,41100000,LTA
C-05802,Atlas Motors 05802,OEM,NA-US,United States,364,98,47677,23900000,LTA
C-05803,Vantage Systems 05803,Tier-1,APAC-IN,India,465,95,390,800000,LTA
C-05804,Baltia Motors 05804,OEM,NA-US,United States,27,98,41372,38900000,LTA
C-05805,Orion Systems 05805,Tier-1,EMEA-E,Romania,232,95,325,1300000,LTA
C-05806,Baltia Distribution 05806,Aftermarket,NA-US,United States,403,95,2455,500000,spot
C-05807,Orion Distribution 05807,Distributor,EMEA-W,Germany,108,95,380,300000,consignment
C-05808,Sumida Systems 05808,Tier-1,EMEA-W,Spain,492,95,2011,5300000,LTA
C-05809,Baltia Distribution 05809,Aftermarket,NA-MX,Mexico,83,95,2508,3300000,spot
C-05810,Kestrel Distribution 05810,Distributor,APAC-SE,Indonesia,333,95,2739,6000000,LTA
C-05811,Kestrel Motors 05811,OEM,APAC-SE,Thailand,235,98,10302,73100000,LTA
C-05812,Atlas Systems 05812,Tier-1,EMEA-E,Turkey,439,95,718,3500000,LTA
C-05813,Orion Systems 05813,Tier-1,NA-MX,Mexico,436,95,2988,4300000,spot
C-05814,Orion Motors 05814,OEM,EMEA-W,Germany,418,98,36656,27100000,consignment
C-05815,Baltia Distribution 05815,Distributor,APAC-SE,Thailand,345,95,84,1500000,consignment
C-05816,Sumida Distribution 05816,Aftermarket,EMEA-W,Spain,390,95,2965,4400000,consignment
C-05817,Delantra Motors 05817,OEM,APAC-IN,India,460,98,11920,73900000,LTA
C-05818,Vantage Distribution 05818,Distributor,EMEA-W,Germany,127,95,2677,1000000,consignment
C-05819,Orion Distribution 05819,Distributor,NA-MX,Mexico,168,95,2955,5500000,spot
C-05820,Norvia Distribution 05820,Distributor,APAC-NE,Japan,278,95,128,5800000,LTA
C-05821,Kestrel Systems 05821,Tier-1,NA-US,United States,167,95,236,4400000,LTA
C-05822,Delantra Distribution 05822,Aftermarket,APAC-SE,Malaysia,356,95,1121,3400000,LTA
C-05823,Atlas Motors 05823,OEM,NA-MX,Mexico,72,98,41110,59800000,consignment
C-05824,Baltia Systems 05824,Tier-1,EMEA-E,Romania,37,95,1423,6000000,spot
C-05825,Cordis Motors 05825,OEM,APAC-SE,Malaysia,278,98,50200,78600000,LTA
C-05826,Atlas Distribution 05826,Distributor,NA-MX,Mexico,183,95,1412,1100000,consignment
C-05827,Delantra Motors 05827,OEM,NA-US,United States,137,98,25340,15600000,LTA
C-05828,Norvia Motors 05828,OEM,NA-MX,Mexico,96,98,43761,51000000,LTA
C-05829,Bluepeak Systems 05829,Tier-1,EMEA-E,Poland,275,95,405,5600000,spot
C-05830,Bluepeak Motors 05830,OEM,NA-US,United States,377,98,44581,75900000,consignment
C-05831,Vantage Motors 05831,OEM,APAC-NE,South Korea,378,98,25610,12300000,spot
C-05832,Orion Distribution 05832,Distributor,NA-US,United States,322,95,2204,4600000,LTA
C-05833,Vantage Distribution 05833,Distributor,APAC-NE,China,44,95,1962,1000000,LTA
C-05834,Kestrel Distribution 05834,Aftermarket,EMEA-E,Czechia,453,95,3696,1600000,LTA
C-05835,Norvia Motors 05835,OEM,EMEA-E,Turkey,128,98,51410,36700000,LTA
C-05836,Atlas Motors 05836,OEM,APAC-NE,China,330,98,15973,52600000,spot
C-05837,Norvia Motors 05837,OEM,SA,Brazil,196,98,7464,61800000,LTA
C-05838,Bluepeak Motors 05838,OEM,SA,Brazil,44,98,38265,83800000,LTA
C-05839,Kestrel Systems 05839,Tier-1,APAC-NE,South Korea,32,95,1855,5300000,LTA
C-05840,Orion Motors 05840,OEM,EMEA-W,Germany,198,98,43748,77900000,LTA
C-05841,Sumida Distribution 05841,Aftermarket,APAC-IN,India,93,95,3604,3200000,LTA
C-05842,Baltia Distribution 05842,Aftermarket,EMEA-E,Poland,182,95,1780,3300000,LTA
C-05843,Norvia Motors 05843,OEM,APAC-NE,Taiwan,272,98,23482,15200000,consignment
C-05844,Bluepeak Motors 05844,OEM,EMEA-W,Germany,109,98,24122,46100000,LTA
C-05845,Baltia Distribution 05845,Distributor,APAC-SE,Thailand,438,95,3838,3100000,LTA
C-05846,Norvia Distribution 05846,Distributor,NA-MX,Mexico,73,95,2718,3400000,LTA
C-05847,Norvia Distribution 05847,Distributor,APAC-IN,India,413,95,3758,700000,LTA
C-05848,Bluepeak Motors 05848,OEM,APAC-IN,India,389,98,42367,87000000,LTA
C-05849,Orion Systems 05849,Tier-1,NA-US,United States,134,95,2511,5100000,LTA
C-05850,Norvia Motors 05850,OEM,APAC-IN,India,153,98,14266,12700000,spot
C-05851,Norvia Motors 05851,OEM,APAC-NE,China,385,98,13563,18000000,consignment
C-05852,Delantra Motors 05852,OEM,APAC-SE,Indonesia,473,98,11716,16100000,LTA
C-05853,Baltia Motors 05853,OEM,APAC-NE,Taiwan,162,98,39500,62600000,LTA
C-05854,Kestrel Distribution 05854,Distributor,NA-MX,Mexico,155,95,128,2500000,consignment
C-05855,Orion Motors 05855,OEM,NA-MX,Mexico,147,98,24656,50200000,LTA
C-05856,Norvia Motors 05856,OEM,NA-MX,Mexico,235,98,12506,53200000,LTA
C-05857,Cordis Distribution 05857,Aftermarket,APAC-NE,South Korea,256,95,3453,2700000,spot
C-05858,Atlas Motors 05858,OEM,NA-MX,Mexico,17,98,51593,9000000,spot
C-05859,Orion Distribution 05859,Distributor,APAC-SE,Malaysia,486,95,2233,400000,spot
C-05860,Delantra Systems 05860,Tier-1,APAC-SE,Malaysia,237,95,3799,4800000,LTA
C-05861,Atlas Motors 05861,OEM,SA,Argentina,148,98,24516,75000000,LTA
C-05862,Norvia Distribution 05862,Distributor,APAC-NE,Japan,214,95,1631,1500000,consignment
C-05863,Norvia Motors 05863,OEM,EMEA-W,France,43,98,39427,89400000,consignment
C-05864,Delantra Systems 05864,Tier-1,EMEA-W,France,421,95,3388,1100000,LTA
C-05865,Vantage Motors 05865,OEM,APAC-NE,Japan,469,98,17700,74600000,LTA
C-05866,Baltia Systems 05866,Tier-1,NA-US,United States,37,95,189,3600000,spot
C-05867,Norvia Motors 05867,OEM,SA,Argentina,342,98,35680,62800000,LTA
C-05868,Delantra Motors 05868,OEM,SA,Argentina,183,98,6329,8200000,spot
C-05869,Norvia Distribution 05869,Distributor,NA-MX,Mexico,379,95,3142,2500000,LTA
C-05870,Orion Motors 05870,OEM,SA,Argentina,190,98,33734,82400000,spot
C-05871,Vantage Systems 05871,Tier-1,NA-MX,Mexico,181,95,3274,5400000,spot
C-05872,Delantra Systems 05872,Tier-1,NA-MX,Mexico,307,95,19,1100000,LTA
C-05873,Baltia Systems 05873,Tier-1,APAC-NE,Taiwan,247,95,2390,700000,spot
C-05874,Sumida Distribution 05874,Aftermarket,EMEA-E,Poland,391,95,1845,5700000,consignment
C-05875,Sumida Distribution 05875,Distributor,EMEA-W,Germany,477,95,2960,5700000,LTA
C-05876,Atlas Distribution 05876,Distributor,SA,Argentina,402,95,2472,1500000,LTA
C-05877,Delantra Motors 05877,OEM,APAC-NE,Taiwan,72,98,44165,33200000,spot
C-05878,Vantage Distribution 05878,Distributor,NA-US,United States,319,95,1493,2700000,spot
C-05879,Cordis Distribution 05879,Distributor,EMEA-W,France,433,95,3943,5300000,LTA
C-05880,Orion Systems 05880,Tier-1,NA-MX,Mexico,167,95,2158,800000,spot
C-05881,Sumida Motors 05881,OEM,APAC-NE,China,26,98,53678,59700000,LTA
C-05882,Baltia Motors 05882,OEM,EMEA-W,Spain,461,98,17105,59800000,LTA
C-05883,Orion Motors 05883,OEM,APAC-SE,Indonesia,239,98,9082,16900000,spot
C-05884,Norvia Distribution 05884,Aftermarket,SA,Argentina,74,95,1582,700000,LTA
C-05885,Baltia Systems 05885,Tier-1,NA-MX,Mexico,157,95,3557,3600000,consignment
C-05886,Norvia Distribution 05886,Aftermarket,APAC-SE,Malaysia,424,95,2209,500000,consignment
C-05887,Cordis Motors 05887,OEM,EMEA-W,France,491,98,58273,37600000,spot
C-05888,Sumida Motors 05888,OEM,APAC-IN,India,485,98,28560,57100000,consignment
C-05889,Norvia Systems 05889,Tier-1,APAC-IN,India,257,95,3536,3700000,consignment
C-05890,Orion Distribution 05890,Distributor,EMEA-E,Turkey,90,95,821,3000000,LTA
C-05891,Orion Distribution 05891,Distributor,APAC-IN,India,288,95,2904,4600000,LTA
C-05892,Baltia Systems 05892,Tier-1,EMEA-W,Spain,197,95,2901,900000,spot
C-05893,Orion Distribution 05893,Aftermarket,EMEA-W,Germany,367,95,3385,3700000,LTA
C-05894,Cordis Distribution 05894,Distributor,EMEA-W,Germany,193,95,2238,2300000,LTA
C-05895,Atlas Distribution 05895,Aftermarket,SA,Brazil,394,95,842,1300000,spot
C-05896,Baltia Systems 05896,Tier-1,EMEA-E,Poland,270,95,35,3200000,LTA
C-05897,Bluepeak Motors 05897,OEM,APAC-IN,India,456,98,8588,41000000,LTA
C-05898,Baltia Distribution 05898,Distributor,NA-MX,Mexico,350,95,1449,3400000,LTA
C-05899,Sumida Distribution 05899,Distributor,APAC-NE,Taiwan,170,95,3479,4200000,spot
C-05900,Atlas Distribution 05900,Distributor,APAC-SE,Vietnam,430,95,3968,3300000,spot
C-05901,Norvia Motors 05901,OEM,SA,Argentina,252,98,43442,6300000,spot
C-05902,Atlas Distribution 05902,Distributor,APAC-SE,Vietnam,435,95,454,1500000,LTA
C-05903,Atlas Motors 05903,OEM,APAC-IN,India,61,98,36362,85600000,LTA
C-05904,Cordis Distribution 05904,Distributor,APAC-IN,India,269,95,1166,5200000,LTA
C-05905,Baltia Motors 05905,OEM,APAC-IN,India,211,98,26620,52800000,LTA
C-05906,Baltia Systems 05906,Tier-1,APAC-IN,India,385,95,48,1900000,LTA
C-05907,Cordis Distribution 05907,Aftermarket,NA-MX,Mexico,309,95,2003,1300000,spot
C-05908,Norvia Motors 05908,OEM,APAC-SE,Vietnam,354,98,55021,23500000,consignment
C-05909,Vantage Motors 05909,OEM,NA-MX,Mexico,185,98,57961,21100000,consignment
C-05910,Vantage Motors 05910,OEM,EMEA-W,Italy,413,98,30640,88400000,LTA
C-05911,Kestrel Distribution 05911,Aftermarket,EMEA-E,Czechia,309,95,533,4500000,spot
C-05912,Delantra Motors 05912,OEM,EMEA-W,Germany,308,98,19961,5300000,LTA
C-05913,Vantage Motors 05913,OEM,APAC-SE,Thailand,200,98,12554,79600000,consignment
C-05914,Orion Distribution 05914,Distributor,SA,Brazil,138,95,659,4200000,consignment
C-05915,Kestrel Systems 05915,Tier-1,EMEA-E,Romania,82,95,996,1200000,consignment
C-05916,Atlas Distribution 05916,Aftermarket,EMEA-E,Poland,229,95,3336,500000,LTA
C-05917,Vantage Systems 05917,Tier-1,EMEA-W,Italy,417,95,1462,4200000,LTA
C-05918,Norvia Motors 05918,OEM,APAC-SE,Thailand,84,98,44241,38600000,spot
C-05919,Delantra Systems 05919,Tier-1,APAC-NE,Japan,427,95,105,4200000,LTA
C-05920,Atlas Distribution 05920,Distributor,EMEA-E,Poland,53,95,976,4800000,LTA
C-05921,Delantra Systems 05921,Tier-1,SA,Argentina,255,95,2744,1600000,LTA
C-05922,Bluepeak Motors 05922,OEM,SA,Brazil,137,98,50697,16000000,LTA
C-05923,Orion Distribution 05923,Aftermarket,APAC-IN,India,292,95,761,5300000,spot
C-05924,Norvia Motors 05924,OEM,NA-MX,Mexico,298,98,9117,65200000,LTA
C-05925,Sumida Motors 05925,OEM,SA,Argentina,125,98,41219,77400000,consignment
C-05926,Delantra Distribution 05926,Distributor,APAC-IN,India,370,95,435,5400000,spot
C-05927,Delantra Motors 05927,OEM,EMEA-E,Turkey,171,98,17503,50300000,LTA
C-05928,Delantra Motors 05928,OEM,EMEA-E,Romania,266,98,11155,27000000,LTA
C-05929,Sumida Motors 05929,OEM,APAC-NE,Japan,374,98,24680,23300000,spot
C-05930,Atlas Systems 05930,Tier-1,EMEA-E,Turkey,298,95,1338,4300000,LTA
C-05931,Norvia Distribution 05931,Distributor,APAC-IN,India,267,95,2636,2200000,LTA
C-05932,Orion Systems 05932,Tier-1,APAC-IN,India,76,95,835,5200000,consignment
C-05933,Sumida Motors 05933,OEM,SA,Argentina,383,98,28684,44900000,LTA
C-05934,Orion Distribution 05934,Aftermarket,APAC-NE,Japan,496,95,1501,2200000,LTA
C-05935,Kestrel Motors 05935,OEM,EMEA-E,Turkey,282,98,25916,15200000,consignment
C-05936,Vantage Motors 05936,OEM,APAC-SE,Thailand,146,98,43616,21300000,LTA
C-05937,Kestrel Distribution 05937,Distributor,EMEA-W,Italy,266,95,858,2900000,LTA
C-05938,Kestrel Motors 05938,OEM,EMEA-W,Spain,203,98,39418,3400000,LTA
C-05939,Orion Systems 05939,Tier-1,EMEA-W,Germany,334,95,242,1000000,LTA
C-05940,Sumida Distribution 05940,Aftermarket,APAC-NE,Taiwan,103,95,1564,1300000,LTA
C-05941,Delantra Systems 05941,Tier-1,EMEA-W,France,274,95,3680,1800000,spot
C-05942,Atlas Motors 05942,OEM,EMEA-E,Turkey,226,98,5994,41200000,LTA
C-05943,Cordis Motors 05943,OEM,APAC-NE,Taiwan,70,98,38346,8100000,spot
C-05944,Sumida Distribution 05944,Distributor,APAC-IN,India,46,95,307,5000000,spot
C-05945,Baltia Systems 05945,Tier-1,EMEA-W,France,355,95,3495,2300000,consignment
C-05946,Baltia Motors 05946,OEM,APAC-NE,China,358,98,37641,39500000,spot
C-05947,Cordis Systems 05947,Tier-1,APAC-NE,China,382,95,2742,4800000,LTA
C-05948,Atlas Motors 05948,OEM,APAC-IN,India,250,98,41772,50000000,LTA
C-05949,Vantage Systems 05949,Tier-1,SA,Argentina,349,95,3306,3100000,LTA
C-05950,Baltia Motors 05950,OEM,SA,Argentina,138,98,40060,46500000,LTA
C-05951,Orion Systems 05951,Tier-1,NA-MX,Mexico,380,95,1266,900000,LTA
C-05952,Sumida Distribution 05952,Aftermarket,APAC-NE,Taiwan,285,95,3387,5900000,LTA
C-05953,Sumida Motors 05953,OEM,NA-MX,Mexico,345,98,22661,55600000,spot
C-05954,Delantra Motors 05954,OEM,APAC-NE,South Korea,12,98,25740,7400000,LTA
C-05955,Bluepeak Motors 05955,OEM,EMEA-E,Poland,386,98,33535,28200000,consignment
C-05956,Norvia Motors 05956,OEM,APAC-IN,India,494,98,21105,73800000,LTA
C-05957,Kestrel Systems 05957,Tier-1,SA,Brazil,207,95,499,2400000,consignment
C-05958,Kestrel Motors 05958,OEM,SA,Brazil,430,98,18233,62500000,spot
C-05959,Delantra Distribution 05959,Aftermarket,APAC-NE,China,197,95,99,300000,LTA
C-05960,Bluepeak Motors 05960,OEM,NA-US,United States,442,98,31471,18600000,spot
C-05961,Orion Distribution 05961,Distributor,NA-MX,Mexico,230,95,2892,4300000,LTA
C-05962,Atlas Systems 05962,Tier-1,SA,Brazil,378,95,2719,5300000,spot
C-05963,Atlas Distribution 05963,Aftermarket,APAC-NE,Japan,430,95,223,5200000,LTA
C-05964,Sumida Distribution 05964,Aftermarket,EMEA-W,Germany,209,95,125,1100000,LTA
C-05965,Kestrel Systems 05965,Tier-1,APAC-IN,India,488,95,3505,5300000,consignment
C-05966,Atlas Systems 05966,Tier-1,SA,Brazil,213,95,2218,6000000,LTA
C-05967,Baltia Motors 05967,OEM,SA,Argentina,104,98,13789,75500000,consignment
C-05968,Atlas Motors 05968,OEM,APAC-NE,China,122,98,39344,70500000,spot
C-05969,Orion Distribution 05969,Aftermarket,APAC-SE,Thailand,324,95,955,3800000,consignment
C-05970,Sumida Distribution 05970,Distributor,NA-US,United States,497,95,322,4100000,LTA
C-05971,Vantage Systems 05971,Tier-1,SA,Argentina,255,95,448,2000000,LTA
C-05972,Sumida Distribution 05972,Aftermarket,APAC-NE,Japan,399,95,1925,500000,LTA
C-05973,Kestrel Motors 05973,OEM,SA,Argentina,453,98,7263,6300000,consignment
C-05974,Bluepeak Distribution 05974,Distributor,EMEA-E,Czechia,241,95,1354,2200000,consignment
C-05975,Bluepeak Systems 05975,Tier-1,NA-US,United States,354,95,3512,3300000,LTA
C-05976,Norvia Systems 05976,Tier-1,APAC-NE,Taiwan,208,95,1618,5100000,LTA
C-05977,Baltia Distribution 05977,Distributor,APAC-SE,Vietnam,311,95,3335,1500000,spot
C-05978,Delantra Systems 05978,Tier-1,NA-MX,Mexico,454,95,1387,1700000,spot
C-05979,Delantra Motors 05979,OEM,NA-MX,Mexico,266,98,40078,72300000,LTA
C-05980,Vantage Motors 05980,OEM,NA-US,United States,61,98,25956,28200000,LTA
C-05981,Delantra Systems 05981,Tier-1,EMEA-E,Poland,462,95,1171,4800000,LTA
C-05982,Atlas Motors 05982,OEM,APAC-NE,Taiwan,244,98,43300,62000000,LTA
C-05983,Vantage Motors 05983,OEM,APAC-SE,Thailand,408,98,53156,64900000,LTA
C-05984,Atlas Motors 05984,OEM,APAC-NE,South Korea,203,98,46154,32600000,spot
C-05985,Sumida Motors 05985,OEM,EMEA-E,Poland,257,98,10003,6700000,spot
C-05986,Orion Motors 05986,OEM,NA-MX,Mexico,182,98,46103,41500000,LTA
C-05987,Vantage Motors 05987,OEM,APAC-IN,India,92,98,34082,15200000,consignment
C-05988,Orion Motors 05988,OEM,APAC-SE,Thailand,374,98,55765,2900000,consignment
C-05989,Orion Systems 05989,Tier-1,NA-US,United States,50,95,3312,1800000,LTA
C-05990,Baltia Systems 05990,Tier-1,NA-US,United States,183,95,1558,5500000,LTA
C-05991,Vantage Motors 05991,OEM,APAC-NE,Japan,439,98,16085,87800000,LTA
C-05992,Baltia Distribution 05992,Aftermarket,NA-US,United States,461,95,2769,1300000,spot
C-05993,Norvia Distribution 05993,Distributor,APAC-IN,India,150,95,99,3500000,spot
C-05994,Kestrel Distribution 05994,Aftermarket,EMEA-W,Germany,231,95,1456,500000,LTA
C-05995,Delantra Motors 05995,OEM,EMEA-E,Turkey,90,98,29197,58700000,spot
C-05996,Atlas Distribution 05996,Distributor,NA-US,United States,78,95,265,5300000,spot
C-05997,Kestrel Motors 05997,OEM,NA-MX,Mexico,401,98,14940,53000000,consignment
C-05998,Atlas Motors 05998,OEM,NA-MX,Mexico,38,98,13169,11600000,spot
C-05999,Bluepeak Systems 05999,Tier-1,APAC-SE,Indonesia,383,95,279,3600000,LTA
C-06000,Vantage Motors 06000,OEM,APAC-NE,Japan,13,98,43288,31200000,LTA
C-06001,Vantage Distribution 06001,Distributor,EMEA-E,Turkey,420,95,3569,300000,LTA
C-06002,Baltia Distribution 06002,Aftermarket,APAC-IN,India,79,95,1618,1000000,LTA
C-06003,Atlas Distribution 06003,Distributor,NA-MX,Mexico,392,95,2390,2800000,spot
C-06004,Norvia Distribution 06004,Distributor,SA,Argentina,157,95,3399,400000,consignment
C-06005,Bluepeak Systems 06005,Tier-1,NA-US,United States,464,95,138,1100000,spot
C-06006,Orion Motors 06006,OEM,NA-US,United States,82,98,59278,45800000,consignment
C-06007,Orion Motors 06007,OEM,APAC-NE,China,454,98,41960,7700000,LTA
C-06008,Norvia Motors 06008,OEM,EMEA-W,Germany,274,98,57531,61700000,consignment
C-06009,Vantage Systems 06009,Tier-1,NA-US,United States,11,95,24,5200000,consignment
C-06010,Delantra Distribution 06010,Aftermarket,NA-MX,Mexico,372,95,2063,5600000,LTA
C-06011,Kestrel Systems 06011,Tier-1,EMEA-W,Spain,448,95,2445,1700000,LTA
C-06012,Delantra Distribution 06012,Aftermarket,APAC-IN,India,199,95,2811,2100000,consignment
C-06013,Kestrel Distribution 06013,Aftermarket,NA-MX,Mexico,410,95,139,3600000,LTA
C-06014,Orion Motors 06014,OEM,NA-MX,Mexico,178,98,33174,48900000,LTA
C-06015,Vantage Systems 06015,Tier-1,EMEA-W,Italy,201,95,3958,3800000,LTA
C-06016,Kestrel Motors 06016,OEM,EMEA-W,Germany,420,98,44156,31600000,LTA
C-06017,Orion Distribution 06017,Distributor,EMEA-E,Romania,331,95,2189,1700000,consignment
C-06018,Delantra Systems 06018,Tier-1,EMEA-W,Germany,258,95,379,4900000,LTA
C-06019,Norvia Motors 06019,OEM,SA,Brazil,35,98,20816,72900000,spot
C-06020,Vantage Systems 06020,Tier-1,NA-MX,Mexico,136,95,3038,800000,spot
C-06021,Bluepeak Distribution 06021,Aftermarket,APAC-NE,China,195,95,2404,5300000,spot
C-06022,Norvia Systems 06022,Tier-1,APAC-IN,India,50,95,959,5900000,LTA
C-06023,Delantra Motors 06023,OEM,SA,Brazil,496,98,38346,79100000,LTA
C-06024,Atlas Motors 06024,OEM,EMEA-W,Italy,108,98,36341,52800000,LTA
C-06025,Vantage Motors 06025,OEM,APAC-IN,India,382,98,25773,75700000,LTA
C-06026,Bluepeak Distribution 06026,Distributor,APAC-IN,India,110,95,2411,3900000,LTA
C-06027,Orion Motors 06027,OEM,NA-MX,Mexico,269,98,29277,36500000,consignment
C-06028,Bluepeak Distribution 06028,Distributor,APAC-NE,South Korea,36,95,680,3500000,spot
C-06029,Delantra Distribution 06029,Aftermarket,NA-MX,Mexico,81,95,2961,1600000,LTA
C-06030,Baltia Distribution 06030,Aftermarket,SA,Argentina,56,95,3618,5500000,spot
C-06031,Sumida Motors 06031,OEM,NA-US,United States,134,98,33689,26900000,spot
C-06032,Baltia Distribution 06032,Distributor,SA,Argentina,249,95,3220,5600000,consignment
C-06033,Delantra Motors 06033,OEM,SA,Argentina,221,98,51855,5200000,LTA
C-06034,Vantage Systems 06034,Tier-1,EMEA-W,France,337,95,3506,3600000,consignment
C-06035,Cordis Systems 06035,Tier-1,APAC-IN,India,206,95,2836,3300000,LTA
C-06036,Sumida Distribution 06036,Aftermarket,EMEA-W,Italy,371,95,1660,3500000,spot
C-06037,Norvia Distribution 06037,Aftermarket,APAC-SE,Malaysia,174,95,3433,3900000,spot
C-06038,Delantra Systems 06038,Tier-1,APAC-SE,Vietnam,479,95,3092,5300000,LTA
C-06039,Cordis Distribution 06039,Distributor,NA-US,United States,275,95,3849,4800000,LTA
C-06040,Orion Motors 06040,OEM,NA-MX,Mexico,338,98,42326,19000000,consignment
C-06041,Cordis Systems 06041,Tier-1,EMEA-W,Italy,11,95,2522,5000000,spot
C-06042,Orion Systems 06042,Tier-1,APAC-IN,India,184,95,1764,1800000,consignment
C-06043,Norvia Distribution 06043,Distributor,EMEA-W,Spain,298,95,1443,3200000,consignment
C-06044,Delantra Systems 06044,Tier-1,APAC-NE,South Korea,341,95,2460,5600000,spot
C-06045,Sumida Distribution 06045,Aftermarket,EMEA-E,Romania,456,95,2292,900000,LTA
C-06046,Baltia Distribution 06046,Aftermarket,NA-MX,Mexico,331,95,3829,5400000,spot
C-06047,Vantage Distribution 06047,Aftermarket,APAC-SE,Vietnam,63,95,777,2200000,LTA
C-06048,Delantra Distribution 06048,Distributor,EMEA-E,Turkey,201,95,3001,3600000,spot
C-06049,Orion Distribution 06049,Aftermarket,APAC-SE,Indonesia,52,95,1968,1200000,spot
C-06050,Cordis Motors 06050,OEM,APAC-NE,South Korea,462,98,50272,80900000,LTA
C-06051,Bluepeak Motors 06051,OEM,SA,Argentina,472,98,11191,80400000,consignment
C-06052,Sumida Systems 06052,Tier-1,APAC-SE,Malaysia,103,95,3383,1500000,LTA
C-06053,Vantage Motors 06053,OEM,EMEA-E,Romania,325,98,33994,68100000,spot
C-06054,Vantage Distribution 06054,Distributor,EMEA-W,Italy,85,95,2906,3100000,consignment
C-06055,Atlas Motors 06055,OEM,APAC-IN,India,88,98,23570,48500000,spot
C-06056,Vantage Distribution 06056,Distributor,APAC-IN,India,273,95,757,4600000,spot
C-06057,Orion Systems 06057,Tier-1,EMEA-W,Germany,319,95,583,4400000,LTA
C-06058,Vantage Distribution 06058,Aftermarket,EMEA-W,Italy,391,95,3450,800000,spot
C-06059,Delantra Distribution 06059,Distributor,APAC-SE,Malaysia,153,95,3760,300000,spot
C-06060,Bluepeak Motors 06060,OEM,NA-MX,Mexico,68,98,29698,16300000,LTA
C-06061,Kestrel Motors 06061,OEM,EMEA-W,France,99,98,15995,73900000,consignment
C-06062,Sumida Systems 06062,Tier-1,APAC-IN,India,474,95,3276,5200000,spot
C-06063,Atlas Distribution 06063,Aftermarket,NA-MX,Mexico,457,95,704,6000000,LTA
C-06064,Atlas Motors 06064,OEM,APAC-IN,India,402,98,9868,75400000,LTA
C-06065,Baltia Distribution 06065,Aftermarket,NA-MX,Mexico,497,95,178,1000000,LTA
C-06066,Atlas Motors 06066,OEM,SA,Brazil,328,98,6340,30900000,LTA
C-06067,Bluepeak Distribution 06067,Aftermarket,EMEA-W,Italy,258,95,3558,5100000,consignment
C-06068,Vantage Systems 06068,Tier-1,APAC-IN,India,201,95,1384,2200000,consignment
C-06069,Atlas Distribution 06069,Aftermarket,NA-US,United States,62,95,2880,3800000,consignment
C-06070,Atlas Motors 06070,OEM,APAC-IN,India,320,98,46585,71600000,consignment
C-06071,Baltia Motors 06071,OEM,NA-US,United States,334,98,58452,13300000,spot
C-06072,Bluepeak Distribution 06072,Distributor,SA,Argentina,122,95,3102,3000000,consignment
C-06073,Norvia Distribution 06073,Aftermarket,EMEA-E,Turkey,499,95,784,6000000,LTA
C-06074,Kestrel Systems 06074,Tier-1,NA-US,United States,79,95,2855,3500000,LTA
C-06075,Sumida Distribution 06075,Aftermarket,APAC-NE,Taiwan,287,95,3564,800000,LTA
C-06076,Orion Systems 06076,Tier-1,NA-US,United States,291,95,1398,3400000,consignment
C-06077,Atlas Motors 06077,OEM,EMEA-E,Romania,497,98,42295,87800000,spot
C-06078,Baltia Systems 06078,Tier-1,EMEA-W,Spain,239,95,613,5200000,LTA
C-06079,Sumida Distribution 06079,Aftermarket,NA-MX,Mexico,418,95,1105,3800000,consignment
C-06080,Atlas Distribution 06080,Aftermarket,APAC-NE,China,404,95,504,300000,consignment
C-06081,Atlas Distribution 06081,Aftermarket,NA-MX,Mexico,495,95,3907,5900000,consignment
C-06082,Bluepeak Distribution 06082,Aftermarket,APAC-SE,Vietnam,159,95,2341,4200000,spot
C-06083,Atlas Motors 06083,OEM,APAC-IN,India,312,98,36416,26600000,LTA
C-06084,Baltia Motors 06084,OEM,APAC-SE,Vietnam,228,98,31191,59700000,spot
C-06085,Orion Distribution 06085,Distributor,SA,Argentina,245,95,3757,4400000,LTA
C-06086,Kestrel Motors 06086,OEM,APAC-NE,China,466,98,6847,38500000,LTA
C-06087,Baltia Motors 06087,OEM,APAC-NE,China,39,98,45932,86900000,consignment
C-06088,Bluepeak Motors 06088,OEM,EMEA-E,Turkey,497,98,53183,46600000,LTA
C-06089,Vantage Motors 06089,OEM,EMEA-E,Poland,455,98,56899,64300000,LTA
C-06090,Delantra Distribution 06090,Distributor,NA-MX,Mexico,103,95,3433,2000000,LTA
C-06091,Kestrel Distribution 06091,Aftermarket,APAC-IN,India,28,95,262,4800000,consignment
C-06092,Atlas Motors 06092,OEM,APAC-NE,South Korea,283,98,19272,70600000,consignment
C-06093,Sumida Distribution 06093,Aftermarket,EMEA-W,Germany,169,95,1822,2300000,LTA
C-06094,Delantra Distribution 06094,Distributor,EMEA-E,Turkey,152,95,558,4100000,LTA
C-06095,Vantage Motors 06095,OEM,NA-MX,Mexico,124,98,56961,6500000,LTA
C-06096,Sumida Systems 06096,Tier-1,NA-US,United States,165,95,3739,3700000,consignment
C-06097,Baltia Distribution 06097,Aftermarket,NA-MX,Mexico,182,95,2587,1300000,consignment
C-06098,Vantage Systems 06098,Tier-1,EMEA-W,Italy,215,95,2507,6000000,spot
C-06099,Cordis Motors 06099,OEM,NA-US,United States,256,98,50687,77800000,LTA
C-06100,Baltia Systems 06100,Tier-1,APAC-SE,Vietnam,397,95,247,1900000,spot
C-06101,Vantage Systems 06101,Tier-1,EMEA-W,Italy,240,95,312,3700000,LTA
C-06102,Kestrel Motors 06102,OEM,SA,Argentina,89,98,18531,67600000,LTA
C-06103,Baltia Distribution 06103,Distributor,EMEA-E,Turkey,290,95,699,4500000,spot
C-06104,Sumida Systems 06104,Tier-1,APAC-SE,Indonesia,455,95,2783,5600000,LTA
C-06105,Sumida Distribution 06105,Distributor,NA-MX,Mexico,315,95,1768,3000000,spot
C-06106,Vantage Motors 06106,OEM,EMEA-E,Romania,374,98,14580,20000000,LTA
C-06107,Sumida Motors 06107,OEM,EMEA-E,Poland,29,98,30126,80300000,consignment
C-06108,Kestrel Motors 06108,OEM,APAC-SE,Malaysia,461,98,26316,89800000,consignment
C-06109,Atlas Systems 06109,Tier-1,APAC-NE,Japan,63,95,1482,5200000,consignment
C-06110,Sumida Systems 06110,Tier-1,APAC-IN,India,45,95,1890,4600000,consignment
C-06111,Baltia Systems 06111,Tier-1,EMEA-E,Romania,345,95,1087,2400000,LTA
C-06112,Atlas Systems 06112,Tier-1,APAC-SE,Indonesia,49,95,1407,5200000,spot
C-06113,Orion Systems 06113,Tier-1,NA-US,United States,409,95,1213,400000,LTA
C-06114,Orion Motors 06114,OEM,NA-US,United States,307,98,20664,41200000,spot
C-06115,Norvia Distribution 06115,Aftermarket,SA,Brazil,57,95,1923,700000,spot
C-06116,Kestrel Motors 06116,OEM,APAC-SE,Malaysia,100,98,15705,86500000,LTA
C-06117,Kestrel Motors 06117,OEM,NA-MX,Mexico,372,98,28114,80000000,spot
C-06118,Sumida Distribution 06118,Distributor,APAC-NE,Japan,20,95,2385,5200000,LTA
C-06119,Bluepeak Motors 06119,OEM,SA,Brazil,315,98,28356,43100000,consignment
C-06120,Vantage Motors 06120,OEM,APAC-SE,Malaysia,442,98,16276,70100000,spot
C-06121,Sumida Motors 06121,OEM,SA,Argentina,427,98,39933,49700000,consignment
C-06122,Orion Distribution 06122,Distributor,NA-MX,Mexico,355,95,2224,1800000,LTA
C-06123,Atlas Distribution 06123,Aftermarket,APAC-SE,Vietnam,306,95,792,500000,spot
C-06124,Vantage Distribution 06124,Distributor,EMEA-E,Romania,420,95,832,4900000,spot
C-06125,Delantra Systems 06125,Tier-1,NA-US,United States,125,95,2609,2000000,consignment
C-06126,Atlas Systems 06126,Tier-1,APAC-SE,Indonesia,32,95,1452,1900000,LTA
C-06127,Orion Motors 06127,OEM,APAC-IN,India,479,98,59360,8500000,spot
C-06128,Atlas Systems 06128,Tier-1,EMEA-E,Poland,336,95,3924,300000,consignment
C-06129,Orion Systems 06129,Tier-1,APAC-IN,India,288,95,341,1500000,spot
C-06130,Orion Systems 06130,Tier-1,APAC-SE,Thailand,281,95,2847,2800000,LTA
C-06131,Delantra Motors 06131,OEM,SA,Brazil,27,98,31148,31500000,consignment
C-06132,Delantra Distribution 06132,Distributor,NA-US,United States,362,95,926,4100000,spot
C-06133,Baltia Distribution 06133,Aftermarket,EMEA-W,Spain,452,95,2561,1700000,consignment
C-06134,Bluepeak Motors 06134,OEM,APAC-SE,Vietnam,392,98,49126,47800000,LTA
C-06135,Atlas Distribution 06135,Distributor,EMEA-W,Spain,417,95,1179,3200000,consignment
C-06136,Bluepeak Motors 06136,OEM,EMEA-W,Spain,327,98,12684,9100000,LTA
C-06137,Delantra Systems 06137,Tier-1,NA-US,United States,383,95,1430,4000000,spot
C-06138,Cordis Systems 06138,Tier-1,NA-MX,Mexico,34,95,3655,5200000,LTA
C-06139,Norvia Distribution 06139,Aftermarket,EMEA-E,Romania,240,95,2254,5300000,consignment
C-06140,Baltia Distribution 06140,Aftermarket,APAC-NE,Taiwan,407,95,1842,1600000,LTA
C-06141,Vantage Distribution 06141,Aftermarket,SA,Brazil,277,95,3683,4800000,LTA
C-06142,Baltia Motors 06142,OEM,APAC-SE,Thailand,20,98,34545,17500000,LTA
C-06143,Norvia Systems 06143,Tier-1,EMEA-W,Spain,24,95,1866,5300000,spot
C-06144,Cordis Distribution 06144,Distributor,APAC-IN,India,241,95,761,2600000,consignment
C-06145,Cordis Motors 06145,OEM,NA-US,United States,135,98,6282,10600000,LTA
C-06146,Bluepeak Motors 06146,OEM,EMEA-E,Romania,25,98,9118,59100000,consignment
C-06147,Kestrel Distribution 06147,Aftermarket,EMEA-W,France,332,95,3636,4400000,LTA
C-06148,Norvia Distribution 06148,Distributor,EMEA-E,Romania,407,95,3180,5900000,LTA
C-06149,Norvia Motors 06149,OEM,APAC-NE,Japan,268,98,49180,51100000,LTA
C-06150,Baltia Distribution 06150,Aftermarket,SA,Argentina,150,95,394,1400000,spot
C-06151,Norvia Motors 06151,OEM,SA,Brazil,24,98,17518,52000000,spot
C-06152,Baltia Motors 06152,OEM,EMEA-E,Poland,386,98,5081,72100000,consignment
C-06153,Bluepeak Distribution 06153,Distributor,APAC-SE,Malaysia,485,95,1339,1300000,consignment
C-06154,Kestrel Distribution 06154,Distributor,SA,Brazil,421,95,688,2100000,spot
C-06155,Delantra Distribution 06155,Distributor,SA,Argentina,48,95,3870,3600000,consignment
C-06156,Norvia Motors 06156,OEM,APAC-NE,Japan,341,98,13301,79200000,LTA
C-06157,Baltia Motors 06157,OEM,APAC-SE,Thailand,417,98,15218,31000000,spot
C-06158,Cordis Motors 06158,OEM,APAC-IN,India,198,98,18018,87200000,spot
C-06159,Baltia Distribution 06159,Aftermarket,APAC-SE,Vietnam,47,95,2873,5400000,spot
C-06160,Orion Distribution 06160,Aftermarket,NA-US,United States,364,95,459,1100000,consignment
C-06161,Orion Distribution 06161,Aftermarket,APAC-SE,Indonesia,485,95,149,3300000,spot
C-06162,Atlas Distribution 06162,Distributor,APAC-SE,Thailand,442,95,2231,5100000,LTA
C-06163,Baltia Systems 06163,Tier-1,SA,Argentina,12,95,64,1700000,LTA
C-06164,Kestrel Systems 06164,Tier-1,APAC-IN,India,111,95,3095,5200000,spot
C-06165,Cordis Motors 06165,OEM,APAC-IN,India,74,98,25065,54200000,consignment
C-06166,Norvia Distribution 06166,Distributor,APAC-SE,Vietnam,485,95,937,900000,consignment
C-06167,Delantra Distribution 06167,Distributor,APAC-IN,India,129,95,1222,3800000,LTA
C-06168,Orion Distribution 06168,Aftermarket,EMEA-W,France,320,95,230,5000000,LTA
C-06169,Sumida Distribution 06169,Distributor,NA-US,United States,278,95,729,800000,consignment
C-06170,Orion Motors 06170,OEM,EMEA-E,Turkey,110,98,19995,41700000,spot
C-06171,Atlas Distribution 06171,Aftermarket,EMEA-W,Italy,289,95,3862,2300000,spot
C-06172,Vantage Distribution 06172,Distributor,APAC-SE,Malaysia,300,95,2200,3700000,LTA
C-06173,Sumida Motors 06173,OEM,EMEA-E,Poland,423,98,51693,8500000,consignment
C-06174,Baltia Distribution 06174,Aftermarket,SA,Brazil,63,95,876,5800000,spot
C-06175,Cordis Systems 06175,Tier-1,APAC-SE,Indonesia,247,95,1587,3400000,spot
C-06176,Kestrel Distribution 06176,Distributor,EMEA-W,Spain,243,95,2618,2600000,spot
C-06177,Cordis Motors 06177,OEM,EMEA-W,Spain,138,98,56629,4800000,spot
C-06178,Orion Distribution 06178,Aftermarket,SA,Brazil,26,95,1435,300000,spot
C-06179,Cordis Motors 06179,OEM,APAC-SE,Thailand,413,98,14491,71600000,LTA
C-06180,Delantra Distribution 06180,Distributor,EMEA-W,Germany,492,95,1285,4600000,spot
C-06181,Delantra Distribution 06181,Distributor,SA,Argentina,104,95,685,2000000,spot
C-06182,Baltia Motors 06182,OEM,APAC-NE,Japan,420,98,31142,16500000,LTA
C-06183,Baltia Distribution 06183,Distributor,APAC-SE,Thailand,357,95,1007,400000,consignment
C-06184,Baltia Systems 06184,Tier-1,EMEA-W,Spain,237,95,1362,400000,LTA
C-06185,Bluepeak Distribution 06185,Aftermarket,EMEA-E,Turkey,19,95,1627,5600000,spot
C-06186,Bluepeak Distribution 06186,Aftermarket,NA-MX,Mexico,186,95,687,300000,LTA
C-06187,Norvia Systems 06187,Tier-1,NA-MX,Mexico,400,95,1013,1500000,spot
C-06188,Cordis Motors 06188,OEM,NA-MX,Mexico,33,98,15715,79000000,LTA
C-06189,Sumida Motors 06189,OEM,APAC-IN,India,146,98,43593,24900000,spot
C-06190,Vantage Motors 06190,OEM,NA-US,United States,369,98,46659,13500000,consignment
C-06191,Vantage Motors 06191,OEM,APAC-SE,Thailand,420,98,48748,56500000,LTA
C-06192,Norvia Systems 06192,Tier-1,SA,Brazil,310,95,1898,1800000,spot
C-06193,Vantage Distribution 06193,Aftermarket,APAC-SE,Vietnam,72,95,1717,4000000,spot
C-06194,Bluepeak Motors 06194,OEM,APAC-IN,India,248,98,43117,45700000,spot
C-06195,Orion Motors 06195,OEM,APAC-SE,Thailand,285,98,54213,83700000,consignment
C-06196,Kestrel Distribution 06196,Aftermarket,EMEA-W,France,275,95,3430,3500000,spot
C-06197,Norvia Systems 06197,Tier-1,NA-US,United States,75,95,1838,4600000,spot
C-06198,Kestrel Distribution 06198,Aftermarket,APAC-NE,Taiwan,240,95,2408,5300000,LTA
C-06199,Bluepeak Motors 06199,OEM,NA-US,United States,433,98,28662,45000000,consignment
C-06200,Atlas Distribution 06200,Distributor,APAC-NE,South Korea,159,95,2598,1700000,LTA
C-06201,Cordis Distribution 06201,Distributor,NA-MX,Mexico,187,95,1620,4500000,spot
C-06202,Cordis Motors 06202,OEM,EMEA-W,France,302,98,51320,18100000,spot
C-06203,Sumida Distribution 06203,Aftermarket,NA-MX,Mexico,158,95,2671,6000000,LTA
C-06204,Kestrel Distribution 06204,Distributor,NA-MX,Mexico,431,95,3550,3300000,LTA
C-06205,Atlas Systems 06205,Tier-1,SA,Argentina,397,95,3705,1200000,LTA
C-06206,Cordis Motors 06206,OEM,APAC-NE,South Korea,198,98,40223,18000000,consignment
C-06207,Vantage Distribution 06207,Aftermarket,SA,Brazil,461,95,3395,1000000,LTA
C-06208,Norvia Systems 06208,Tier-1,APAC-SE,Malaysia,424,95,26,4800000,LTA
C-06209,Sumida Distribution 06209,Aftermarket,EMEA-W,Germany,22,95,404,200000,spot
C-06210,Vantage Distribution 06210,Aftermarket,SA,Argentina,166,95,3161,3800000,LTA
C-06211,Baltia Motors 06211,OEM,SA,Brazil,191,98,51171,16200000,spot
C-06212,Orion Motors 06212,OEM,NA-US,United States,308,98,8704,58400000,spot
C-06213,Orion Motors 06213,OEM,EMEA-E,Romania,175,98,52150,2500000,LTA
C-06214,Delantra Distribution 06214,Aftermarket,APAC-SE,Indonesia,26,95,3645,3600000,LTA
C-06215,Baltia Distribution 06215,Distributor,APAC-IN,India,179,95,3383,5700000,spot
C-06216,Baltia Systems 06216,Tier-1,APAC-SE,Indonesia,25,95,2191,1700000,LTA
C-06217,Atlas Motors 06217,OEM,EMEA-W,Spain,14,98,30583,20500000,consignment
C-06218,Atlas Motors 06218,OEM,NA-US,United States,149,98,19925,16800000,consignment
C-06219,Norvia Distribution 06219,Distributor,NA-MX,Mexico,179,95,743,1600000,LTA
C-06220,Vantage Distribution 06220,Distributor,APAC-SE,Vietnam,93,95,2784,5600000,LTA
C-06221,Delantra Systems 06221,Tier-1,NA-US,United States,494,95,381,1600000,LTA
C-06222,Atlas Motors 06222,OEM,EMEA-W,France,383,98,14480,46300000,LTA
C-06223,Baltia Motors 06223,OEM,NA-MX,Mexico,367,98,12210,53100000,consignment
C-06224,Atlas Distribution 06224,Aftermarket,NA-MX,Mexico,359,95,1790,5600000,LTA
C-06225,Delantra Motors 06225,OEM,NA-US,United States,432,98,29074,35600000,LTA
C-06226,Atlas Distribution 06226,Distributor,APAC-IN,India,348,95,3585,400000,consignment
C-06227,Kestrel Motors 06227,OEM,NA-US,United States,60,98,49228,72200000,consignment
C-06228,Sumida Motors 06228,OEM,EMEA-E,Czechia,132,98,54598,69300000,consignment
C-06229,Atlas Motors 06229,OEM,APAC-IN,India,77,98,26041,22400000,LTA
C-06230,Cordis Motors 06230,OEM,APAC-IN,India,139,98,16807,25600000,spot
C-06231,Bluepeak Distribution 06231,Distributor,SA,Brazil,499,95,571,4500000,LTA
C-06232,Kestrel Distribution 06232,Aftermarket,NA-US,United States,181,95,1462,4600000,consignment
C-06233,Orion Systems 06233,Tier-1,NA-US,United States,423,95,3061,3700000,consignment
C-06234,Baltia Motors 06234,OEM,NA-MX,Mexico,436,98,30466,44100000,spot
C-06235,Orion Motors 06235,OEM,EMEA-W,Spain,440,98,55896,47500000,consignment
C-06236,Sumida Distribution 06236,Aftermarket,SA,Brazil,232,95,3817,5000000,consignment
C-06237,Norvia Distribution 06237,Aftermarket,APAC-IN,India,220,95,691,5600000,LTA
C-06238,Cordis Motors 06238,OEM,EMEA-W,Spain,81,98,14528,18800000,LTA
C-06239,Baltia Distribution 06239,Distributor,APAC-SE,Malaysia,234,95,3434,3800000,spot
C-06240,Vantage Systems 06240,Tier-1,SA,Brazil,295,95,3039,4000000,spot
C-06241,Delantra Distribution 06241,Distributor,EMEA-E,Romania,498,95,3250,3100000,spot
C-06242,Sumida Motors 06242,OEM,NA-MX,Mexico,421,98,19961,57700000,spot
C-06243,Sumida Motors 06243,OEM,APAC-SE,Malaysia,166,98,44979,87200000,LTA
C-06244,Vantage Systems 06244,Tier-1,EMEA-W,Germany,424,95,2309,1200000,LTA
C-06245,Bluepeak Motors 06245,OEM,EMEA-W,Spain,411,98,29435,62800000,spot
C-06246,Vantage Distribution 06246,Distributor,APAC-NE,China,247,95,3362,3800000,consignment
C-06247,Vantage Systems 06247,Tier-1,NA-US,United States,434,95,2431,3300000,LTA
C-06248,Delantra Motors 06248,OEM,APAC-SE,Malaysia,396,98,15882,39100000,spot
C-06249,Cordis Motors 06249,OEM,SA,Brazil,108,98,25595,70100000,spot
C-06250,Bluepeak Motors 06250,OEM,NA-US,United States,440,98,28997,72300000,LTA
C-06251,Bluepeak Motors 06251,OEM,EMEA-W,Italy,285,98,12963,7300000,LTA
C-06252,Norvia Distribution 06252,Distributor,APAC-IN,India,260,95,1044,2700000,LTA
C-06253,Atlas Motors 06253,OEM,APAC-NE,Taiwan,318,98,33182,66500000,LTA
C-06254,Cordis Motors 06254,OEM,EMEA-E,Romania,202,98,58822,6000000,LTA
C-06255,Bluepeak Motors 06255,OEM,NA-US,United States,254,98,53753,35300000,consignment
C-06256,Kestrel Systems 06256,Tier-1,EMEA-E,Poland,327,95,2685,5300000,spot
C-06257,Bluepeak Motors 06257,OEM,APAC-IN,India,129,98,31934,70500000,consignment
C-06258,Sumida Distribution 06258,Aftermarket,APAC-IN,India,48,95,780,2400000,LTA
C-06259,Norvia Motors 06259,OEM,EMEA-E,Romania,147,98,42756,57800000,consignment
C-06260,Atlas Systems 06260,Tier-1,NA-US,United States,66,95,2303,3800000,LTA
C-06261,Kestrel Distribution 06261,Distributor,EMEA-E,Romania,314,95,3368,4300000,LTA
C-06262,Delantra Distribution 06262,Aftermarket,EMEA-W,Spain,298,95,2528,500000,LTA
C-06263,Atlas Distribution 06263,Aftermarket,APAC-NE,South Korea,109,95,667,1900000,LTA
C-06264,Baltia Systems 06264,Tier-1,APAC-SE,Malaysia,356,95,3624,5400000,spot
C-06265,Norvia Distribution 06265,Distributor,APAC-IN,India,437,95,1009,700000,consignment
C-06266,Kestrel Distribution 06266,Distributor,NA-MX,Mexico,458,95,904,200000,LTA
C-06267,Norvia Systems 06267,Tier-1,APAC-IN,India,381,95,972,100000,spot
C-06268,Atlas Motors 06268,OEM,APAC-NE,China,241,98,31495,42300000,LTA
C-06269,Bluepeak Distribution 06269,Distributor,APAC-NE,Japan,34,95,3437,1800000,LTA
C-06270,Delantra Motors 06270,OEM,APAC-IN,India,471,98,29178,52300000,spot
C-06271,Delantra Distribution 06271,Distributor,NA-US,United States,234,95,2848,1300000,LTA
C-06272,Cordis Motors 06272,OEM,APAC-IN,India,468,98,42189,41600000,LTA
C-06273,Bluepeak Motors 06273,OEM,SA,Argentina,435,98,39339,14700000,spot
C-06274,Kestrel Motors 06274,OEM,EMEA-E,Poland,402,98,57677,51700000,spot
C-06275,Bluepeak Distribution 06275,Distributor,NA-MX,Mexico,474,95,3609,3600000,spot
C-06276,Baltia Systems 06276,Tier-1,EMEA-E,Czechia,59,95,2579,1500000,consignment
C-06277,Sumida Motors 06277,OEM,APAC-IN,India,370,98,47091,64100000,LTA
C-06278,Orion Motors 06278,OEM,SA,Argentina,35,98,57140,63600000,LTA
C-06279,Atlas Motors 06279,OEM,APAC-SE,Vietnam,232,98,26290,32900000,LTA
C-06280,Bluepeak Motors 06280,OEM,EMEA-E,Poland,153,98,11396,67200000,consignment
C-06281,Orion Distribution 06281,Distributor,EMEA-W,France,59,95,995,3700000,LTA
C-06282,Delantra Motors 06282,OEM,APAC-IN,India,332,98,53539,22300000,spot
C-06283,Kestrel Systems 06283,Tier-1,APAC-IN,India,271,95,3040,2100000,LTA
C-06284,Sumida Distribution 06284,Distributor,EMEA-E,Poland,398,95,2986,200000,consignment
C-06285,Atlas Motors 06285,OEM,SA,Brazil,65,98,24154,29100000,spot
C-06286,Orion Motors 06286,OEM,EMEA-E,Czechia,402,98,55772,87600000,spot
C-06287,Orion Distribution 06287,Aftermarket,NA-US,United States,77,95,1890,5200000,LTA
C-06288,Atlas Distribution 06288,Aftermarket,APAC-NE,Taiwan,154,95,134,1200000,consignment
C-06289,Cordis Distribution 06289,Distributor,NA-MX,Mexico,300,95,1047,900000,consignment
C-06290,Norvia Systems 06290,Tier-1,NA-US,United States,243,95,3474,3700000,consignment
C-06291,Sumida Motors 06291,OEM,NA-US,United States,496,98,45378,40500000,consignment
C-06292,Vantage Distribution 06292,Distributor,APAC-SE,Vietnam,94,95,3192,3800000,consignment
C-06293,Delantra Distribution 06293,Distributor,NA-US,United States,161,95,3182,1000000,consignment
C-06294,Baltia Systems 06294,Tier-1,NA-US,United States,463,95,2653,2000000,spot
C-06295,Vantage Distribution 06295,Distributor,EMEA-E,Turkey,147,95,1904,2000000,consignment
C-06296,Norvia Motors 06296,OEM,APAC-SE,Vietnam,286,98,17161,47400000,LTA
C-06297,Norvia Distribution 06297,Distributor,NA-US,United States,295,95,420,5100000,LTA
C-06298,Cordis Distribution 06298,Aftermarket,APAC-IN,India,437,95,1888,4400000,LTA
C-06299,Vantage Motors 06299,OEM,NA-US,United States,331,98,25672,72600000,LTA
C-06300,Baltia Systems 06300,Tier-1,EMEA-E,Czechia,137,95,1806,4300000,spot
C-06301,Sumida Motors 06301,OEM,EMEA-W,Italy,104,98,32820,50700000,LTA
C-06302,Bluepeak Distribution 06302,Distributor,APAC-SE,Thailand,288,95,1246,1000000,LTA
C-06303,Orion Systems 06303,Tier-1,APAC-NE,Taiwan,277,95,3783,2200000,LTA
C-06304,Bluepeak Motors 06304,OEM,EMEA-E,Czechia,209,98,47294,76100000,consignment
C-06305,Atlas Distribution 06305,Distributor,APAC-SE,Vietnam,298,95,1354,5200000,LTA
C-06306,Cordis Systems 06306,Tier-1,SA,Argentina,331,95,1003,1000000,LTA
C-06307,Bluepeak Motors 06307,OEM,NA-US,United States,392,98,42556,58200000,spot
C-06308,Sumida Motors 06308,OEM,EMEA-E,Turkey,25,98,22267,76300000,spot
C-06309,Baltia Systems 06309,Tier-1,EMEA-W,Italy,226,95,3614,3800000,consignment
C-06310,Atlas Motors 06310,OEM,APAC-NE,Japan,423,98,14250,41000000,consignment
C-06311,Orion Distribution 06311,Aftermarket,SA,Argentina,274,95,1128,1100000,LTA
C-06312,Norvia Distribution 06312,Distributor,EMEA-E,Romania,188,95,1513,4300000,consignment
C-06313,Atlas Systems 06313,Tier-1,NA-US,United States,239,95,1811,5700000,consignment
C-06314,Norvia Distribution 06314,Distributor,EMEA-W,Spain,202,95,303,200000,LTA
C-06315,Norvia Motors 06315,OEM,EMEA-W,Italy,303,98,55132,4100000,LTA
C-06316,Norvia Motors 06316,OEM,NA-MX,Mexico,492,98,19218,51600000,consignment
C-06317,Vantage Distribution 06317,Distributor,APAC-IN,India,308,95,993,5300000,spot
C-06318,Cordis Distribution 06318,Aftermarket,APAC-SE,Thailand,210,95,12,4500000,consignment
C-06319,Baltia Distribution 06319,Distributor,EMEA-E,Romania,445,95,2202,700000,consignment
C-06320,Vantage Motors 06320,OEM,EMEA-E,Turkey,391,98,41991,14100000,LTA
C-06321,Baltia Motors 06321,OEM,APAC-NE,Taiwan,247,98,42461,2400000,consignment
C-06322,Atlas Motors 06322,OEM,APAC-SE,Malaysia,482,98,29436,9100000,LTA
C-06323,Norvia Distribution 06323,Aftermarket,APAC-IN,India,199,95,1558,2800000,consignment
C-06324,Atlas Distribution 06324,Distributor,APAC-SE,Vietnam,354,95,2950,2600000,spot
C-06325,Norvia Systems 06325,Tier-1,EMEA-E,Poland,99,95,1805,4600000,LTA
C-06326,Sumida Systems 06326,Tier-1,NA-US,United States,17,95,1474,1800000,spot
C-06327,Atlas Distribution 06327,Distributor,APAC-NE,South Korea,153,95,1176,1300000,LTA
C-06328,Bluepeak Motors 06328,OEM,EMEA-W,Spain,187,98,33110,67500000,LTA
C-06329,Sumida Distribution 06329,Aftermarket,APAC-SE,Vietnam,186,95,3254,4000000,LTA
C-06330,Atlas Distribution 06330,Distributor,APAC-SE,Malaysia,76,95,3167,4900000,spot
C-06331,Sumida Distribution 06331,Aftermarket,APAC-NE,China,271,95,1314,2700000,LTA
C-06332,Baltia Motors 06332,OEM,APAC-NE,China,211,98,10220,9000000,spot
C-06333,Kestrel Systems 06333,Tier-1,NA-MX,Mexico,325,95,3534,1400000,spot
C-06334,Vantage Systems 06334,Tier-1,NA-MX,Mexico,46,95,3646,300000,LTA
C-06335,Atlas Systems 06335,Tier-1,APAC-NE,Taiwan,296,95,1383,4900000,spot
C-06336,Bluepeak Distribution 06336,Distributor,APAC-IN,India,376,95,1203,4500000,LTA
C-06337,Delantra Motors 06337,OEM,EMEA-W,Germany,184,98,5379,75200000,LTA
C-06338,Bluepeak Distribution 06338,Distributor,APAC-IN,India,63,95,3217,2600000,consignment
C-06339,Kestrel Distribution 06339,Distributor,EMEA-E,Czechia,298,95,2545,100000,consignment
C-06340,Atlas Distribution 06340,Distributor,EMEA-E,Turkey,276,95,3515,2000000,consignment
C-06341,Norvia Motors 06341,OEM,SA,Argentina,273,98,15526,27300000,LTA
C-06342,Baltia Distribution 06342,Aftermarket,APAC-NE,China,120,95,2743,4600000,LTA
C-06343,Sumida Motors 06343,OEM,APAC-IN,India,403,98,40271,6000000,LTA
C-06344,Bluepeak Systems 06344,Tier-1,NA-US,United States,39,95,1235,300000,spot
C-06345,Cordis Distribution 06345,Aftermarket,EMEA-E,Romania,163,95,2400,1700000,LTA
C-06346,Baltia Motors 06346,OEM,APAC-SE,Vietnam,57,98,45264,88200000,LTA
C-06347,Vantage Motors 06347,OEM,NA-MX,Mexico,176,98,45096,29800000,consignment
C-06348,Orion Motors 06348,OEM,NA-US,United States,159,98,13453,19900000,spot
C-06349,Sumida Systems 06349,Tier-1,NA-MX,Mexico,269,95,433,3600000,consignment
C-06350,Norvia Distribution 06350,Aftermarket,SA,Brazil,445,95,1862,500000,LTA
C-06351,Baltia Systems 06351,Tier-1,SA,Brazil,130,95,125,3000000,LTA
C-06352,Kestrel Distribution 06352,Aftermarket,SA,Argentina,243,95,3902,1700000,LTA
C-06353,Cordis Motors 06353,OEM,NA-US,United States,370,98,55822,18000000,LTA
C-06354,Delantra Distribution 06354,Aftermarket,APAC-SE,Thailand,437,95,2805,2600000,spot
C-06355,Kestrel Motors 06355,OEM,NA-MX,Mexico,434,98,23978,19900000,consignment
C-06356,Cordis Distribution 06356,Aftermarket,APAC-NE,South Korea,125,95,3254,6000000,LTA
C-06357,Kestrel Distribution 06357,Distributor,SA,Argentina,238,95,1069,6000000,LTA
C-06358,Orion Motors 06358,OEM,APAC-NE,Taiwan,421,98,8131,45300000,consignment
C-06359,Delantra Motors 06359,OEM,SA,Argentina,274,98,10181,57400000,LTA
C-06360,Bluepeak Motors 06360,OEM,EMEA-W,Italy,395,98,17434,83500000,spot
C-06361,Kestrel Motors 06361,OEM,APAC-SE,Vietnam,420,98,11379,62400000,LTA
C-06362,Kestrel Distribution 06362,Distributor,EMEA-W,France,179,95,103,4000000,LTA
C-06363,Norvia Motors 06363,OEM,EMEA-E,Romania,304,98,24574,67500000,consignment
C-06364,Delantra Systems 06364,Tier-1,NA-US,United States,386,95,3574,2100000,LTA
C-06365,Kestrel Motors 06365,OEM,NA-MX,Mexico,229,98,5673,9000000,spot
C-06366,Sumida Motors 06366,OEM,APAC-IN,India,381,98,38591,50400000,spot
C-06367,Norvia Systems 06367,Tier-1,NA-MX,Mexico,350,95,3792,3100000,spot
C-06368,Bluepeak Distribution 06368,Aftermarket,EMEA-W,Germany,479,95,3137,1900000,spot
C-06369,Orion Distribution 06369,Distributor,APAC-NE,South Korea,309,95,3725,2900000,LTA
C-06370,Sumida Motors 06370,OEM,APAC-SE,Thailand,66,98,33684,52500000,LTA
C-06371,Orion Systems 06371,Tier-1,NA-US,United States,206,95,2318,4900000,LTA
C-06372,Delantra Motors 06372,OEM,SA,Argentina,399,98,53573,26300000,consignment
C-06373,Cordis Distribution 06373,Distributor,EMEA-W,France,441,95,850,4600000,consignment
C-06374,Cordis Motors 06374,OEM,APAC-NE,China,403,98,56425,72500000,LTA
C-06375,Delantra Distribution 06375,Aftermarket,EMEA-E,Turkey,95,95,253,1500000,spot
C-06376,Cordis Motors 06376,OEM,EMEA-W,Spain,352,98,31579,65000000,consignment
C-06377,Cordis Distribution 06377,Aftermarket,EMEA-W,Italy,447,95,2221,2100000,LTA
C-06378,Delantra Motors 06378,OEM,EMEA-W,Germany,27,98,49939,15600000,LTA
C-06379,Atlas Motors 06379,OEM,NA-MX,Mexico,303,98,37589,59000000,LTA
C-06380,Atlas Motors 06380,OEM,APAC-NE,South Korea,120,98,7117,30600000,spot
C-06381,Sumida Motors 06381,OEM,EMEA-E,Czechia,274,98,9061,76200000,LTA
C-06382,Baltia Distribution 06382,Aftermarket,EMEA-E,Czechia,90,95,3230,5500000,LTA
C-06383,Norvia Distribution 06383,Distributor,APAC-IN,India,476,95,306,3500000,LTA
C-06384,Norvia Motors 06384,OEM,NA-MX,Mexico,16,98,36901,36300000,LTA
C-06385,Kestrel Motors 06385,OEM,NA-MX,Mexico,216,98,27959,65000000,LTA
C-06386,Orion Motors 06386,OEM,SA,Argentina,391,98,41701,47600000,consignment
C-06387,Norvia Motors 06387,OEM,APAC-SE,Indonesia,47,98,34869,38700000,LTA
C-06388,Norvia Motors 06388,OEM,EMEA-E,Czechia,282,98,43211,47500000,LTA
C-06389,Atlas Motors 06389,OEM,SA,Argentina,323,98,57338,50500000,spot
C-06390,Cordis Systems 06390,Tier-1,APAC-NE,Japan,321,95,1153,4300000,consignment
C-06391,Bluepeak Distribution 06391,Aftermarket,EMEA-E,Poland,293,95,2402,2900000,consignment
C-06392,Baltia Motors 06392,OEM,APAC-SE,Indonesia,391,98,8646,60300000,spot
C-06393,Vantage Motors 06393,OEM,EMEA-E,Poland,449,98,5130,26200000,consignment
C-06394,Baltia Motors 06394,OEM,EMEA-W,Germany,203,98,19603,88400000,spot
C-06395,Cordis Systems 06395,Tier-1,NA-MX,Mexico,167,95,3852,4700000,spot
C-06396,Orion Distribution 06396,Distributor,NA-MX,Mexico,220,95,2315,2900000,consignment
C-06397,Baltia Motors 06397,OEM,NA-US,United States,447,98,13964,13400000,consignment
C-06398,Delantra Motors 06398,OEM,APAC-NE,Japan,91,98,6761,26600000,spot
C-06399,Norvia Distribution 06399,Aftermarket,APAC-SE,Indonesia,129,95,154,4200000,spot
C-06400,Orion Distribution 06400,Aftermarket,APAC-SE,Thailand,152,95,3928,5900000,LTA
C-06401,Orion Motors 06401,OEM,APAC-NE,China,37,98,41461,43600000,LTA
C-06402,Sumida Motors 06402,OEM,NA-MX,Mexico,440,98,35582,13000000,LTA
C-06403,Norvia Distribution 06403,Distributor,APAC-NE,South Korea,248,95,2321,2700000,consignment
C-06404,Bluepeak Motors 06404,OEM,APAC-NE,Taiwan,104,98,11654,45600000,spot
C-06405,Orion Motors 06405,OEM,NA-US,United States,288,98,48980,36100000,LTA
C-06406,Norvia Motors 06406,OEM,NA-MX,Mexico,224,98,38041,86900000,LTA
C-06407,Orion Motors 06407,OEM,APAC-NE,Japan,418,98,26846,27200000,LTA
C-06408,Baltia Motors 06408,OEM,SA,Argentina,421,98,44973,87600000,spot
C-06409,Sumida Distribution 06409,Distributor,EMEA-E,Romania,361,95,1730,700000,LTA
C-06410,Norvia Distribution 06410,Distributor,APAC-SE,Indonesia,366,95,2187,5200000,consignment
C-06411,Bluepeak Motors 06411,OEM,APAC-IN,India,235,98,12252,64500000,consignment
C-06412,Atlas Distribution 06412,Distributor,SA,Brazil,237,95,3078,3400000,spot
C-06413,Delantra Distribution 06413,Aftermarket,APAC-IN,India,281,95,2160,1600000,LTA
C-06414,Vantage Systems 06414,Tier-1,APAC-IN,India,209,95,3105,3000000,LTA
C-06415,Kestrel Motors 06415,OEM,EMEA-W,Germany,499,98,10330,21400000,spot
C-06416,Atlas Motors 06416,OEM,APAC-SE,Malaysia,140,98,25572,47700000,LTA
C-06417,Norvia Distribution 06417,Aftermarket,EMEA-W,Italy,431,95,3353,5500000,consignment
C-06418,Delantra Distribution 06418,Distributor,SA,Brazil,260,95,2484,2900000,LTA
C-06419,Orion Motors 06419,OEM,NA-MX,Mexico,461,98,14678,11000000,LTA
C-06420,Delantra Motors 06420,OEM,APAC-IN,India,351,98,21510,41400000,consignment
C-06421,Kestrel Distribution 06421,Distributor,APAC-NE,Taiwan,221,95,1849,2400000,LTA
C-06422,Sumida Systems 06422,Tier-1,NA-MX,Mexico,444,95,3489,5900000,LTA
C-06423,Baltia Distribution 06423,Aftermarket,APAC-IN,India,116,95,3146,5600000,LTA
C-06424,Norvia Systems 06424,Tier-1,APAC-NE,China,267,95,3928,4900000,LTA
C-06425,Kestrel Distribution 06425,Distributor,EMEA-E,Poland,340,95,2847,300000,LTA
C-06426,Orion Systems 06426,Tier-1,APAC-NE,South Korea,216,95,3406,4300000,spot
C-06427,Delantra Motors 06427,OEM,APAC-NE,South Korea,209,98,54750,77000000,consignment
C-06428,Atlas Motors 06428,OEM,APAC-IN,India,371,98,12246,70200000,consignment
C-06429,Kestrel Distribution 06429,Distributor,APAC-NE,China,264,95,3425,3900000,spot
C-06430,Baltia Distribution 06430,Distributor,EMEA-E,Poland,58,95,188,400000,consignment
C-06431,Baltia Distribution 06431,Distributor,EMEA-E,Turkey,426,95,616,5000000,LTA
C-06432,Atlas Distribution 06432,Aftermarket,EMEA-E,Romania,130,95,3627,2400000,consignment
C-06433,Norvia Distribution 06433,Aftermarket,SA,Brazil,320,95,16,4500000,LTA
C-06434,Cordis Distribution 06434,Aftermarket,NA-US,United States,426,95,1244,4900000,LTA
C-06435,Kestrel Motors 06435,OEM,NA-MX,Mexico,193,98,57572,45700000,spot
C-06436,Delantra Motors 06436,OEM,SA,Argentina,203,98,39996,7300000,LTA
C-06437,Norvia Distribution 06437,Distributor,NA-MX,Mexico,477,95,143,4500000,LTA
C-06438,Orion Systems 06438,Tier-1,APAC-SE,Thailand,127,95,2470,5400000,spot
C-06439,Delantra Distribution 06439,Aftermarket,NA-MX,Mexico,114,95,2965,5900000,consignment
C-06440,Vantage Distribution 06440,Distributor,APAC-IN,India,157,95,458,1700000,LTA
C-06441,Norvia Motors 06441,OEM,NA-MX,Mexico,276,98,37799,74900000,consignment
C-06442,Atlas Motors 06442,OEM,NA-MX,Mexico,470,98,26260,58300000,LTA
C-06443,Sumida Distribution 06443,Aftermarket,APAC-SE,Indonesia,137,95,907,2700000,consignment
C-06444,Orion Motors 06444,OEM,EMEA-W,Spain,495,98,29895,71700000,LTA
C-06445,Sumida Motors 06445,OEM,NA-US,United States,372,98,13397,67700000,LTA
C-06446,Atlas Distribution 06446,Aftermarket,NA-US,United States,29,95,1474,1600000,LTA
C-06447,Kestrel Distribution 06447,Distributor,APAC-IN,India,319,95,3015,3200000,spot
C-06448,Sumida Distribution 06448,Aftermarket,EMEA-E,Czechia,186,95,1981,5800000,LTA
C-06449,Baltia Distribution 06449,Distributor,APAC-IN,India,316,95,451,1800000,consignment
C-06450,Cordis Motors 06450,OEM,NA-US,United States,83,98,9984,58800000,spot
C-06451,Orion Distribution 06451,Aftermarket,EMEA-W,Germany,277,95,2745,3100000,consignment
C-06452,Sumida Distribution 06452,Distributor,NA-MX,Mexico,469,95,3196,2900000,LTA
C-06453,Norvia Distribution 06453,Aftermarket,APAC-IN,India,409,95,28,4300000,spot
C-06454,Sumida Motors 06454,OEM,EMEA-E,Poland,171,98,52733,51200000,LTA
C-06455,Kestrel Systems 06455,Tier-1,EMEA-W,Spain,259,95,3502,2200000,LTA
C-06456,Kestrel Systems 06456,Tier-1,EMEA-W,Spain,237,95,692,2800000,consignment
C-06457,Sumida Distribution 06457,Distributor,EMEA-W,Spain,281,95,2934,5100000,spot
C-06458,Bluepeak Systems 06458,Tier-1,APAC-SE,Vietnam,412,95,1497,6000000,LTA
C-06459,Vantage Distribution 06459,Distributor,APAC-IN,India,411,95,742,3200000,spot
C-06460,Cordis Systems 06460,Tier-1,EMEA-E,Turkey,151,95,3138,4400000,LTA
C-06461,Kestrel Systems 06461,Tier-1,EMEA-E,Turkey,67,95,3449,900000,consignment
C-06462,Delantra Motors 06462,OEM,NA-MX,Mexico,304,98,47812,89100000,consignment
C-06463,Sumida Distribution 06463,Distributor,NA-MX,Mexico,197,95,320,3900000,LTA
C-06464,Sumida Distribution 06464,Distributor,NA-US,United States,291,95,3285,2900000,spot
C-06465,Atlas Distribution 06465,Aftermarket,APAC-NE,China,274,95,25,2700000,consignment
C-06466,Bluepeak Distribution 06466,Distributor,NA-MX,Mexico,372,95,1759,3900000,LTA
C-06467,Atlas Distribution 06467,Distributor,APAC-IN,India,420,95,1094,5300000,spot
C-06468,Kestrel Motors 06468,OEM,EMEA-W,Spain,160,98,44763,28000000,consignment
C-06469,Bluepeak Distribution 06469,Distributor,APAC-SE,Indonesia,325,95,1016,3900000,spot
C-06470,Norvia Distribution 06470,Aftermarket,NA-MX,Mexico,289,95,679,3100000,spot
C-06471,Sumida Systems 06471,Tier-1,EMEA-E,Czechia,496,95,1776,2000000,LTA
C-06472,Norvia Systems 06472,Tier-1,SA,Brazil,79,95,3888,2300000,LTA
C-06473,Vantage Systems 06473,Tier-1,APAC-SE,Thailand,197,95,2643,5900000,consignment
C-06474,Atlas Distribution 06474,Distributor,EMEA-E,Turkey,347,95,210,1900000,consignment
C-06475,Atlas Motors 06475,OEM,APAC-IN,India,297,98,5418,4200000,LTA
C-06476,Kestrel Systems 06476,Tier-1,EMEA-W,Italy,23,95,1780,1000000,spot
C-06477,Baltia Distribution 06477,Distributor,APAC-NE,Taiwan,259,95,3229,2700000,spot
C-06478,Vantage Distribution 06478,Aftermarket,NA-MX,Mexico,370,95,3326,5600000,LTA
C-06479,Atlas Distribution 06479,Distributor,EMEA-W,Spain,178,95,3833,5000000,LTA
C-06480,Bluepeak Motors 06480,OEM,EMEA-E,Poland,339,98,23213,22500000,consignment
C-06481,Sumida Distribution 06481,Aftermarket,SA,Argentina,272,95,1673,4100000,LTA
C-06482,Sumida Distribution 06482,Distributor,APAC-SE,Vietnam,22,95,3418,4100000,LTA
C-06483,Orion Distribution 06483,Aftermarket,APAC-IN,India,182,95,3064,900000,LTA
C-06484,Vantage Systems 06484,Tier-1,NA-US,United States,408,95,2438,3400000,spot
C-06485,Vantage Motors 06485,OEM,APAC-NE,China,20,98,7449,86300000,LTA
C-06486,Norvia Systems 06486,Tier-1,APAC-IN,India,475,95,2341,5900000,consignment
C-06487,Delantra Motors 06487,OEM,EMEA-E,Poland,382,98,23785,42200000,LTA
C-06488,Kestrel Systems 06488,Tier-1,SA,Brazil,149,95,360,5900000,LTA
C-06489,Cordis Distribution 06489,Aftermarket,NA-MX,Mexico,91,95,3227,4700000,LTA
C-06490,Orion Motors 06490,OEM,NA-MX,Mexico,125,98,42134,29000000,consignment
C-06491,Atlas Distribution 06491,Distributor,SA,Argentina,387,95,243,3900000,spot
C-06492,Delantra Motors 06492,OEM,APAC-SE,Thailand,464,98,5983,10600000,LTA
C-06493,Delantra Systems 06493,Tier-1,NA-US,United States,366,95,805,2300000,LTA
C-06494,Delantra Systems 06494,Tier-1,APAC-IN,India,486,95,2391,2400000,LTA
C-06495,Vantage Systems 06495,Tier-1,NA-MX,Mexico,479,95,3413,500000,consignment
C-06496,Atlas Motors 06496,OEM,APAC-NE,Taiwan,144,98,18087,37500000,LTA
C-06497,Atlas Distribution 06497,Distributor,NA-US,United States,119,95,3887,200000,LTA
C-06498,Baltia Motors 06498,OEM,NA-US,United States,252,98,51519,75100000,LTA
C-06499,Bluepeak Systems 06499,Tier-1,NA-MX,Mexico,450,95,1404,4200000,spot
C-06500,Kestrel Distribution 06500,Aftermarket,SA,Argentina,53,95,3700,4700000,LTA
C-06501,Orion Distribution 06501,Distributor,APAC-SE,Thailand,248,95,149,1100000,consignment
C-06502,Bluepeak Distribution 06502,Distributor,NA-US,United States,29,95,2769,5600000,LTA
C-06503,Delantra Distribution 06503,Aftermarket,EMEA-E,Turkey,61,95,416,3900000,spot
C-06504,Vantage Systems 06504,Tier-1,NA-US,United States,341,95,3495,1400000,LTA
C-06505,Vantage Distribution 06505,Aftermarket,EMEA-W,Spain,251,95,1960,1800000,consignment
C-06506,Orion Motors 06506,OEM,NA-US,United States,126,98,33098,83400000,LTA
C-06507,Kestrel Systems 06507,Tier-1,APAC-IN,India,145,95,3415,5500000,consignment
C-06508,Atlas Motors 06508,OEM,APAC-SE,Vietnam,29,98,24389,4900000,LTA
C-06509,Delantra Systems 06509,Tier-1,NA-US,United States,269,95,2596,4400000,consignment
C-06510,Kestrel Systems 06510,Tier-1,NA-MX,Mexico,215,95,2650,2800000,spot
C-06511,Sumida Systems 06511,Tier-1,APAC-NE,Japan,439,95,3485,4400000,LTA
C-06512,Delantra Distribution 06512,Aftermarket,NA-US,United States,415,95,2078,900000,LTA
C-06513,Atlas Motors 06513,OEM,NA-MX,Mexico,336,98,14964,12100000,consignment
C-06514,Vantage Distribution 06514,Distributor,APAC-SE,Vietnam,360,95,3764,2500000,consignment
C-06515,Sumida Motors 06515,OEM,APAC-NE,South Korea,494,98,24676,68100000,LTA
C-06516,Vantage Motors 06516,OEM,SA,Brazil,60,98,27073,79600000,consignment
C-06517,Vantage Distribution 06517,Distributor,NA-MX,Mexico,267,95,1128,5200000,spot
C-06518,Vantage Distribution 06518,Distributor,SA,Argentina,491,95,2335,100000,LTA
C-06519,Delantra Distribution 06519,Aftermarket,EMEA-E,Czechia,267,95,3633,700000,consignment
C-06520,Orion Distribution 06520,Distributor,SA,Argentina,464,95,1733,5800000,LTA
C-06521,Delantra Systems 06521,Tier-1,EMEA-W,Spain,205,95,3683,1400000,consignment
C-06522,Baltia Motors 06522,OEM,APAC-NE,South Korea,280,98,51456,28600000,LTA
C-06523,Orion Distribution 06523,Aftermarket,APAC-SE,Vietnam,363,95,141,1300000,spot
C-06524,Cordis Distribution 06524,Aftermarket,EMEA-E,Poland,375,95,2255,5400000,spot
C-06525,Sumida Systems 06525,Tier-1,APAC-IN,India,322,95,578,2300000,LTA
C-06526,Cordis Motors 06526,OEM,APAC-NE,South Korea,383,98,11982,78100000,spot
C-06527,Cordis Motors 06527,OEM,NA-MX,Mexico,473,98,46747,36100000,LTA
C-06528,Vantage Systems 06528,Tier-1,APAC-NE,Japan,305,95,3680,3500000,LTA
C-06529,Norvia Motors 06529,OEM,EMEA-E,Czechia,195,98,29836,14700000,consignment
C-06530,Sumida Distribution 06530,Distributor,APAC-SE,Indonesia,169,95,2729,5400000,LTA
C-06531,Norvia Distribution 06531,Aftermarket,NA-US,United States,419,95,1021,2100000,LTA
C-06532,Delantra Motors 06532,OEM,SA,Brazil,81,98,6994,28700000,LTA
C-06533,Vantage Motors 06533,OEM,EMEA-W,Italy,296,98,17034,60600000,consignment
C-06534,Cordis Motors 06534,OEM,APAC-NE,China,258,98,52811,52800000,spot
C-06535,Delantra Motors 06535,OEM,EMEA-W,Spain,366,98,36376,40400000,LTA
C-06536,Baltia Distribution 06536,Distributor,APAC-IN,India,240,95,2582,400000,spot
C-06537,Vantage Motors 06537,OEM,EMEA-E,Czechia,196,98,15913,70100000,LTA
C-06538,Sumida Distribution 06538,Distributor,NA-US,United States,63,95,3908,4800000,spot
C-06539,Orion Systems 06539,Tier-1,SA,Brazil,214,95,1581,4700000,spot
C-06540,Kestrel Distribution 06540,Distributor,NA-MX,Mexico,378,95,127,400000,spot
C-06541,Norvia Distribution 06541,Aftermarket,APAC-IN,India,360,95,295,1600000,consignment
C-06542,Vantage Systems 06542,Tier-1,APAC-NE,Taiwan,138,95,2433,500000,spot
C-06543,Cordis Distribution 06543,Distributor,EMEA-E,Czechia,119,95,3617,400000,LTA
C-06544,Kestrel Distribution 06544,Distributor,NA-US,United States,353,95,3794,4500000,spot
C-06545,Baltia Motors 06545,OEM,NA-US,United States,173,98,9312,80900000,consignment
C-06546,Norvia Distribution 06546,Distributor,APAC-NE,China,33,95,2512,5900000,spot
C-06547,Vantage Distribution 06547,Distributor,APAC-NE,Japan,183,95,2616,2000000,LTA
C-06548,Norvia Distribution 06548,Aftermarket,NA-US,United States,422,95,372,5400000,consignment
C-06549,Vantage Motors 06549,OEM,SA,Argentina,38,98,42294,32300000,spot
C-06550,Bluepeak Motors 06550,OEM,NA-MX,Mexico,457,98,42023,62200000,consignment
C-06551,Baltia Motors 06551,OEM,NA-US,United States,310,98,35187,45300000,spot
C-06552,Baltia Distribution 06552,Aftermarket,APAC-NE,Japan,292,95,610,1700000,LTA
C-06553,Norvia Distribution 06553,Distributor,EMEA-W,Germany,198,95,1258,4700000,LTA
C-06554,Vantage Systems 06554,Tier-1,EMEA-W,Spain,459,95,894,5600000,spot
C-06555,Sumida Distribution 06555,Distributor,SA,Argentina,198,95,3456,3600000,consignment
C-06556,Delantra Motors 06556,OEM,SA,Brazil,54,98,27187,34900000,LTA
C-06557,Vantage Motors 06557,OEM,APAC-SE,Indonesia,200,98,16675,37200000,LTA
C-06558,Vantage Systems 06558,Tier-1,APAC-NE,Taiwan,384,95,954,1500000,consignment
C-06559,Cordis Motors 06559,OEM,APAC-NE,South Korea,482,98,23376,3900000,LTA
C-06560,Norvia Motors 06560,OEM,APAC-SE,Thailand,37,98,53386,59900000,LTA
C-06561,Vantage Motors 06561,OEM,APAC-IN,India,477,98,18632,65900000,LTA
C-06562,Cordis Motors 06562,OEM,NA-MX,Mexico,343,98,24380,51800000,consignment
C-06563,Sumida Distribution 06563,Aftermarket,EMEA-W,Italy,92,95,1216,2600000,consignment
C-06564,Kestrel Systems 06564,Tier-1,APAC-IN,India,76,95,403,5900000,consignment
C-06565,Baltia Motors 06565,OEM,APAC-IN,India,154,98,53471,63900000,spot
C-06566,Orion Motors 06566,OEM,APAC-NE,Japan,51,98,39962,10100000,LTA
C-06567,Bluepeak Distribution 06567,Aftermarket,SA,Argentina,153,95,3767,3000000,consignment
C-06568,Kestrel Motors 06568,OEM,APAC-SE,Malaysia,174,98,24921,32900000,LTA
C-06569,Baltia Motors 06569,OEM,APAC-SE,Vietnam,405,98,13264,57900000,consignment
C-06570,Delantra Motors 06570,OEM,EMEA-W,Spain,41,98,55412,41800000,consignment
C-06571,Atlas Systems 06571,Tier-1,NA-MX,Mexico,179,95,2049,3400000,LTA
C-06572,Sumida Systems 06572,Tier-1,APAC-NE,Taiwan,73,95,2359,800000,LTA
C-06573,Baltia Motors 06573,OEM,EMEA-W,Spain,123,98,44979,82500000,spot
C-06574,Vantage Distribution 06574,Aftermarket,EMEA-W,Italy,346,95,2664,1400000,consignment
C-06575,Bluepeak Motors 06575,OEM,EMEA-W,Spain,317,98,44482,83100000,LTA
C-06576,Baltia Distribution 06576,Distributor,EMEA-E,Turkey,216,95,3020,1800000,LTA
C-06577,Bluepeak Distribution 06577,Distributor,EMEA-W,Germany,65,95,146,3500000,LTA
C-06578,Cordis Systems 06578,Tier-1,NA-MX,Mexico,60,95,1778,4600000,consignment
C-06579,Baltia Motors 06579,OEM,APAC-IN,India,304,98,10336,14500000,spot
C-06580,Delantra Motors 06580,OEM,APAC-IN,India,161,98,51960,28000000,LTA
C-06581,Baltia Distribution 06581,Aftermarket,APAC-SE,Indonesia,301,95,1761,3900000,consignment
C-06582,Sumida Distribution 06582,Aftermarket,APAC-IN,India,244,95,3651,1700000,spot
C-06583,Kestrel Distribution 06583,Aftermarket,APAC-IN,India,47,95,1950,6000000,spot
C-06584,Atlas Distribution 06584,Distributor,EMEA-W,Italy,340,95,1792,6000000,LTA
C-06585,Delantra Distribution 06585,Aftermarket,APAC-NE,Taiwan,257,95,1911,1900000,LTA
C-06586,Delantra Systems 06586,Tier-1,APAC-SE,Thailand,361,95,1612,2100000,LTA
C-06587,Norvia Motors 06587,OEM,APAC-IN,India,364,98,35331,31400000,LTA
C-06588,Baltia Motors 06588,OEM,EMEA-W,Italy,283,98,47257,6200000,consignment
C-06589,Cordis Motors 06589,OEM,SA,Brazil,388,98,14615,87900000,consignment
C-06590,Baltia Motors 06590,OEM,NA-US,United States,23,98,7984,54700000,consignment
C-06591,Vantage Systems 06591,Tier-1,NA-US,United States,440,95,1458,4300000,LTA
C-06592,Cordis Systems 06592,Tier-1,EMEA-E,Romania,198,95,1520,3500000,LTA
C-06593,Cordis Motors 06593,OEM,EMEA-W,Spain,80,98,27678,85000000,spot
C-06594,Orion Systems 06594,Tier-1,APAC-SE,Malaysia,141,95,2039,5100000,LTA
C-06595,Bluepeak Distribution 06595,Distributor,APAC-SE,Thailand,341,95,258,5000000,spot
C-06596,Vantage Distribution 06596,Aftermarket,SA,Argentina,483,95,1650,600000,LTA
C-06597,Delantra Distribution 06597,Distributor,APAC-SE,Indonesia,115,95,1431,700000,spot
C-06598,Delantra Motors 06598,OEM,SA,Argentina,74,98,14674,35200000,LTA
C-06599,Orion Distribution 06599,Aftermarket,SA,Brazil,245,95,2264,5200000,spot
C-06600,Kestrel Motors 06600,OEM,EMEA-W,Spain,175,98,24207,75900000,spot
C-06601,Vantage Distribution 06601,Distributor,NA-MX,Mexico,392,95,3840,2300000,LTA
C-06602,Bluepeak Distribution 06602,Aftermarket,NA-US,United States,69,95,183,4400000,LTA
C-06603,Atlas Motors 06603,OEM,EMEA-W,Spain,327,98,23376,41700000,spot
C-06604,Bluepeak Distribution 06604,Aftermarket,SA,Argentina,204,95,1528,2100000,spot
C-06605,Sumida Motors 06605,OEM,NA-US,United States,251,98,32717,76500000,spot
C-06606,Baltia Motors 06606,OEM,NA-US,United States,189,98,9551,57300000,consignment
C-06607,Orion Distribution 06607,Distributor,APAC-NE,Taiwan,296,95,895,4000000,LTA
C-06608,Sumida Motors 06608,OEM,EMEA-W,Italy,187,98,22988,33300000,spot
C-06609,Kestrel Distribution 06609,Distributor,EMEA-E,Romania,414,95,931,5700000,consignment
C-06610,Cordis Systems 06610,Tier-1,SA,Argentina,113,95,674,2100000,consignment
C-06611,Vantage Distribution 06611,Aftermarket,APAC-NE,Taiwan,71,95,1517,4100000,LTA
C-06612,Kestrel Distribution 06612,Distributor,EMEA-W,Spain,30,95,409,200000,LTA
C-06613,Orion Systems 06613,Tier-1,APAC-SE,Thailand,187,95,107,1100000,LTA
C-06614,Atlas Distribution 06614,Distributor,APAC-NE,Taiwan,333,95,2449,1800000,LTA
C-06615,Norvia Motors 06615,OEM,NA-MX,Mexico,118,98,15854,27300000,LTA
C-06616,Atlas Motors 06616,OEM,NA-US,United States,454,98,47367,45100000,LTA
C-06617,Vantage Distribution 06617,Distributor,APAC-SE,Thailand,204,95,598,5700000,LTA
C-06618,Baltia Motors 06618,OEM,EMEA-W,Italy,303,98,17289,88700000,consignment
C-06619,Cordis Distribution 06619,Aftermarket,NA-US,United States,474,95,1411,1500000,LTA
C-06620,Atlas Distribution 06620,Aftermarket,NA-US,United States,495,95,559,4100000,LTA
C-06621,Baltia Systems 06621,Tier-1,APAC-NE,South Korea,415,95,211,5200000,LTA
C-06622,Delantra Motors 06622,OEM,APAC-IN,India,428,98,57051,27200000,LTA
C-06623,Orion Motors 06623,OEM,APAC-NE,Taiwan,407,98,53742,38200000,LTA
C-06624,Kestrel Distribution 06624,Aftermarket,EMEA-E,Turkey,300,95,3735,2900000,LTA
C-06625,Vantage Distribution 06625,Distributor,APAC-SE,Thailand,203,95,987,1400000,LTA
C-06626,Cordis Distribution 06626,Distributor,EMEA-E,Poland,30,95,229,5800000,LTA
C-06627,Kestrel Distribution 06627,Aftermarket,EMEA-E,Czechia,196,95,1416,4200000,spot
C-06628,Bluepeak Distribution 06628,Aftermarket,APAC-NE,Japan,399,95,2061,1500000,consignment
C-06629,Orion Motors 06629,OEM,APAC-NE,China,107,98,17733,87200000,consignment
C-06630,Baltia Distribution 06630,Distributor,EMEA-W,Italy,136,95,3698,3500000,LTA
C-06631,Bluepeak Motors 06631,OEM,NA-MX,Mexico,118,98,7329,72900000,spot
C-06632,Delantra Motors 06632,OEM,APAC-NE,China,395,98,14991,45600000,LTA
C-06633,Kestrel Systems 06633,Tier-1,APAC-SE,Malaysia,284,95,1965,4400000,LTA
C-06634,Norvia Systems 06634,Tier-1,APAC-SE,Vietnam,279,95,1321,4100000,LTA
C-06635,Vantage Motors 06635,OEM,SA,Brazil,88,98,18260,80800000,consignment
C-06636,Kestrel Distribution 06636,Distributor,EMEA-W,France,19,95,63,800000,LTA
C-06637,Kestrel Motors 06637,OEM,NA-MX,Mexico,90,98,35272,41000000,LTA
C-06638,Bluepeak Motors 06638,OEM,SA,Argentina,119,98,24562,23700000,consignment
C-06639,Orion Motors 06639,OEM,EMEA-W,Germany,418,98,37058,79800000,LTA
C-06640,Delantra Systems 06640,Tier-1,SA,Brazil,83,95,1210,4300000,spot
C-06641,Baltia Distribution 06641,Aftermarket,EMEA-W,Germany,274,95,373,300000,LTA
C-06642,Norvia Distribution 06642,Aftermarket,EMEA-E,Turkey,475,95,3313,3800000,spot
C-06643,Kestrel Distribution 06643,Distributor,APAC-IN,India,292,95,1772,4200000,LTA
C-06644,Baltia Motors 06644,OEM,APAC-NE,South Korea,410,98,32933,27500000,consignment
C-06645,Cordis Distribution 06645,Aftermarket,APAC-IN,India,421,95,583,4100000,LTA
C-06646,Delantra Motors 06646,OEM,EMEA-W,Spain,351,98,23213,48200000,LTA
C-06647,Baltia Distribution 06647,Aftermarket,APAC-IN,India,306,95,1609,1700000,spot
C-06648,Orion Distribution 06648,Distributor,APAC-IN,India,114,95,3277,2200000,LTA
C-06649,Vantage Motors 06649,OEM,APAC-NE,Taiwan,470,98,22557,2300000,spot
C-06650,Baltia Distribution 06650,Distributor,NA-MX,Mexico,231,95,3104,3300000,LTA
C-06651,Atlas Distribution 06651,Distributor,APAC-NE,Taiwan,265,95,3092,2400000,LTA
C-06652,Atlas Motors 06652,OEM,APAC-NE,China,247,98,18728,24900000,spot
C-06653,Vantage Distribution 06653,Aftermarket,APAC-IN,India,423,95,466,500000,spot
C-06654,Baltia Motors 06654,OEM,NA-MX,Mexico,395,98,34529,80100000,spot
C-06655,Kestrel Distribution 06655,Aftermarket,NA-MX,Mexico,72,95,742,2200000,spot
C-06656,Vantage Motors 06656,OEM,APAC-SE,Malaysia,466,98,21660,72000000,LTA
C-06657,Norvia Distribution 06657,Distributor,APAC-SE,Thailand,207,95,1211,1400000,consignment
C-06658,Delantra Motors 06658,OEM,NA-US,United States,110,98,13181,39700000,LTA
C-06659,Vantage Motors 06659,OEM,APAC-NE,China,281,98,18210,34000000,LTA
C-06660,Kestrel Distribution 06660,Aftermarket,EMEA-E,Romania,22,95,812,1400000,spot
C-06661,Vantage Motors 06661,OEM,EMEA-E,Turkey,182,98,23441,55100000,spot
C-06662,Cordis Distribution 06662,Aftermarket,NA-US,United States,169,95,2265,700000,LTA
C-06663,Delantra Motors 06663,OEM,SA,Argentina,352,98,17066,78000000,LTA
C-06664,Vantage Systems 06664,Tier-1,APAC-NE,South Korea,131,95,2739,3300000,spot
C-06665,Bluepeak Distribution 06665,Distributor,EMEA-W,Germany,330,95,3436,4000000,LTA
C-06666,Delantra Distribution 06666,Distributor,NA-MX,Mexico,432,95,3944,3500000,consignment
C-06667,Kestrel Motors 06667,OEM,APAC-SE,Indonesia,485,98,52464,52800000,spot
C-06668,Cordis Motors 06668,OEM,NA-US,United States,362,98,24082,9600000,spot
C-06669,Kestrel Motors 06669,OEM,APAC-SE,Vietnam,88,98,19398,32500000,spot
C-06670,Norvia Distribution 06670,Aftermarket,NA-US,United States,221,95,927,1800000,spot
C-06671,Baltia Systems 06671,Tier-1,SA,Brazil,192,95,825,2600000,LTA
C-06672,Orion Distribution 06672,Distributor,NA-MX,Mexico,334,95,2276,2500000,LTA
C-06673,Kestrel Motors 06673,OEM,NA-MX,Mexico,293,98,21244,17700000,LTA
C-06674,Orion Motors 06674,OEM,APAC-NE,China,83,98,43618,64100000,LTA
C-06675,Bluepeak Distribution 06675,Aftermarket,SA,Argentina,429,95,1923,1200000,spot
C-06676,Baltia Motors 06676,OEM,EMEA-E,Romania,337,98,59401,48400000,LTA
C-06677,Cordis Motors 06677,OEM,SA,Argentina,379,98,46540,10300000,LTA
C-06678,Sumida Motors 06678,OEM,APAC-IN,India,44,98,53350,89600000,consignment
C-06679,Atlas Motors 06679,OEM,SA,Argentina,25,98,9184,10700000,spot
C-06680,Norvia Distribution 06680,Aftermarket,SA,Argentina,393,95,2181,2800000,LTA
C-06681,Atlas Distribution 06681,Aftermarket,APAC-IN,India,143,95,903,800000,consignment
C-06682,Kestrel Systems 06682,Tier-1,SA,Brazil,214,95,1604,5700000,spot
C-06683,Atlas Systems 06683,Tier-1,APAC-NE,China,85,95,2266,600000,consignment
C-06684,Delantra Distribution 06684,Distributor,SA,Brazil,197,95,315,500000,LTA
C-06685,Norvia Distribution 06685,Aftermarket,APAC-SE,Thailand,187,95,3548,5400000,LTA
C-06686,Delantra Distribution 06686,Aftermarket,APAC-IN,India,315,95,2792,1500000,consignment
C-06687,Cordis Systems 06687,Tier-1,APAC-NE,South Korea,229,95,3194,100000,spot
C-06688,Bluepeak Distribution 06688,Distributor,EMEA-E,Romania,449,95,2003,1200000,consignment
C-06689,Bluepeak Systems 06689,Tier-1,APAC-SE,Malaysia,66,95,1529,5400000,LTA
C-06690,Vantage Systems 06690,Tier-1,NA-US,United States,112,95,749,5900000,spot
C-06691,Norvia Distribution 06691,Distributor,NA-US,United States,365,95,160,3000000,consignment
C-06692,Sumida Motors 06692,OEM,SA,Brazil,166,98,33594,13700000,spot
C-06693,Atlas Distribution 06693,Distributor,APAC-SE,Thailand,21,95,3009,3600000,consignment
C-06694,Delantra Distribution 06694,Distributor,EMEA-W,Spain,226,95,141,3600000,LTA
C-06695,Sumida Distribution 06695,Distributor,APAC-NE,South Korea,176,95,782,5000000,spot
C-06696,Baltia Systems 06696,Tier-1,EMEA-E,Romania,272,95,3735,2900000,consignment
C-06697,Bluepeak Systems 06697,Tier-1,EMEA-W,Spain,412,95,1708,2600000,LTA
C-06698,Norvia Distribution 06698,Distributor,NA-MX,Mexico,415,95,1914,200000,consignment
C-06699,Baltia Motors 06699,OEM,NA-US,United States,214,98,9381,40200000,LTA
C-06700,Sumida Motors 06700,OEM,EMEA-E,Romania,237,98,31521,12200000,consignment
C-06701,Cordis Distribution 06701,Distributor,NA-US,United States,327,95,1134,2700000,spot
C-06702,Kestrel Motors 06702,OEM,NA-US,United States,211,98,43949,21400000,LTA
C-06703,Norvia Systems 06703,Tier-1,NA-MX,Mexico,225,95,3021,2200000,consignment
C-06704,Sumida Systems 06704,Tier-1,APAC-SE,Vietnam,20,95,1056,4400000,LTA
C-06705,Cordis Distribution 06705,Distributor,NA-US,United States,261,95,3062,5500000,spot
C-06706,Vantage Motors 06706,OEM,APAC-SE,Thailand,444,98,22518,86800000,consignment
C-06707,Atlas Motors 06707,OEM,APAC-NE,South Korea,65,98,56411,38500000,LTA
C-06708,Baltia Distribution 06708,Distributor,SA,Brazil,441,95,2860,2700000,LTA
C-06709,Kestrel Systems 06709,Tier-1,NA-MX,Mexico,50,95,251,3800000,LTA
C-06710,Delantra Motors 06710,OEM,APAC-IN,India,265,98,22358,87900000,spot
C-06711,Norvia Distribution 06711,Aftermarket,SA,Argentina,283,95,1768,1200000,LTA
C-06712,Bluepeak Distribution 06712,Distributor,APAC-IN,India,35,95,593,5400000,LTA
C-06713,Cordis Distribution 06713,Distributor,APAC-SE,Vietnam,390,95,1436,1100000,consignment
C-06714,Vantage Motors 06714,OEM,EMEA-E,Poland,444,98,42948,35100000,LTA
C-06715,Atlas Motors 06715,OEM,APAC-NE,Taiwan,406,98,45631,81900000,LTA
C-06716,Cordis Motors 06716,OEM,APAC-IN,India,147,98,52258,55000000,LTA
C-06717,Atlas Motors 06717,OEM,APAC-IN,India,94,98,12376,73900000,consignment
C-06718,Vantage Systems 06718,Tier-1,APAC-SE,Vietnam,214,95,2206,2600000,LTA
C-06719,Delantra Motors 06719,OEM,SA,Argentina,322,98,33113,9300000,consignment
C-06720,Orion Motors 06720,OEM,NA-US,United States,130,98,48457,51800000,consignment
C-06721,Baltia Motors 06721,OEM,EMEA-E,Turkey,366,98,34535,34900000,LTA
C-06722,Cordis Systems 06722,Tier-1,NA-US,United States,383,95,3305,3600000,LTA
C-06723,Orion Motors 06723,OEM,SA,Brazil,337,98,22674,84800000,consignment
C-06724,Cordis Distribution 06724,Distributor,EMEA-W,Germany,295,95,3039,1700000,LTA
C-06725,Sumida Motors 06725,OEM,APAC-SE,Vietnam,409,98,49836,70400000,spot
C-06726,Baltia Systems 06726,Tier-1,NA-US,United States,485,95,2066,5700000,consignment
C-06727,Norvia Distribution 06727,Distributor,EMEA-E,Romania,414,95,1279,4200000,LTA
C-06728,Bluepeak Systems 06728,Tier-1,NA-MX,Mexico,358,95,1014,100000,consignment
C-06729,Cordis Distribution 06729,Aftermarket,APAC-SE,Indonesia,44,95,3239,3200000,consignment
C-06730,Delantra Systems 06730,Tier-1,APAC-SE,Indonesia,236,95,2095,4800000,LTA
C-06731,Norvia Motors 06731,OEM,APAC-NE,Japan,51,98,6156,59700000,consignment
C-06732,Bluepeak Distribution 06732,Distributor,SA,Argentina,243,95,3112,2100000,LTA
C-06733,Bluepeak Motors 06733,OEM,EMEA-W,France,29,98,33124,80100000,LTA
C-06734,Vantage Distribution 06734,Aftermarket,NA-MX,Mexico,421,95,127,4600000,LTA
C-06735,Vantage Systems 06735,Tier-1,APAC-IN,India,270,95,563,500000,LTA
C-06736,Kestrel Systems 06736,Tier-1,APAC-SE,Indonesia,307,95,3103,1300000,consignment
C-06737,Cordis Distribution 06737,Aftermarket,EMEA-W,Italy,90,95,2721,100000,consignment
C-06738,Atlas Motors 06738,OEM,APAC-IN,India,252,98,30062,3000000,consignment
C-06739,Bluepeak Motors 06739,OEM,APAC-IN,India,375,98,32361,78800000,LTA
C-06740,Orion Distribution 06740,Aftermarket,APAC-NE,South Korea,492,95,418,5800000,LTA
C-06741,Orion Motors 06741,OEM,NA-MX,Mexico,36,98,33988,65800000,consignment
C-06742,Kestrel Systems 06742,Tier-1,APAC-IN,India,24,95,3802,6000000,LTA
C-06743,Orion Distribution 06743,Aftermarket,SA,Brazil,248,95,3897,1200000,consignment
C-06744,Vantage Motors 06744,OEM,EMEA-W,Germany,359,98,9338,2900000,spot
C-06745,Orion Distribution 06745,Distributor,SA,Brazil,52,95,1830,1500000,LTA
C-06746,Baltia Distribution 06746,Distributor,APAC-NE,Japan,255,95,1933,1600000,LTA
C-06747,Atlas Distribution 06747,Distributor,NA-MX,Mexico,352,95,2177,3900000,LTA
C-06748,Bluepeak Systems 06748,Tier-1,NA-MX,Mexico,21,95,288,3800000,consignment
C-06749,Baltia Systems 06749,Tier-1,EMEA-W,Germany,163,95,3515,3800000,LTA
C-06750,Baltia Motors 06750,OEM,EMEA-E,Romania,235,98,30823,71500000,spot
C-06751,Orion Motors 06751,OEM,NA-MX,Mexico,409,98,24789,51400000,LTA
C-06752,Baltia Systems 06752,Tier-1,APAC-IN,India,488,95,2734,700000,consignment
C-06753,Sumida Distribution 06753,Aftermarket,EMEA-W,Spain,346,95,274,700000,LTA
C-06754,Atlas Motors 06754,OEM,SA,Argentina,410,98,58276,49600000,LTA
C-06755,Kestrel Distribution 06755,Aftermarket,SA,Brazil,208,95,3605,5100000,LTA
C-06756,Sumida Distribution 06756,Aftermarket,APAC-SE,Thailand,486,95,1865,1500000,spot
C-06757,Delantra Motors 06757,OEM,APAC-SE,Malaysia,296,98,10903,21500000,spot
C-06758,Cordis Distribution 06758,Aftermarket,SA,Argentina,264,95,1778,1900000,LTA
C-06759,Sumida Distribution 06759,Distributor,APAC-IN,India,53,95,762,4800000,spot
C-06760,Orion Systems 06760,Tier-1,NA-US,United States,53,95,878,700000,spot
C-06761,Norvia Motors 06761,OEM,EMEA-W,Italy,333,98,52927,59800000,consignment
C-06762,Baltia Distribution 06762,Aftermarket,SA,Brazil,25,95,350,5800000,consignment
C-06763,Sumida Distribution 06763,Aftermarket,NA-US,United States,407,95,267,4100000,spot
C-06764,Baltia Systems 06764,Tier-1,NA-US,United States,119,95,3363,1000000,LTA
C-06765,Atlas Systems 06765,Tier-1,APAC-SE,Malaysia,11,95,362,400000,LTA
C-06766,Sumida Systems 06766,Tier-1,APAC-IN,India,321,95,2800,5100000,consignment
C-06767,Bluepeak Motors 06767,OEM,APAC-SE,Thailand,200,98,33828,12900000,consignment
C-06768,Atlas Distribution 06768,Aftermarket,APAC-SE,Malaysia,32,95,2965,3900000,spot
C-06769,Atlas Systems 06769,Tier-1,EMEA-E,Turkey,306,95,1867,3300000,LTA
C-06770,Baltia Motors 06770,OEM,SA,Brazil,278,98,12807,65500000,LTA
C-06771,Norvia Motors 06771,OEM,EMEA-W,France,208,98,11122,29400000,consignment
C-06772,Sumida Motors 06772,OEM,SA,Brazil,382,98,50479,28700000,consignment
C-06773,Vantage Distribution 06773,Aftermarket,APAC-NE,China,80,95,3422,600000,LTA
C-06774,Delantra Motors 06774,OEM,APAC-SE,Thailand,419,98,23846,73800000,LTA
C-06775,Orion Motors 06775,OEM,NA-MX,Mexico,195,98,26763,2400000,LTA
C-06776,Kestrel Systems 06776,Tier-1,NA-US,United States,353,95,147,2500000,consignment
C-06777,Orion Distribution 06777,Distributor,EMEA-E,Poland,51,95,2044,4200000,spot
C-06778,Baltia Motors 06778,OEM,NA-US,United States,85,98,52946,25900000,LTA
C-06779,Norvia Distribution 06779,Aftermarket,APAC-IN,India,148,95,1952,2300000,consignment
C-06780,Sumida Motors 06780,OEM,APAC-SE,Indonesia,356,98,29679,14600000,LTA
C-06781,Kestrel Motors 06781,OEM,NA-US,United States,47,98,26525,30100000,LTA
C-06782,Baltia Distribution 06782,Aftermarket,NA-MX,Mexico,158,95,297,5500000,LTA
C-06783,Baltia Distribution 06783,Distributor,APAC-IN,India,182,95,2522,4000000,spot
C-06784,Atlas Motors 06784,OEM,EMEA-W,France,176,98,56880,20100000,spot
C-06785,Sumida Distribution 06785,Distributor,SA,Brazil,347,95,2116,4700000,LTA
C-06786,Atlas Distribution 06786,Distributor,EMEA-W,Spain,293,95,3073,1800000,LTA
C-06787,Orion Distribution 06787,Aftermarket,SA,Brazil,112,95,3389,3500000,consignment
C-06788,Bluepeak Distribution 06788,Distributor,EMEA-E,Romania,448,95,1735,5000000,spot
C-06789,Sumida Motors 06789,OEM,APAC-SE,Indonesia,220,98,30389,25100000,spot
C-06790,Kestrel Distribution 06790,Aftermarket,NA-MX,Mexico,476,95,2015,700000,LTA
C-06791,Delantra Motors 06791,OEM,NA-MX,Mexico,161,98,41105,57400000,LTA
C-06792,Norvia Motors 06792,OEM,APAC-SE,Vietnam,124,98,41147,3400000,spot
C-06793,Norvia Motors 06793,OEM,APAC-NE,China,58,98,44949,75200000,consignment
C-06794,Sumida Systems 06794,Tier-1,SA,Brazil,36,95,1544,4900000,LTA
C-06795,Delantra Distribution 06795,Aftermarket,SA,Brazil,344,95,3389,1200000,LTA
C-06796,Orion Motors 06796,OEM,APAC-IN,India,219,98,33970,19500000,spot
C-06797,Baltia Distribution 06797,Aftermarket,EMEA-E,Turkey,231,95,1667,3700000,LTA
C-06798,Sumida Motors 06798,OEM,EMEA-W,Italy,487,98,30271,64200000,consignment
C-06799,Delantra Distribution 06799,Distributor,NA-MX,Mexico,13,95,1265,2300000,spot
C-06800,Orion Distribution 06800,Distributor,SA,Brazil,112,95,194,600000,spot
C-06801,Baltia Motors 06801,OEM,NA-MX,Mexico,85,98,49078,73700000,spot
C-06802,Cordis Systems 06802,Tier-1,APAC-IN,India,440,95,2623,1300000,LTA
C-06803,Kestrel Distribution 06803,Aftermarket,APAC-NE,Taiwan,494,95,3875,4500000,LTA
C-06804,Sumida Motors 06804,OEM,EMEA-E,Poland,129,98,49037,81700000,spot
C-06805,Orion Distribution 06805,Distributor,APAC-IN,India,50,95,25,4300000,spot
C-06806,Vantage Distribution 06806,Aftermarket,SA,Argentina,216,95,1209,2900000,LTA
C-06807,Delantra Motors 06807,OEM,NA-MX,Mexico,27,98,42428,72700000,LTA
C-06808,Delantra Motors 06808,OEM,NA-MX,Mexico,110,98,58502,85900000,spot
C-06809,Bluepeak Motors 06809,OEM,APAC-IN,India,453,98,46716,14700000,consignment
C-06810,Delantra Distribution 06810,Aftermarket,APAC-NE,South Korea,493,95,785,2200000,consignment
C-06811,Norvia Motors 06811,OEM,NA-MX,Mexico,145,98,22872,38300000,consignment
C-06812,Vantage Systems 06812,Tier-1,SA,Argentina,339,95,3884,2600000,LTA
C-06813,Delantra Systems 06813,Tier-1,APAC-NE,Taiwan,500,95,769,1100000,consignment
C-06814,Delantra Motors 06814,OEM,NA-US,United States,374,98,18083,57700000,spot
C-06815,Sumida Motors 06815,OEM,NA-US,United States,433,98,52270,75800000,LTA
C-06816,Bluepeak Distribution 06816,Aftermarket,NA-US,United States,419,95,2330,3300000,LTA
C-06817,Vantage Motors 06817,OEM,EMEA-W,France,342,98,44595,26700000,consignment
C-06818,Delantra Distribution 06818,Aftermarket,APAC-SE,Malaysia,254,95,2513,3700000,consignment
C-06819,Sumida Systems 06819,Tier-1,NA-MX,Mexico,308,95,1906,4600000,consignment
C-06820,Norvia Motors 06820,OEM,NA-US,United States,13,98,43840,11900000,LTA
C-06821,Orion Systems 06821,Tier-1,SA,Argentina,354,95,3845,2900000,spot
C-06822,Delantra Systems 06822,Tier-1,APAC-SE,Thailand,193,95,2515,5800000,LTA
C-06823,Atlas Motors 06823,OEM,NA-MX,Mexico,459,98,49887,89200000,spot
C-06824,Sumida Motors 06824,OEM,APAC-NE,Taiwan,479,98,40275,20600000,LTA
C-06825,Bluepeak Motors 06825,OEM,SA,Argentina,82,98,45632,26500000,LTA
C-06826,Delantra Systems 06826,Tier-1,NA-US,United States,153,95,3538,5500000,spot
C-06827,Vantage Motors 06827,OEM,NA-MX,Mexico,27,98,18308,14300000,consignment
C-06828,Kestrel Motors 06828,OEM,APAC-IN,India,37,98,56845,31700000,LTA
C-06829,Cordis Distribution 06829,Distributor,EMEA-E,Turkey,279,95,541,2500000,spot
C-06830,Orion Distribution 06830,Aftermarket,APAC-SE,Indonesia,146,95,1230,4900000,consignment
C-06831,Atlas Systems 06831,Tier-1,NA-US,United States,318,95,714,5600000,LTA
C-06832,Cordis Distribution 06832,Aftermarket,NA-MX,Mexico,121,95,3342,4900000,consignment
C-06833,Orion Systems 06833,Tier-1,APAC-SE,Thailand,198,95,2445,2200000,consignment
C-06834,Cordis Motors 06834,OEM,SA,Argentina,286,98,33880,76100000,consignment
C-06835,Bluepeak Motors 06835,OEM,SA,Brazil,326,98,33148,36500000,consignment
C-06836,Sumida Distribution 06836,Aftermarket,EMEA-W,France,359,95,780,2800000,LTA
C-06837,Atlas Distribution 06837,Distributor,NA-US,United States,423,95,750,4500000,LTA
C-06838,Vantage Motors 06838,OEM,EMEA-W,Germany,265,98,53891,23300000,LTA
C-06839,Sumida Systems 06839,Tier-1,APAC-IN,India,261,95,208,6000000,LTA
C-06840,Kestrel Distribution 06840,Distributor,APAC-IN,India,335,95,346,4500000,LTA
C-06841,Cordis Motors 06841,OEM,APAC-IN,India,466,98,42914,42200000,LTA
C-06842,Atlas Distribution 06842,Aftermarket,APAC-NE,China,200,95,191,4100000,consignment
C-06843,Delantra Distribution 06843,Distributor,SA,Argentina,322,95,239,1900000,spot
C-06844,Bluepeak Motors 06844,OEM,NA-MX,Mexico,264,98,52831,86000000,LTA
C-06845,Orion Distribution 06845,Aftermarket,EMEA-E,Czechia,440,95,209,4400000,LTA
C-06846,Delantra Motors 06846,OEM,EMEA-W,France,416,98,9523,5300000,consignment
C-06847,Cordis Motors 06847,OEM,EMEA-E,Romania,117,98,50799,74800000,LTA
C-06848,Kestrel Distribution 06848,Aftermarket,EMEA-W,France,116,95,3456,200000,spot
C-06849,Delantra Distribution 06849,Aftermarket,EMEA-W,Italy,428,95,2772,4900000,consignment
C-06850,Norvia Systems 06850,Tier-1,SA,Brazil,148,95,806,2900000,consignment
C-06851,Norvia Distribution 06851,Aftermarket,APAC-SE,Indonesia,194,95,1426,1600000,LTA
C-06852,Kestrel Motors 06852,OEM,EMEA-E,Romania,116,98,36747,39500000,LTA
C-06853,Norvia Motors 06853,OEM,SA,Argentina,14,98,56625,63100000,consignment
C-06854,Norvia Motors 06854,OEM,SA,Brazil,83,98,5233,69400000,spot
C-06855,Kestrel Distribution 06855,Distributor,EMEA-E,Czechia,300,95,72,5500000,LTA
C-06856,Sumida Distribution 06856,Distributor,EMEA-E,Czechia,168,95,1989,2600000,LTA
C-06857,Sumida Distribution 06857,Aftermarket,NA-US,United States,408,95,2092,2900000,consignment
C-06858,Vantage Motors 06858,OEM,APAC-IN,India,386,98,21452,8000000,LTA
C-06859,Baltia Distribution 06859,Aftermarket,EMEA-E,Czechia,235,95,1523,4300000,LTA
C-06860,Sumida Systems 06860,Tier-1,NA-US,United States,171,95,1779,4300000,LTA
C-06861,Norvia Distribution 06861,Aftermarket,EMEA-W,Germany,360,95,567,3800000,LTA
C-06862,Delantra Distribution 06862,Aftermarket,APAC-SE,Indonesia,118,95,1965,5200000,LTA
C-06863,Baltia Systems 06863,Tier-1,SA,Argentina,376,95,87,600000,LTA
C-06864,Orion Distribution 06864,Distributor,NA-MX,Mexico,241,95,1958,2200000,LTA
C-06865,Bluepeak Systems 06865,Tier-1,NA-MX,Mexico,68,95,292,5900000,LTA
C-06866,Delantra Distribution 06866,Aftermarket,NA-US,United States,468,95,2114,1500000,consignment
C-06867,Kestrel Distribution 06867,Distributor,APAC-SE,Indonesia,391,95,1733,4800000,LTA
C-06868,Atlas Distribution 06868,Distributor,APAC-IN,India,355,95,1715,5600000,LTA
C-06869,Vantage Distribution 06869,Aftermarket,EMEA-W,France,332,95,3429,4000000,LTA
C-06870,Baltia Motors 06870,OEM,APAC-NE,Japan,70,98,27655,58500000,spot
C-06871,Sumida Systems 06871,Tier-1,NA-MX,Mexico,68,95,3938,1300000,LTA
C-06872,Sumida Motors 06872,OEM,EMEA-E,Turkey,385,98,50564,11600000,LTA
C-06873,Delantra Distribution 06873,Aftermarket,APAC-IN,India,401,95,171,4500000,LTA
C-06874,Cordis Distribution 06874,Distributor,APAC-IN,India,12,95,1068,4200000,LTA
C-06875,Delantra Systems 06875,Tier-1,EMEA-W,Italy,295,95,3791,5400000,LTA
C-06876,Vantage Systems 06876,Tier-1,APAC-NE,South Korea,53,95,2507,3100000,spot
C-06877,Vantage Systems 06877,Tier-1,APAC-NE,Japan,375,95,3968,4300000,LTA
C-06878,Vantage Distribution 06878,Aftermarket,NA-MX,Mexico,430,95,3919,2800000,consignment
C-06879,Vantage Distribution 06879,Aftermarket,APAC-SE,Indonesia,272,95,2346,3600000,LTA
C-06880,Kestrel Distribution 06880,Aftermarket,NA-MX,Mexico,247,95,1200,5100000,spot
C-06881,Kestrel Motors 06881,OEM,SA,Argentina,334,98,46253,70100000,consignment
C-06882,Delantra Motors 06882,OEM,NA-US,United States,443,98,26571,12500000,LTA
C-06883,Atlas Systems 06883,Tier-1,APAC-SE,Indonesia,272,95,1219,1400000,spot
C-06884,Cordis Systems 06884,Tier-1,APAC-NE,South Korea,345,95,2364,2100000,spot
C-06885,Kestrel Distribution 06885,Aftermarket,NA-MX,Mexico,108,95,3910,6000000,consignment
C-06886,Orion Distribution 06886,Distributor,NA-MX,Mexico,445,95,258,4200000,LTA
C-06887,Norvia Distribution 06887,Aftermarket,APAC-SE,Thailand,141,95,3446,4100000,LTA
C-06888,Norvia Motors 06888,OEM,NA-US,United States,327,98,49014,55900000,spot
C-06889,Baltia Systems 06889,Tier-1,EMEA-E,Poland,183,95,3773,1100000,consignment
C-06890,Vantage Distribution 06890,Aftermarket,APAC-SE,Indonesia,375,95,2382,2100000,LTA
C-06891,Sumida Motors 06891,OEM,NA-US,United States,396,98,40410,30300000,spot
C-06892,Atlas Motors 06892,OEM,EMEA-E,Czechia,361,98,40185,64400000,consignment
C-06893,Bluepeak Motors 06893,OEM,APAC-NE,Taiwan,309,98,37004,57700000,LTA
C-06894,Atlas Motors 06894,OEM,EMEA-E,Turkey,364,98,32919,72900000,LTA
C-06895,Bluepeak Motors 06895,OEM,APAC-NE,Japan,61,98,5409,46500000,LTA
C-06896,Sumida Systems 06896,Tier-1,EMEA-E,Turkey,291,95,2594,3100000,consignment
C-06897,Cordis Distribution 06897,Aftermarket,EMEA-W,Spain,218,95,2454,4300000,LTA
C-06898,Kestrel Distribution 06898,Distributor,NA-US,United States,289,95,2778,1700000,spot
C-06899,Delantra Distribution 06899,Aftermarket,EMEA-W,Germany,26,95,2701,4000000,spot
C-06900,Delantra Distribution 06900,Distributor,NA-MX,Mexico,498,95,683,3000000,consignment
C-06901,Baltia Motors 06901,OEM,NA-MX,Mexico,500,98,44784,16600000,LTA
C-06902,Cordis Motors 06902,OEM,EMEA-W,Germany,237,98,28700,41500000,spot
C-06903,Kestrel Motors 06903,OEM,APAC-NE,South Korea,210,98,16033,35900000,LTA
C-06904,Vantage Distribution 06904,Distributor,NA-US,United States,231,95,3595,4100000,LTA
C-06905,Bluepeak Distribution 06905,Aftermarket,SA,Argentina,201,95,3233,2100000,consignment
C-06906,Vantage Distribution 06906,Aftermarket,EMEA-W,Germany,364,95,3779,300000,LTA
C-06907,Atlas Distribution 06907,Aftermarket,EMEA-W,France,289,95,1973,1400000,consignment
C-06908,Sumida Systems 06908,Tier-1,NA-MX,Mexico,242,95,3895,700000,LTA
C-06909,Baltia Systems 06909,Tier-1,EMEA-E,Turkey,449,95,1125,1000000,spot
C-06910,Atlas Motors 06910,OEM,EMEA-E,Czechia,194,98,35346,46100000,LTA
C-06911,Bluepeak Distribution 06911,Aftermarket,APAC-NE,South Korea,98,95,1627,2200000,LTA
C-06912,Orion Distribution 06912,Aftermarket,NA-MX,Mexico,445,95,2614,2300000,consignment
C-06913,Bluepeak Motors 06913,OEM,APAC-SE,Malaysia,400,98,29358,77200000,spot
C-06914,Bluepeak Motors 06914,OEM,NA-MX,Mexico,260,98,24418,7000000,spot
C-06915,Norvia Motors 06915,OEM,SA,Argentina,187,98,26377,3700000,consignment
C-06916,Bluepeak Distribution 06916,Aftermarket,EMEA-W,Italy,408,95,2165,4000000,spot
C-06917,Sumida Systems 06917,Tier-1,APAC-SE,Indonesia,195,95,3641,4300000,LTA
C-06918,Kestrel Distribution 06918,Aftermarket,APAC-SE,Vietnam,230,95,1979,900000,spot
C-06919,Vantage Systems 06919,Tier-1,SA,Brazil,69,95,776,4800000,LTA
C-06920,Norvia Motors 06920,OEM,NA-US,United States,250,98,25645,4000000,LTA
C-06921,Bluepeak Motors 06921,OEM,APAC-SE,Indonesia,147,98,11239,33000000,spot
C-06922,Sumida Distribution 06922,Distributor,EMEA-E,Poland,373,95,3960,200000,LTA
C-06923,Orion Motors 06923,OEM,EMEA-E,Romania,65,98,41342,62400000,LTA
C-06924,Cordis Distribution 06924,Aftermarket,APAC-SE,Malaysia,471,95,1535,5800000,consignment
C-06925,Cordis Motors 06925,OEM,SA,Argentina,84,98,51801,9100000,LTA
C-06926,Kestrel Motors 06926,OEM,SA,Brazil,479,98,10705,79600000,LTA
C-06927,Kestrel Motors 06927,OEM,APAC-NE,Taiwan,350,98,35056,89200000,LTA
C-06928,Baltia Systems 06928,Tier-1,NA-US,United States,209,95,799,2100000,LTA
C-06929,Orion Distribution 06929,Aftermarket,NA-US,United States,316,95,3637,5200000,LTA
C-06930,Norvia Motors 06930,OEM,APAC-IN,India,156,98,21560,6400000,LTA
C-06931,Cordis Systems 06931,Tier-1,SA,Brazil,163,95,1721,200000,consignment
C-06932,Bluepeak Systems 06932,Tier-1,EMEA-W,Germany,316,95,1361,3600000,spot
C-06933,Sumida Motors 06933,OEM,SA,Argentina,305,98,45911,21500000,spot
C-06934,Vantage Motors 06934,OEM,APAC-NE,China,22,98,46552,62400000,LTA
C-06935,Atlas Systems 06935,Tier-1,NA-US,United States,101,95,2699,4100000,consignment
C-06936,Atlas Distribution 06936,Distributor,APAC-IN,India,454,95,990,1900000,LTA
C-06937,Sumida Systems 06937,Tier-1,EMEA-W,Germany,422,95,898,5400000,LTA
C-06938,Orion Systems 06938,Tier-1,NA-US,United States,347,95,1687,4200000,consignment
C-06939,Atlas Distribution 06939,Distributor,APAC-SE,Thailand,163,95,1806,3700000,LTA
C-06940,Sumida Distribution 06940,Distributor,EMEA-W,Spain,22,95,3566,6000000,consignment
C-06941,Kestrel Motors 06941,OEM,EMEA-W,France,436,98,29276,30700000,spot
C-06942,Orion Motors 06942,OEM,NA-US,United States,100,98,41906,88400000,LTA
C-06943,Delantra Systems 06943,Tier-1,EMEA-E,Romania,390,95,3319,3600000,LTA
C-06944,Kestrel Systems 06944,Tier-1,NA-MX,Mexico,466,95,3749,1800000,consignment
C-06945,Vantage Distribution 06945,Distributor,APAC-IN,India,111,95,2293,5900000,LTA
C-06946,Orion Motors 06946,OEM,EMEA-W,France,309,98,31813,4000000,spot
C-06947,Orion Distribution 06947,Distributor,EMEA-E,Czechia,196,95,3702,1700000,LTA
C-06948,Cordis Distribution 06948,Aftermarket,SA,Brazil,137,95,1888,2900000,LTA
C-06949,Sumida Motors 06949,OEM,APAC-SE,Vietnam,449,98,50120,37800000,spot
C-06950,Atlas Systems 06950,Tier-1,SA,Brazil,472,95,915,4500000,consignment
C-06951,Norvia Motors 06951,OEM,NA-MX,Mexico,297,98,11342,9200000,consignment
C-06952,Sumida Motors 06952,OEM,NA-US,United States,336,98,21383,13200000,LTA
C-06953,Sumida Systems 06953,Tier-1,NA-MX,Mexico,181,95,1593,1500000,LTA
C-06954,Delantra Motors 06954,OEM,EMEA-W,Italy,266,98,57110,62000000,LTA
C-06955,Orion Distribution 06955,Distributor,APAC-NE,China,385,95,1246,4500000,LTA
C-06956,Baltia Distribution 06956,Distributor,SA,Brazil,484,95,3134,2100000,consignment
C-06957,Vantage Motors 06957,OEM,SA,Brazil,256,98,37694,77900000,consignment
C-06958,Bluepeak Motors 06958,OEM,APAC-SE,Vietnam,181,98,20216,49400000,consignment
C-06959,Bluepeak Distribution 06959,Aftermarket,SA,Argentina,382,95,1200,3900000,consignment
C-06960,Vantage Motors 06960,OEM,APAC-IN,India,57,98,20478,10600000,LTA
C-06961,Kestrel Motors 06961,OEM,NA-US,United States,153,98,53783,89100000,LTA
C-06962,Sumida Systems 06962,Tier-1,APAC-SE,Thailand,107,95,3507,5800000,spot
C-06963,Vantage Motors 06963,OEM,NA-US,United States,384,98,12734,14100000,spot
C-06964,Baltia Systems 06964,Tier-1,EMEA-W,Germany,436,95,424,5700000,consignment
C-06965,Atlas Systems 06965,Tier-1,NA-US,United States,224,95,507,200000,LTA
C-06966,Norvia Distribution 06966,Distributor,SA,Argentina,276,95,1781,3800000,LTA
C-06967,Vantage Distribution 06967,Distributor,EMEA-E,Poland,259,95,2520,2800000,LTA
C-06968,Norvia Distribution 06968,Distributor,APAC-IN,India,289,95,300,500000,LTA
C-06969,Orion Systems 06969,Tier-1,APAC-SE,Indonesia,270,95,3126,1500000,LTA
C-06970,Cordis Motors 06970,OEM,EMEA-W,France,151,98,20896,73500000,spot
C-06971,Bluepeak Distribution 06971,Distributor,NA-MX,Mexico,388,95,3310,3800000,spot
C-06972,Vantage Distribution 06972,Distributor,EMEA-E,Czechia,173,95,2448,4000000,spot
C-06973,Sumida Distribution 06973,Aftermarket,NA-US,United States,232,95,969,4500000,consignment
C-06974,Orion Motors 06974,OEM,EMEA-E,Poland,170,98,30266,89600000,consignment
C-06975,Kestrel Systems 06975,Tier-1,NA-MX,Mexico,101,95,2567,6000000,LTA
C-06976,Cordis Motors 06976,OEM,EMEA-E,Turkey,187,98,27755,48900000,spot
C-06977,Atlas Motors 06977,OEM,APAC-NE,Taiwan,53,98,15602,28500000,consignment
C-06978,Delantra Motors 06978,OEM,NA-US,United States,447,98,29689,2900000,LTA
C-06979,Atlas Motors 06979,OEM,EMEA-W,Germany,188,98,31542,77400000,LTA
C-06980,Vantage Motors 06980,OEM,NA-MX,Mexico,468,98,42263,10200000,LTA
C-06981,Baltia Motors 06981,OEM,SA,Brazil,185,98,7234,83700000,spot
C-06982,Delantra Motors 06982,OEM,APAC-NE,Japan,369,98,29831,37600000,LTA
C-06983,Norvia Distribution 06983,Aftermarket,NA-MX,Mexico,178,95,3894,3400000,consignment
C-06984,Bluepeak Motors 06984,OEM,APAC-NE,Japan,127,98,54114,59500000,spot
C-06985,Kestrel Motors 06985,OEM,SA,Argentina,289,98,27660,30600000,LTA
C-06986,Norvia Motors 06986,OEM,NA-MX,Mexico,62,98,15144,12300000,LTA
C-06987,Kestrel Distribution 06987,Distributor,SA,Brazil,174,95,2905,4000000,LTA
C-06988,Kestrel Distribution 06988,Aftermarket,APAC-SE,Indonesia,19,95,781,100000,consignment
C-06989,Sumida Motors 06989,OEM,NA-MX,Mexico,49,98,43938,11900000,LTA
C-06990,Orion Distribution 06990,Distributor,NA-MX,Mexico,289,95,1094,3000000,LTA
C-06991,Cordis Motors 06991,OEM,APAC-SE,Indonesia,399,98,14860,73500000,spot
C-06992,Vantage Motors 06992,OEM,EMEA-E,Romania,19,98,20456,32700000,LTA
C-06993,Bluepeak Systems 06993,Tier-1,NA-US,United States,131,95,2895,5300000,LTA
C-06994,Delantra Systems 06994,Tier-1,NA-US,United States,303,95,799,3600000,spot
C-06995,Baltia Systems 06995,Tier-1,APAC-IN,India,394,95,1995,2900000,LTA
C-06996,Cordis Systems 06996,Tier-1,EMEA-W,Italy,139,95,3549,2900000,spot
C-06997,Sumida Motors 06997,OEM,APAC-SE,Indonesia,370,98,23157,5000000,LTA
C-06998,Norvia Distribution 06998,Aftermarket,EMEA-E,Romania,12,95,3239,4900000,LTA
C-06999,Kestrel Motors 06999,OEM,EMEA-E,Czechia,343,98,34728,39700000,LTA
C-07000,Sumida Motors 07000,OEM,NA-US,United States,74,98,50731,32500000,LTA
C-07001,Baltia Motors 07001,OEM,EMEA-W,Germany,58,98,16993,45900000,consignment
C-07002,Vantage Motors 07002,OEM,EMEA-W,Spain,93,98,26299,75000000,consignment
C-07003,Bluepeak Motors 07003,OEM,NA-US,United States,89,98,53157,7200000,LTA
C-07004,Cordis Distribution 07004,Distributor,EMEA-W,France,130,95,2467,5500000,consignment
C-07005,Bluepeak Distribution 07005,Distributor,NA-US,United States,348,95,2819,1100000,LTA
C-07006,Baltia Motors 07006,OEM,NA-US,United States,62,98,20890,79200000,consignment
C-07007,Vantage Distribution 07007,Aftermarket,NA-US,United States,270,95,3514,3500000,spot
C-07008,Baltia Motors 07008,OEM,NA-MX,Mexico,100,98,37769,23600000,LTA
C-07009,Bluepeak Distribution 07009,Aftermarket,EMEA-E,Romania,443,95,2414,1600000,LTA
C-07010,Orion Systems 07010,Tier-1,APAC-SE,Indonesia,160,95,562,1600000,spot
C-07011,Baltia Distribution 07011,Distributor,SA,Argentina,175,95,3510,5400000,LTA
C-07012,Cordis Motors 07012,OEM,APAC-IN,India,497,98,43575,10300000,LTA
C-07013,Bluepeak Motors 07013,OEM,APAC-NE,China,310,98,13474,32600000,LTA
C-07014,Orion Distribution 07014,Distributor,EMEA-W,Spain,218,95,2390,1700000,LTA
C-07015,Orion Systems 07015,Tier-1,APAC-NE,Taiwan,167,95,1468,3000000,spot
C-07016,Cordis Distribution 07016,Distributor,NA-MX,Mexico,266,95,2944,3500000,LTA
C-07017,Bluepeak Motors 07017,OEM,EMEA-W,Italy,110,98,6027,32400000,LTA
C-07018,Kestrel Motors 07018,OEM,SA,Argentina,381,98,41663,36000000,spot
C-07019,Norvia Motors 07019,OEM,SA,Argentina,333,98,20632,79800000,consignment
C-07020,Delantra Motors 07020,OEM,EMEA-W,France,286,98,17402,30600000,LTA
C-07021,Bluepeak Distribution 07021,Distributor,EMEA-E,Romania,278,95,1348,1400000,LTA
C-07022,Sumida Distribution 07022,Aftermarket,APAC-NE,Japan,276,95,2365,4300000,consignment
C-07023,Vantage Systems 07023,Tier-1,NA-US,United States,275,95,1381,600000,consignment
C-07024,Atlas Motors 07024,OEM,APAC-SE,Malaysia,402,98,50994,79100000,LTA
C-07025,Norvia Systems 07025,Tier-1,APAC-SE,Indonesia,285,95,3385,3500000,consignment
C-07026,Vantage Systems 07026,Tier-1,EMEA-W,France,49,95,1193,5000000,LTA
C-07027,Norvia Distribution 07027,Distributor,EMEA-W,Spain,24,95,1789,5000000,consignment
C-07028,Orion Motors 07028,OEM,EMEA-W,Spain,298,98,24376,37100000,LTA
C-07029,Orion Systems 07029,Tier-1,APAC-SE,Thailand,487,95,247,5700000,spot
C-07030,Orion Systems 07030,Tier-1,APAC-SE,Thailand,325,95,1633,6000000,LTA
C-07031,Norvia Distribution 07031,Distributor,EMEA-W,Spain,137,95,518,2900000,consignment
C-07032,Baltia Motors 07032,OEM,NA-MX,Mexico,268,98,16938,66100000,spot
C-07033,Cordis Distribution 07033,Distributor,APAC-IN,India,218,95,2094,200000,LTA
C-07034,Baltia Systems 07034,Tier-1,EMEA-E,Czechia,118,95,3229,2600000,spot
C-07035,Kestrel Systems 07035,Tier-1,EMEA-E,Poland,472,95,404,6000000,LTA
C-07036,Vantage Distribution 07036,Distributor,SA,Argentina,428,95,2547,4300000,LTA
C-07037,Cordis Distribution 07037,Aftermarket,SA,Brazil,435,95,397,3900000,LTA
C-07038,Cordis Systems 07038,Tier-1,NA-MX,Mexico,43,95,3127,1300000,consignment
C-07039,Orion Motors 07039,OEM,NA-US,United States,97,98,50457,47500000,spot
C-07040,Sumida Motors 07040,OEM,NA-US,United States,326,98,18536,76600000,LTA
C-07041,Bluepeak Distribution 07041,Aftermarket,NA-US,United States,154,95,1427,3200000,LTA
C-07042,Sumida Motors 07042,OEM,APAC-IN,India,40,98,44368,26100000,LTA
C-07043,Cordis Distribution 07043,Distributor,APAC-IN,India,291,95,709,4700000,LTA
C-07044,Vantage Motors 07044,OEM,NA-MX,Mexico,423,98,23568,28100000,LTA
C-07045,Bluepeak Distribution 07045,Aftermarket,NA-US,United States,384,95,3975,6000000,consignment
C-07046,Atlas Motors 07046,OEM,APAC-NE,China,442,98,24322,69700000,LTA
C-07047,Orion Distribution 07047,Distributor,EMEA-W,Germany,353,95,580,2600000,LTA
C-07048,Sumida Distribution 07048,Aftermarket,EMEA-E,Romania,49,95,2607,800000,LTA
C-07049,Norvia Distribution 07049,Distributor,SA,Brazil,380,95,1330,1800000,LTA
C-07050,Norvia Systems 07050,Tier-1,APAC-IN,India,496,95,2439,4800000,spot
C-07051,Bluepeak Motors 07051,OEM,SA,Brazil,414,98,38874,11800000,spot
C-07052,Baltia Distribution 07052,Distributor,EMEA-E,Czechia,167,95,2923,5600000,LTA
C-07053,Atlas Motors 07053,OEM,APAC-SE,Malaysia,412,98,53237,76800000,consignment
C-07054,Sumida Distribution 07054,Aftermarket,NA-MX,Mexico,226,95,3909,2300000,LTA
C-07055,Bluepeak Systems 07055,Tier-1,APAC-SE,Indonesia,496,95,837,2000000,LTA
C-07056,Atlas Motors 07056,OEM,EMEA-E,Turkey,165,98,50915,65200000,LTA
C-07057,Sumida Distribution 07057,Aftermarket,NA-US,United States,281,95,3724,2400000,consignment
C-07058,Kestrel Motors 07058,OEM,NA-US,United States,241,98,29806,71900000,spot
C-07059,Bluepeak Motors 07059,OEM,APAC-NE,South Korea,202,98,14791,14700000,LTA
C-07060,Delantra Distribution 07060,Aftermarket,EMEA-E,Poland,440,95,1682,1000000,LTA
C-07061,Atlas Motors 07061,OEM,APAC-SE,Vietnam,441,98,20411,65700000,LTA
C-07062,Orion Motors 07062,OEM,EMEA-E,Turkey,473,98,7802,18900000,LTA
C-07063,Vantage Systems 07063,Tier-1,EMEA-W,Italy,33,95,1484,4600000,consignment
C-07064,Baltia Motors 07064,OEM,APAC-NE,South Korea,475,98,15007,7900000,LTA
C-07065,Vantage Motors 07065,OEM,NA-MX,Mexico,326,98,56537,40300000,LTA
C-07066,Norvia Systems 07066,Tier-1,SA,Brazil,295,95,3560,3300000,consignment
C-07067,Kestrel Motors 07067,OEM,NA-MX,Mexico,415,98,19236,68200000,spot
C-07068,Cordis Systems 07068,Tier-1,APAC-SE,Malaysia,256,95,2615,2100000,spot
C-07069,Delantra Distribution 07069,Distributor,SA,Brazil,269,95,3785,2400000,LTA
C-07070,Kestrel Motors 07070,OEM,APAC-SE,Malaysia,13,98,49538,76600000,consignment
C-07071,Norvia Systems 07071,Tier-1,APAC-SE,Thailand,375,95,86,1900000,consignment
C-07072,Sumida Motors 07072,OEM,NA-US,United States,131,98,25755,2200000,consignment
C-07073,Bluepeak Distribution 07073,Aftermarket,NA-MX,Mexico,139,95,1018,200000,LTA
C-07074,Kestrel Distribution 07074,Aftermarket,APAC-IN,India,308,95,2312,4800000,LTA
C-07075,Orion Distribution 07075,Aftermarket,APAC-NE,Taiwan,304,95,2799,700000,LTA
C-07076,Sumida Motors 07076,OEM,EMEA-W,Spain,79,98,39661,70000000,LTA
C-07077,Kestrel Motors 07077,OEM,EMEA-E,Turkey,92,98,40344,41500000,consignment
C-07078,Vantage Distribution 07078,Aftermarket,APAC-IN,India,115,95,2590,3200000,LTA
C-07079,Cordis Motors 07079,OEM,APAC-IN,India,457,98,27318,15500000,consignment
C-07080,Bluepeak Distribution 07080,Distributor,EMEA-E,Romania,365,95,2863,4800000,spot
C-07081,Cordis Motors 07081,OEM,APAC-SE,Vietnam,494,98,44497,35200000,spot
C-07082,Vantage Systems 07082,Tier-1,NA-MX,Mexico,294,95,1919,5400000,LTA
C-07083,Vantage Motors 07083,OEM,SA,Brazil,92,98,38051,26500000,spot
C-07084,Orion Motors 07084,OEM,SA,Brazil,138,98,49951,64600000,consignment
C-07085,Kestrel Systems 07085,Tier-1,SA,Brazil,42,95,3895,5300000,LTA
C-07086,Kestrel Motors 07086,OEM,APAC-IN,India,346,98,28537,88800000,spot
C-07087,Delantra Motors 07087,OEM,SA,Argentina,203,98,28780,55100000,spot
C-07088,Kestrel Motors 07088,OEM,SA,Brazil,350,98,27793,16700000,LTA
C-07089,Sumida Motors 07089,OEM,EMEA-E,Romania,401,98,54768,78100000,consignment
C-07090,Delantra Distribution 07090,Distributor,NA-MX,Mexico,426,95,744,5200000,consignment
C-07091,Norvia Systems 07091,Tier-1,EMEA-E,Poland,22,95,535,4300000,spot
C-07092,Kestrel Distribution 07092,Aftermarket,APAC-NE,South Korea,212,95,1044,2600000,consignment
C-07093,Kestrel Motors 07093,OEM,SA,Argentina,220,98,15611,51600000,LTA
C-07094,Cordis Systems 07094,Tier-1,EMEA-E,Poland,327,95,3188,4300000,LTA
C-07095,Delantra Systems 07095,Tier-1,NA-MX,Mexico,61,95,1953,4100000,LTA
C-07096,Norvia Distribution 07096,Distributor,NA-US,United States,418,95,3706,2900000,LTA
C-07097,Cordis Systems 07097,Tier-1,APAC-NE,Japan,79,95,3793,3600000,consignment
C-07098,Kestrel Distribution 07098,Aftermarket,SA,Brazil,328,95,904,2100000,LTA
C-07099,Cordis Distribution 07099,Distributor,NA-MX,Mexico,390,95,1414,5300000,LTA
C-07100,Delantra Distribution 07100,Distributor,SA,Brazil,397,95,3596,1800000,LTA
C-07101,Kestrel Distribution 07101,Distributor,SA,Argentina,236,95,65,5800000,spot
C-07102,Atlas Distribution 07102,Distributor,NA-MX,Mexico,488,95,1981,5200000,consignment
C-07103,Kestrel Distribution 07103,Distributor,EMEA-W,Spain,60,95,1001,4000000,consignment
C-07104,Cordis Motors 07104,OEM,EMEA-W,Germany,374,98,18873,57400000,LTA
C-07105,Atlas Systems 07105,Tier-1,NA-US,United States,494,95,1395,5600000,LTA
C-07106,Orion Distribution 07106,Distributor,APAC-IN,India,329,95,1521,4800000,LTA
C-07107,Orion Distribution 07107,Aftermarket,APAC-NE,South Korea,104,95,48,4800000,spot
C-07108,Norvia Systems 07108,Tier-1,SA,Brazil,400,95,3493,5100000,consignment
C-07109,Orion Distribution 07109,Aftermarket,SA,Brazil,217,95,1735,3300000,LTA
C-07110,Orion Distribution 07110,Aftermarket,SA,Argentina,392,95,2683,2600000,LTA
C-07111,Bluepeak Systems 07111,Tier-1,NA-US,United States,323,95,1992,4200000,LTA
C-07112,Baltia Distribution 07112,Distributor,APAC-IN,India,265,95,1012,1700000,consignment
C-07113,Orion Motors 07113,OEM,NA-US,United States,454,98,48418,11700000,LTA
C-07114,Orion Systems 07114,Tier-1,APAC-IN,India,272,95,3969,3100000,consignment
C-07115,Norvia Systems 07115,Tier-1,APAC-SE,Vietnam,145,95,1477,3500000,LTA
C-07116,Baltia Motors 07116,OEM,EMEA-W,Italy,307,98,51295,72200000,LTA
C-07117,Delantra Motors 07117,OEM,EMEA-E,Czechia,351,98,33720,39300000,consignment
C-07118,Norvia Distribution 07118,Distributor,NA-US,United States,477,95,764,1500000,LTA
C-07119,Sumida Motors 07119,OEM,NA-US,United States,125,98,55910,26400000,consignment
C-07120,Sumida Distribution 07120,Aftermarket,NA-US,United States,161,95,3851,4600000,spot
C-07121,Orion Motors 07121,OEM,APAC-SE,Indonesia,66,98,56962,71800000,LTA
C-07122,Vantage Systems 07122,Tier-1,NA-MX,Mexico,278,95,1126,3800000,consignment
C-07123,Cordis Systems 07123,Tier-1,APAC-NE,China,171,95,27,200000,LTA
C-07124,Kestrel Motors 07124,OEM,APAC-NE,South Korea,365,98,21080,18000000,consignment
C-07125,Cordis Distribution 07125,Aftermarket,EMEA-E,Czechia,427,95,1032,5600000,spot
C-07126,Bluepeak Distribution 07126,Distributor,SA,Brazil,368,95,3824,300000,spot
C-07127,Delantra Distribution 07127,Distributor,APAC-IN,India,369,95,3821,5400000,spot
C-07128,Cordis Motors 07128,OEM,EMEA-W,Italy,435,98,54527,27100000,consignment
C-07129,Kestrel Distribution 07129,Aftermarket,APAC-NE,Japan,278,95,1183,3600000,spot
C-07130,Orion Distribution 07130,Distributor,APAC-IN,India,40,95,2626,1600000,spot
C-07131,Cordis Distribution 07131,Distributor,EMEA-W,France,11,95,2562,1200000,LTA
C-07132,Cordis Motors 07132,OEM,APAC-SE,Vietnam,283,98,51977,33200000,consignment
C-07133,Vantage Motors 07133,OEM,APAC-SE,Malaysia,356,98,23140,11000000,consignment
C-07134,Bluepeak Motors 07134,OEM,EMEA-W,Italy,142,98,16559,53600000,LTA
C-07135,Delantra Motors 07135,OEM,SA,Brazil,189,98,35171,50900000,LTA
C-07136,Cordis Motors 07136,OEM,NA-US,United States,75,98,26088,80400000,consignment
C-07137,Orion Distribution 07137,Aftermarket,APAC-IN,India,458,95,3765,3900000,LTA
C-07138,Cordis Motors 07138,OEM,NA-MX,Mexico,81,98,6438,49200000,LTA
C-07139,Cordis Distribution 07139,Aftermarket,NA-MX,Mexico,191,95,3727,5600000,spot
C-07140,Orion Motors 07140,OEM,NA-US,United States,482,98,38562,8700000,spot
C-07141,Baltia Systems 07141,Tier-1,EMEA-E,Romania,197,95,3800,2100000,spot
C-07142,Atlas Distribution 07142,Distributor,EMEA-W,Germany,105,95,3422,3900000,spot
C-07143,Kestrel Distribution 07143,Aftermarket,SA,Brazil,407,95,81,2000000,LTA
C-07144,Orion Distribution 07144,Distributor,EMEA-E,Poland,392,95,3356,3400000,spot
C-07145,Bluepeak Systems 07145,Tier-1,APAC-NE,South Korea,389,95,1643,1400000,LTA
C-07146,Vantage Distribution 07146,Aftermarket,APAC-NE,Taiwan,71,95,452,4000000,spot
C-07147,Cordis Distribution 07147,Aftermarket,EMEA-E,Turkey,493,95,1203,2600000,LTA
C-07148,Sumida Systems 07148,Tier-1,APAC-NE,South Korea,413,95,1642,3500000,consignment
C-07149,Kestrel Distribution 07149,Distributor,APAC-SE,Malaysia,195,95,2673,5500000,consignment
C-07150,Baltia Distribution 07150,Aftermarket,SA,Brazil,89,95,3054,600000,spot
C-07151,Bluepeak Motors 07151,OEM,SA,Argentina,138,98,51764,84800000,consignment
C-07152,Kestrel Distribution 07152,Aftermarket,APAC-SE,Indonesia,395,95,469,1800000,consignment
C-07153,Atlas Motors 07153,OEM,EMEA-W,Italy,292,98,31253,21800000,spot
C-07154,Baltia Systems 07154,Tier-1,NA-US,United States,78,95,3065,5800000,consignment
C-07155,Cordis Systems 07155,Tier-1,NA-US,United States,475,95,2959,5000000,spot
C-07156,Cordis Motors 07156,OEM,APAC-NE,South Korea,303,98,15103,55200000,consignment
C-07157,Kestrel Systems 07157,Tier-1,APAC-SE,Thailand,316,95,735,3100000,spot
C-07158,Vantage Distribution 07158,Aftermarket,EMEA-E,Poland,224,95,350,6000000,LTA
C-07159,Cordis Motors 07159,OEM,NA-US,United States,251,98,32235,31000000,consignment
C-07160,Delantra Motors 07160,OEM,NA-US,United States,496,98,49249,12300000,LTA
C-07161,Vantage Motors 07161,OEM,EMEA-E,Poland,377,98,58310,72400000,spot
C-07162,Bluepeak Distribution 07162,Aftermarket,NA-MX,Mexico,357,95,1088,5900000,spot
C-07163,Kestrel Distribution 07163,Distributor,NA-MX,Mexico,483,95,2496,4600000,LTA
C-07164,Sumida Systems 07164,Tier-1,APAC-NE,China,452,95,1002,3100000,consignment
C-07165,Vantage Systems 07165,Tier-1,NA-MX,Mexico,281,95,629,5100000,consignment
C-07166,Baltia Motors 07166,OEM,SA,Brazil,225,98,36715,56500000,spot
C-07167,Baltia Motors 07167,OEM,NA-US,United States,453,98,16131,19700000,LTA
C-07168,Baltia Distribution 07168,Aftermarket,NA-US,United States,337,95,2135,1300000,spot
C-07169,Atlas Motors 07169,OEM,EMEA-E,Poland,373,98,37077,78000000,LTA
C-07170,Norvia Distribution 07170,Aftermarket,EMEA-E,Poland,155,95,2676,3100000,LTA
C-07171,Kestrel Distribution 07171,Distributor,APAC-SE,Indonesia,210,95,2103,5500000,LTA
C-07172,Norvia Distribution 07172,Distributor,APAC-IN,India,35,95,2542,1800000,LTA
C-07173,Delantra Distribution 07173,Aftermarket,SA,Argentina,83,95,98,1200000,consignment
C-07174,Kestrel Motors 07174,OEM,EMEA-W,France,163,98,53745,51700000,LTA
C-07175,Vantage Distribution 07175,Aftermarket,EMEA-W,Italy,307,95,3286,3600000,spot
C-07176,Atlas Systems 07176,Tier-1,APAC-NE,Taiwan,43,95,1194,5400000,consignment
C-07177,Norvia Motors 07177,OEM,SA,Brazil,56,98,43303,62700000,consignment
C-07178,Bluepeak Distribution 07178,Distributor,NA-MX,Mexico,435,95,233,4100000,LTA
C-07179,Bluepeak Distribution 07179,Distributor,APAC-IN,India,198,95,100,3300000,LTA
C-07180,Delantra Distribution 07180,Distributor,EMEA-W,France,319,95,1519,4100000,LTA
C-07181,Kestrel Motors 07181,OEM,APAC-IN,India,22,98,49413,87300000,consignment
C-07182,Delantra Systems 07182,Tier-1,EMEA-E,Turkey,249,95,3568,4600000,LTA
C-07183,Baltia Motors 07183,OEM,EMEA-W,Spain,239,98,38953,40400000,LTA
C-07184,Norvia Motors 07184,OEM,APAC-SE,Malaysia,11,98,47148,72500000,consignment
C-07185,Atlas Distribution 07185,Distributor,NA-US,United States,256,95,717,2800000,LTA
C-07186,Cordis Distribution 07186,Aftermarket,SA,Argentina,235,95,3672,100000,LTA
C-07187,Atlas Distribution 07187,Distributor,APAC-SE,Malaysia,397,95,2098,800000,LTA
C-07188,Delantra Distribution 07188,Distributor,EMEA-E,Czechia,42,95,3416,900000,LTA
C-07189,Vantage Distribution 07189,Aftermarket,NA-MX,Mexico,243,95,3712,1700000,consignment
C-07190,Orion Distribution 07190,Distributor,NA-US,United States,130,95,5,3400000,spot
C-07191,Vantage Distribution 07191,Aftermarket,APAC-SE,Malaysia,99,95,328,800000,spot
C-07192,Norvia Motors 07192,OEM,SA,Brazil,204,98,37375,74100000,consignment
C-07193,Cordis Motors 07193,OEM,APAC-IN,India,440,98,16442,75400000,spot
C-07194,Orion Distribution 07194,Aftermarket,NA-US,United States,370,95,1653,2700000,LTA
C-07195,Kestrel Systems 07195,Tier-1,APAC-NE,Taiwan,197,95,237,5400000,consignment
C-07196,Kestrel Distribution 07196,Distributor,APAC-IN,India,92,95,278,200000,consignment
C-07197,Delantra Distribution 07197,Distributor,SA,Brazil,275,95,78,2700000,LTA
C-07198,Delantra Distribution 07198,Distributor,APAC-IN,India,146,95,1867,4800000,LTA
C-07199,Vantage Motors 07199,OEM,APAC-SE,Vietnam,174,98,46140,8200000,LTA
C-07200,Vantage Motors 07200,OEM,NA-MX,Mexico,425,98,44355,22100000,spot
C-07201,Baltia Motors 07201,OEM,APAC-SE,Vietnam,211,98,9226,46100000,LTA
C-07202,Vantage Distribution 07202,Distributor,APAC-IN,India,281,95,2848,2800000,LTA
C-07203,Norvia Systems 07203,Tier-1,EMEA-E,Turkey,419,95,447,2100000,LTA
C-07204,Kestrel Motors 07204,OEM,EMEA-W,Italy,360,98,59612,52800000,LTA
C-07205,Orion Systems 07205,Tier-1,EMEA-W,France,47,95,2962,4000000,consignment
C-07206,Baltia Motors 07206,OEM,SA,Brazil,130,98,43378,76500000,consignment
C-07207,Delantra Motors 07207,OEM,APAC-NE,Japan,234,98,5001,25600000,consignment
C-07208,Atlas Systems 07208,Tier-1,APAC-IN,India,106,95,2829,4500000,LTA
C-07209,Bluepeak Distribution 07209,Distributor,NA-US,United States,317,95,42,4600000,LTA
C-07210,Bluepeak Distribution 07210,Distributor,APAC-NE,Taiwan,268,95,1174,800000,spot
C-07211,Sumida Distribution 07211,Aftermarket,APAC-SE,Malaysia,405,95,1690,5100000,consignment
C-07212,Kestrel Distribution 07212,Aftermarket,SA,Brazil,11,95,3426,6000000,LTA
C-07213,Bluepeak Motors 07213,OEM,NA-US,United States,403,98,37188,45100000,consignment
C-07214,Orion Systems 07214,Tier-1,EMEA-W,Italy,183,95,2296,4300000,LTA
C-07215,Orion Distribution 07215,Distributor,EMEA-W,France,55,95,3552,5200000,spot
C-07216,Orion Motors 07216,OEM,EMEA-W,Spain,51,98,7583,52600000,consignment
C-07217,Kestrel Distribution 07217,Aftermarket,NA-MX,Mexico,238,95,3911,300000,consignment
C-07218,Sumida Distribution 07218,Aftermarket,SA,Brazil,295,95,1061,700000,LTA
C-07219,Norvia Systems 07219,Tier-1,EMEA-E,Turkey,498,95,3215,1100000,LTA
C-07220,Baltia Systems 07220,Tier-1,EMEA-E,Poland,208,95,1888,3000000,LTA
C-07221,Kestrel Systems 07221,Tier-1,EMEA-E,Poland,196,95,2795,2500000,spot
C-07222,Kestrel Distribution 07222,Distributor,SA,Brazil,449,95,3027,200000,LTA
C-07223,Baltia Motors 07223,OEM,APAC-SE,Malaysia,433,98,56665,62900000,consignment
C-07224,Delantra Motors 07224,OEM,APAC-SE,Thailand,263,98,29919,45200000,consignment
C-07225,Vantage Motors 07225,OEM,SA,Brazil,167,98,32570,50500000,LTA
C-07226,Kestrel Systems 07226,Tier-1,APAC-IN,India,270,95,2686,4900000,LTA
C-07227,Kestrel Distribution 07227,Aftermarket,SA,Argentina,113,95,3806,1000000,LTA
C-07228,Kestrel Distribution 07228,Aftermarket,EMEA-E,Romania,475,95,2172,2600000,consignment
C-07229,Orion Distribution 07229,Aftermarket,APAC-IN,India,237,95,2747,2600000,LTA
C-07230,Kestrel Motors 07230,OEM,NA-US,United States,420,98,5130,18900000,spot
C-07231,Orion Distribution 07231,Aftermarket,NA-MX,Mexico,269,95,3887,5400000,LTA
C-07232,Orion Distribution 07232,Distributor,NA-US,United States,218,95,767,5400000,LTA
C-07233,Sumida Systems 07233,Tier-1,APAC-IN,India,69,95,1895,4400000,spot
C-07234,Cordis Distribution 07234,Aftermarket,EMEA-E,Czechia,316,95,3233,2300000,LTA
C-07235,Baltia Motors 07235,OEM,EMEA-W,Italy,217,98,19154,12800000,spot
C-07236,Kestrel Motors 07236,OEM,APAC-IN,India,434,98,58705,22700000,LTA
C-07237,Delantra Motors 07237,OEM,APAC-NE,Japan,385,98,28670,54000000,LTA
C-07238,Orion Distribution 07238,Aftermarket,NA-MX,Mexico,185,95,1898,2400000,LTA
C-07239,Baltia Systems 07239,Tier-1,SA,Brazil,32,95,3619,2400000,consignment
C-07240,Vantage Distribution 07240,Aftermarket,EMEA-E,Czechia,122,95,1560,5000000,LTA
C-07241,Baltia Motors 07241,OEM,APAC-NE,China,199,98,58223,81400000,LTA
C-07242,Cordis Motors 07242,OEM,APAC-IN,India,69,98,34418,70800000,consignment
C-07243,Atlas Motors 07243,OEM,APAC-SE,Vietnam,423,98,39254,47500000,consignment
C-07244,Sumida Systems 07244,Tier-1,EMEA-W,Spain,85,95,787,3900000,consignment
C-07245,Norvia Systems 07245,Tier-1,SA,Argentina,72,95,3588,3700000,spot
C-07246,Orion Distribution 07246,Distributor,APAC-NE,Taiwan,220,95,225,3900000,LTA
C-07247,Vantage Motors 07247,OEM,SA,Argentina,320,98,36538,50900000,LTA
C-07248,Bluepeak Motors 07248,OEM,NA-US,United States,209,98,24093,15600000,consignment
C-07249,Kestrel Systems 07249,Tier-1,APAC-SE,Thailand,149,95,194,4700000,consignment
C-07250,Vantage Systems 07250,Tier-1,EMEA-E,Czechia,422,95,2346,5400000,spot
C-07251,Vantage Motors 07251,OEM,NA-US,United States,485,98,19845,43800000,LTA
C-07252,Sumida Distribution 07252,Aftermarket,APAC-SE,Indonesia,85,95,1828,3700000,LTA
C-07253,Bluepeak Distribution 07253,Distributor,APAC-NE,South Korea,288,95,3816,2400000,LTA
C-07254,Cordis Motors 07254,OEM,NA-MX,Mexico,192,98,41487,83100000,spot
C-07255,Sumida Motors 07255,OEM,SA,Brazil,422,98,34741,62500000,LTA
C-07256,Norvia Distribution 07256,Aftermarket,APAC-IN,India,30,95,3392,3000000,consignment
C-07257,Delantra Distribution 07257,Aftermarket,NA-MX,Mexico,356,95,2353,400000,LTA
C-07258,Kestrel Systems 07258,Tier-1,APAC-IN,India,372,95,3549,3200000,consignment
C-07259,Atlas Motors 07259,OEM,SA,Brazil,335,98,35512,34400000,LTA
C-07260,Cordis Motors 07260,OEM,EMEA-E,Turkey,54,98,13345,40100000,LTA
C-07261,Vantage Systems 07261,Tier-1,APAC-IN,India,185,95,718,3300000,consignment
C-07262,Bluepeak Distribution 07262,Distributor,SA,Argentina,212,95,2223,1000000,spot
C-07263,Baltia Systems 07263,Tier-1,SA,Argentina,304,95,3637,3700000,LTA
C-07264,Orion Distribution 07264,Distributor,APAC-NE,South Korea,205,95,1901,2100000,consignment
C-07265,Atlas Motors 07265,OEM,APAC-IN,India,166,98,9171,88300000,LTA
C-07266,Vantage Systems 07266,Tier-1,EMEA-E,Turkey,237,95,3447,3000000,LTA
C-07267,Vantage Distribution 07267,Distributor,EMEA-W,Spain,106,95,3119,2300000,spot
C-07268,Baltia Distribution 07268,Distributor,APAC-SE,Indonesia,331,95,519,5100000,LTA
C-07269,Vantage Systems 07269,Tier-1,NA-MX,Mexico,45,95,2711,300000,LTA
C-07270,Bluepeak Distribution 07270,Aftermarket,EMEA-W,Italy,135,95,2604,2000000,spot
C-07271,Delantra Distribution 07271,Aftermarket,APAC-SE,Indonesia,156,95,535,1500000,LTA
C-07272,Orion Distribution 07272,Distributor,EMEA-W,Italy,245,95,3689,900000,LTA
C-07273,Orion Systems 07273,Tier-1,SA,Argentina,315,95,1727,5200000,consignment
C-07274,Vantage Motors 07274,OEM,APAC-NE,South Korea,458,98,46127,65600000,LTA
C-07275,Norvia Distribution 07275,Distributor,NA-US,United States,171,95,22,100000,LTA
C-07276,Atlas Motors 07276,OEM,APAC-SE,Indonesia,283,98,5388,3700000,LTA
C-07277,Delantra Motors 07277,OEM,NA-MX,Mexico,335,98,53861,67100000,LTA
C-07278,Vantage Motors 07278,OEM,APAC-NE,South Korea,324,98,50998,48900000,LTA
C-07279,Atlas Motors 07279,OEM,NA-MX,Mexico,417,98,50910,12400000,spot
C-07280,Kestrel Distribution 07280,Distributor,APAC-NE,Japan,301,95,1218,2000000,LTA
C-07281,Atlas Distribution 07281,Aftermarket,NA-MX,Mexico,26,95,3279,4300000,consignment
C-07282,Delantra Distribution 07282,Aftermarket,APAC-SE,Vietnam,407,95,3641,1400000,spot
C-07283,Norvia Systems 07283,Tier-1,APAC-SE,Malaysia,187,95,3461,4700000,spot
C-07284,Orion Motors 07284,OEM,NA-US,United States,54,98,31266,60700000,LTA
C-07285,Cordis Systems 07285,Tier-1,NA-MX,Mexico,263,95,1606,5500000,LTA
C-07286,Kestrel Motors 07286,OEM,EMEA-E,Poland,454,98,20452,3500000,consignment
C-07287,Cordis Systems 07287,Tier-1,SA,Argentina,337,95,2440,200000,spot
C-07288,Atlas Motors 07288,OEM,NA-US,United States,455,98,31047,38200000,consignment
C-07289,Delantra Distribution 07289,Aftermarket,SA,Argentina,463,95,1832,4400000,spot
C-07290,Kestrel Motors 07290,OEM,EMEA-E,Turkey,133,98,13321,25400000,consignment
C-07291,Cordis Distribution 07291,Distributor,APAC-IN,India,109,95,1498,3500000,spot
C-07292,Atlas Motors 07292,OEM,SA,Brazil,346,98,39519,9400000,LTA
C-07293,Atlas Motors 07293,OEM,APAC-IN,India,261,98,47260,74700000,LTA
C-07294,Baltia Motors 07294,OEM,EMEA-E,Czechia,281,98,46199,26100000,LTA
C-07295,Kestrel Distribution 07295,Aftermarket,EMEA-W,Italy,462,95,3388,2900000,spot
C-07296,Atlas Distribution 07296,Aftermarket,EMEA-W,Spain,20,95,1314,6000000,consignment
C-07297,Orion Systems 07297,Tier-1,APAC-SE,Thailand,352,95,1739,5500000,LTA
C-07298,Atlas Systems 07298,Tier-1,APAC-SE,Malaysia,144,95,99,2000000,consignment
C-07299,Cordis Systems 07299,Tier-1,APAC-NE,Taiwan,220,95,2985,2800000,LTA
C-07300,Bluepeak Distribution 07300,Distributor,APAC-IN,India,253,95,990,1400000,LTA
C-07301,Bluepeak Distribution 07301,Distributor,SA,Argentina,56,95,1261,2200000,LTA
C-07302,Norvia Distribution 07302,Aftermarket,NA-US,United States,402,95,3648,600000,consignment
C-07303,Bluepeak Motors 07303,OEM,APAC-SE,Vietnam,206,98,34490,32100000,spot
C-07304,Cordis Distribution 07304,Distributor,APAC-SE,Thailand,262,95,515,5400000,LTA
C-07305,Norvia Systems 07305,Tier-1,APAC-NE,South Korea,428,95,2069,3800000,LTA
C-07306,Delantra Distribution 07306,Aftermarket,NA-US,United States,219,95,592,1500000,consignment
C-07307,Vantage Distribution 07307,Aftermarket,EMEA-E,Turkey,181,95,804,200000,LTA
C-07308,Orion Distribution 07308,Aftermarket,APAC-NE,Taiwan,467,95,575,4600000,spot
C-07309,Kestrel Systems 07309,Tier-1,EMEA-W,France,169,95,3820,3100000,consignment
C-07310,Cordis Motors 07310,OEM,NA-MX,Mexico,88,98,41348,53600000,LTA
C-07311,Sumida Distribution 07311,Aftermarket,EMEA-E,Czechia,342,95,332,2400000,consignment
C-07312,Cordis Motors 07312,OEM,NA-MX,Mexico,268,98,49372,14600000,consignment
C-07313,Bluepeak Distribution 07313,Aftermarket,SA,Brazil,26,95,3868,800000,LTA
C-07314,Vantage Distribution 07314,Aftermarket,NA-US,United States,169,95,2057,1500000,consignment
C-07315,Kestrel Motors 07315,OEM,NA-US,United States,43,98,48021,7300000,spot
C-07316,Orion Systems 07316,Tier-1,SA,Argentina,131,95,1811,800000,LTA
C-07317,Kestrel Distribution 07317,Distributor,APAC-SE,Vietnam,476,95,3999,5500000,spot
C-07318,Orion Systems 07318,Tier-1,APAC-NE,Japan,495,95,1676,2100000,LTA
C-07319,Orion Distribution 07319,Aftermarket,NA-MX,Mexico,85,95,481,5100000,LTA
C-07320,Cordis Systems 07320,Tier-1,APAC-SE,Malaysia,162,95,1120,700000,spot
C-07321,Cordis Distribution 07321,Aftermarket,APAC-IN,India,61,95,1401,1000000,LTA
C-07322,Kestrel Distribution 07322,Aftermarket,APAC-IN,India,111,95,3219,5800000,consignment
C-07323,Baltia Motors 07323,OEM,APAC-NE,South Korea,274,98,14110,12000000,LTA
C-07324,Sumida Distribution 07324,Aftermarket,NA-US,United States,50,95,3808,3800000,consignment
C-07325,Norvia Distribution 07325,Distributor,APAC-NE,South Korea,241,95,3896,3300000,LTA
C-07326,Cordis Distribution 07326,Distributor,SA,Argentina,37,95,1817,2300000,LTA
C-07327,Baltia Systems 07327,Tier-1,NA-MX,Mexico,63,95,1284,5700000,LTA
C-07328,Bluepeak Motors 07328,OEM,NA-MX,Mexico,398,98,47034,49000000,LTA
C-07329,Baltia Distribution 07329,Aftermarket,APAC-SE,Indonesia,112,95,1409,2800000,LTA
C-07330,Sumida Distribution 07330,Aftermarket,APAC-SE,Vietnam,260,95,2807,3700000,LTA
C-07331,Delantra Systems 07331,Tier-1,APAC-SE,Indonesia,326,95,1896,200000,LTA
C-07332,Bluepeak Motors 07332,OEM,NA-MX,Mexico,31,98,25506,41500000,LTA
C-07333,Orion Systems 07333,Tier-1,NA-MX,Mexico,102,95,1704,800000,consignment
C-07334,Sumida Systems 07334,Tier-1,APAC-NE,South Korea,61,95,767,1800000,spot
C-07335,Cordis Systems 07335,Tier-1,EMEA-E,Czechia,393,95,842,3000000,LTA
C-07336,Bluepeak Distribution 07336,Aftermarket,EMEA-E,Czechia,79,95,340,3500000,spot
C-07337,Vantage Distribution 07337,Distributor,NA-US,United States,417,95,2354,2700000,LTA
C-07338,Orion Systems 07338,Tier-1,APAC-IN,India,218,95,808,5500000,consignment
C-07339,Delantra Motors 07339,OEM,EMEA-E,Romania,129,98,9896,43400000,spot
C-07340,Sumida Distribution 07340,Distributor,EMEA-W,Italy,132,95,2855,4500000,LTA
C-07341,Bluepeak Distribution 07341,Aftermarket,APAC-NE,Japan,146,95,2968,4800000,LTA
C-07342,Bluepeak Distribution 07342,Distributor,NA-MX,Mexico,211,95,2108,1600000,spot
C-07343,Sumida Distribution 07343,Distributor,EMEA-E,Turkey,216,95,3918,2900000,spot
C-07344,Kestrel Motors 07344,OEM,EMEA-W,Italy,170,98,59539,79700000,LTA
C-07345,Bluepeak Motors 07345,OEM,EMEA-W,Italy,428,98,27959,54400000,LTA
C-07346,Delantra Motors 07346,OEM,SA,Argentina,235,98,55995,26600000,LTA
C-07347,Bluepeak Motors 07347,OEM,NA-MX,Mexico,127,98,30471,55000000,consignment
C-07348,Kestrel Motors 07348,OEM,SA,Brazil,455,98,35351,63100000,spot
C-07349,Baltia Distribution 07349,Aftermarket,EMEA-W,Spain,428,95,3826,3800000,spot
C-07350,Bluepeak Motors 07350,OEM,APAC-IN,India,183,98,12529,15800000,LTA
C-07351,Cordis Distribution 07351,Aftermarket,APAC-IN,India,181,95,1183,3500000,spot
C-07352,Norvia Motors 07352,OEM,APAC-SE,Malaysia,344,98,30719,63500000,consignment
C-07353,Norvia Motors 07353,OEM,APAC-NE,Japan,320,98,46460,19700000,consignment
C-07354,Bluepeak Motors 07354,OEM,SA,Argentina,499,98,29080,72200000,consignment
C-07355,Kestrel Systems 07355,Tier-1,APAC-NE,Taiwan,322,95,3732,3200000,consignment
C-07356,Vantage Distribution 07356,Aftermarket,APAC-SE,Vietnam,438,95,1425,3500000,LTA
C-07357,Orion Systems 07357,Tier-1,NA-MX,Mexico,21,95,2265,1200000,consignment
C-07358,Atlas Distribution 07358,Distributor,APAC-SE,Indonesia,485,95,3173,3400000,LTA
C-07359,Delantra Motors 07359,OEM,SA,Argentina,24,98,11465,65400000,spot
C-07360,Sumida Distribution 07360,Distributor,SA,Brazil,238,95,180,5200000,LTA
C-07361,Norvia Motors 07361,OEM,SA,Argentina,32,98,53402,71800000,LTA
C-07362,Bluepeak Motors 07362,OEM,NA-MX,Mexico,439,98,34999,30000000,spot
C-07363,Norvia Distribution 07363,Aftermarket,APAC-SE,Malaysia,314,95,2124,5600000,LTA
C-07364,Bluepeak Motors 07364,OEM,EMEA-E,Turkey,109,98,49004,75700000,LTA
C-07365,Bluepeak Distribution 07365,Distributor,NA-US,United States,477,95,1372,900000,LTA
C-07366,Norvia Systems 07366,Tier-1,APAC-NE,Taiwan,267,95,2702,5200000,LTA
C-07367,Sumida Motors 07367,OEM,NA-MX,Mexico,69,98,32800,64300000,consignment
C-07368,Sumida Motors 07368,OEM,APAC-IN,India,220,98,11406,81100000,LTA
C-07369,Vantage Distribution 07369,Distributor,EMEA-W,Italy,287,95,1037,4600000,LTA
C-07370,Baltia Systems 07370,Tier-1,APAC-NE,China,462,95,2500,3200000,LTA
C-07371,Kestrel Systems 07371,Tier-1,APAC-SE,Malaysia,303,95,3197,3400000,consignment
C-07372,Delantra Distribution 07372,Aftermarket,EMEA-E,Turkey,365,95,291,700000,LTA
C-07373,Orion Distribution 07373,Aftermarket,NA-US,United States,469,95,579,4600000,LTA
C-07374,Bluepeak Motors 07374,OEM,APAC-SE,Thailand,41,98,42512,26600000,consignment
C-07375,Bluepeak Motors 07375,OEM,SA,Argentina,279,98,28933,64300000,spot
C-07376,Kestrel Motors 07376,OEM,APAC-IN,India,192,98,18571,9700000,consignment
C-07377,Baltia Systems 07377,Tier-1,NA-US,United States,166,95,1392,5400000,LTA
C-07378,Baltia Distribution 07378,Aftermarket,NA-US,United States,276,95,3710,5900000,LTA
C-07379,Norvia Motors 07379,OEM,SA,Brazil,144,98,38022,80900000,LTA
C-07380,Norvia Distribution 07380,Distributor,EMEA-E,Turkey,307,95,773,1900000,spot
C-07381,Delantra Systems 07381,Tier-1,NA-MX,Mexico,229,95,2918,3000000,spot
C-07382,Atlas Motors 07382,OEM,NA-MX,Mexico,492,98,45943,90000000,spot
C-07383,Orion Distribution 07383,Aftermarket,NA-MX,Mexico,286,95,2439,5200000,LTA
C-07384,Norvia Motors 07384,OEM,NA-MX,Mexico,358,98,31755,47500000,spot
C-07385,Orion Motors 07385,OEM,APAC-IN,India,79,98,27448,88900000,LTA
C-07386,Norvia Systems 07386,Tier-1,APAC-SE,Thailand,142,95,3568,1200000,consignment
C-07387,Norvia Distribution 07387,Distributor,APAC-NE,South Korea,357,95,3725,3900000,spot
C-07388,Kestrel Systems 07388,Tier-1,EMEA-E,Turkey,453,95,1288,4200000,spot
C-07389,Bluepeak Motors 07389,OEM,EMEA-W,Spain,111,98,36151,51200000,consignment
C-07390,Cordis Distribution 07390,Aftermarket,EMEA-E,Czechia,301,95,553,1000000,spot
C-07391,Baltia Motors 07391,OEM,EMEA-W,Italy,403,98,19997,72300000,consignment
C-07392,Orion Distribution 07392,Distributor,NA-MX,Mexico,29,95,2736,900000,spot
C-07393,Bluepeak Distribution 07393,Aftermarket,EMEA-E,Poland,331,95,1280,2000000,LTA
C-07394,Vantage Systems 07394,Tier-1,NA-US,United States,169,95,1837,4300000,LTA
C-07395,Atlas Systems 07395,Tier-1,APAC-NE,Japan,196,95,2937,1800000,LTA
C-07396,Vantage Distribution 07396,Aftermarket,SA,Argentina,75,95,292,5800000,LTA
C-07397,Norvia Systems 07397,Tier-1,SA,Brazil,130,95,2598,3200000,LTA
C-07398,Sumida Motors 07398,OEM,APAC-SE,Vietnam,340,98,48828,82900000,LTA
C-07399,Vantage Distribution 07399,Aftermarket,NA-MX,Mexico,181,95,78,1700000,consignment
C-07400,Atlas Motors 07400,OEM,APAC-NE,Taiwan,346,98,48884,77400000,LTA
C-07401,Kestrel Motors 07401,OEM,NA-US,United States,166,98,26689,32200000,LTA
C-07402,Vantage Motors 07402,OEM,NA-US,United States,102,98,26061,13900000,spot
C-07403,Kestrel Motors 07403,OEM,APAC-NE,Japan,132,98,44144,64600000,spot
C-07404,Orion Motors 07404,OEM,NA-MX,Mexico,418,98,50533,21600000,LTA
C-07405,Vantage Distribution 07405,Aftermarket,NA-MX,Mexico,484,95,1239,4700000,LTA
C-07406,Orion Distribution 07406,Aftermarket,NA-US,United States,31,95,2491,3600000,consignment
C-07407,Bluepeak Distribution 07407,Distributor,APAC-IN,India,406,95,2445,4200000,LTA
C-07408,Bluepeak Distribution 07408,Aftermarket,APAC-SE,Vietnam,151,95,839,3400000,spot
C-07409,Cordis Distribution 07409,Distributor,APAC-SE,Thailand,253,95,741,600000,spot
C-07410,Kestrel Systems 07410,Tier-1,APAC-SE,Thailand,87,95,2172,1200000,LTA
C-07411,Bluepeak Distribution 07411,Aftermarket,NA-US,United States,414,95,545,4200000,spot
C-07412,Kestrel Motors 07412,OEM,NA-US,United States,70,98,7551,14900000,consignment
C-07413,Delantra Motors 07413,OEM,EMEA-E,Czechia,113,98,6502,19700000,LTA
C-07414,Sumida Motors 07414,OEM,EMEA-W,Germany,67,98,49059,58300000,consignment
C-07415,Delantra Distribution 07415,Aftermarket,APAC-NE,Taiwan,183,95,3145,3700000,LTA
C-07416,Delantra Motors 07416,OEM,NA-US,United States,176,98,7021,17100000,LTA
C-07417,Bluepeak Systems 07417,Tier-1,EMEA-W,Germany,262,95,1210,5200000,LTA
C-07418,Baltia Motors 07418,OEM,EMEA-W,Spain,455,98,19173,76700000,LTA
C-07419,Atlas Systems 07419,Tier-1,SA,Brazil,114,95,2661,3100000,spot
C-07420,Sumida Systems 07420,Tier-1,NA-MX,Mexico,141,95,2322,6000000,LTA
C-07421,Orion Systems 07421,Tier-1,EMEA-E,Turkey,162,95,978,4000000,LTA
C-07422,Vantage Distribution 07422,Aftermarket,EMEA-W,Germany,241,95,446,4500000,consignment
C-07423,Norvia Motors 07423,OEM,NA-MX,Mexico,400,98,8989,36300000,spot
C-07424,Sumida Motors 07424,OEM,APAC-IN,India,385,98,29382,71900000,LTA
C-07425,Cordis Systems 07425,Tier-1,APAC-NE,Taiwan,368,95,895,4500000,LTA
C-07426,Kestrel Motors 07426,OEM,EMEA-W,Germany,40,98,37799,27500000,LTA
C-07427,Orion Distribution 07427,Distributor,NA-MX,Mexico,106,95,604,3100000,consignment
C-07428,Baltia Motors 07428,OEM,EMEA-W,Italy,128,98,59225,58400000,consignment
C-07429,Kestrel Systems 07429,Tier-1,NA-US,United States,90,95,712,3500000,consignment
C-07430,Delantra Distribution 07430,Distributor,APAC-IN,India,212,95,964,5400000,consignment
C-07431,Kestrel Motors 07431,OEM,APAC-NE,Japan,328,98,38081,67500000,LTA
C-07432,Kestrel Systems 07432,Tier-1,SA,Argentina,246,95,3819,4100000,LTA
C-07433,Cordis Motors 07433,OEM,NA-US,United States,302,98,10926,16900000,LTA
C-07434,Vantage Systems 07434,Tier-1,APAC-NE,China,371,95,2767,400000,LTA
C-07435,Sumida Distribution 07435,Distributor,NA-MX,Mexico,150,95,1825,3800000,spot
C-07436,Sumida Motors 07436,OEM,EMEA-W,Italy,152,98,50936,67100000,spot
C-07437,Orion Distribution 07437,Distributor,NA-US,United States,149,95,2526,3100000,spot
C-07438,Delantra Motors 07438,OEM,APAC-NE,China,265,98,10301,39100000,LTA
C-07439,Atlas Motors 07439,OEM,EMEA-W,Italy,103,98,55539,24500000,LTA
C-07440,Cordis Distribution 07440,Aftermarket,APAC-IN,India,475,95,3075,1900000,spot
C-07441,Cordis Motors 07441,OEM,APAC-IN,India,357,98,38333,43000000,LTA
C-07442,Atlas Systems 07442,Tier-1,EMEA-W,Germany,74,95,210,400000,LTA
C-07443,Vantage Systems 07443,Tier-1,APAC-SE,Malaysia,396,95,1054,6000000,LTA
C-07444,Kestrel Distribution 07444,Aftermarket,APAC-IN,India,249,95,119,4100000,LTA
C-07445,Kestrel Motors 07445,OEM,SA,Brazil,437,98,49420,66100000,LTA
C-07446,Norvia Distribution 07446,Aftermarket,EMEA-E,Poland,126,95,465,700000,spot
C-07447,Bluepeak Systems 07447,Tier-1,NA-US,United States,265,95,3193,5900000,LTA
C-07448,Norvia Distribution 07448,Aftermarket,APAC-NE,Taiwan,379,95,274,3200000,spot
C-07449,Norvia Distribution 07449,Aftermarket,EMEA-E,Czechia,444,95,2704,2700000,spot
C-07450,Orion Motors 07450,OEM,EMEA-E,Czechia,39,98,53177,61500000,spot
C-07451,Baltia Systems 07451,Tier-1,APAC-SE,Vietnam,433,95,3561,2800000,spot
C-07452,Bluepeak Systems 07452,Tier-1,SA,Brazil,162,95,452,4300000,consignment
C-07453,Sumida Motors 07453,OEM,SA,Argentina,441,98,11677,67200000,consignment
C-07454,Orion Motors 07454,OEM,EMEA-W,Germany,209,98,37166,16900000,spot
C-07455,Cordis Distribution 07455,Aftermarket,APAC-IN,India,317,95,213,5800000,LTA
C-07456,Vantage Distribution 07456,Distributor,APAC-NE,Taiwan,81,95,1344,2900000,LTA
C-07457,Norvia Motors 07457,OEM,SA,Argentina,120,98,26628,87500000,LTA
C-07458,Cordis Motors 07458,OEM,SA,Brazil,274,98,24814,70900000,spot
C-07459,Bluepeak Distribution 07459,Distributor,EMEA-E,Turkey,301,95,396,1300000,LTA
C-07460,Norvia Distribution 07460,Distributor,SA,Argentina,101,95,2330,5700000,LTA
C-07461,Atlas Motors 07461,OEM,NA-US,United States,40,98,5666,78900000,spot
C-07462,Norvia Distribution 07462,Distributor,SA,Brazil,426,95,3770,2500000,spot
C-07463,Orion Motors 07463,OEM,NA-US,United States,230,98,24240,79100000,LTA
C-07464,Atlas Distribution 07464,Aftermarket,NA-MX,Mexico,316,95,2648,5000000,spot
C-07465,Norvia Motors 07465,OEM,APAC-IN,India,87,98,47010,43900000,LTA
C-07466,Orion Systems 07466,Tier-1,EMEA-E,Poland,175,95,68,5100000,LTA
C-07467,Orion Motors 07467,OEM,NA-US,United States,30,98,55203,23400000,LTA
C-07468,Norvia Motors 07468,OEM,SA,Brazil,42,98,16069,49100000,consignment
C-07469,Atlas Motors 07469,OEM,EMEA-E,Czechia,35,98,46577,75300000,LTA
C-07470,Kestrel Motors 07470,OEM,APAC-NE,Japan,462,98,10496,21500000,LTA
C-07471,Orion Distribution 07471,Aftermarket,EMEA-W,France,470,95,76,3100000,LTA
C-07472,Norvia Motors 07472,OEM,APAC-IN,India,248,98,8345,59600000,spot
C-07473,Vantage Motors 07473,OEM,EMEA-E,Poland,269,98,34541,52600000,LTA
C-07474,Norvia Distribution 07474,Distributor,APAC-IN,India,275,95,3937,5600000,consignment
C-07475,Delantra Distribution 07475,Aftermarket,APAC-IN,India,163,95,1697,300000,spot
C-07476,Sumida Motors 07476,OEM,APAC-SE,Vietnam,493,98,22206,54300000,consignment
C-07477,Cordis Motors 07477,OEM,NA-US,United States,211,98,20318,25700000,LTA
C-07478,Delantra Distribution 07478,Distributor,NA-US,United States,49,95,3001,4000000,LTA
C-07479,Orion Motors 07479,OEM,NA-US,United States,70,98,52849,34800000,consignment
C-07480,Orion Motors 07480,OEM,APAC-SE,Indonesia,202,98,48040,59600000,LTA
C-07481,Sumida Distribution 07481,Aftermarket,APAC-NE,Japan,324,95,72,3600000,LTA
C-07482,Baltia Motors 07482,OEM,EMEA-W,Italy,65,98,23561,78100000,spot
C-07483,Delantra Motors 07483,OEM,NA-MX,Mexico,314,98,38590,5700000,spot
C-07484,Delantra Motors 07484,OEM,APAC-SE,Vietnam,317,98,13342,33500000,LTA
C-07485,Kestrel Motors 07485,OEM,EMEA-E,Poland,353,98,58205,31900000,LTA
C-07486,Kestrel Motors 07486,OEM,APAC-NE,Taiwan,226,98,42422,47800000,consignment
C-07487,Orion Motors 07487,OEM,NA-US,United States,91,98,5050,22800000,consignment
C-07488,Delantra Distribution 07488,Aftermarket,NA-US,United States,466,95,2498,800000,LTA
C-07489,Sumida Motors 07489,OEM,NA-US,United States,170,98,53404,16700000,LTA
C-07490,Bluepeak Systems 07490,Tier-1,NA-US,United States,237,95,1617,1200000,LTA
C-07491,Bluepeak Distribution 07491,Distributor,APAC-NE,China,180,95,582,1500000,LTA
C-07492,Delantra Motors 07492,OEM,APAC-IN,India,437,98,13606,20300000,consignment
C-07493,Sumida Distribution 07493,Aftermarket,EMEA-W,Germany,277,95,1938,1600000,spot
C-07494,Baltia Systems 07494,Tier-1,SA,Argentina,179,95,342,2400000,LTA
C-07495,Atlas Motors 07495,OEM,APAC-NE,South Korea,221,98,38730,64500000,LTA
C-07496,Kestrel Motors 07496,OEM,APAC-IN,India,98,98,18464,4900000,consignment
C-07497,Bluepeak Motors 07497,OEM,EMEA-W,Italy,16,98,58722,67700000,LTA
C-07498,Orion Motors 07498,OEM,NA-MX,Mexico,12,98,9124,27300000,LTA
C-07499,Bluepeak Distribution 07499,Aftermarket,APAC-SE,Thailand,61,95,844,4500000,LTA
C-07500,Delantra Distribution 07500,Aftermarket,EMEA-W,France,197,95,1130,4500000,consignment
C-07501,Bluepeak Distribution 07501,Aftermarket,APAC-NE,South Korea,346,95,2314,5400000,consignment
C-07502,Norvia Systems 07502,Tier-1,NA-US,United States,459,95,3522,4300000,LTA
C-07503,Kestrel Distribution 07503,Distributor,NA-US,United States,278,95,3293,4800000,spot
C-07504,Sumida Motors 07504,OEM,APAC-SE,Vietnam,142,98,31073,13000000,spot
C-07505,Atlas Motors 07505,OEM,APAC-SE,Vietnam,390,98,13534,20900000,LTA
C-07506,Cordis Motors 07506,OEM,EMEA-E,Turkey,361,98,11394,40000000,LTA
C-07507,Orion Distribution 07507,Aftermarket,SA,Brazil,403,95,1243,2100000,consignment
C-07508,Norvia Distribution 07508,Distributor,EMEA-W,Spain,83,95,1256,5100000,spot
C-07509,Delantra Motors 07509,OEM,NA-US,United States,34,98,54388,26600000,LTA
C-07510,Vantage Motors 07510,OEM,EMEA-W,Germany,320,98,5634,76000000,consignment
C-07511,Atlas Distribution 07511,Aftermarket,NA-US,United States,239,95,1899,2800000,LTA
C-07512,Kestrel Motors 07512,OEM,EMEA-E,Czechia,472,98,39562,84300000,LTA
C-07513,Sumida Motors 07513,OEM,NA-US,United States,211,98,8739,39300000,spot
C-07514,Sumida Distribution 07514,Aftermarket,APAC-SE,Indonesia,358,95,1933,5100000,consignment
C-07515,Kestrel Systems 07515,Tier-1,APAC-NE,Taiwan,353,95,327,500000,LTA
C-07516,Norvia Motors 07516,OEM,NA-US,United States,39,98,14752,64800000,consignment
C-07517,Orion Systems 07517,Tier-1,EMEA-E,Czechia,409,95,3212,1300000,LTA
C-07518,Delantra Motors 07518,OEM,SA,Argentina,440,98,47364,13400000,consignment
C-07519,Sumida Motors 07519,OEM,NA-MX,Mexico,269,98,57346,18000000,LTA
C-07520,Atlas Motors 07520,OEM,APAC-SE,Thailand,69,98,50201,78900000,LTA
C-07521,Kestrel Motors 07521,OEM,APAC-IN,India,249,98,59233,69100000,spot
C-07522,Vantage Distribution 07522,Aftermarket,NA-MX,Mexico,396,95,2527,4500000,LTA
C-07523,Orion Motors 07523,OEM,SA,Argentina,246,98,10934,68400000,consignment
C-07524,Baltia Systems 07524,Tier-1,SA,Brazil,234,95,1008,6000000,LTA
C-07525,Vantage Systems 07525,Tier-1,APAC-IN,India,236,95,712,5000000,spot
C-07526,Atlas Distribution 07526,Distributor,NA-MX,Mexico,260,95,421,5800000,consignment
C-07527,Delantra Systems 07527,Tier-1,APAC-NE,Taiwan,267,95,3962,3200000,LTA
C-07528,Bluepeak Distribution 07528,Distributor,APAC-NE,Taiwan,236,95,1114,1800000,consignment
C-07529,Orion Systems 07529,Tier-1,EMEA-W,Spain,216,95,2443,4300000,consignment
C-07530,Baltia Distribution 07530,Distributor,APAC-NE,South Korea,13,95,3325,2800000,spot
C-07531,Atlas Distribution 07531,Aftermarket,APAC-IN,India,164,95,2925,3500000,spot
C-07532,Orion Systems 07532,Tier-1,SA,Argentina,357,95,2742,4500000,LTA
C-07533,Sumida Motors 07533,OEM,APAC-IN,India,427,98,18458,9800000,LTA
C-07534,Norvia Distribution 07534,Distributor,NA-MX,Mexico,220,95,3741,5100000,LTA
C-07535,Cordis Distribution 07535,Aftermarket,EMEA-E,Turkey,381,95,1969,4300000,LTA
C-07536,Baltia Motors 07536,OEM,APAC-SE,Vietnam,464,98,40533,47300000,LTA
C-07537,Atlas Distribution 07537,Aftermarket,APAC-IN,India,267,95,3548,2600000,spot
C-07538,Baltia Distribution 07538,Distributor,APAC-IN,India,128,95,1909,2600000,LTA
C-07539,Delantra Systems 07539,Tier-1,EMEA-E,Romania,452,95,3463,4000000,spot
C-07540,Baltia Systems 07540,Tier-1,EMEA-W,Italy,382,95,2811,3700000,spot
C-07541,Bluepeak Distribution 07541,Aftermarket,APAC-NE,Taiwan,143,95,1496,2800000,spot
C-07542,Delantra Motors 07542,OEM,SA,Argentina,72,98,30323,38500000,LTA
C-07543,Cordis Distribution 07543,Distributor,NA-US,United States,62,95,1346,900000,spot
C-07544,Vantage Motors 07544,OEM,SA,Brazil,179,98,21859,86800000,LTA
C-07545,Bluepeak Distribution 07545,Aftermarket,APAC-SE,Thailand,50,95,3260,1800000,LTA
C-07546,Sumida Systems 07546,Tier-1,APAC-SE,Malaysia,375,95,1615,1800000,LTA
C-07547,Delantra Motors 07547,OEM,APAC-SE,Vietnam,284,98,49465,56900000,LTA
C-07548,Atlas Distribution 07548,Distributor,EMEA-W,Germany,356,95,3687,4700000,spot
C-07549,Kestrel Distribution 07549,Aftermarket,EMEA-E,Czechia,260,95,3595,2400000,consignment
C-07550,Cordis Distribution 07550,Distributor,NA-MX,Mexico,138,95,1906,3600000,consignment
C-07551,Baltia Distribution 07551,Distributor,APAC-SE,Thailand,52,95,767,200000,LTA
C-07552,Bluepeak Systems 07552,Tier-1,APAC-SE,Malaysia,483,95,2762,1000000,consignment
C-07553,Vantage Distribution 07553,Distributor,NA-MX,Mexico,207,95,1051,2600000,consignment
C-07554,Sumida Motors 07554,OEM,APAC-NE,Japan,361,98,15761,86400000,spot
C-07555,Vantage Distribution 07555,Aftermarket,APAC-SE,Indonesia,143,95,213,800000,LTA
C-07556,Delantra Distribution 07556,Distributor,EMEA-W,Germany,182,95,2654,700000,consignment
C-07557,Norvia Motors 07557,OEM,APAC-NE,Japan,460,98,55926,78400000,LTA
C-07558,Vantage Distribution 07558,Aftermarket,SA,Brazil,111,95,2744,3300000,LTA
C-07559,Cordis Systems 07559,Tier-1,SA,Argentina,457,95,1319,5200000,spot
C-07560,Sumida Motors 07560,OEM,APAC-NE,China,26,98,37373,72700000,LTA
C-07561,Vantage Motors 07561,OEM,EMEA-E,Turkey,445,98,47918,34600000,LTA
C-07562,Cordis Motors 07562,OEM,APAC-NE,South Korea,431,98,32575,60700000,LTA
C-07563,Vantage Motors 07563,OEM,APAC-SE,Indonesia,379,98,10666,39000000,spot
C-07564,Kestrel Motors 07564,OEM,EMEA-E,Poland,384,98,19647,17900000,consignment
C-07565,Orion Distribution 07565,Distributor,APAC-SE,Indonesia,237,95,600,400000,LTA
C-07566,Atlas Motors 07566,OEM,SA,Brazil,320,98,5602,75100000,LTA
C-07567,Delantra Distribution 07567,Aftermarket,APAC-SE,Malaysia,287,95,1750,600000,spot
C-07568,Sumida Motors 07568,OEM,APAC-IN,India,175,98,30547,77700000,LTA
C-07569,Orion Distribution 07569,Aftermarket,SA,Brazil,55,95,1637,3200000,consignment
C-07570,Atlas Systems 07570,Tier-1,NA-MX,Mexico,470,95,1381,300000,spot
C-07571,Sumida Motors 07571,OEM,APAC-IN,India,261,98,20463,88600000,consignment
C-07572,Bluepeak Systems 07572,Tier-1,APAC-IN,India,426,95,1590,2100000,consignment
C-07573,Bluepeak Distribution 07573,Aftermarket,EMEA-E,Czechia,402,95,2658,4700000,consignment
C-07574,Norvia Systems 07574,Tier-1,APAC-IN,India,35,95,3626,2500000,consignment
C-07575,Cordis Distribution 07575,Aftermarket,NA-US,United States,426,95,1714,3500000,spot
C-07576,Sumida Distribution 07576,Aftermarket,NA-MX,Mexico,396,95,3069,3600000,spot
C-07577,Kestrel Motors 07577,OEM,APAC-IN,India,395,98,32392,71700000,LTA
C-07578,Delantra Systems 07578,Tier-1,NA-MX,Mexico,185,95,1760,900000,LTA
C-07579,Atlas Motors 07579,OEM,NA-US,United States,458,98,34994,89900000,consignment
C-07580,Orion Motors 07580,OEM,EMEA-W,Spain,457,98,25119,72700000,LTA
C-07581,Atlas Distribution 07581,Aftermarket,APAC-NE,China,171,95,3100,700000,LTA
C-07582,Kestrel Motors 07582,OEM,EMEA-E,Romania,201,98,41911,66100000,LTA
C-07583,Delantra Motors 07583,OEM,EMEA-E,Poland,232,98,19147,21000000,consignment
C-07584,Atlas Systems 07584,Tier-1,EMEA-W,Germany,485,95,972,3900000,consignment
C-07585,Bluepeak Distribution 07585,Aftermarket,NA-US,United States,18,95,2050,600000,spot
C-07586,Baltia Motors 07586,OEM,NA-US,United States,355,98,32486,51200000,LTA
C-07587,Baltia Distribution 07587,Distributor,APAC-SE,Vietnam,128,95,1198,5800000,LTA
C-07588,Orion Motors 07588,OEM,EMEA-W,Germany,112,98,28873,58600000,spot
C-07589,Orion Motors 07589,OEM,APAC-NE,Taiwan,139,98,49615,89100000,spot
C-07590,Sumida Distribution 07590,Aftermarket,EMEA-E,Poland,276,95,3048,4700000,LTA
C-07591,Baltia Motors 07591,OEM,EMEA-W,Germany,21,98,45172,45500000,LTA
C-07592,Cordis Systems 07592,Tier-1,NA-US,United States,356,95,999,400000,spot
C-07593,Norvia Distribution 07593,Aftermarket,EMEA-E,Poland,95,95,3398,5700000,LTA
C-07594,Baltia Motors 07594,OEM,NA-US,United States,170,98,35334,42100000,LTA
C-07595,Sumida Motors 07595,OEM,APAC-IN,India,383,98,16346,21100000,consignment
C-07596,Norvia Systems 07596,Tier-1,APAC-NE,Japan,263,95,527,5600000,LTA
C-07597,Delantra Systems 07597,Tier-1,NA-MX,Mexico,346,95,3761,4100000,LTA
C-07598,Delantra Distribution 07598,Distributor,SA,Brazil,475,95,420,900000,LTA
C-07599,Kestrel Motors 07599,OEM,APAC-NE,South Korea,113,98,22585,4800000,LTA
C-07600,Bluepeak Motors 07600,OEM,NA-US,United States,315,98,8690,41700000,LTA
C-07601,Sumida Distribution 07601,Aftermarket,APAC-NE,Japan,35,95,2596,300000,LTA
C-07602,Kestrel Motors 07602,OEM,NA-MX,Mexico,446,98,18678,57200000,LTA
C-07603,Baltia Motors 07603,OEM,APAC-NE,South Korea,394,98,59984,51500000,spot
C-07604,Atlas Systems 07604,Tier-1,APAC-NE,Japan,353,95,2270,4600000,LTA
C-07605,Bluepeak Motors 07605,OEM,EMEA-W,France,311,98,58776,38200000,consignment
C-07606,Bluepeak Systems 07606,Tier-1,APAC-NE,South Korea,79,95,1635,600000,LTA
C-07607,Norvia Distribution 07607,Aftermarket,APAC-NE,Japan,376,95,3899,1000000,LTA
C-07608,Cordis Motors 07608,OEM,NA-MX,Mexico,357,98,16566,83000000,consignment
C-07609,Orion Distribution 07609,Distributor,NA-MX,Mexico,454,95,2427,4900000,spot
C-07610,Norvia Distribution 07610,Distributor,EMEA-E,Czechia,469,95,732,3500000,LTA
C-07611,Atlas Distribution 07611,Distributor,NA-MX,Mexico,364,95,1190,4600000,LTA
C-07612,Atlas Distribution 07612,Distributor,SA,Argentina,142,95,2967,1900000,spot
C-07613,Cordis Motors 07613,OEM,EMEA-E,Czechia,40,98,16135,83200000,spot
C-07614,Cordis Systems 07614,Tier-1,NA-US,United States,163,95,1905,3900000,LTA
C-07615,Orion Distribution 07615,Aftermarket,APAC-IN,India,255,95,3737,3000000,LTA
C-07616,Bluepeak Systems 07616,Tier-1,EMEA-E,Turkey,442,95,2971,1400000,consignment
C-07617,Baltia Motors 07617,OEM,EMEA-E,Turkey,268,98,48253,82700000,LTA
C-07618,Kestrel Distribution 07618,Aftermarket,NA-US,United States,232,95,788,3300000,consignment
C-07619,Vantage Distribution 07619,Aftermarket,SA,Brazil,91,95,1654,900000,LTA
C-07620,Delantra Motors 07620,OEM,APAC-SE,Thailand,468,98,52199,82300000,LTA
C-07621,Kestrel Motors 07621,OEM,EMEA-W,Spain,60,98,14173,3000000,consignment
C-07622,Vantage Motors 07622,OEM,EMEA-W,France,442,98,33496,50700000,LTA
C-07623,Vantage Distribution 07623,Distributor,EMEA-W,Italy,273,95,2162,2800000,LTA
C-07624,Norvia Systems 07624,Tier-1,APAC-SE,Indonesia,277,95,2350,4900000,consignment
C-07625,Kestrel Motors 07625,OEM,APAC-IN,India,151,98,28790,83500000,LTA
C-07626,Norvia Systems 07626,Tier-1,EMEA-E,Turkey,221,95,2790,3900000,LTA
C-07627,Norvia Systems 07627,Tier-1,APAC-NE,South Korea,464,95,683,1000000,LTA
C-07628,Delantra Systems 07628,Tier-1,NA-US,United States,102,95,2553,800000,LTA
C-07629,Baltia Distribution 07629,Aftermarket,APAC-IN,India,469,95,2041,700000,consignment
C-07630,Kestrel Systems 07630,Tier-1,NA-US,United States,36,95,1857,3000000,LTA
C-07631,Orion Systems 07631,Tier-1,APAC-NE,Japan,103,95,201,5400000,LTA
C-07632,Vantage Systems 07632,Tier-1,APAC-IN,India,88,95,3367,5000000,spot
C-07633,Atlas Systems 07633,Tier-1,APAC-NE,Taiwan,120,95,3131,4800000,consignment
C-07634,Kestrel Systems 07634,Tier-1,SA,Brazil,219,95,3864,5000000,LTA
C-07635,Kestrel Motors 07635,OEM,NA-MX,Mexico,66,98,44252,81200000,LTA
C-07636,Cordis Distribution 07636,Distributor,APAC-SE,Thailand,424,95,2527,4700000,consignment
C-07637,Norvia Distribution 07637,Distributor,NA-MX,Mexico,471,95,3086,5100000,consignment
C-07638,Baltia Systems 07638,Tier-1,APAC-IN,India,196,95,1109,100000,LTA
C-07639,Vantage Motors 07639,OEM,NA-MX,Mexico,64,98,29656,52300000,consignment
C-07640,Norvia Distribution 07640,Distributor,APAC-NE,China,400,95,345,1900000,spot
C-07641,Baltia Distribution 07641,Distributor,APAC-NE,Taiwan,49,95,3521,2700000,LTA
C-07642,Atlas Distribution 07642,Distributor,SA,Brazil,73,95,1893,100000,LTA
C-07643,Sumida Motors 07643,OEM,SA,Argentina,108,98,22579,66700000,LTA
C-07644,Orion Systems 07644,Tier-1,APAC-IN,India,315,95,2121,300000,LTA
C-07645,Delantra Distribution 07645,Aftermarket,NA-US,United States,375,95,806,3500000,LTA
C-07646,Orion Motors 07646,OEM,NA-US,United States,170,98,19521,59900000,consignment
C-07647,Delantra Distribution 07647,Aftermarket,APAC-SE,Malaysia,179,95,1035,5000000,spot
C-07648,Atlas Distribution 07648,Distributor,EMEA-W,Italy,354,95,2806,600000,LTA
C-07649,Delantra Distribution 07649,Aftermarket,EMEA-W,Italy,196,95,1546,2100000,LTA
C-07650,Orion Motors 07650,OEM,EMEA-E,Turkey,460,98,15520,16000000,LTA
C-07651,Atlas Distribution 07651,Aftermarket,NA-MX,Mexico,43,95,852,5000000,spot
C-07652,Bluepeak Distribution 07652,Aftermarket,EMEA-E,Poland,349,95,1918,3000000,LTA
C-07653,Vantage Motors 07653,OEM,NA-US,United States,151,98,36665,3200000,spot
C-07654,Bluepeak Systems 07654,Tier-1,APAC-SE,Indonesia,416,95,1556,200000,LTA
C-07655,Atlas Distribution 07655,Aftermarket,APAC-IN,India,200,95,1435,300000,spot
C-07656,Orion Distribution 07656,Aftermarket,APAC-SE,Vietnam,434,95,708,6000000,LTA
C-07657,Cordis Systems 07657,Tier-1,APAC-IN,India,250,95,1575,300000,consignment
C-07658,Cordis Motors 07658,OEM,APAC-NE,Japan,222,98,54769,25300000,LTA
C-07659,Orion Distribution 07659,Distributor,APAC-SE,Vietnam,50,95,1507,4100000,consignment
C-07660,Bluepeak Motors 07660,OEM,SA,Argentina,132,98,26562,15500000,consignment
C-07661,Sumida Systems 07661,Tier-1,APAC-NE,Japan,440,95,23,4500000,LTA
C-07662,Sumida Motors 07662,OEM,APAC-NE,Taiwan,433,98,37229,74700000,spot
C-07663,Orion Motors 07663,OEM,NA-US,United States,129,98,48476,23500000,LTA
C-07664,Atlas Motors 07664,OEM,SA,Brazil,293,98,28405,71100000,LTA
C-07665,Orion Systems 07665,Tier-1,EMEA-E,Romania,344,95,949,4900000,spot
C-07666,Cordis Motors 07666,OEM,APAC-IN,India,70,98,33887,44200000,consignment
C-07667,Delantra Systems 07667,Tier-1,SA,Brazil,86,95,1462,4500000,LTA
C-07668,Cordis Distribution 07668,Distributor,NA-US,United States,42,95,1036,3700000,LTA
C-07669,Delantra Distribution 07669,Distributor,NA-MX,Mexico,137,95,3016,4600000,consignment
C-07670,Baltia Distribution 07670,Distributor,EMEA-W,Spain,11,95,286,5500000,LTA
C-07671,Delantra Motors 07671,OEM,APAC-IN,India,251,98,36535,63700000,spot
C-07672,Norvia Motors 07672,OEM,APAC-NE,Japan,495,98,10247,32400000,consignment
C-07673,Sumida Systems 07673,Tier-1,APAC-SE,Indonesia,102,95,1231,300000,LTA
C-07674,Sumida Distribution 07674,Distributor,SA,Argentina,413,95,1607,1000000,LTA
C-07675,Kestrel Distribution 07675,Aftermarket,EMEA-W,Germany,405,95,467,5900000,consignment
C-07676,Atlas Distribution 07676,Aftermarket,APAC-IN,India,44,95,1853,200000,consignment
C-07677,Vantage Distribution 07677,Distributor,APAC-IN,India,340,95,171,600000,spot
C-07678,Delantra Motors 07678,OEM,EMEA-W,Spain,490,98,41103,34600000,spot
C-07679,Delantra Motors 07679,OEM,APAC-SE,Thailand,184,98,33443,39000000,LTA
C-07680,Norvia Distribution 07680,Aftermarket,APAC-NE,China,345,95,3530,3900000,LTA
C-07681,Atlas Motors 07681,OEM,APAC-NE,China,143,98,52554,3200000,consignment
C-07682,Bluepeak Distribution 07682,Aftermarket,SA,Brazil,160,95,2542,5400000,consignment
C-07683,Baltia Distribution 07683,Distributor,NA-MX,Mexico,119,95,3061,2100000,spot
C-07684,Kestrel Motors 07684,OEM,EMEA-E,Turkey,444,98,10081,18600000,consignment
C-07685,Delantra Motors 07685,OEM,EMEA-E,Czechia,461,98,52907,30800000,spot
C-07686,Baltia Systems 07686,Tier-1,APAC-NE,China,132,95,235,3700000,consignment
C-07687,Bluepeak Distribution 07687,Aftermarket,EMEA-W,France,379,95,136,4600000,LTA
C-07688,Cordis Systems 07688,Tier-1,EMEA-E,Czechia,122,95,3373,5100000,LTA
C-07689,Vantage Distribution 07689,Distributor,NA-US,United States,151,95,3390,1800000,LTA
C-07690,Bluepeak Systems 07690,Tier-1,APAC-NE,Taiwan,428,95,1559,3900000,consignment
C-07691,Cordis Distribution 07691,Distributor,EMEA-E,Czechia,165,95,1816,2800000,LTA
C-07692,Atlas Motors 07692,OEM,EMEA-W,Italy,214,98,18735,59000000,LTA
C-07693,Cordis Distribution 07693,Distributor,NA-US,United States,218,95,3292,1200000,LTA
C-07694,Orion Systems 07694,Tier-1,APAC-SE,Indonesia,283,95,868,2300000,consignment
C-07695,Orion Distribution 07695,Distributor,EMEA-E,Poland,189,95,3805,5800000,spot
C-07696,Cordis Distribution 07696,Distributor,APAC-NE,Taiwan,376,95,2827,2200000,LTA
C-07697,Delantra Systems 07697,Tier-1,SA,Brazil,375,95,2757,2300000,LTA
C-07698,Baltia Motors 07698,OEM,EMEA-W,France,408,98,16270,65900000,LTA
C-07699,Bluepeak Distribution 07699,Distributor,EMEA-W,Germany,405,95,589,700000,LTA
C-07700,Sumida Distribution 07700,Aftermarket,APAC-IN,India,204,95,1473,4300000,spot
C-07701,Bluepeak Distribution 07701,Distributor,SA,Brazil,154,95,3532,700000,spot
C-07702,Baltia Distribution 07702,Distributor,APAC-NE,Taiwan,253,95,2404,5000000,LTA
C-07703,Vantage Motors 07703,OEM,SA,Brazil,352,98,22785,64500000,LTA
C-07704,Baltia Motors 07704,OEM,EMEA-W,Spain,243,98,15323,81000000,LTA
C-07705,Kestrel Motors 07705,OEM,NA-US,United States,188,98,12076,23100000,consignment
C-07706,Kestrel Motors 07706,OEM,NA-US,United States,88,98,22020,82400000,consignment
C-07707,Vantage Distribution 07707,Aftermarket,APAC-IN,India,135,95,1775,4800000,LTA
C-07708,Kestrel Motors 07708,OEM,SA,Argentina,476,98,33725,45900000,LTA
C-07709,Sumida Motors 07709,OEM,APAC-SE,Vietnam,198,98,18582,65700000,LTA
C-07710,Delantra Motors 07710,OEM,NA-MX,Mexico,44,98,33903,56200000,spot
C-07711,Delantra Motors 07711,OEM,NA-US,United States,84,98,18499,68800000,LTA
C-07712,Orion Motors 07712,OEM,APAC-NE,China,170,98,21411,51000000,LTA
C-07713,Sumida Motors 07713,OEM,EMEA-W,France,83,98,6230,79500000,LTA
C-07714,Orion Motors 07714,OEM,NA-MX,Mexico,43,98,56302,45500000,consignment
C-07715,Norvia Distribution 07715,Aftermarket,NA-MX,Mexico,85,95,1550,2100000,LTA
C-07716,Delantra Systems 07716,Tier-1,NA-MX,Mexico,94,95,2962,600000,consignment
C-07717,Bluepeak Motors 07717,OEM,APAC-IN,India,184,98,12463,48600000,consignment
C-07718,Vantage Motors 07718,OEM,EMEA-E,Czechia,133,98,30455,84400000,spot
C-07719,Norvia Motors 07719,OEM,NA-MX,Mexico,41,98,41560,37600000,LTA
C-07720,Cordis Distribution 07720,Distributor,NA-MX,Mexico,230,95,2647,5200000,spot
C-07721,Kestrel Motors 07721,OEM,APAC-IN,India,225,98,13681,81600000,consignment
C-07722,Bluepeak Distribution 07722,Aftermarket,APAC-SE,Vietnam,234,95,2471,2000000,LTA
C-07723,Cordis Motors 07723,OEM,NA-US,United States,484,98,20516,42000000,LTA
C-07724,Cordis Distribution 07724,Aftermarket,NA-US,United States,334,95,1271,3000000,consignment
C-07725,Vantage Distribution 07725,Aftermarket,APAC-SE,Malaysia,375,95,2426,2400000,LTA
C-07726,Norvia Motors 07726,OEM,NA-MX,Mexico,283,98,24510,53700000,LTA
C-07727,Orion Motors 07727,OEM,NA-MX,Mexico,401,98,15647,10800000,spot
C-07728,Delantra Distribution 07728,Distributor,APAC-SE,Vietnam,402,95,3292,5100000,LTA
C-07729,Bluepeak Distribution 07729,Aftermarket,EMEA-W,Spain,492,95,262,500000,consignment
C-07730,Sumida Systems 07730,Tier-1,NA-MX,Mexico,290,95,2133,5600000,LTA
C-07731,Delantra Distribution 07731,Distributor,EMEA-W,Italy,114,95,2008,1400000,consignment
C-07732,Kestrel Motors 07732,OEM,APAC-NE,China,66,98,12065,67500000,consignment
C-07733,Baltia Distribution 07733,Distributor,NA-US,United States,23,95,1466,700000,LTA
C-07734,Baltia Motors 07734,OEM,NA-US,United States,302,98,55893,5000000,consignment
C-07735,Delantra Systems 07735,Tier-1,APAC-SE,Indonesia,395,95,3688,100000,LTA
C-07736,Baltia Distribution 07736,Distributor,NA-MX,Mexico,351,95,2254,400000,consignment
C-07737,Sumida Systems 07737,Tier-1,APAC-IN,India,497,95,3329,5400000,LTA
C-07738,Kestrel Motors 07738,OEM,EMEA-E,Turkey,271,98,48279,44200000,LTA
C-07739,Orion Systems 07739,Tier-1,APAC-SE,Thailand,258,95,1222,4600000,LTA
C-07740,Kestrel Motors 07740,OEM,EMEA-W,Italy,434,98,56616,89000000,spot
C-07741,Orion Distribution 07741,Aftermarket,NA-MX,Mexico,336,95,2337,100000,LTA
C-07742,Vantage Distribution 07742,Distributor,APAC-IN,India,325,95,3974,2900000,LTA
C-07743,Delantra Systems 07743,Tier-1,NA-MX,Mexico,302,95,919,3400000,LTA
C-07744,Norvia Motors 07744,OEM,APAC-SE,Malaysia,196,98,16648,67000000,consignment
C-07745,Delantra Motors 07745,OEM,NA-US,United States,111,98,55137,11200000,spot
C-07746,Vantage Motors 07746,OEM,EMEA-E,Czechia,454,98,45522,85900000,LTA
C-07747,Atlas Motors 07747,OEM,APAC-IN,India,322,98,40609,64400000,LTA
C-07748,Vantage Motors 07748,OEM,APAC-IN,India,234,98,44469,46900000,consignment
C-07749,Norvia Distribution 07749,Distributor,SA,Brazil,104,95,2811,2700000,consignment
C-07750,Bluepeak Distribution 07750,Distributor,APAC-NE,Japan,106,95,3140,5500000,LTA
C-07751,Bluepeak Motors 07751,OEM,APAC-IN,India,11,98,37977,3100000,consignment
C-07752,Kestrel Distribution 07752,Distributor,APAC-NE,Taiwan,299,95,3829,4600000,LTA
C-07753,Norvia Systems 07753,Tier-1,APAC-NE,Japan,478,95,3757,2200000,LTA
C-07754,Norvia Systems 07754,Tier-1,APAC-SE,Thailand,138,95,1219,900000,spot
C-07755,Kestrel Systems 07755,Tier-1,EMEA-W,Spain,315,95,3965,5100000,LTA
C-07756,Norvia Distribution 07756,Aftermarket,NA-US,United States,110,95,3810,4900000,LTA
C-07757,Cordis Distribution 07757,Aftermarket,APAC-SE,Malaysia,133,95,1009,2800000,spot
C-07758,Atlas Distribution 07758,Distributor,EMEA-E,Turkey,271,95,983,1100000,LTA
C-07759,Baltia Systems 07759,Tier-1,NA-US,United States,28,95,1715,300000,LTA
C-07760,Vantage Systems 07760,Tier-1,SA,Argentina,63,95,647,4600000,spot
C-07761,Delantra Distribution 07761,Aftermarket,APAC-IN,India,119,95,2173,4200000,LTA
C-07762,Baltia Distribution 07762,Aftermarket,APAC-NE,China,368,95,1155,4300000,spot
C-07763,Kestrel Motors 07763,OEM,NA-US,United States,391,98,11680,55400000,LTA
C-07764,Cordis Motors 07764,OEM,APAC-NE,China,380,98,57725,62300000,spot
C-07765,Baltia Systems 07765,Tier-1,APAC-NE,South Korea,344,95,2651,1300000,LTA
C-07766,Cordis Distribution 07766,Aftermarket,SA,Argentina,151,95,1416,400000,LTA
C-07767,Sumida Systems 07767,Tier-1,APAC-NE,Taiwan,39,95,3371,1500000,LTA
C-07768,Baltia Motors 07768,OEM,APAC-NE,South Korea,174,98,42001,18500000,LTA
C-07769,Kestrel Distribution 07769,Aftermarket,EMEA-E,Czechia,357,95,629,600000,consignment
C-07770,Norvia Distribution 07770,Aftermarket,APAC-IN,India,296,95,2700,1700000,LTA
C-07771,Baltia Systems 07771,Tier-1,NA-MX,Mexico,389,95,3828,4100000,consignment
C-07772,Sumida Motors 07772,OEM,APAC-NE,Taiwan,330,98,15635,23500000,LTA
C-07773,Baltia Distribution 07773,Aftermarket,APAC-SE,Vietnam,285,95,300,4200000,consignment
C-07774,Vantage Motors 07774,OEM,APAC-IN,India,11,98,28769,28000000,consignment
C-07775,Cordis Distribution 07775,Aftermarket,APAC-NE,China,409,95,2025,4700000,LTA
C-07776,Bluepeak Distribution 07776,Distributor,NA-US,United States,426,95,541,2200000,consignment
C-07777,Bluepeak Motors 07777,OEM,SA,Argentina,447,98,50870,11700000,spot
C-07778,Sumida Distribution 07778,Aftermarket,EMEA-W,Italy,392,95,3803,3100000,LTA
C-07779,Atlas Distribution 07779,Distributor,NA-MX,Mexico,351,95,1449,3400000,LTA
C-07780,Bluepeak Distribution 07780,Aftermarket,EMEA-W,Spain,451,95,2272,200000,spot
C-07781,Baltia Systems 07781,Tier-1,APAC-IN,India,149,95,620,1000000,spot
C-07782,Delantra Distribution 07782,Distributor,NA-US,United States,349,95,1841,4100000,consignment
C-07783,Sumida Systems 07783,Tier-1,APAC-SE,Thailand,254,95,1749,5200000,LTA
C-07784,Sumida Systems 07784,Tier-1,EMEA-W,France,482,95,1221,3200000,LTA
C-07785,Baltia Distribution 07785,Distributor,APAC-IN,India,55,95,222,2400000,spot
C-07786,Norvia Distribution 07786,Aftermarket,EMEA-W,Germany,270,95,1667,700000,consignment
C-07787,Baltia Systems 07787,Tier-1,EMEA-W,Germany,67,95,3845,400000,LTA
C-07788,Cordis Distribution 07788,Aftermarket,EMEA-W,Italy,262,95,3042,100000,LTA
C-07789,Vantage Distribution 07789,Distributor,EMEA-E,Turkey,309,95,3624,4700000,spot
C-07790,Delantra Motors 07790,OEM,EMEA-W,Spain,210,98,26326,12500000,LTA
C-07791,Sumida Distribution 07791,Distributor,NA-MX,Mexico,414,95,3273,2200000,consignment
C-07792,Sumida Systems 07792,Tier-1,APAC-NE,South Korea,156,95,1443,5600000,consignment
C-07793,Sumida Motors 07793,OEM,SA,Brazil,270,98,35164,24400000,LTA
C-07794,Orion Distribution 07794,Distributor,NA-US,United States,435,95,1998,5600000,consignment
C-07795,Kestrel Distribution 07795,Aftermarket,NA-US,United States,84,95,3794,100000,LTA
C-07796,Orion Motors 07796,OEM,APAC-SE,Indonesia,60,98,34022,65600000,consignment
C-07797,Sumida Distribution 07797,Distributor,EMEA-E,Czechia,371,95,1918,800000,LTA
C-07798,Vantage Systems 07798,Tier-1,NA-MX,Mexico,404,95,1787,4100000,consignment
C-07799,Delantra Motors 07799,OEM,APAC-IN,India,46,98,49515,32000000,spot
C-07800,Sumida Distribution 07800,Distributor,APAC-SE,Indonesia,174,95,863,5400000,spot
C-07801,Delantra Motors 07801,OEM,APAC-IN,India,204,98,10156,20200000,LTA
C-07802,Kestrel Motors 07802,OEM,EMEA-E,Poland,110,98,8554,89900000,LTA
C-07803,Orion Distribution 07803,Distributor,APAC-NE,China,263,95,3611,3800000,consignment
C-07804,Baltia Motors 07804,OEM,SA,Brazil,213,98,6013,26600000,LTA
C-07805,Cordis Motors 07805,OEM,SA,Brazil,187,98,59454,73700000,spot
C-07806,Orion Motors 07806,OEM,NA-MX,Mexico,348,98,30512,59700000,LTA
C-07807,Norvia Systems 07807,Tier-1,SA,Brazil,93,95,1444,4000000,consignment
C-07808,Baltia Motors 07808,OEM,APAC-IN,India,491,98,50758,74600000,LTA
C-07809,Baltia Motors 07809,OEM,APAC-IN,India,452,98,23775,52200000,LTA
C-07810,Atlas Systems 07810,Tier-1,APAC-NE,China,446,95,2912,4000000,LTA
C-07811,Baltia Motors 07811,OEM,APAC-IN,India,307,98,37957,24100000,LTA
C-07812,Baltia Motors 07812,OEM,NA-US,United States,455,98,9697,41200000,LTA
C-07813,Cordis Motors 07813,OEM,SA,Brazil,370,98,22928,2700000,spot
C-07814,Cordis Distribution 07814,Aftermarket,EMEA-E,Czechia,304,95,691,4000000,LTA
C-07815,Atlas Systems 07815,Tier-1,NA-MX,Mexico,369,95,104,3000000,consignment
C-07816,Cordis Distribution 07816,Distributor,EMEA-E,Romania,76,95,2124,2200000,LTA
C-07817,Orion Motors 07817,OEM,APAC-IN,India,187,98,39194,2300000,spot
C-07818,Kestrel Distribution 07818,Aftermarket,EMEA-E,Poland,394,95,677,3400000,LTA
C-07819,Baltia Motors 07819,OEM,APAC-NE,China,274,98,50187,73500000,LTA
C-07820,Sumida Distribution 07820,Distributor,APAC-IN,India,162,95,2392,4200000,LTA
C-07821,Atlas Distribution 07821,Distributor,EMEA-W,Germany,370,95,3851,100000,consignment
C-07822,Orion Systems 07822,Tier-1,NA-MX,Mexico,186,95,2109,3700000,LTA
C-07823,Bluepeak Systems 07823,Tier-1,SA,Brazil,84,95,3091,5500000,consignment
C-07824,Sumida Distribution 07824,Aftermarket,EMEA-E,Turkey,131,95,1232,2200000,spot
C-07825,Bluepeak Motors 07825,OEM,APAC-IN,India,122,98,46709,9400000,spot
C-07826,Delantra Distribution 07826,Distributor,NA-MX,Mexico,409,95,1776,4200000,LTA
C-07827,Delantra Distribution 07827,Distributor,EMEA-W,Germany,122,95,699,2500000,spot
C-07828,Norvia Systems 07828,Tier-1,APAC-SE,Indonesia,101,95,3018,1900000,LTA
C-07829,Atlas Systems 07829,Tier-1,APAC-SE,Thailand,461,95,3101,4800000,consignment
C-07830,Cordis Motors 07830,OEM,EMEA-E,Turkey,320,98,5716,82000000,LTA
C-07831,Sumida Motors 07831,OEM,EMEA-E,Turkey,321,98,48751,41100000,consignment
C-07832,Atlas Systems 07832,Tier-1,SA,Brazil,442,95,572,6000000,spot
C-07833,Baltia Motors 07833,OEM,EMEA-E,Romania,101,98,53425,77500000,LTA
C-07834,Baltia Motors 07834,OEM,NA-MX,Mexico,271,98,21310,51500000,LTA
C-07835,Orion Systems 07835,Tier-1,NA-MX,Mexico,230,95,3592,5500000,LTA
C-07836,Norvia Systems 07836,Tier-1,NA-MX,Mexico,250,95,1580,2200000,LTA
C-07837,Sumida Distribution 07837,Aftermarket,EMEA-E,Romania,305,95,3400,3800000,LTA
C-07838,Vantage Distribution 07838,Aftermarket,NA-US,United States,258,95,3843,2400000,consignment
C-07839,Orion Systems 07839,Tier-1,NA-MX,Mexico,147,95,1321,4000000,spot
C-07840,Vantage Distribution 07840,Aftermarket,APAC-SE,Indonesia,146,95,1256,4900000,LTA
C-07841,Vantage Motors 07841,OEM,APAC-NE,South Korea,100,98,17951,37800000,spot
C-07842,Orion Motors 07842,OEM,SA,Argentina,348,98,30947,15400000,LTA
C-07843,Orion Distribution 07843,Aftermarket,NA-US,United States,446,95,2704,2700000,spot
C-07844,Kestrel Distribution 07844,Aftermarket,NA-MX,Mexico,77,95,1255,5200000,LTA
C-07845,Orion Motors 07845,OEM,APAC-SE,Thailand,449,98,21399,51000000,LTA
C-07846,Cordis Distribution 07846,Distributor,EMEA-E,Poland,26,95,3431,2800000,LTA
C-07847,Atlas Motors 07847,OEM,APAC-SE,Vietnam,77,98,30593,61000000,LTA
C-07848,Sumida Distribution 07848,Aftermarket,EMEA-E,Czechia,459,95,2839,4700000,LTA
C-07849,Vantage Systems 07849,Tier-1,SA,Argentina,264,95,5,2500000,LTA
C-07850,Vantage Distribution 07850,Distributor,EMEA-W,Italy,396,95,113,200000,LTA
C-07851,Delantra Distribution 07851,Distributor,NA-US,United States,119,95,1811,200000,spot
C-07852,Baltia Distribution 07852,Distributor,SA,Argentina,287,95,2287,4700000,consignment
C-07853,Sumida Motors 07853,OEM,APAC-IN,India,398,98,8747,4600000,consignment
C-07854,Delantra Distribution 07854,Distributor,APAC-IN,India,404,95,2647,800000,consignment
C-07855,Atlas Distribution 07855,Aftermarket,APAC-IN,India,139,95,3813,4700000,LTA
C-07856,Kestrel Motors 07856,OEM,APAC-NE,Taiwan,50,98,12748,34700000,spot
C-07857,Delantra Motors 07857,OEM,APAC-IN,India,446,98,10476,65500000,spot
C-07858,Kestrel Distribution 07858,Distributor,SA,Brazil,327,95,2602,2400000,consignment
C-07859,Cordis Motors 07859,OEM,APAC-NE,Taiwan,90,98,18395,10000000,consignment
C-07860,Bluepeak Motors 07860,OEM,EMEA-E,Romania,152,98,49446,12300000,LTA
C-07861,Kestrel Motors 07861,OEM,EMEA-E,Romania,113,98,46647,39900000,spot
C-07862,Vantage Motors 07862,OEM,NA-US,United States,260,98,11182,4600000,consignment
C-07863,Bluepeak Motors 07863,OEM,APAC-NE,Taiwan,402,98,6357,86700000,LTA
C-07864,Cordis Motors 07864,OEM,EMEA-E,Poland,213,98,40991,58000000,LTA
C-07865,Delantra Systems 07865,Tier-1,EMEA-E,Turkey,237,95,27,5400000,spot
C-07866,Baltia Motors 07866,OEM,APAC-NE,China,483,98,57890,15500000,LTA
C-07867,Kestrel Distribution 07867,Aftermarket,SA,Argentina,271,95,3790,600000,LTA
C-07868,Kestrel Motors 07868,OEM,SA,Argentina,243,98,35516,87100000,LTA
C-07869,Kestrel Motors 07869,OEM,EMEA-E,Romania,48,98,28366,59000000,consignment
C-07870,Norvia Systems 07870,Tier-1,EMEA-W,Italy,255,95,177,3600000,spot
C-07871,Atlas Systems 07871,Tier-1,APAC-NE,Japan,18,95,801,3000000,spot
C-07872,Norvia Systems 07872,Tier-1,NA-MX,Mexico,251,95,3379,1400000,LTA
C-07873,Cordis Systems 07873,Tier-1,APAC-NE,South Korea,466,95,2272,4800000,LTA
C-07874,Atlas Distribution 07874,Aftermarket,NA-US,United States,444,95,3342,5900000,LTA
C-07875,Bluepeak Distribution 07875,Aftermarket,EMEA-E,Poland,169,95,638,5900000,spot
C-07876,Vantage Distribution 07876,Aftermarket,NA-MX,Mexico,253,95,2189,3400000,LTA
C-07877,Cordis Motors 07877,OEM,SA,Argentina,192,98,27263,58300000,LTA
C-07878,Delantra Motors 07878,OEM,SA,Argentina,181,98,43445,4000000,LTA
C-07879,Sumida Motors 07879,OEM,APAC-SE,Indonesia,201,98,10669,40800000,LTA
C-07880,Norvia Motors 07880,OEM,APAC-SE,Malaysia,193,98,14147,44000000,spot
C-07881,Sumida Motors 07881,OEM,SA,Brazil,292,98,49504,11700000,spot
C-07882,Norvia Motors 07882,OEM,SA,Argentina,283,98,44027,32100000,consignment
C-07883,Orion Distribution 07883,Aftermarket,SA,Brazil,382,95,3938,5300000,LTA
C-07884,Atlas Distribution 07884,Distributor,APAC-NE,Japan,252,95,151,2300000,consignment
C-07885,Sumida Distribution 07885,Aftermarket,NA-US,United States,105,95,471,6000000,LTA
C-07886,Norvia Systems 07886,Tier-1,APAC-SE,Indonesia,216,95,151,2200000,LTA
C-07887,Bluepeak Motors 07887,OEM,APAC-SE,Malaysia,330,98,19921,29700000,LTA
C-07888,Delantra Distribution 07888,Aftermarket,APAC-IN,India,95,95,988,3000000,LTA
C-07889,Kestrel Motors 07889,OEM,APAC-NE,Japan,174,98,46192,86800000,LTA
C-07890,Atlas Distribution 07890,Aftermarket,SA,Brazil,350,95,3590,3900000,spot
C-07891,Baltia Distribution 07891,Distributor,EMEA-W,France,183,95,3387,3300000,spot
C-07892,Vantage Distribution 07892,Aftermarket,APAC-NE,China,472,95,429,800000,LTA
C-07893,Orion Motors 07893,OEM,SA,Brazil,419,98,53622,44400000,consignment
C-07894,Baltia Motors 07894,OEM,SA,Brazil,215,98,7995,51700000,spot
C-07895,Atlas Motors 07895,OEM,SA,Argentina,438,98,58385,50800000,consignment
C-07896,Orion Systems 07896,Tier-1,APAC-SE,Vietnam,315,95,800,900000,LTA
C-07897,Orion Distribution 07897,Distributor,APAC-NE,South Korea,433,95,847,2700000,LTA
C-07898,Delantra Distribution 07898,Distributor,EMEA-E,Poland,79,95,3603,1300000,LTA
C-07899,Norvia Motors 07899,OEM,EMEA-E,Czechia,490,98,21834,88000000,LTA
C-07900,Cordis Motors 07900,OEM,NA-MX,Mexico,116,98,58849,80000000,LTA
C-07901,Cordis Motors 07901,OEM,EMEA-W,France,415,98,45455,58900000,consignment
C-07902,Atlas Motors 07902,OEM,EMEA-W,Spain,484,98,9796,55400000,consignment
C-07903,Bluepeak Systems 07903,Tier-1,APAC-NE,Japan,253,95,27,800000,spot
C-07904,Orion Distribution 07904,Aftermarket,APAC-IN,India,315,95,3745,1500000,LTA
C-07905,Atlas Motors 07905,OEM,APAC-NE,Japan,299,98,40248,15400000,consignment
C-07906,Atlas Distribution 07906,Distributor,APAC-SE,Indonesia,222,95,2890,2200000,LTA
C-07907,Vantage Systems 07907,Tier-1,APAC-SE,Malaysia,466,95,3472,100000,LTA
C-07908,Atlas Distribution 07908,Aftermarket,APAC-SE,Thailand,80,95,1319,1000000,spot
C-07909,Sumida Systems 07909,Tier-1,APAC-SE,Vietnam,16,95,915,2100000,consignment
C-07910,Kestrel Motors 07910,OEM,APAC-SE,Indonesia,88,98,12238,44100000,consignment
C-07911,Orion Distribution 07911,Aftermarket,NA-MX,Mexico,217,95,2153,500000,LTA
C-07912,Norvia Distribution 07912,Distributor,NA-MX,Mexico,411,95,1905,2800000,spot
C-07913,Norvia Distribution 07913,Distributor,NA-US,United States,396,95,3637,5000000,LTA
C-07914,Sumida Motors 07914,OEM,APAC-IN,India,187,98,14847,50200000,spot
C-07915,Atlas Systems 07915,Tier-1,EMEA-E,Poland,491,95,3185,4900000,LTA
C-07916,Baltia Distribution 07916,Aftermarket,APAC-SE,Indonesia,289,95,2412,5300000,spot
C-07917,Cordis Distribution 07917,Aftermarket,EMEA-W,Italy,309,95,1028,1700000,LTA
C-07918,Delantra Motors 07918,OEM,APAC-SE,Thailand,72,98,13413,26700000,consignment
C-07919,Norvia Systems 07919,Tier-1,NA-MX,Mexico,42,95,3552,700000,LTA
C-07920,Kestrel Systems 07920,Tier-1,APAC-IN,India,86,95,1058,3000000,consignment
C-07921,Atlas Distribution 07921,Distributor,EMEA-E,Czechia,321,95,532,5200000,consignment
C-07922,Sumida Systems 07922,Tier-1,SA,Argentina,274,95,851,1900000,LTA
C-07923,Atlas Distribution 07923,Aftermarket,NA-MX,Mexico,229,95,3707,3000000,LTA
C-07924,Delantra Systems 07924,Tier-1,SA,Argentina,467,95,1285,3100000,spot
C-07925,Delantra Distribution 07925,Distributor,APAC-IN,India,142,95,3454,4000000,LTA
C-07926,Orion Distribution 07926,Aftermarket,APAC-IN,India,302,95,1595,1800000,LTA
C-07927,Sumida Distribution 07927,Distributor,EMEA-E,Czechia,211,95,1428,800000,consignment
C-07928,Kestrel Motors 07928,OEM,SA,Brazil,227,98,31426,14100000,LTA
C-07929,Vantage Motors 07929,OEM,SA,Argentina,141,98,31688,75600000,consignment
C-07930,Cordis Systems 07930,Tier-1,NA-US,United States,476,95,818,2400000,LTA
C-07931,Norvia Systems 07931,Tier-1,EMEA-E,Czechia,133,95,1915,3900000,consignment
C-07932,Orion Motors 07932,OEM,APAC-SE,Thailand,405,98,26958,12400000,LTA
C-07933,Orion Distribution 07933,Aftermarket,EMEA-E,Czechia,77,95,209,3900000,spot
C-07934,Orion Motors 07934,OEM,EMEA-E,Poland,234,98,44122,2300000,LTA
C-07935,Norvia Systems 07935,Tier-1,SA,Brazil,52,95,144,4800000,spot
C-07936,Atlas Motors 07936,OEM,NA-MX,Mexico,461,98,24320,24500000,spot
C-07937,Bluepeak Distribution 07937,Aftermarket,APAC-IN,India,431,95,22,1000000,LTA
C-07938,Norvia Distribution 07938,Aftermarket,NA-US,United States,270,95,1144,5000000,spot
C-07939,Atlas Distribution 07939,Aftermarket,EMEA-E,Czechia,494,95,3472,5500000,LTA
C-07940,Baltia Distribution 07940,Aftermarket,APAC-NE,South Korea,246,95,1820,2700000,LTA
C-07941,Delantra Motors 07941,OEM,APAC-IN,India,462,98,38178,87700000,consignment
C-07942,Kestrel Systems 07942,Tier-1,EMEA-E,Poland,169,95,3360,1400000,LTA
C-07943,Kestrel Systems 07943,Tier-1,SA,Brazil,214,95,2477,800000,spot
C-07944,Delantra Motors 07944,OEM,EMEA-E,Turkey,408,98,30550,83000000,LTA
C-07945,Kestrel Systems 07945,Tier-1,EMEA-E,Poland,337,95,1662,3400000,spot
C-07946,Delantra Motors 07946,OEM,APAC-SE,Vietnam,360,98,40883,85700000,consignment
C-07947,Cordis Systems 07947,Tier-1,APAC-SE,Malaysia,490,95,2073,3300000,consignment
C-07948,Cordis Distribution 07948,Distributor,SA,Brazil,260,95,494,5400000,consignment
C-07949,Kestrel Distribution 07949,Distributor,NA-US,United States,476,95,3528,3300000,spot
C-07950,Vantage Motors 07950,OEM,NA-MX,Mexico,58,98,46475,11500000,consignment
C-07951,Norvia Motors 07951,OEM,APAC-IN,India,250,98,16778,3600000,spot
C-07952,Sumida Distribution 07952,Aftermarket,APAC-SE,Malaysia,449,95,322,2700000,LTA
C-07953,Orion Systems 07953,Tier-1,APAC-NE,China,63,95,3716,4300000,LTA
C-07954,Baltia Motors 07954,OEM,EMEA-W,France,13,98,53135,45800000,spot
C-07955,Kestrel Distribution 07955,Aftermarket,EMEA-W,France,179,95,2704,5900000,LTA
C-07956,Atlas Distribution 07956,Aftermarket,SA,Brazil,150,95,1475,4300000,spot
C-07957,Bluepeak Systems 07957,Tier-1,APAC-NE,Japan,128,95,2615,5500000,LTA
C-07958,Sumida Distribution 07958,Aftermarket,SA,Brazil,267,95,3820,1400000,consignment
C-07959,Atlas Motors 07959,OEM,EMEA-W,Spain,117,98,13650,75700000,LTA
C-07960,Orion Motors 07960,OEM,EMEA-W,Italy,42,98,29508,42300000,LTA
C-07961,Cordis Systems 07961,Tier-1,APAC-SE,Malaysia,408,95,263,4300000,consignment
C-07962,Orion Motors 07962,OEM,NA-US,United States,274,98,16764,59000000,LTA
C-07963,Delantra Distribution 07963,Distributor,APAC-IN,India,39,95,881,2400000,spot
C-07964,Sumida Distribution 07964,Distributor,NA-MX,Mexico,300,95,3188,5600000,consignment
C-07965,Norvia Motors 07965,OEM,NA-US,United States,280,98,54289,80200000,LTA
C-07966,Baltia Motors 07966,OEM,NA-MX,Mexico,385,98,48379,57300000,consignment
C-07967,Cordis Distribution 07967,Distributor,NA-MX,Mexico,209,95,3299,5800000,LTA
C-07968,Orion Distribution 07968,Distributor,EMEA-E,Romania,445,95,411,5800000,spot
C-07969,Baltia Distribution 07969,Aftermarket,SA,Argentina,345,95,1857,4400000,LTA
C-07970,Bluepeak Distribution 07970,Distributor,EMEA-W,France,322,95,3718,600000,LTA
C-07971,Orion Systems 07971,Tier-1,NA-MX,Mexico,17,95,1908,1800000,LTA
C-07972,Baltia Motors 07972,OEM,NA-MX,Mexico,94,98,58187,45600000,LTA
C-07973,Orion Distribution 07973,Distributor,NA-US,United States,231,95,2444,900000,LTA
C-07974,Vantage Systems 07974,Tier-1,APAC-NE,China,477,95,3035,5600000,spot
C-07975,Cordis Systems 07975,Tier-1,APAC-NE,Japan,403,95,1779,2200000,consignment
C-07976,Atlas Systems 07976,Tier-1,NA-US,United States,94,95,826,2200000,spot
C-07977,Vantage Distribution 07977,Distributor,APAC-NE,South Korea,487,95,2771,3300000,LTA
C-07978,Sumida Distribution 07978,Distributor,APAC-NE,China,198,95,2382,700000,LTA
C-07979,Sumida Motors 07979,OEM,EMEA-W,Italy,53,98,6682,87400000,spot
C-07980,Kestrel Systems 07980,Tier-1,EMEA-E,Poland,151,95,2824,2200000,spot
C-07981,Orion Motors 07981,OEM,NA-US,United States,199,98,40044,60200000,LTA
C-07982,Baltia Distribution 07982,Aftermarket,SA,Brazil,381,95,3353,1900000,LTA
C-07983,Bluepeak Systems 07983,Tier-1,NA-MX,Mexico,94,95,3645,800000,spot
C-07984,Kestrel Motors 07984,OEM,EMEA-E,Turkey,268,98,50837,56700000,consignment
C-07985,Vantage Distribution 07985,Aftermarket,SA,Argentina,173,95,253,300000,consignment
C-07986,Sumida Distribution 07986,Distributor,NA-US,United States,97,95,1651,3600000,LTA
C-07987,Sumida Systems 07987,Tier-1,EMEA-W,France,106,95,2148,1400000,spot
C-07988,Sumida Motors 07988,OEM,NA-US,United States,151,98,28043,40800000,spot
C-07989,Vantage Distribution 07989,Aftermarket,APAC-NE,Japan,368,95,1850,2600000,spot
C-07990,Bluepeak Motors 07990,OEM,EMEA-E,Czechia,472,98,48036,59000000,LTA
C-07991,Norvia Distribution 07991,Aftermarket,NA-US,United States,182,95,2381,600000,LTA
C-07992,Sumida Distribution 07992,Aftermarket,NA-US,United States,465,95,1183,1300000,consignment
C-07993,Cordis Distribution 07993,Aftermarket,NA-MX,Mexico,441,95,1773,5500000,spot
C-07994,Cordis Systems 07994,Tier-1,APAC-SE,Vietnam,154,95,2079,1000000,LTA
C-07995,Bluepeak Distribution 07995,Aftermarket,APAC-IN,India,189,95,2143,4900000,LTA
C-07996,Sumida Systems 07996,Tier-1,APAC-NE,Japan,91,95,1613,4900000,LTA
C-07997,Sumida Distribution 07997,Distributor,NA-MX,Mexico,431,95,148,5500000,spot
C-07998,Atlas Systems 07998,Tier-1,NA-US,United States,472,95,1766,3400000,LTA
C-07999,Norvia Distribution 07999,Aftermarket,EMEA-E,Romania,168,95,632,2100000,spot
C-08000,Delantra Motors 08000,OEM,APAC-IN,India,145,98,29945,23300000,consignment
C-08001,Bluepeak Distribution 08001,Aftermarket,SA,Argentina,137,95,273,300000,consignment
C-08002,Delantra Systems 08002,Tier-1,NA-US,United States,233,95,1223,1100000,LTA
C-08003,Baltia Distribution 08003,Aftermarket,EMEA-W,Italy,397,95,1051,200000,LTA
C-08004,Baltia Systems 08004,Tier-1,SA,Brazil,68,95,639,3900000,LTA
C-08005,Delantra Distribution 08005,Aftermarket,EMEA-W,Germany,111,95,2342,3900000,consignment
C-08006,Orion Motors 08006,OEM,APAC-SE,Vietnam,210,98,8986,42000000,LTA
C-08007,Cordis Motors 08007,OEM,EMEA-E,Romania,137,98,24991,72500000,consignment
C-08008,Baltia Distribution 08008,Distributor,EMEA-W,Italy,480,95,109,3100000,consignment
C-08009,Sumida Motors 08009,OEM,NA-US,United States,358,98,24523,23300000,LTA
C-08010,Bluepeak Distribution 08010,Distributor,EMEA-E,Poland,199,95,2897,5000000,LTA
C-08011,Vantage Distribution 08011,Aftermarket,NA-MX,Mexico,449,95,1851,1900000,LTA
C-08012,Kestrel Distribution 08012,Distributor,EMEA-E,Turkey,68,95,2827,2200000,LTA
C-08013,Bluepeak Motors 08013,OEM,APAC-NE,South Korea,170,98,28033,71100000,LTA
C-08014,Bluepeak Systems 08014,Tier-1,EMEA-E,Romania,390,95,2610,3500000,spot
C-08015,Baltia Motors 08015,OEM,EMEA-W,France,305,98,53959,70500000,LTA
C-08016,Sumida Motors 08016,OEM,SA,Argentina,217,98,55064,51600000,consignment
C-08017,Norvia Systems 08017,Tier-1,APAC-NE,Taiwan,70,95,2851,4200000,consignment
C-08018,Vantage Motors 08018,OEM,NA-MX,Mexico,196,98,38226,19900000,consignment
C-08019,Sumida Motors 08019,OEM,APAC-NE,South Korea,206,98,16104,67600000,consignment
C-08020,Orion Motors 08020,OEM,NA-US,United States,241,98,53979,58500000,consignment
C-08021,Sumida Motors 08021,OEM,APAC-NE,Taiwan,482,98,46140,63200000,LTA
C-08022,Norvia Motors 08022,OEM,NA-MX,Mexico,420,98,15503,9200000,consignment
C-08023,Kestrel Distribution 08023,Distributor,SA,Brazil,67,95,578,3400000,consignment
C-08024,Atlas Distribution 08024,Distributor,EMEA-E,Czechia,363,95,1924,4500000,LTA
C-08025,Atlas Motors 08025,OEM,NA-MX,Mexico,60,98,24602,50300000,LTA
C-08026,Atlas Motors 08026,OEM,EMEA-W,Italy,431,98,57955,32100000,spot
C-08027,Orion Distribution 08027,Aftermarket,APAC-IN,India,198,95,2719,4200000,LTA
C-08028,Atlas Motors 08028,OEM,NA-US,United States,193,98,43494,48500000,spot
C-08029,Cordis Systems 08029,Tier-1,APAC-NE,Taiwan,59,95,1983,3000000,LTA
C-08030,Atlas Systems 08030,Tier-1,EMEA-W,Germany,150,95,166,1000000,spot
C-08031,Delantra Distribution 08031,Aftermarket,APAC-NE,China,478,95,291,5500000,LTA
C-08032,Cordis Systems 08032,Tier-1,SA,Argentina,51,95,3665,1800000,consignment
C-08033,Baltia Motors 08033,OEM,SA,Argentina,26,98,11583,48100000,LTA
C-08034,Cordis Motors 08034,OEM,SA,Argentina,470,98,22541,27100000,spot
C-08035,Atlas Distribution 08035,Distributor,EMEA-E,Turkey,175,95,169,1600000,LTA
C-08036,Norvia Motors 08036,OEM,APAC-SE,Thailand,246,98,36756,41400000,consignment
C-08037,Atlas Distribution 08037,Aftermarket,APAC-NE,Taiwan,28,95,436,3600000,spot
C-08038,Vantage Systems 08038,Tier-1,NA-MX,Mexico,156,95,862,5900000,LTA
C-08039,Sumida Systems 08039,Tier-1,EMEA-W,Italy,363,95,3897,4500000,LTA
C-08040,Delantra Motors 08040,OEM,NA-US,United States,250,98,32617,31900000,LTA
C-08041,Sumida Distribution 08041,Distributor,APAC-IN,India,79,95,1066,2500000,spot
C-08042,Sumida Distribution 08042,Distributor,EMEA-W,Spain,494,95,17,1000000,LTA
C-08043,Delantra Distribution 08043,Aftermarket,EMEA-E,Romania,127,95,779,6000000,LTA
C-08044,Bluepeak Distribution 08044,Distributor,APAC-NE,Taiwan,243,95,2929,1800000,spot
C-08045,Cordis Motors 08045,OEM,SA,Argentina,226,98,25468,28800000,spot
C-08046,Baltia Motors 08046,OEM,EMEA-E,Turkey,49,98,43176,78900000,spot
C-08047,Kestrel Motors 08047,OEM,NA-MX,Mexico,268,98,22170,52300000,spot
C-08048,Orion Distribution 08048,Aftermarket,SA,Argentina,112,95,3796,400000,consignment
C-08049,Delantra Systems 08049,Tier-1,EMEA-W,France,281,95,1215,4100000,spot
C-08050,Orion Motors 08050,OEM,NA-US,United States,105,98,31251,19700000,LTA
C-08051,Bluepeak Systems 08051,Tier-1,EMEA-E,Romania,308,95,2453,1800000,consignment
C-08052,Baltia Systems 08052,Tier-1,APAC-SE,Thailand,312,95,1810,3100000,LTA
C-08053,Norvia Distribution 08053,Aftermarket,APAC-IN,India,214,95,873,2400000,LTA
C-08054,Norvia Distribution 08054,Distributor,EMEA-E,Czechia,225,95,2960,1900000,consignment
C-08055,Bluepeak Distribution 08055,Aftermarket,APAC-IN,India,43,95,2115,800000,consignment
C-08056,Delantra Motors 08056,OEM,EMEA-W,Italy,195,98,43592,61200000,consignment
C-08057,Baltia Motors 08057,OEM,SA,Argentina,190,98,48711,89400000,LTA
C-08058,Cordis Systems 08058,Tier-1,NA-US,United States,72,95,2536,5400000,spot
C-08059,Cordis Motors 08059,OEM,EMEA-W,Spain,291,98,13655,9700000,spot
C-08060,Cordis Distribution 08060,Aftermarket,APAC-SE,Thailand,161,95,1673,600000,consignment
C-08061,Delantra Systems 08061,Tier-1,APAC-NE,Japan,286,95,2171,3700000,LTA
C-08062,Orion Motors 08062,OEM,APAC-NE,South Korea,177,98,16620,88200000,consignment
C-08063,Bluepeak Systems 08063,Tier-1,NA-MX,Mexico,339,95,3420,5400000,LTA
C-08064,Atlas Distribution 08064,Aftermarket,EMEA-W,Spain,287,95,1012,3100000,spot
C-08065,Vantage Distribution 08065,Aftermarket,APAC-NE,South Korea,354,95,680,5100000,spot
C-08066,Sumida Distribution 08066,Distributor,NA-US,United States,153,95,487,5700000,spot
C-08067,Orion Motors 08067,OEM,NA-US,United States,465,98,53596,33800000,LTA
C-08068,Vantage Motors 08068,OEM,EMEA-E,Czechia,337,98,5745,66800000,consignment
C-08069,Sumida Systems 08069,Tier-1,NA-MX,Mexico,32,95,61,1800000,LTA
C-08070,Norvia Motors 08070,OEM,NA-MX,Mexico,246,98,53013,81400000,consignment
C-08071,Bluepeak Distribution 08071,Distributor,APAC-SE,Vietnam,188,95,500,4400000,consignment
C-08072,Sumida Motors 08072,OEM,EMEA-W,France,169,98,30090,8600000,spot
C-08073,Sumida Motors 08073,OEM,APAC-NE,Japan,389,98,34781,4800000,LTA
C-08074,Atlas Distribution 08074,Distributor,APAC-IN,India,356,95,2607,2500000,LTA
C-08075,Atlas Distribution 08075,Distributor,APAC-IN,India,109,95,3427,4200000,consignment
C-08076,Vantage Systems 08076,Tier-1,NA-MX,Mexico,48,95,2556,4900000,LTA
C-08077,Cordis Distribution 08077,Aftermarket,APAC-NE,Taiwan,324,95,3571,5200000,LTA
C-08078,Kestrel Distribution 08078,Distributor,NA-US,United States,421,95,2840,2600000,LTA
C-08079,Cordis Distribution 08079,Distributor,NA-MX,Mexico,470,95,2354,2200000,LTA
C-08080,Bluepeak Distribution 08080,Aftermarket,APAC-NE,Japan,382,95,3350,1000000,consignment
C-08081,Sumida Motors 08081,OEM,EMEA-W,France,474,98,33259,28400000,spot
C-08082,Delantra Motors 08082,OEM,NA-MX,Mexico,231,98,22090,64000000,spot
C-08083,Norvia Systems 08083,Tier-1,EMEA-E,Turkey,361,95,3854,5200000,LTA
C-08084,Kestrel Distribution 08084,Aftermarket,NA-US,United States,381,95,95,3000000,spot
C-08085,Cordis Distribution 08085,Distributor,APAC-NE,Taiwan,411,95,3325,3000000,spot
C-08086,Norvia Distribution 08086,Aftermarket,APAC-NE,South Korea,125,95,956,2100000,spot
C-08087,Atlas Distribution 08087,Aftermarket,NA-US,United States,16,95,2885,5800000,LTA
C-08088,Norvia Systems 08088,Tier-1,SA,Argentina,55,95,3632,5100000,consignment
C-08089,Bluepeak Systems 08089,Tier-1,APAC-IN,India,405,95,3991,5100000,spot
C-08090,Kestrel Distribution 08090,Distributor,SA,Brazil,126,95,3496,4400000,LTA
C-08091,Atlas Distribution 08091,Aftermarket,NA-MX,Mexico,327,95,2894,2100000,consignment
C-08092,Cordis Distribution 08092,Aftermarket,APAC-IN,India,166,95,2160,4700000,consignment
C-08093,Baltia Motors 08093,OEM,NA-US,United States,398,98,43412,52200000,LTA
C-08094,Kestrel Systems 08094,Tier-1,NA-MX,Mexico,455,95,3290,5300000,LTA
C-08095,Baltia Motors 08095,OEM,SA,Argentina,54,98,7230,67700000,spot
C-08096,Baltia Distribution 08096,Distributor,APAC-IN,India,117,95,1908,3400000,LTA
C-08097,Sumida Motors 08097,OEM,SA,Brazil,113,98,6167,82500000,LTA
C-08098,Orion Distribution 08098,Aftermarket,APAC-SE,Thailand,485,95,471,5400000,LTA
C-08099,Cordis Distribution 08099,Aftermarket,APAC-IN,India,54,95,413,5800000,LTA
C-08100,Sumida Distribution 08100,Aftermarket,APAC-IN,India,173,95,2049,3500000,spot
C-08101,Kestrel Motors 08101,OEM,APAC-NE,Japan,296,98,26283,30400000,LTA
C-08102,Atlas Motors 08102,OEM,SA,Argentina,46,98,58839,78000000,spot
C-08103,Kestrel Systems 08103,Tier-1,APAC-IN,India,315,95,3662,3200000,consignment
C-08104,Baltia Systems 08104,Tier-1,EMEA-E,Turkey,146,95,3859,1200000,consignment
C-08105,Atlas Motors 08105,OEM,EMEA-W,Germany,189,98,34936,31700000,LTA
C-08106,Baltia Distribution 08106,Distributor,APAC-SE,Malaysia,160,95,528,800000,spot
C-08107,Vantage Motors 08107,OEM,APAC-SE,Indonesia,72,98,23055,34700000,spot
C-08108,Vantage Motors 08108,OEM,SA,Brazil,448,98,34325,70600000,LTA
C-08109,Baltia Distribution 08109,Distributor,APAC-NE,Japan,55,95,2505,2100000,consignment
C-08110,Baltia Motors 08110,OEM,APAC-IN,India,243,98,43339,63100000,LTA
C-08111,Cordis Systems 08111,Tier-1,APAC-IN,India,49,95,1520,1300000,consignment
C-08112,Atlas Motors 08112,OEM,EMEA-E,Turkey,109,98,44213,14800000,consignment
C-08113,Kestrel Motors 08113,OEM,APAC-IN,India,437,98,19802,12300000,LTA
C-08114,Baltia Distribution 08114,Aftermarket,NA-MX,Mexico,120,95,2531,500000,LTA
C-08115,Atlas Distribution 08115,Aftermarket,APAC-NE,China,439,95,2779,4200000,consignment
C-08116,Bluepeak Motors 08116,OEM,APAC-IN,India,95,98,47544,26300000,consignment
C-08117,Norvia Distribution 08117,Distributor,EMEA-W,Italy,82,95,3179,1100000,consignment
C-08118,Cordis Distribution 08118,Aftermarket,APAC-NE,Japan,481,95,2992,2800000,spot
C-08119,Vantage Distribution 08119,Aftermarket,EMEA-E,Czechia,13,95,3785,2800000,consignment
C-08120,Orion Distribution 08120,Distributor,NA-US,United States,157,95,1199,2100000,spot
C-08121,Atlas Motors 08121,OEM,APAC-SE,Malaysia,403,98,29966,88000000,LTA
C-08122,Norvia Systems 08122,Tier-1,NA-US,United States,295,95,1095,300000,LTA
C-08123,Baltia Systems 08123,Tier-1,APAC-NE,Taiwan,288,95,1531,6000000,consignment
C-08124,Bluepeak Motors 08124,OEM,EMEA-E,Poland,497,98,21284,7800000,spot
C-08125,Kestrel Motors 08125,OEM,EMEA-E,Poland,290,98,45336,78500000,spot
C-08126,Norvia Motors 08126,OEM,EMEA-E,Turkey,27,98,59854,84800000,consignment
C-08127,Atlas Distribution 08127,Distributor,APAC-SE,Vietnam,48,95,1663,1200000,LTA
C-08128,Norvia Systems 08128,Tier-1,APAC-NE,China,400,95,3405,2200000,spot
C-08129,Baltia Distribution 08129,Distributor,APAC-SE,Vietnam,381,95,2900,5600000,LTA
C-08130,Bluepeak Distribution 08130,Aftermarket,APAC-NE,South Korea,340,95,3842,600000,LTA
C-08131,Bluepeak Distribution 08131,Distributor,APAC-NE,Taiwan,303,95,1077,5500000,LTA
C-08132,Atlas Motors 08132,OEM,EMEA-W,Italy,199,98,25220,28200000,consignment
C-08133,Cordis Distribution 08133,Aftermarket,EMEA-E,Turkey,136,95,2228,3200000,spot
C-08134,Cordis Motors 08134,OEM,APAC-IN,India,221,98,44491,69300000,consignment
C-08135,Kestrel Distribution 08135,Aftermarket,APAC-NE,China,96,95,2773,1000000,consignment
C-08136,Cordis Distribution 08136,Distributor,NA-MX,Mexico,212,95,1411,2600000,spot
C-08137,Cordis Motors 08137,OEM,NA-US,United States,463,98,53903,73800000,spot
C-08138,Kestrel Distribution 08138,Aftermarket,EMEA-E,Poland,405,95,645,900000,spot
C-08139,Norvia Systems 08139,Tier-1,SA,Brazil,302,95,2957,1300000,consignment
C-08140,Orion Motors 08140,OEM,EMEA-E,Romania,80,98,47438,31500000,consignment
C-08141,Kestrel Motors 08141,OEM,EMEA-E,Poland,114,98,30732,81200000,LTA
C-08142,Bluepeak Systems 08142,Tier-1,NA-US,United States,336,95,3611,2400000,LTA
C-08143,Vantage Distribution 08143,Distributor,NA-MX,Mexico,228,95,2392,3000000,spot
C-08144,Bluepeak Motors 08144,OEM,EMEA-E,Romania,458,98,57996,51100000,consignment
C-08145,Delantra Distribution 08145,Distributor,APAC-NE,Taiwan,83,95,2987,5600000,consignment
C-08146,Norvia Systems 08146,Tier-1,APAC-IN,India,426,95,886,5700000,LTA
C-08147,Bluepeak Systems 08147,Tier-1,APAC-NE,China,248,95,1998,1900000,consignment
C-08148,Atlas Systems 08148,Tier-1,APAC-IN,India,206,95,481,5000000,LTA
C-08149,Atlas Distribution 08149,Distributor,NA-MX,Mexico,318,95,2269,5600000,consignment
C-08150,Orion Motors 08150,OEM,APAC-NE,China,305,98,36684,17400000,consignment
C-08151,Sumida Motors 08151,OEM,EMEA-E,Czechia,182,98,42224,28600000,spot
C-08152,Vantage Distribution 08152,Aftermarket,APAC-SE,Thailand,348,95,1311,3300000,consignment
C-08153,Kestrel Systems 08153,Tier-1,NA-MX,Mexico,496,95,3613,3000000,consignment
C-08154,Cordis Motors 08154,OEM,EMEA-W,France,404,98,42068,25100000,spot
C-08155,Baltia Motors 08155,OEM,APAC-NE,Japan,277,98,26473,78200000,consignment
C-08156,Bluepeak Systems 08156,Tier-1,EMEA-W,France,100,95,673,4400000,LTA
C-08157,Delantra Motors 08157,OEM,APAC-NE,Taiwan,474,98,41748,26300000,consignment
C-08158,Orion Distribution 08158,Distributor,APAC-SE,Thailand,19,95,431,3000000,LTA
C-08159,Delantra Distribution 08159,Distributor,APAC-IN,India,379,95,67,1300000,consignment
C-08160,Norvia Motors 08160,OEM,SA,Brazil,157,98,53825,8600000,LTA
C-08161,Kestrel Distribution 08161,Aftermarket,APAC-IN,India,395,95,2332,1800000,LTA
C-08162,Kestrel Distribution 08162,Aftermarket,EMEA-E,Romania,187,95,2211,5100000,spot
C-08163,Orion Motors 08163,OEM,EMEA-E,Romania,242,98,15925,34200000,LTA
C-08164,Kestrel Motors 08164,OEM,SA,Argentina,491,98,11789,42800000,LTA
C-08165,Delantra Distribution 08165,Distributor,NA-US,United States,460,95,434,5900000,consignment
C-08166,Sumida Motors 08166,OEM,EMEA-W,Germany,91,98,33871,68600000,LTA
C-08167,Orion Motors 08167,OEM,SA,Argentina,478,98,8165,83400000,LTA
C-08168,Delantra Distribution 08168,Distributor,NA-MX,Mexico,31,95,782,4600000,consignment
C-08169,Norvia Distribution 08169,Distributor,APAC-NE,China,359,95,1761,1200000,LTA
C-08170,Sumida Distribution 08170,Distributor,APAC-IN,India,242,95,2822,3000000,LTA
C-08171,Cordis Systems 08171,Tier-1,APAC-IN,India,230,95,1879,3900000,spot
C-08172,Orion Motors 08172,OEM,NA-US,United States,155,98,57831,78000000,LTA
C-08173,Kestrel Distribution 08173,Aftermarket,APAC-NE,China,335,95,2253,5500000,LTA
C-08174,Sumida Motors 08174,OEM,NA-US,United States,171,98,50304,42400000,spot
C-08175,Orion Distribution 08175,Distributor,SA,Brazil,390,95,1614,4800000,LTA
C-08176,Kestrel Motors 08176,OEM,EMEA-E,Czechia,265,98,17474,18500000,LTA
C-08177,Delantra Distribution 08177,Aftermarket,EMEA-E,Turkey,428,95,1492,4600000,consignment
C-08178,Sumida Motors 08178,OEM,EMEA-E,Czechia,452,98,10811,17200000,spot
C-08179,Sumida Distribution 08179,Distributor,APAC-SE,Vietnam,106,95,1281,2700000,LTA
C-08180,Baltia Systems 08180,Tier-1,NA-MX,Mexico,117,95,2935,1900000,consignment
C-08181,Kestrel Systems 08181,Tier-1,NA-US,United States,373,95,3425,2500000,LTA
C-08182,Orion Systems 08182,Tier-1,APAC-NE,China,203,95,1132,1800000,LTA
C-08183,Baltia Motors 08183,OEM,EMEA-W,Germany,308,98,40029,35500000,consignment
C-08184,Cordis Motors 08184,OEM,APAC-NE,Taiwan,109,98,43058,6200000,LTA
C-08185,Delantra Distribution 08185,Aftermarket,EMEA-E,Czechia,135,95,1339,4500000,consignment
C-08186,Sumida Motors 08186,OEM,APAC-NE,South Korea,398,98,14105,7600000,spot
C-08187,Atlas Systems 08187,Tier-1,SA,Argentina,31,95,1004,200000,consignment
C-08188,Baltia Motors 08188,OEM,EMEA-E,Poland,491,98,53846,70800000,consignment
C-08189,Bluepeak Distribution 08189,Distributor,SA,Brazil,110,95,3093,4900000,LTA
C-08190,Kestrel Distribution 08190,Distributor,APAC-NE,Japan,209,95,3105,900000,LTA
C-08191,Orion Motors 08191,OEM,NA-MX,Mexico,248,98,12136,3100000,LTA
C-08192,Atlas Motors 08192,OEM,NA-US,United States,489,98,24226,13000000,LTA
C-08193,Cordis Distribution 08193,Aftermarket,SA,Brazil,497,95,588,4100000,consignment
C-08194,Orion Motors 08194,OEM,SA,Brazil,125,98,7645,53100000,consignment
C-08195,Atlas Distribution 08195,Aftermarket,NA-US,United States,496,95,3836,4200000,LTA
C-08196,Cordis Motors 08196,OEM,EMEA-E,Czechia,269,98,36552,80900000,consignment
C-08197,Sumida Motors 08197,OEM,APAC-IN,India,336,98,53111,2400000,consignment
C-08198,Sumida Motors 08198,OEM,NA-MX,Mexico,77,98,9630,23000000,spot
C-08199,Bluepeak Motors 08199,OEM,APAC-SE,Vietnam,78,98,52126,33100000,consignment
C-08200,Cordis Systems 08200,Tier-1,EMEA-W,France,368,95,1274,2400000,LTA
C-08201,Delantra Systems 08201,Tier-1,EMEA-E,Poland,126,95,1248,2900000,consignment
C-08202,Baltia Motors 08202,OEM,NA-US,United States,412,98,58891,43600000,spot
C-08203,Atlas Motors 08203,OEM,SA,Argentina,388,98,13215,32900000,LTA
C-08204,Vantage Distribution 08204,Distributor,EMEA-E,Turkey,46,95,3826,6000000,spot
C-08205,Atlas Motors 08205,OEM,APAC-NE,Taiwan,188,98,21946,4900000,spot
C-08206,Bluepeak Motors 08206,OEM,SA,Brazil,324,98,16402,13600000,LTA
C-08207,Delantra Systems 08207,Tier-1,APAC-IN,India,41,95,831,5800000,consignment
C-08208,Kestrel Motors 08208,OEM,EMEA-W,Italy,449,98,26473,8500000,LTA
C-08209,Delantra Distribution 08209,Distributor,APAC-IN,India,159,95,3301,5700000,LTA
C-08210,Vantage Motors 08210,OEM,NA-MX,Mexico,113,98,35978,79100000,spot
C-08211,Baltia Systems 08211,Tier-1,NA-MX,Mexico,453,95,1398,700000,spot
C-08212,Sumida Distribution 08212,Distributor,NA-MX,Mexico,334,95,2128,1300000,spot
C-08213,Orion Motors 08213,OEM,APAC-IN,India,114,98,39100,56300000,spot
C-08214,Orion Distribution 08214,Aftermarket,EMEA-E,Poland,413,95,2713,4900000,LTA
C-08215,Atlas Distribution 08215,Aftermarket,EMEA-W,France,294,95,3200,5200000,consignment
C-08216,Bluepeak Systems 08216,Tier-1,EMEA-E,Turkey,21,95,1370,4200000,consignment
C-08217,Orion Systems 08217,Tier-1,APAC-NE,China,367,95,3952,2100000,consignment
C-08218,Delantra Distribution 08218,Distributor,APAC-SE,Indonesia,349,95,357,2300000,consignment
C-08219,Cordis Motors 08219,OEM,EMEA-E,Turkey,389,98,44588,70500000,consignment
C-08220,Delantra Motors 08220,OEM,SA,Brazil,368,98,29025,43500000,consignment
C-08221,Delantra Distribution 08221,Distributor,EMEA-E,Romania,444,95,2276,4500000,spot
C-08222,Baltia Distribution 08222,Aftermarket,APAC-SE,Thailand,499,95,3498,4300000,consignment
C-08223,Bluepeak Distribution 08223,Aftermarket,APAC-SE,Malaysia,447,95,1163,500000,LTA
C-08224,Norvia Distribution 08224,Distributor,NA-MX,Mexico,173,95,997,1100000,spot
C-08225,Vantage Distribution 08225,Distributor,APAC-NE,China,171,95,875,200000,LTA
C-08226,Kestrel Distribution 08226,Distributor,APAC-IN,India,377,95,3400,500000,consignment
C-08227,Norvia Distribution 08227,Aftermarket,APAC-NE,Japan,343,95,3470,3100000,spot
C-08228,Baltia Systems 08228,Tier-1,APAC-NE,China,346,95,3049,4100000,LTA
C-08229,Cordis Motors 08229,OEM,EMEA-W,France,429,98,56607,18400000,spot
C-08230,Sumida Distribution 08230,Aftermarket,APAC-IN,India,234,95,1321,5200000,consignment
C-08231,Cordis Motors 08231,OEM,APAC-IN,India,89,98,15437,21800000,LTA
C-08232,Atlas Motors 08232,OEM,SA,Brazil,154,98,48812,75100000,consignment
C-08233,Atlas Motors 08233,OEM,EMEA-W,Germany,136,98,52770,79300000,LTA
C-08234,Baltia Motors 08234,OEM,EMEA-W,Germany,313,98,29783,60100000,spot
C-08235,Norvia Motors 08235,OEM,EMEA-E,Czechia,451,98,41203,27400000,spot
C-08236,Delantra Motors 08236,OEM,SA,Brazil,227,98,52622,56600000,spot
C-08237,Sumida Motors 08237,OEM,SA,Brazil,242,98,24122,14800000,consignment
C-08238,Atlas Motors 08238,OEM,APAC-SE,Thailand,21,98,7780,78000000,spot
C-08239,Cordis Distribution 08239,Distributor,APAC-SE,Vietnam,282,95,2688,600000,consignment
C-08240,Kestrel Distribution 08240,Aftermarket,APAC-SE,Vietnam,93,95,2369,3100000,spot
C-08241,Atlas Motors 08241,OEM,EMEA-W,Spain,45,98,6638,89400000,LTA
C-08242,Vantage Distribution 08242,Distributor,NA-US,United States,429,95,490,2600000,LTA
C-08243,Orion Systems 08243,Tier-1,NA-US,United States,384,95,116,3300000,LTA
C-08244,Cordis Motors 08244,OEM,SA,Argentina,14,98,42637,18400000,LTA
C-08245,Atlas Distribution 08245,Aftermarket,EMEA-W,France,20,95,266,4400000,LTA
C-08246,Sumida Distribution 08246,Distributor,NA-MX,Mexico,315,95,3286,100000,LTA
C-08247,Bluepeak Motors 08247,OEM,SA,Argentina,168,98,26444,13600000,spot
C-08248,Atlas Systems 08248,Tier-1,APAC-IN,India,299,95,1918,3700000,LTA
C-08249,Atlas Motors 08249,OEM,APAC-NE,Taiwan,400,98,24328,16700000,LTA
C-08250,Vantage Distribution 08250,Aftermarket,EMEA-W,Italy,447,95,144,2400000,spot
C-08251,Orion Distribution 08251,Aftermarket,NA-MX,Mexico,352,95,3205,4200000,LTA
C-08252,Cordis Motors 08252,OEM,NA-MX,Mexico,23,98,7527,29500000,spot
C-08253,Kestrel Motors 08253,OEM,SA,Argentina,392,98,50442,52200000,LTA
C-08254,Cordis Motors 08254,OEM,NA-US,United States,421,98,33847,27000000,LTA
C-08255,Bluepeak Motors 08255,OEM,NA-US,United States,423,98,20723,10900000,LTA
C-08256,Orion Motors 08256,OEM,SA,Argentina,67,98,51742,13400000,consignment
C-08257,Atlas Distribution 08257,Aftermarket,NA-US,United States,493,95,3402,3000000,LTA
C-08258,Sumida Motors 08258,OEM,NA-US,United States,308,98,38635,31200000,LTA
C-08259,Orion Distribution 08259,Distributor,NA-MX,Mexico,161,95,1966,4200000,spot
C-08260,Delantra Distribution 08260,Aftermarket,EMEA-E,Romania,185,95,3933,700000,LTA
C-08261,Orion Motors 08261,OEM,EMEA-W,Germany,54,98,39779,32900000,LTA
C-08262,Sumida Motors 08262,OEM,APAC-SE,Indonesia,247,98,29644,47600000,consignment
C-08263,Vantage Distribution 08263,Distributor,NA-US,United States,353,95,1620,3500000,spot
C-08264,Delantra Distribution 08264,Aftermarket,NA-MX,Mexico,397,95,3821,4800000,LTA
C-08265,Vantage Motors 08265,OEM,NA-US,United States,392,98,44828,80700000,LTA
C-08266,Norvia Motors 08266,OEM,NA-US,United States,442,98,50843,77000000,consignment
C-08267,Bluepeak Systems 08267,Tier-1,EMEA-W,Germany,217,95,504,3900000,LTA
C-08268,Baltia Distribution 08268,Aftermarket,NA-US,United States,317,95,180,5300000,LTA
C-08269,Cordis Distribution 08269,Distributor,SA,Brazil,212,95,2310,2400000,LTA
C-08270,Vantage Distribution 08270,Aftermarket,SA,Argentina,83,95,2402,2200000,spot
C-08271,Orion Distribution 08271,Aftermarket,EMEA-W,France,374,95,2829,3200000,LTA
C-08272,Vantage Distribution 08272,Aftermarket,NA-US,United States,359,95,878,200000,consignment
C-08273,Cordis Motors 08273,OEM,APAC-NE,Taiwan,489,98,13996,66000000,consignment
C-08274,Bluepeak Motors 08274,OEM,SA,Brazil,91,98,35925,40400000,LTA
C-08275,Norvia Distribution 08275,Aftermarket,APAC-NE,China,93,95,208,1600000,LTA
C-08276,Norvia Distribution 08276,Aftermarket,EMEA-E,Romania,399,95,2439,1300000,consignment
C-08277,Bluepeak Systems 08277,Tier-1,APAC-SE,Indonesia,203,95,2616,1300000,LTA
C-08278,Kestrel Motors 08278,OEM,EMEA-E,Czechia,392,98,6224,37800000,LTA
C-08279,Orion Distribution 08279,Distributor,EMEA-E,Romania,79,95,3521,5300000,LTA
C-08280,Baltia Motors 08280,OEM,APAC-NE,Taiwan,302,98,35425,11800000,spot
C-08281,Orion Distribution 08281,Distributor,APAC-SE,Thailand,54,95,660,1900000,spot
C-08282,Vantage Distribution 08282,Aftermarket,APAC-SE,Thailand,27,95,3387,3200000,LTA
C-08283,Kestrel Distribution 08283,Aftermarket,APAC-NE,China,24,95,3002,3600000,LTA
C-08284,Atlas Motors 08284,OEM,EMEA-E,Romania,360,98,15830,7500000,LTA
C-08285,Baltia Distribution 08285,Distributor,EMEA-E,Turkey,465,95,2261,500000,LTA
C-08286,Kestrel Motors 08286,OEM,SA,Argentina,122,98,10421,20000000,spot
C-08287,Atlas Systems 08287,Tier-1,EMEA-E,Poland,232,95,605,500000,consignment
C-08288,Vantage Motors 08288,OEM,SA,Brazil,171,98,41503,16300000,LTA
C-08289,Kestrel Motors 08289,OEM,EMEA-E,Romania,211,98,23872,46300000,LTA
C-08290,Bluepeak Motors 08290,OEM,NA-US,United States,385,98,17991,52500000,LTA
C-08291,Kestrel Distribution 08291,Distributor,NA-MX,Mexico,453,95,2595,2400000,spot
C-08292,Atlas Systems 08292,Tier-1,APAC-IN,India,355,95,3122,4600000,consignment
C-08293,Baltia Distribution 08293,Distributor,NA-US,United States,117,95,2160,3500000,spot
C-08294,Cordis Systems 08294,Tier-1,EMEA-E,Turkey,416,95,3488,2200000,consignment
C-08295,Kestrel Distribution 08295,Aftermarket,EMEA-W,Italy,347,95,404,4100000,spot
C-08296,Kestrel Distribution 08296,Distributor,EMEA-E,Turkey,273,95,1476,1500000,LTA
C-08297,Bluepeak Distribution 08297,Aftermarket,NA-US,United States,42,95,2973,1600000,LTA
C-08298,Baltia Systems 08298,Tier-1,EMEA-E,Turkey,440,95,377,700000,LTA
C-08299,Cordis Systems 08299,Tier-1,APAC-SE,Indonesia,96,95,3732,5100000,LTA
C-08300,Bluepeak Systems 08300,Tier-1,NA-MX,Mexico,56,95,402,800000,spot
C-08301,Delantra Systems 08301,Tier-1,APAC-NE,China,423,95,573,1100000,LTA
C-08302,Norvia Distribution 08302,Aftermarket,NA-MX,Mexico,470,95,1417,3700000,LTA
C-08303,Delantra Motors 08303,OEM,APAC-NE,South Korea,191,98,31094,76500000,LTA
C-08304,Norvia Distribution 08304,Distributor,SA,Brazil,86,95,3642,2600000,consignment
C-08305,Atlas Distribution 08305,Aftermarket,APAC-NE,Japan,56,95,2613,1200000,LTA
C-08306,Kestrel Distribution 08306,Distributor,SA,Brazil,363,95,3642,4700000,spot
C-08307,Vantage Systems 08307,Tier-1,APAC-SE,Indonesia,389,95,1442,100000,LTA
C-08308,Orion Motors 08308,OEM,SA,Brazil,402,98,58745,43400000,LTA
C-08309,Bluepeak Systems 08309,Tier-1,APAC-NE,China,405,95,359,4700000,LTA
C-08310,Atlas Distribution 08310,Distributor,NA-MX,Mexico,268,95,3361,4800000,LTA
C-08311,Orion Distribution 08311,Aftermarket,APAC-NE,Japan,300,95,3977,5900000,LTA
C-08312,Vantage Motors 08312,OEM,NA-US,United States,488,98,19512,75000000,consignment
C-08313,Delantra Distribution 08313,Distributor,NA-US,United States,253,95,1671,900000,consignment
C-08314,Norvia Distribution 08314,Aftermarket,NA-US,United States,16,95,2447,2900000,consignment
C-08315,Sumida Distribution 08315,Aftermarket,APAC-SE,Vietnam,121,95,289,3100000,spot
C-08316,Baltia Motors 08316,OEM,APAC-NE,Taiwan,446,98,39164,66300000,LTA
C-08317,Baltia Systems 08317,Tier-1,NA-US,United States,314,95,226,1800000,LTA
C-08318,Sumida Distribution 08318,Distributor,APAC-IN,India,361,95,874,400000,consignment
C-08319,Atlas Motors 08319,OEM,APAC-SE,Indonesia,55,98,14526,21200000,spot
C-08320,Sumida Distribution 08320,Aftermarket,APAC-SE,Vietnam,118,95,1814,4200000,LTA
C-08321,Orion Systems 08321,Tier-1,NA-US,United States,157,95,996,4500000,spot
C-08322,Atlas Motors 08322,OEM,APAC-SE,Vietnam,218,98,53250,28300000,spot
C-08323,Vantage Systems 08323,Tier-1,EMEA-E,Czechia,373,95,1626,5700000,LTA
C-08324,Baltia Motors 08324,OEM,NA-US,United States,73,98,57129,44400000,LTA
C-08325,Bluepeak Motors 08325,OEM,APAC-SE,Vietnam,181,98,32169,19300000,LTA
C-08326,Norvia Motors 08326,OEM,APAC-NE,Taiwan,182,98,20742,72400000,consignment
C-08327,Atlas Motors 08327,OEM,APAC-SE,Indonesia,159,98,11966,8200000,LTA
C-08328,Norvia Distribution 08328,Distributor,EMEA-W,France,58,95,3456,2700000,consignment
C-08329,Kestrel Motors 08329,OEM,NA-US,United States,316,98,7178,86000000,LTA
C-08330,Norvia Motors 08330,OEM,NA-MX,Mexico,70,98,29698,65400000,consignment
C-08331,Orion Distribution 08331,Distributor,SA,Brazil,131,95,2835,3500000,LTA
C-08332,Atlas Distribution 08332,Aftermarket,NA-US,United States,285,95,3556,200000,LTA
C-08333,Orion Distribution 08333,Distributor,NA-US,United States,343,95,1761,800000,LTA
C-08334,Norvia Systems 08334,Tier-1,APAC-NE,China,289,95,235,4700000,consignment
C-08335,Norvia Motors 08335,OEM,SA,Argentina,219,98,26173,82800000,LTA
C-08336,Sumida Motors 08336,OEM,EMEA-W,Germany,192,98,35385,67800000,LTA
C-08337,Baltia Systems 08337,Tier-1,SA,Argentina,374,95,703,4100000,spot
C-08338,Sumida Motors 08338,OEM,NA-US,United States,180,98,29487,52500000,consignment
C-08339,Bluepeak Distribution 08339,Aftermarket,APAC-NE,South Korea,242,95,586,4800000,spot
C-08340,Vantage Motors 08340,OEM,SA,Argentina,39,98,43805,38300000,LTA
C-08341,Vantage Motors 08341,OEM,EMEA-W,Spain,495,98,23302,32700000,LTA
C-08342,Cordis Systems 08342,Tier-1,NA-MX,Mexico,183,95,338,1200000,LTA
C-08343,Atlas Distribution 08343,Aftermarket,NA-MX,Mexico,246,95,2824,3700000,spot
C-08344,Cordis Systems 08344,Tier-1,APAC-IN,India,460,95,2247,3700000,LTA
C-08345,Atlas Systems 08345,Tier-1,APAC-SE,Vietnam,81,95,1397,1600000,LTA
C-08346,Bluepeak Motors 08346,OEM,NA-US,United States,484,98,41979,15200000,spot
C-08347,Baltia Motors 08347,OEM,EMEA-W,Germany,12,98,33701,71500000,LTA
C-08348,Cordis Systems 08348,Tier-1,APAC-IN,India,448,95,1200,3500000,LTA
C-08349,Vantage Motors 08349,OEM,APAC-NE,Taiwan,204,98,50135,41300000,spot
C-08350,Norvia Distribution 08350,Aftermarket,APAC-NE,South Korea,57,95,3028,4100000,spot
C-08351,Kestrel Distribution 08351,Aftermarket,EMEA-W,Germany,196,95,3551,6000000,spot
C-08352,Orion Motors 08352,OEM,EMEA-E,Turkey,153,98,17769,34600000,spot
C-08353,Atlas Distribution 08353,Aftermarket,EMEA-E,Turkey,304,95,1479,700000,spot
C-08354,Kestrel Systems 08354,Tier-1,NA-US,United States,30,95,3753,1600000,spot
C-08355,Baltia Distribution 08355,Aftermarket,EMEA-W,Germany,178,95,327,100000,LTA
C-08356,Norvia Systems 08356,Tier-1,NA-US,United States,153,95,2117,2000000,consignment
C-08357,Baltia Motors 08357,OEM,NA-MX,Mexico,416,98,36767,71300000,LTA
C-08358,Orion Motors 08358,OEM,APAC-SE,Malaysia,90,98,39419,43400000,spot
C-08359,Orion Systems 08359,Tier-1,EMEA-W,France,491,95,2322,3300000,spot
C-08360,Kestrel Distribution 08360,Aftermarket,APAC-IN,India,149,95,2059,5000000,LTA
C-08361,Vantage Distribution 08361,Aftermarket,EMEA-W,France,114,95,3912,1400000,LTA
C-08362,Orion Distribution 08362,Aftermarket,SA,Argentina,198,95,1453,1600000,LTA
C-08363,Bluepeak Distribution 08363,Aftermarket,APAC-SE,Indonesia,486,95,1332,4700000,LTA
C-08364,Kestrel Distribution 08364,Aftermarket,SA,Brazil,11,95,2066,2700000,LTA
C-08365,Orion Motors 08365,OEM,SA,Argentina,54,98,11278,13000000,consignment
C-08366,Orion Systems 08366,Tier-1,EMEA-E,Romania,236,95,2845,2300000,consignment
C-08367,Norvia Systems 08367,Tier-1,NA-MX,Mexico,88,95,399,5000000,consignment
C-08368,Baltia Distribution 08368,Aftermarket,APAC-IN,India,249,95,1133,1700000,spot
C-08369,Baltia Distribution 08369,Aftermarket,EMEA-E,Czechia,252,95,2631,4500000,consignment
C-08370,Delantra Motors 08370,OEM,SA,Brazil,73,98,43237,18300000,spot
C-08371,Atlas Systems 08371,Tier-1,SA,Argentina,216,95,3413,5200000,LTA
C-08372,Orion Systems 08372,Tier-1,APAC-SE,Indonesia,429,95,3856,4400000,spot
C-08373,Bluepeak Systems 08373,Tier-1,APAC-IN,India,460,95,2362,1000000,LTA
C-08374,Vantage Motors 08374,OEM,APAC-NE,China,496,98,49851,77800000,LTA
C-08375,Orion Motors 08375,OEM,SA,Argentina,433,98,18143,16500000,LTA
C-08376,Baltia Distribution 08376,Distributor,NA-MX,Mexico,433,95,2587,3300000,LTA
C-08377,Baltia Distribution 08377,Distributor,EMEA-E,Czechia,218,95,1793,3300000,LTA
C-08378,Vantage Motors 08378,OEM,APAC-NE,China,151,98,39057,67900000,LTA
C-08379,Delantra Motors 08379,OEM,APAC-SE,Vietnam,169,98,10699,88400000,LTA
C-08380,Orion Distribution 08380,Aftermarket,APAC-IN,India,169,95,1861,700000,consignment
C-08381,Kestrel Distribution 08381,Aftermarket,APAC-SE,Indonesia,32,95,2513,600000,LTA
C-08382,Bluepeak Motors 08382,OEM,NA-US,United States,215,98,50947,16100000,LTA
C-08383,Vantage Distribution 08383,Aftermarket,EMEA-W,France,99,95,323,800000,consignment
C-08384,Cordis Motors 08384,OEM,APAC-SE,Indonesia,155,98,19422,12800000,LTA
C-08385,Atlas Motors 08385,OEM,SA,Brazil,258,98,46638,72900000,consignment
C-08386,Vantage Motors 08386,OEM,NA-MX,Mexico,165,98,8951,39600000,LTA
C-08387,Baltia Systems 08387,Tier-1,EMEA-W,France,248,95,969,2700000,LTA
C-08388,Vantage Distribution 08388,Aftermarket,APAC-NE,Japan,59,95,3276,3700000,spot
C-08389,Baltia Distribution 08389,Aftermarket,SA,Brazil,139,95,494,1100000,consignment
C-08390,Cordis Systems 08390,Tier-1,APAC-SE,Thailand,316,95,300,1700000,LTA
C-08391,Atlas Motors 08391,OEM,APAC-IN,India,204,98,49607,11400000,LTA
C-08392,Kestrel Distribution 08392,Distributor,NA-MX,Mexico,88,95,2587,1000000,consignment
C-08393,Baltia Motors 08393,OEM,APAC-SE,Indonesia,421,98,14486,49400000,spot
C-08394,Atlas Motors 08394,OEM,APAC-NE,Taiwan,341,98,35415,48200000,consignment
C-08395,Bluepeak Motors 08395,OEM,EMEA-W,Germany,470,98,56476,59900000,consignment
C-08396,Baltia Motors 08396,OEM,EMEA-W,Spain,321,98,23680,47700000,spot
C-08397,Vantage Motors 08397,OEM,EMEA-W,Germany,249,98,8320,31400000,LTA
C-08398,Orion Motors 08398,OEM,APAC-SE,Vietnam,151,98,35728,8600000,consignment
C-08399,Delantra Distribution 08399,Distributor,APAC-NE,Taiwan,40,95,2121,5600000,spot
C-08400,Norvia Systems 08400,Tier-1,NA-MX,Mexico,441,95,1963,3300000,LTA
C-08401,Orion Distribution 08401,Distributor,EMEA-E,Romania,93,95,1103,1000000,consignment
C-08402,Delantra Distribution 08402,Distributor,EMEA-W,Italy,201,95,1755,1500000,LTA
C-08403,Bluepeak Motors 08403,OEM,EMEA-E,Turkey,17,98,14467,63700000,LTA
C-08404,Sumida Motors 08404,OEM,APAC-SE,Vietnam,361,98,14398,35400000,LTA
C-08405,Baltia Systems 08405,Tier-1,NA-MX,Mexico,412,95,1283,3900000,spot
C-08406,Baltia Systems 08406,Tier-1,EMEA-E,Turkey,220,95,1368,2100000,LTA
C-08407,Baltia Distribution 08407,Distributor,APAC-NE,South Korea,33,95,267,1900000,consignment
C-08408,Orion Motors 08408,OEM,EMEA-W,France,255,98,58322,2200000,LTA
C-08409,Delantra Distribution 08409,Aftermarket,NA-US,United States,483,95,1817,600000,spot
C-08410,Orion Systems 08410,Tier-1,SA,Argentina,313,95,1173,4200000,spot
C-08411,Delantra Motors 08411,OEM,EMEA-E,Romania,205,98,8996,81400000,LTA
C-08412,Sumida Systems 08412,Tier-1,NA-MX,Mexico,23,95,2392,500000,spot
C-08413,Bluepeak Distribution 08413,Aftermarket,APAC-IN,India,308,95,1998,5800000,LTA
C-08414,Cordis Motors 08414,OEM,APAC-IN,India,490,98,50436,75400000,consignment
C-08415,Cordis Distribution 08415,Aftermarket,APAC-SE,Malaysia,312,95,3155,3500000,spot
C-08416,Vantage Distribution 08416,Aftermarket,EMEA-E,Turkey,124,95,225,700000,spot
C-08417,Sumida Distribution 08417,Distributor,EMEA-E,Czechia,239,95,2851,1500000,LTA
C-08418,Delantra Motors 08418,OEM,NA-MX,Mexico,112,98,15009,7800000,spot
C-08419,Bluepeak Distribution 08419,Distributor,NA-US,United States,104,95,2822,2400000,consignment
C-08420,Atlas Motors 08420,OEM,NA-US,United States,358,98,24841,82500000,LTA
C-08421,Vantage Motors 08421,OEM,APAC-SE,Vietnam,257,98,44345,41300000,spot
C-08422,Baltia Systems 08422,Tier-1,NA-US,United States,180,95,275,2300000,LTA
C-08423,Baltia Motors 08423,OEM,APAC-SE,Indonesia,247,98,27938,7700000,spot
C-08424,Cordis Distribution 08424,Aftermarket,NA-US,United States,29,95,3341,2400000,LTA
C-08425,Bluepeak Motors 08425,OEM,EMEA-E,Turkey,384,98,31804,59000000,LTA
C-08426,Delantra Distribution 08426,Distributor,NA-MX,Mexico,141,95,3936,3500000,LTA
C-08427,Vantage Distribution 08427,Aftermarket,NA-US,United States,492,95,3590,3900000,consignment
C-08428,Sumida Systems 08428,Tier-1,APAC-NE,Japan,465,95,3860,3900000,LTA
C-08429,Baltia Systems 08429,Tier-1,SA,Argentina,274,95,1698,900000,consignment
C-08430,Orion Systems 08430,Tier-1,NA-US,United States,487,95,392,5200000,LTA
C-08431,Vantage Systems 08431,Tier-1,EMEA-E,Romania,438,95,3350,4800000,LTA
C-08432,Vantage Motors 08432,OEM,APAC-IN,India,96,98,49680,33300000,LTA
C-08433,Orion Systems 08433,Tier-1,APAC-SE,Indonesia,422,95,1828,100000,LTA
C-08434,Bluepeak Distribution 08434,Distributor,EMEA-W,Germany,359,95,2816,3600000,spot
C-08435,Atlas Motors 08435,OEM,SA,Brazil,452,98,7539,8900000,spot
C-08436,Cordis Motors 08436,OEM,NA-MX,Mexico,219,98,59765,50100000,spot
C-08437,Cordis Distribution 08437,Distributor,APAC-NE,South Korea,96,95,927,3200000,consignment
C-08438,Vantage Distribution 08438,Distributor,SA,Argentina,451,95,896,2400000,spot
C-08439,Norvia Distribution 08439,Distributor,EMEA-W,Germany,296,95,3653,5800000,consignment
C-08440,Vantage Motors 08440,OEM,EMEA-W,Italy,384,98,17642,52800000,consignment
C-08441,Delantra Distribution 08441,Aftermarket,EMEA-W,Germany,329,95,1426,1600000,consignment
C-08442,Baltia Systems 08442,Tier-1,SA,Brazil,426,95,3140,4100000,LTA
C-08443,Cordis Distribution 08443,Distributor,SA,Argentina,346,95,3736,3700000,LTA
C-08444,Norvia Motors 08444,OEM,APAC-IN,India,56,98,28647,46700000,consignment
C-08445,Orion Motors 08445,OEM,NA-US,United States,193,98,43781,11000000,consignment
C-08446,Baltia Distribution 08446,Distributor,APAC-SE,Vietnam,171,95,1404,1800000,LTA
C-08447,Bluepeak Motors 08447,OEM,EMEA-W,Spain,36,98,21377,52400000,LTA
C-08448,Sumida Motors 08448,OEM,APAC-NE,South Korea,183,98,25757,68400000,consignment
C-08449,Delantra Systems 08449,Tier-1,EMEA-E,Turkey,97,95,3155,500000,consignment
C-08450,Cordis Distribution 08450,Aftermarket,EMEA-E,Turkey,461,95,1687,4000000,LTA
C-08451,Bluepeak Motors 08451,OEM,EMEA-W,Germany,371,98,34620,19600000,LTA
C-08452,Kestrel Motors 08452,OEM,EMEA-W,Spain,270,98,57166,6900000,spot
C-08453,Baltia Systems 08453,Tier-1,APAC-NE,Taiwan,330,95,742,5600000,LTA
C-08454,Norvia Systems 08454,Tier-1,EMEA-E,Turkey,102,95,1166,900000,spot
C-08455,Bluepeak Distribution 08455,Aftermarket,APAC-IN,India,217,95,988,5700000,consignment
C-08456,Kestrel Motors 08456,OEM,NA-US,United States,248,98,54782,69500000,LTA
C-08457,Kestrel Motors 08457,OEM,EMEA-W,France,253,98,7025,48700000,LTA
C-08458,Kestrel Distribution 08458,Aftermarket,APAC-NE,South Korea,340,95,3488,4300000,LTA
C-08459,Cordis Systems 08459,Tier-1,EMEA-W,France,105,95,3389,2500000,LTA
C-08460,Norvia Systems 08460,Tier-1,NA-US,United States,306,95,995,2700000,spot
C-08461,Bluepeak Systems 08461,Tier-1,NA-MX,Mexico,87,95,2407,1100000,consignment
C-08462,Baltia Motors 08462,OEM,SA,Brazil,347,98,9224,84800000,spot
C-08463,Cordis Systems 08463,Tier-1,NA-MX,Mexico,299,95,1729,1700000,consignment
C-08464,Sumida Systems 08464,Tier-1,NA-US,United States,131,95,543,4500000,LTA
C-08465,Cordis Motors 08465,OEM,APAC-NE,South Korea,415,98,53286,53000000,LTA
C-08466,Kestrel Motors 08466,OEM,APAC-SE,Thailand,463,98,47303,33800000,consignment
C-08467,Vantage Distribution 08467,Aftermarket,SA,Brazil,493,95,2671,6000000,spot
C-08468,Atlas Distribution 08468,Distributor,EMEA-W,Italy,19,95,1429,4100000,spot
C-08469,Cordis Motors 08469,OEM,NA-US,United States,358,98,20505,67800000,LTA
C-08470,Cordis Motors 08470,OEM,EMEA-E,Turkey,446,98,19903,6800000,LTA
C-08471,Baltia Motors 08471,OEM,NA-US,United States,148,98,46340,25100000,LTA
C-08472,Atlas Motors 08472,OEM,EMEA-W,Germany,424,98,25798,12700000,consignment
C-08473,Atlas Motors 08473,OEM,NA-MX,Mexico,312,98,26683,60300000,LTA
C-08474,Delantra Motors 08474,OEM,APAC-NE,China,70,98,28960,55600000,consignment
C-08475,Orion Systems 08475,Tier-1,NA-US,United States,452,95,1768,2600000,LTA
C-08476,Atlas Motors 08476,OEM,SA,Argentina,436,98,56828,59000000,consignment
C-08477,Baltia Motors 08477,OEM,SA,Argentina,443,98,47110,69500000,LTA
C-08478,Atlas Motors 08478,OEM,NA-MX,Mexico,139,98,20543,33500000,LTA
C-08479,Vantage Motors 08479,OEM,SA,Argentina,64,98,12910,53300000,consignment
C-08480,Atlas Motors 08480,OEM,APAC-NE,Taiwan,88,98,18087,64600000,LTA
C-08481,Orion Motors 08481,OEM,EMEA-W,Germany,297,98,48244,24300000,spot
C-08482,Norvia Distribution 08482,Aftermarket,NA-MX,Mexico,453,95,778,5800000,consignment
C-08483,Kestrel Distribution 08483,Aftermarket,APAC-IN,India,326,95,235,3200000,LTA
C-08484,Bluepeak Distribution 08484,Distributor,EMEA-E,Poland,116,95,2505,700000,LTA
C-08485,Vantage Distribution 08485,Aftermarket,APAC-SE,Vietnam,42,95,2469,1200000,LTA
C-08486,Kestrel Distribution 08486,Distributor,EMEA-E,Czechia,137,95,2711,1600000,LTA
C-08487,Vantage Distribution 08487,Distributor,EMEA-E,Czechia,325,95,1600,3200000,consignment
C-08488,Vantage Systems 08488,Tier-1,APAC-NE,Japan,163,95,3728,4600000,consignment
C-08489,Baltia Systems 08489,Tier-1,EMEA-E,Romania,398,95,740,2600000,LTA
C-08490,Baltia Motors 08490,OEM,APAC-IN,India,334,98,42556,45200000,LTA
C-08491,Atlas Distribution 08491,Distributor,EMEA-W,Spain,454,95,2660,5500000,LTA
C-08492,Sumida Motors 08492,OEM,EMEA-W,Spain,319,98,21363,72200000,LTA
C-08493,Kestrel Systems 08493,Tier-1,APAC-IN,India,259,95,952,2100000,spot
C-08494,Kestrel Distribution 08494,Aftermarket,EMEA-E,Romania,429,95,1966,4700000,LTA
C-08495,Norvia Distribution 08495,Distributor,SA,Argentina,232,95,3905,3000000,LTA
C-08496,Kestrel Systems 08496,Tier-1,APAC-SE,Malaysia,119,95,2397,6000000,LTA
C-08497,Atlas Motors 08497,OEM,NA-US,United States,354,98,30594,38000000,spot
C-08498,Baltia Motors 08498,OEM,APAC-SE,Thailand,62,98,13955,83600000,LTA
C-08499,Cordis Distribution 08499,Distributor,NA-MX,Mexico,212,95,1915,4200000,consignment
C-08500,Cordis Distribution 08500,Aftermarket,EMEA-W,Spain,389,95,1698,2900000,spot
C-08501,Sumida Distribution 08501,Distributor,APAC-SE,Indonesia,206,95,2715,3100000,LTA
C-08502,Norvia Motors 08502,OEM,NA-MX,Mexico,75,98,34833,54200000,LTA
C-08503,Kestrel Motors 08503,OEM,EMEA-E,Romania,106,98,49323,56900000,consignment
C-08504,Kestrel Distribution 08504,Aftermarket,APAC-SE,Thailand,99,95,2458,4500000,spot
C-08505,Baltia Systems 08505,Tier-1,APAC-SE,Malaysia,131,95,227,1000000,consignment
C-08506,Kestrel Motors 08506,OEM,APAC-IN,India,417,98,50968,62300000,LTA
C-08507,Vantage Motors 08507,OEM,APAC-SE,Malaysia,13,98,38126,82600000,LTA
C-08508,Norvia Motors 08508,OEM,NA-MX,Mexico,476,98,25166,2700000,LTA
C-08509,Kestrel Systems 08509,Tier-1,NA-MX,Mexico,465,95,1806,2900000,LTA
C-08510,Vantage Distribution 08510,Distributor,SA,Argentina,418,95,2970,800000,consignment
C-08511,Atlas Motors 08511,OEM,EMEA-W,Italy,332,98,11221,30600000,consignment
C-08512,Cordis Motors 08512,OEM,APAC-IN,India,206,98,54539,81300000,LTA
C-08513,Sumida Motors 08513,OEM,NA-US,United States,443,98,46667,84400000,consignment
C-08514,Vantage Systems 08514,Tier-1,SA,Argentina,434,95,615,5700000,LTA
C-08515,Sumida Motors 08515,OEM,APAC-NE,Taiwan,349,98,50870,21200000,LTA
C-08516,Norvia Distribution 08516,Distributor,NA-MX,Mexico,341,95,2751,2400000,LTA
C-08517,Norvia Distribution 08517,Aftermarket,APAC-NE,Taiwan,177,95,1374,500000,LTA
C-08518,Bluepeak Systems 08518,Tier-1,NA-US,United States,461,95,1647,3700000,spot
C-08519,Bluepeak Motors 08519,OEM,APAC-SE,Indonesia,415,98,17321,74800000,spot
C-08520,Norvia Distribution 08520,Distributor,EMEA-E,Turkey,295,95,962,600000,spot
C-08521,Norvia Motors 08521,OEM,NA-US,United States,335,98,35067,73600000,LTA
C-08522,Orion Systems 08522,Tier-1,SA,Brazil,132,95,529,4400000,LTA
C-08523,Delantra Distribution 08523,Aftermarket,APAC-SE,Vietnam,356,95,1924,2000000,LTA
C-08524,Atlas Motors 08524,OEM,EMEA-W,France,122,98,30726,76800000,LTA
C-08525,Vantage Motors 08525,OEM,SA,Argentina,13,98,17582,70800000,spot
C-08526,Delantra Distribution 08526,Aftermarket,APAC-IN,India,83,95,2359,500000,LTA
C-08527,Norvia Motors 08527,OEM,APAC-IN,India,480,98,25893,68600000,LTA
C-08528,Sumida Motors 08528,OEM,EMEA-W,Germany,245,98,37429,60400000,spot
C-08529,Baltia Systems 08529,Tier-1,APAC-SE,Vietnam,151,95,1584,1900000,spot
C-08530,Norvia Motors 08530,OEM,APAC-IN,India,297,98,41478,81400000,consignment
C-08531,Kestrel Systems 08531,Tier-1,APAC-SE,Vietnam,296,95,688,4100000,LTA
C-08532,Atlas Distribution 08532,Distributor,APAC-IN,India,121,95,2465,5400000,LTA
C-08533,Vantage Motors 08533,OEM,APAC-IN,India,242,98,53416,26500000,spot
C-08534,Cordis Distribution 08534,Aftermarket,NA-US,United States,312,95,1392,3300000,consignment
C-08535,Delantra Motors 08535,OEM,EMEA-W,Italy,319,98,35223,63800000,spot
C-08536,Bluepeak Distribution 08536,Aftermarket,EMEA-E,Turkey,237,95,1557,4700000,spot
C-08537,Sumida Distribution 08537,Aftermarket,NA-MX,Mexico,95,95,333,5300000,LTA
C-08538,Kestrel Distribution 08538,Aftermarket,NA-US,United States,311,95,3305,2000000,LTA
C-08539,Cordis Motors 08539,OEM,APAC-NE,South Korea,114,98,41809,79600000,spot
C-08540,Norvia Motors 08540,OEM,EMEA-E,Poland,99,98,15142,32600000,consignment
C-08541,Cordis Distribution 08541,Aftermarket,NA-US,United States,278,95,3134,6000000,LTA
C-08542,Atlas Motors 08542,OEM,APAC-SE,Indonesia,173,98,10666,85500000,spot
C-08543,Cordis Motors 08543,OEM,NA-MX,Mexico,406,98,18297,69800000,LTA
C-08544,Bluepeak Distribution 08544,Distributor,EMEA-W,Spain,48,95,3514,3000000,LTA
C-08545,Norvia Motors 08545,OEM,APAC-IN,India,266,98,5237,50200000,spot
C-08546,Kestrel Distribution 08546,Distributor,EMEA-W,Spain,381,95,810,5300000,LTA
C-08547,Cordis Motors 08547,OEM,APAC-SE,Thailand,450,98,42464,39200000,consignment
C-08548,Vantage Systems 08548,Tier-1,EMEA-E,Poland,42,95,2708,2900000,spot
C-08549,Vantage Motors 08549,OEM,APAC-SE,Thailand,173,98,57113,58800000,consignment
C-08550,Delantra Motors 08550,OEM,EMEA-W,Spain,394,98,56074,31200000,consignment
C-08551,Kestrel Systems 08551,Tier-1,NA-MX,Mexico,453,95,1272,1000000,consignment
C-08552,Baltia Systems 08552,Tier-1,EMEA-E,Romania,308,95,1625,4500000,consignment
C-08553,Baltia Distribution 08553,Aftermarket,APAC-SE,Thailand,190,95,3943,2600000,consignment
C-08554,Bluepeak Distribution 08554,Distributor,EMEA-E,Turkey,353,95,746,2800000,LTA
C-08555,Bluepeak Distribution 08555,Aftermarket,EMEA-E,Poland,222,95,2701,700000,spot
C-08556,Sumida Distribution 08556,Distributor,EMEA-E,Czechia,434,95,1463,5900000,consignment
C-08557,Baltia Distribution 08557,Aftermarket,NA-US,United States,165,95,2877,5300000,LTA
C-08558,Baltia Distribution 08558,Aftermarket,NA-US,United States,251,95,3473,4900000,LTA
C-08559,Atlas Distribution 08559,Aftermarket,APAC-IN,India,426,95,3220,4100000,spot
C-08560,Baltia Distribution 08560,Distributor,EMEA-E,Romania,324,95,2981,3200000,LTA
C-08561,Bluepeak Motors 08561,OEM,EMEA-E,Romania,329,98,10320,28500000,LTA
C-08562,Cordis Distribution 08562,Distributor,NA-US,United States,472,95,1195,1000000,LTA
C-08563,Atlas Distribution 08563,Distributor,EMEA-W,Germany,82,95,2760,4200000,spot
C-08564,Orion Distribution 08564,Aftermarket,APAC-NE,South Korea,87,95,2407,700000,LTA
C-08565,Baltia Systems 08565,Tier-1,EMEA-E,Czechia,211,95,2379,4500000,LTA
C-08566,Norvia Systems 08566,Tier-1,APAC-SE,Malaysia,291,95,988,4000000,LTA
C-08567,Bluepeak Systems 08567,Tier-1,APAC-IN,India,81,95,2825,2500000,consignment
C-08568,Bluepeak Distribution 08568,Aftermarket,APAC-NE,South Korea,317,95,1610,5200000,consignment
C-08569,Vantage Distribution 08569,Aftermarket,SA,Brazil,148,95,1852,1000000,spot
C-08570,Norvia Motors 08570,OEM,APAC-IN,India,188,98,32388,22500000,LTA
C-08571,Atlas Distribution 08571,Distributor,NA-US,United States,491,95,591,2400000,LTA
C-08572,Cordis Distribution 08572,Aftermarket,NA-US,United States,332,95,508,4100000,LTA
C-08573,Cordis Distribution 08573,Distributor,APAC-SE,Thailand,24,95,125,2000000,LTA
C-08574,Vantage Systems 08574,Tier-1,SA,Brazil,162,95,3945,2400000,LTA
C-08575,Atlas Systems 08575,Tier-1,APAC-SE,Indonesia,467,95,3264,900000,LTA
C-08576,Delantra Distribution 08576,Distributor,EMEA-E,Czechia,227,95,3735,5400000,LTA
C-08577,Bluepeak Motors 08577,OEM,EMEA-E,Turkey,105,98,9300,69200000,LTA
C-08578,Sumida Motors 08578,OEM,NA-MX,Mexico,395,98,32185,22300000,consignment
C-08579,Orion Motors 08579,OEM,APAC-IN,India,276,98,41729,46800000,LTA
C-08580,Delantra Distribution 08580,Aftermarket,EMEA-W,Spain,399,95,1552,1100000,consignment
C-08581,Baltia Systems 08581,Tier-1,EMEA-W,Italy,81,95,1048,1500000,LTA
C-08582,Orion Motors 08582,OEM,EMEA-W,Germany,357,98,55193,76200000,spot
C-08583,Baltia Motors 08583,OEM,EMEA-E,Romania,37,98,34192,4100000,spot
C-08584,Baltia Motors 08584,OEM,SA,Brazil,479,98,18993,85400000,LTA
C-08585,Bluepeak Motors 08585,OEM,APAC-NE,Japan,213,98,38887,25600000,consignment
C-08586,Delantra Motors 08586,OEM,EMEA-E,Poland,272,98,8355,2300000,LTA
C-08587,Bluepeak Distribution 08587,Distributor,EMEA-E,Poland,94,95,3509,5700000,consignment
C-08588,Vantage Motors 08588,OEM,APAC-IN,India,139,98,51656,74300000,spot
C-08589,Baltia Distribution 08589,Distributor,EMEA-E,Czechia,184,95,421,1700000,LTA
C-08590,Baltia Motors 08590,OEM,NA-MX,Mexico,37,98,9064,17100000,consignment
C-08591,Atlas Distribution 08591,Aftermarket,APAC-SE,Thailand,66,95,2649,700000,consignment
C-08592,Delantra Distribution 08592,Distributor,SA,Brazil,297,95,3814,3800000,LTA
C-08593,Baltia Systems 08593,Tier-1,APAC-NE,Taiwan,68,95,977,4300000,LTA
C-08594,Baltia Motors 08594,OEM,NA-US,United States,13,98,24113,72400000,spot
C-08595,Norvia Motors 08595,OEM,SA,Brazil,11,98,17359,67800000,consignment
C-08596,Atlas Distribution 08596,Aftermarket,APAC-SE,Thailand,303,95,1198,3500000,consignment
C-08597,Norvia Motors 08597,OEM,APAC-NE,China,468,98,47897,79100000,spot
C-08598,Cordis Distribution 08598,Distributor,APAC-SE,Malaysia,251,95,198,5900000,consignment
C-08599,Norvia Systems 08599,Tier-1,APAC-IN,India,275,95,998,5400000,consignment
C-08600,Bluepeak Motors 08600,OEM,EMEA-E,Romania,433,98,38240,73100000,LTA
C-08601,Orion Motors 08601,OEM,EMEA-W,Spain,356,98,28950,55300000,spot
C-08602,Orion Distribution 08602,Distributor,EMEA-W,Germany,119,95,766,1900000,spot
C-08603,Bluepeak Distribution 08603,Aftermarket,APAC-NE,Taiwan,22,95,3173,4600000,LTA
C-08604,Sumida Motors 08604,OEM,EMEA-W,France,363,98,14673,24100000,spot
C-08605,Orion Motors 08605,OEM,EMEA-E,Turkey,458,98,44411,68600000,LTA
C-08606,Vantage Systems 08606,Tier-1,EMEA-E,Romania,288,95,1055,1900000,LTA
C-08607,Delantra Distribution 08607,Aftermarket,SA,Brazil,329,95,1487,5400000,consignment
C-08608,Delantra Systems 08608,Tier-1,APAC-IN,India,499,95,317,4600000,LTA
C-08609,Baltia Motors 08609,OEM,EMEA-E,Turkey,426,98,47954,46300000,spot
C-08610,Baltia Systems 08610,Tier-1,APAC-IN,India,208,95,1729,4600000,spot
C-08611,Norvia Distribution 08611,Distributor,NA-US,United States,82,95,445,700000,LTA
C-08612,Atlas Motors 08612,OEM,APAC-NE,China,264,98,52576,53400000,consignment
C-08613,Baltia Motors 08613,OEM,EMEA-W,Germany,73,98,25349,41600000,consignment
C-08614,Atlas Motors 08614,OEM,EMEA-W,France,404,98,21410,71200000,spot
C-08615,Cordis Distribution 08615,Distributor,SA,Argentina,359,95,3843,1400000,consignment
C-08616,Atlas Systems 08616,Tier-1,APAC-NE,South Korea,225,95,3441,1100000,consignment
C-08617,Atlas Distribution 08617,Distributor,NA-US,United States,284,95,3211,3400000,consignment
C-08618,Vantage Systems 08618,Tier-1,NA-MX,Mexico,263,95,886,5600000,spot
C-08619,Norvia Distribution 08619,Distributor,APAC-SE,Indonesia,138,95,3868,4500000,spot
C-08620,Baltia Motors 08620,OEM,APAC-NE,Taiwan,202,98,6182,24700000,LTA
C-08621,Baltia Motors 08621,OEM,SA,Argentina,150,98,6763,78500000,LTA
C-08622,Baltia Motors 08622,OEM,EMEA-W,Germany,139,98,16230,58500000,LTA
C-08623,Cordis Systems 08623,Tier-1,APAC-IN,India,11,95,2452,800000,consignment
C-08624,Orion Distribution 08624,Distributor,NA-MX,Mexico,224,95,1408,1600000,spot
C-08625,Baltia Motors 08625,OEM,NA-MX,Mexico,137,98,47088,8600000,consignment
C-08626,Kestrel Distribution 08626,Aftermarket,NA-MX,Mexico,429,95,1352,1300000,LTA
C-08627,Atlas Motors 08627,OEM,EMEA-E,Romania,157,98,17032,10400000,LTA
C-08628,Cordis Distribution 08628,Aftermarket,EMEA-W,France,417,95,3516,6000000,LTA
C-08629,Sumida Motors 08629,OEM,SA,Argentina,23,98,40421,78100000,spot
C-08630,Sumida Distribution 08630,Aftermarket,APAC-IN,India,62,95,3260,4600000,LTA
C-08631,Baltia Distribution 08631,Distributor,NA-MX,Mexico,440,95,1612,3500000,consignment
C-08632,Orion Distribution 08632,Distributor,EMEA-W,Germany,307,95,780,4500000,spot
C-08633,Atlas Distribution 08633,Aftermarket,NA-US,United States,416,95,1958,600000,spot
C-08634,Bluepeak Distribution 08634,Aftermarket,APAC-IN,India,296,95,1993,4600000,spot
C-08635,Cordis Motors 08635,OEM,APAC-SE,Malaysia,160,98,38540,51100000,spot
C-08636,Atlas Motors 08636,OEM,NA-MX,Mexico,484,98,35938,53300000,spot
C-08637,Cordis Distribution 08637,Aftermarket,APAC-IN,India,497,95,2436,4800000,LTA
C-08638,Vantage Motors 08638,OEM,APAC-NE,Japan,82,98,8214,69000000,spot
C-08639,Vantage Systems 08639,Tier-1,NA-MX,Mexico,417,95,2781,4700000,LTA
C-08640,Atlas Systems 08640,Tier-1,APAC-SE,Indonesia,250,95,2311,200000,LTA
C-08641,Kestrel Distribution 08641,Aftermarket,APAC-NE,Taiwan,343,95,657,5700000,consignment
C-08642,Cordis Distribution 08642,Distributor,NA-MX,Mexico,164,95,2680,2800000,LTA
C-08643,Vantage Motors 08643,OEM,SA,Brazil,249,98,36846,8900000,LTA
C-08644,Orion Motors 08644,OEM,NA-MX,Mexico,80,98,27084,2200000,LTA
C-08645,Norvia Distribution 08645,Distributor,EMEA-W,Italy,444,95,2419,600000,spot
C-08646,Norvia Distribution 08646,Aftermarket,NA-US,United States,222,95,1082,400000,LTA
C-08647,Orion Motors 08647,OEM,SA,Argentina,281,98,57603,71700000,LTA
C-08648,Vantage Motors 08648,OEM,EMEA-E,Romania,68,98,35170,15700000,LTA
C-08649,Baltia Distribution 08649,Distributor,EMEA-E,Romania,410,95,636,4700000,LTA
C-08650,Kestrel Distribution 08650,Distributor,APAC-IN,India,336,95,1537,100000,LTA
C-08651,Norvia Motors 08651,OEM,APAC-NE,South Korea,151,98,9081,65700000,consignment
C-08652,Norvia Distribution 08652,Distributor,APAC-NE,Taiwan,240,95,967,2600000,spot
C-08653,Orion Distribution 08653,Aftermarket,EMEA-E,Czechia,267,95,1581,4800000,consignment
C-08654,Sumida Distribution 08654,Distributor,EMEA-E,Czechia,397,95,2024,5600000,LTA
C-08655,Sumida Distribution 08655,Aftermarket,EMEA-E,Czechia,11,95,2274,600000,spot
C-08656,Kestrel Systems 08656,Tier-1,APAC-IN,India,290,95,1315,5700000,LTA
C-08657,Atlas Distribution 08657,Distributor,NA-MX,Mexico,448,95,3347,1200000,consignment
C-08658,Atlas Motors 08658,OEM,SA,Brazil,410,98,7669,2200000,spot
C-08659,Bluepeak Motors 08659,OEM,APAC-SE,Malaysia,225,98,25047,22500000,LTA
C-08660,Norvia Distribution 08660,Distributor,SA,Argentina,201,95,3035,1900000,spot
C-08661,Atlas Motors 08661,OEM,EMEA-E,Turkey,458,98,40472,16900000,spot
C-08662,Baltia Systems 08662,Tier-1,EMEA-E,Czechia,206,95,3410,3400000,spot
C-08663,Baltia Distribution 08663,Distributor,EMEA-W,France,234,95,2563,600000,spot
C-08664,Norvia Systems 08664,Tier-1,SA,Brazil,279,95,2500,100000,spot
C-08665,Vantage Motors 08665,OEM,APAC-IN,India,149,98,25063,66900000,spot
C-08666,Bluepeak Motors 08666,OEM,NA-US,United States,51,98,19210,2000000,spot
C-08667,Baltia Distribution 08667,Aftermarket,APAC-SE,Vietnam,27,95,3412,3600000,spot
C-08668,Cordis Motors 08668,OEM,EMEA-W,Italy,129,98,47258,39700000,consignment
C-08669,Vantage Distribution 08669,Aftermarket,EMEA-W,Spain,161,95,2918,1300000,LTA
C-08670,Bluepeak Distribution 08670,Distributor,EMEA-E,Romania,181,95,2968,700000,spot
C-08671,Orion Distribution 08671,Distributor,NA-MX,Mexico,298,95,3291,4400000,LTA
C-08672,Vantage Motors 08672,OEM,SA,Argentina,463,98,56817,76600000,consignment
C-08673,Sumida Distribution 08673,Distributor,APAC-NE,China,76,95,2121,3100000,LTA
C-08674,Delantra Distribution 08674,Aftermarket,APAC-SE,Thailand,242,95,441,3400000,LTA
C-08675,Baltia Motors 08675,OEM,APAC-SE,Indonesia,298,98,53860,51700000,LTA
C-08676,Bluepeak Systems 08676,Tier-1,NA-US,United States,417,95,2167,100000,consignment
C-08677,Vantage Systems 08677,Tier-1,NA-US,United States,143,95,2195,1500000,spot
C-08678,Delantra Distribution 08678,Distributor,EMEA-W,Germany,109,95,1054,4900000,spot
C-08679,Bluepeak Motors 08679,OEM,NA-MX,Mexico,260,98,11415,2000000,LTA
C-08680,Vantage Motors 08680,OEM,NA-MX,Mexico,161,98,54221,78500000,spot
C-08681,Sumida Distribution 08681,Distributor,APAC-SE,Indonesia,226,95,2201,4100000,LTA
C-08682,Kestrel Motors 08682,OEM,APAC-IN,India,129,98,33308,29900000,LTA
C-08683,Bluepeak Motors 08683,OEM,EMEA-W,Italy,52,98,36850,29800000,LTA
C-08684,Orion Distribution 08684,Distributor,APAC-IN,India,484,95,464,4300000,LTA
C-08685,Bluepeak Distribution 08685,Distributor,APAC-NE,China,371,95,1362,2800000,LTA
C-08686,Orion Systems 08686,Tier-1,EMEA-W,Germany,283,95,1906,6000000,consignment
C-08687,Sumida Motors 08687,OEM,EMEA-W,Italy,431,98,42920,54200000,LTA
C-08688,Vantage Distribution 08688,Aftermarket,SA,Argentina,313,95,2085,3100000,LTA
C-08689,Baltia Motors 08689,OEM,EMEA-E,Czechia,56,98,53672,11900000,consignment
C-08690,Vantage Distribution 08690,Distributor,APAC-NE,Japan,242,95,2029,300000,LTA
C-08691,Vantage Motors 08691,OEM,SA,Argentina,43,98,38236,82300000,spot
C-08692,Sumida Distribution 08692,Aftermarket,EMEA-W,Spain,37,95,2431,4300000,LTA
C-08693,Norvia Distribution 08693,Aftermarket,EMEA-W,Spain,45,95,1963,3000000,LTA
C-08694,Kestrel Motors 08694,OEM,NA-MX,Mexico,309,98,44710,12600000,spot
C-08695,Sumida Motors 08695,OEM,SA,Argentina,420,98,42717,34600000,spot
C-08696,Bluepeak Distribution 08696,Aftermarket,EMEA-W,Spain,318,95,2377,1400000,LTA
C-08697,Baltia Motors 08697,OEM,APAC-SE,Malaysia,477,98,7764,80000000,LTA
C-08698,Kestrel Distribution 08698,Distributor,EMEA-W,France,314,95,2252,4300000,LTA
C-08699,Cordis Motors 08699,OEM,APAC-IN,India,341,98,6487,82500000,LTA
C-08700,Baltia Distribution 08700,Aftermarket,SA,Brazil,325,95,2099,4800000,LTA
C-08701,Bluepeak Motors 08701,OEM,EMEA-E,Poland,82,98,24150,3300000,consignment
C-08702,Baltia Distribution 08702,Distributor,EMEA-W,Italy,364,95,3745,5700000,spot
C-08703,Kestrel Distribution 08703,Aftermarket,APAC-SE,Vietnam,153,95,160,5900000,spot
C-08704,Norvia Motors 08704,OEM,SA,Argentina,280,98,56414,58500000,spot
C-08705,Orion Motors 08705,OEM,NA-US,United States,456,98,28670,77300000,consignment
C-08706,Kestrel Distribution 08706,Distributor,NA-US,United States,51,95,3629,3500000,LTA
C-08707,Kestrel Motors 08707,OEM,EMEA-W,France,363,98,10868,84500000,consignment
C-08708,Atlas Motors 08708,OEM,APAC-IN,India,492,98,9364,39100000,consignment
C-08709,Atlas Distribution 08709,Aftermarket,APAC-NE,China,199,95,142,1400000,consignment
C-08710,Bluepeak Distribution 08710,Distributor,APAC-IN,India,488,95,3848,2800000,spot
C-08711,Sumida Distribution 08711,Aftermarket,APAC-NE,Japan,385,95,1160,2400000,consignment
C-08712,Norvia Motors 08712,OEM,NA-MX,Mexico,291,98,44843,49500000,LTA
C-08713,Vantage Systems 08713,Tier-1,NA-US,United States,471,95,360,1400000,LTA
C-08714,Sumida Distribution 08714,Aftermarket,APAC-IN,India,387,95,3315,1000000,consignment
C-08715,Baltia Motors 08715,OEM,APAC-IN,India,375,98,11125,20300000,LTA
C-08716,Vantage Systems 08716,Tier-1,SA,Brazil,305,95,2001,4400000,spot
C-08717,Norvia Systems 08717,Tier-1,SA,Argentina,419,95,1052,2900000,consignment
C-08718,Vantage Distribution 08718,Aftermarket,APAC-IN,India,371,95,3451,300000,consignment
C-08719,Vantage Distribution 08719,Distributor,EMEA-E,Turkey,287,95,1549,2900000,LTA
C-08720,Cordis Distribution 08720,Distributor,EMEA-E,Romania,230,95,3269,5800000,spot
C-08721,Kestrel Motors 08721,OEM,APAC-SE,Thailand,98,98,37292,13600000,consignment
C-08722,Delantra Systems 08722,Tier-1,NA-MX,Mexico,329,95,3972,2800000,consignment
C-08723,Orion Systems 08723,Tier-1,APAC-IN,India,53,95,522,800000,spot
C-08724,Delantra Systems 08724,Tier-1,APAC-NE,Japan,431,95,1380,3900000,spot
C-08725,Sumida Systems 08725,Tier-1,SA,Brazil,123,95,557,4800000,consignment
C-08726,Vantage Motors 08726,OEM,APAC-NE,Taiwan,120,98,17818,44800000,LTA
C-08727,Delantra Motors 08727,OEM,NA-US,United States,414,98,33163,51200000,LTA
C-08728,Orion Distribution 08728,Distributor,APAC-IN,India,27,95,211,1400000,LTA
C-08729,Delantra Motors 08729,OEM,APAC-NE,South Korea,488,98,48193,15500000,LTA
C-08730,Norvia Motors 08730,OEM,NA-US,United States,172,98,46412,75500000,LTA
C-08731,Sumida Distribution 08731,Distributor,APAC-SE,Thailand,470,95,3550,5200000,spot
C-08732,Sumida Motors 08732,OEM,APAC-IN,India,259,98,49732,85600000,LTA
C-08733,Norvia Motors 08733,OEM,APAC-IN,India,34,98,59225,44200000,consignment
C-08734,Kestrel Motors 08734,OEM,NA-MX,Mexico,42,98,33233,8400000,LTA
C-08735,Delantra Motors 08735,OEM,APAC-SE,Malaysia,285,98,53613,2100000,LTA
C-08736,Vantage Distribution 08736,Aftermarket,EMEA-W,Germany,435,95,2274,500000,consignment
C-08737,Bluepeak Distribution 08737,Distributor,APAC-NE,Taiwan,476,95,2666,5600000,LTA
C-08738,Atlas Distribution 08738,Distributor,EMEA-E,Poland,304,95,1854,1400000,spot
C-08739,Cordis Distribution 08739,Distributor,NA-MX,Mexico,212,95,2206,5000000,LTA
C-08740,Orion Motors 08740,OEM,APAC-IN,India,138,98,8220,29700000,spot
C-08741,Orion Distribution 08741,Distributor,APAC-SE,Vietnam,295,95,592,3900000,LTA
C-08742,Norvia Distribution 08742,Distributor,APAC-IN,India,432,95,1202,3700000,LTA
C-08743,Atlas Systems 08743,Tier-1,EMEA-E,Romania,376,95,2301,4400000,spot
C-08744,Delantra Systems 08744,Tier-1,NA-MX,Mexico,367,95,448,3900000,spot
C-08745,Norvia Distribution 08745,Aftermarket,SA,Argentina,48,95,570,4100000,LTA
C-08746,Cordis Distribution 08746,Distributor,APAC-NE,South Korea,16,95,3169,700000,LTA
C-08747,Norvia Systems 08747,Tier-1,NA-MX,Mexico,305,95,2204,2100000,LTA
C-08748,Vantage Motors 08748,OEM,NA-US,United States,180,98,32550,35600000,consignment
C-08749,Vantage Motors 08749,OEM,APAC-NE,Japan,494,98,49467,68800000,LTA
C-08750,Baltia Motors 08750,OEM,SA,Brazil,379,98,41379,49100000,spot
C-08751,Kestrel Distribution 08751,Aftermarket,APAC-SE,Indonesia,189,95,1293,5000000,LTA
C-08752,Delantra Distribution 08752,Distributor,APAC-NE,South Korea,104,95,1418,3600000,consignment
C-08753,Orion Motors 08753,OEM,APAC-SE,Thailand,366,98,52844,72200000,LTA
C-08754,Kestrel Distribution 08754,Distributor,EMEA-E,Romania,222,95,133,3600000,consignment
C-08755,Sumida Motors 08755,OEM,APAC-IN,India,327,98,26207,14900000,LTA
C-08756,Norvia Distribution 08756,Aftermarket,NA-US,United States,52,95,558,5000000,spot
C-08757,Atlas Motors 08757,OEM,NA-US,United States,189,98,48938,26000000,LTA
C-08758,Kestrel Distribution 08758,Aftermarket,APAC-NE,China,487,95,1781,5600000,consignment
C-08759,Atlas Distribution 08759,Aftermarket,NA-MX,Mexico,241,95,1373,500000,LTA
C-08760,Vantage Systems 08760,Tier-1,EMEA-E,Romania,109,95,804,800000,LTA
C-08761,Vantage Distribution 08761,Distributor,NA-US,United States,368,95,236,2500000,consignment
C-08762,Cordis Motors 08762,OEM,SA,Brazil,308,98,28043,49500000,spot
C-08763,Norvia Distribution 08763,Aftermarket,NA-MX,Mexico,396,95,1755,5900000,LTA
C-08764,Bluepeak Distribution 08764,Aftermarket,NA-MX,Mexico,224,95,3462,2400000,LTA
C-08765,Kestrel Systems 08765,Tier-1,NA-US,United States,405,95,1652,800000,spot
C-08766,Cordis Motors 08766,OEM,SA,Brazil,217,98,37758,55800000,spot
C-08767,Cordis Motors 08767,OEM,EMEA-E,Poland,140,98,12690,47600000,LTA
C-08768,Orion Systems 08768,Tier-1,APAC-SE,Vietnam,318,95,424,400000,spot
C-08769,Norvia Motors 08769,OEM,APAC-IN,India,233,98,20954,80000000,spot
C-08770,Norvia Motors 08770,OEM,APAC-SE,Indonesia,366,98,28793,47200000,LTA
C-08771,Sumida Motors 08771,OEM,NA-MX,Mexico,225,98,48445,9900000,consignment
C-08772,Orion Distribution 08772,Distributor,SA,Brazil,289,95,3093,100000,LTA
C-08773,Baltia Distribution 08773,Aftermarket,EMEA-W,Spain,236,95,876,1800000,LTA
C-08774,Sumida Systems 08774,Tier-1,EMEA-W,France,119,95,1855,1300000,consignment
C-08775,Atlas Motors 08775,OEM,APAC-NE,Taiwan,78,98,22637,7700000,LTA
C-08776,Delantra Systems 08776,Tier-1,APAC-IN,India,418,95,1534,5500000,consignment
C-08777,Norvia Motors 08777,OEM,SA,Argentina,431,98,22742,46200000,LTA
C-08778,Baltia Motors 08778,OEM,SA,Argentina,493,98,11656,84100000,LTA
C-08779,Sumida Systems 08779,Tier-1,APAC-SE,Thailand,130,95,110,5400000,LTA
C-08780,Baltia Distribution 08780,Distributor,APAC-IN,India,217,95,1898,4900000,spot
C-08781,Atlas Distribution 08781,Distributor,EMEA-E,Romania,308,95,3490,2700000,LTA
C-08782,Orion Motors 08782,OEM,APAC-IN,India,146,98,11607,19100000,LTA
C-08783,Atlas Motors 08783,OEM,APAC-IN,India,378,98,27457,89600000,LTA
C-08784,Vantage Motors 08784,OEM,SA,Argentina,119,98,33627,86600000,consignment
C-08785,Bluepeak Motors 08785,OEM,SA,Brazil,280,98,55049,82000000,spot
C-08786,Norvia Systems 08786,Tier-1,APAC-SE,Malaysia,80,95,1628,600000,spot
C-08787,Delantra Distribution 08787,Distributor,EMEA-W,France,80,95,247,2800000,LTA
C-08788,Delantra Systems 08788,Tier-1,APAC-IN,India,141,95,1641,1100000,spot
C-08789,Delantra Distribution 08789,Aftermarket,EMEA-E,Czechia,355,95,3709,2400000,spot
C-08790,Baltia Systems 08790,Tier-1,NA-US,United States,424,95,2672,5800000,LTA
C-08791,Kestrel Distribution 08791,Aftermarket,APAC-SE,Vietnam,53,95,2611,3400000,consignment
C-08792,Atlas Systems 08792,Tier-1,APAC-NE,Japan,413,95,1957,1600000,consignment
C-08793,Atlas Systems 08793,Tier-1,EMEA-W,Germany,428,95,2445,4500000,spot
C-08794,Kestrel Systems 08794,Tier-1,NA-US,United States,56,95,1608,1600000,LTA
C-08795,Kestrel Motors 08795,OEM,EMEA-W,Spain,221,98,56473,8800000,LTA
C-08796,Sumida Motors 08796,OEM,SA,Brazil,144,98,13930,79900000,spot
C-08797,Delantra Distribution 08797,Aftermarket,SA,Argentina,233,95,2601,4200000,LTA
C-08798,Sumida Distribution 08798,Distributor,EMEA-E,Turkey,56,95,2220,5400000,LTA
C-08799,Vantage Motors 08799,OEM,APAC-IN,India,264,98,51431,45500000,LTA
C-08800,Atlas Motors 08800,OEM,NA-MX,Mexico,419,98,8306,68600000,spot
C-08801,Orion Motors 08801,OEM,SA,Argentina,436,98,38178,15900000,LTA
C-08802,Norvia Distribution 08802,Aftermarket,EMEA-W,Italy,215,95,2872,4200000,consignment
C-08803,Baltia Distribution 08803,Distributor,NA-US,United States,412,95,2558,5300000,LTA
C-08804,Kestrel Motors 08804,OEM,EMEA-E,Czechia,43,98,47198,8700000,consignment
C-08805,Bluepeak Systems 08805,Tier-1,SA,Brazil,441,95,3328,1800000,LTA
C-08806,Atlas Motors 08806,OEM,APAC-SE,Malaysia,336,98,53731,35600000,consignment
C-08807,Cordis Systems 08807,Tier-1,APAC-SE,Malaysia,435,95,501,4100000,spot
C-08808,Cordis Distribution 08808,Aftermarket,SA,Brazil,109,95,454,2000000,LTA
C-08809,Bluepeak Motors 08809,OEM,SA,Argentina,277,98,32166,40800000,LTA
C-08810,Orion Distribution 08810,Distributor,NA-US,United States,479,95,3124,4300000,spot
C-08811,Kestrel Systems 08811,Tier-1,EMEA-W,Germany,258,95,3687,1900000,consignment
C-08812,Bluepeak Motors 08812,OEM,APAC-SE,Thailand,154,98,6528,34500000,LTA
C-08813,Atlas Distribution 08813,Aftermarket,NA-MX,Mexico,187,95,2401,5600000,spot
C-08814,Orion Distribution 08814,Aftermarket,EMEA-E,Poland,124,95,2943,5900000,spot
C-08815,Bluepeak Distribution 08815,Aftermarket,NA-MX,Mexico,238,95,3215,3500000,consignment
C-08816,Delantra Motors 08816,OEM,APAC-IN,India,91,98,57423,76600000,LTA
C-08817,Cordis Systems 08817,Tier-1,APAC-IN,India,366,95,536,3100000,spot
C-08818,Kestrel Distribution 08818,Aftermarket,EMEA-E,Poland,189,95,569,5000000,LTA
C-08819,Baltia Motors 08819,OEM,APAC-IN,India,122,98,10594,73100000,spot
C-08820,Vantage Distribution 08820,Aftermarket,APAC-IN,India,100,95,3305,5500000,LTA
C-08821,Kestrel Distribution 08821,Aftermarket,SA,Argentina,365,95,930,5000000,consignment
C-08822,Vantage Distribution 08822,Aftermarket,NA-US,United States,47,95,1844,2300000,consignment
C-08823,Vantage Motors 08823,OEM,APAC-IN,India,121,98,14044,82700000,LTA
C-08824,Baltia Motors 08824,OEM,EMEA-E,Poland,418,98,38962,23900000,consignment
C-08825,Orion Motors 08825,OEM,APAC-NE,China,121,98,28675,48100000,LTA
C-08826,Sumida Motors 08826,OEM,SA,Argentina,343,98,48596,62000000,spot
C-08827,Kestrel Motors 08827,OEM,NA-MX,Mexico,173,98,53608,22800000,spot
C-08828,Cordis Systems 08828,Tier-1,APAC-IN,India,65,95,1743,2700000,LTA
C-08829,Delantra Distribution 08829,Distributor,EMEA-E,Romania,152,95,3871,1500000,LTA
C-08830,Atlas Distribution 08830,Distributor,APAC-IN,India,318,95,54,2900000,LTA
C-08831,Delantra Systems 08831,Tier-1,EMEA-E,Poland,350,95,1132,1000000,LTA
C-08832,Cordis Distribution 08832,Aftermarket,NA-US,United States,371,95,773,3600000,spot
C-08833,Delantra Distribution 08833,Aftermarket,APAC-NE,Japan,445,95,630,2600000,LTA
C-08834,Kestrel Distribution 08834,Aftermarket,EMEA-E,Turkey,440,95,1891,1500000,LTA
C-08835,Baltia Distribution 08835,Aftermarket,NA-US,United States,419,95,671,3300000,LTA
C-08836,Kestrel Distribution 08836,Aftermarket,EMEA-W,Spain,89,95,3339,2100000,LTA
C-08837,Sumida Distribution 08837,Aftermarket,EMEA-W,France,469,95,3277,5600000,consignment
C-08838,Bluepeak Motors 08838,OEM,SA,Argentina,36,98,18866,48800000,LTA
C-08839,Atlas Systems 08839,Tier-1,SA,Brazil,67,95,3350,600000,consignment
C-08840,Bluepeak Distribution 08840,Distributor,NA-US,United States,206,95,510,700000,spot
C-08841,Bluepeak Distribution 08841,Distributor,APAC-NE,Japan,324,95,3084,2900000,LTA
C-08842,Kestrel Motors 08842,OEM,APAC-NE,China,227,98,59321,68300000,spot
C-08843,Kestrel Distribution 08843,Aftermarket,NA-US,United States,244,95,3449,1800000,LTA
C-08844,Sumida Motors 08844,OEM,APAC-NE,South Korea,345,98,5927,65300000,LTA
C-08845,Baltia Systems 08845,Tier-1,APAC-NE,Japan,90,95,1550,5100000,LTA
C-08846,Cordis Motors 08846,OEM,APAC-SE,Indonesia,399,98,19041,10600000,spot
C-08847,Orion Distribution 08847,Aftermarket,EMEA-W,Italy,257,95,3681,2600000,LTA
C-08848,Norvia Distribution 08848,Distributor,APAC-NE,China,451,95,2160,1800000,LTA
C-08849,Cordis Motors 08849,OEM,NA-MX,Mexico,291,98,17054,81700000,spot
C-08850,Norvia Distribution 08850,Aftermarket,APAC-IN,India,463,95,2071,5300000,LTA
C-08851,Vantage Systems 08851,Tier-1,APAC-NE,China,403,95,2790,1300000,spot
C-08852,Cordis Distribution 08852,Distributor,EMEA-E,Turkey,436,95,1224,2800000,LTA
C-08853,Kestrel Systems 08853,Tier-1,APAC-SE,Malaysia,86,95,2691,3500000,consignment
C-08854,Orion Distribution 08854,Aftermarket,APAC-IN,India,83,95,2536,1100000,consignment
C-08855,Vantage Motors 08855,OEM,NA-MX,Mexico,349,98,51852,30400000,consignment
C-08856,Delantra Distribution 08856,Distributor,APAC-NE,South Korea,217,95,2144,5700000,LTA
C-08857,Orion Motors 08857,OEM,SA,Argentina,493,98,46600,34600000,LTA
C-08858,Baltia Motors 08858,OEM,NA-MX,Mexico,258,98,56257,66100000,spot
C-08859,Atlas Systems 08859,Tier-1,EMEA-W,Germany,111,95,149,4600000,consignment
C-08860,Bluepeak Distribution 08860,Aftermarket,APAC-SE,Indonesia,155,95,2669,1900000,consignment
C-08861,Vantage Motors 08861,OEM,APAC-NE,South Korea,426,98,53739,89900000,LTA
C-08862,Baltia Distribution 08862,Distributor,APAC-IN,India,413,95,3374,1500000,LTA
C-08863,Bluepeak Distribution 08863,Aftermarket,NA-MX,Mexico,208,95,3972,5800000,LTA
C-08864,Norvia Motors 08864,OEM,APAC-SE,Vietnam,419,98,33510,21100000,LTA
C-08865,Norvia Motors 08865,OEM,EMEA-W,Italy,234,98,46523,53400000,LTA
C-08866,Norvia Motors 08866,OEM,APAC-IN,India,284,98,10532,81700000,consignment
C-08867,Cordis Systems 08867,Tier-1,EMEA-E,Turkey,12,95,2767,4500000,LTA
C-08868,Vantage Distribution 08868,Aftermarket,EMEA-W,Spain,258,95,77,5200000,consignment
C-08869,Cordis Motors 08869,OEM,NA-MX,Mexico,493,98,19531,73500000,LTA
C-08870,Cordis Systems 08870,Tier-1,NA-US,United States,252,95,1986,1900000,LTA
C-08871,Delantra Systems 08871,Tier-1,EMEA-W,France,164,95,2224,600000,LTA
C-08872,Kestrel Distribution 08872,Aftermarket,NA-US,United States,128,95,2002,4400000,LTA
C-08873,Vantage Distribution 08873,Distributor,EMEA-W,Germany,456,95,2072,5100000,spot
C-08874,Delantra Motors 08874,OEM,SA,Brazil,113,98,16393,55200000,LTA
C-08875,Cordis Distribution 08875,Distributor,NA-US,United States,251,95,2920,4600000,consignment
C-08876,Delantra Distribution 08876,Distributor,EMEA-W,Italy,285,95,2193,4500000,LTA
C-08877,Orion Systems 08877,Tier-1,SA,Brazil,97,95,3520,500000,LTA
C-08878,Delantra Motors 08878,OEM,EMEA-E,Poland,197,98,42174,3200000,LTA
C-08879,Norvia Distribution 08879,Aftermarket,APAC-IN,India,62,95,1677,3800000,LTA
C-08880,Kestrel Motors 08880,OEM,NA-US,United States,279,98,28041,53400000,spot
C-08881,Orion Motors 08881,OEM,EMEA-W,Germany,336,98,10048,58100000,LTA
C-08882,Norvia Motors 08882,OEM,SA,Argentina,453,98,8363,59600000,spot
C-08883,Baltia Systems 08883,Tier-1,SA,Brazil,16,95,1167,5500000,LTA
C-08884,Sumida Distribution 08884,Distributor,NA-US,United States,306,95,75,3300000,LTA
C-08885,Atlas Motors 08885,OEM,EMEA-E,Poland,487,98,30065,72600000,consignment
C-08886,Delantra Motors 08886,OEM,APAC-SE,Vietnam,402,98,18533,59200000,consignment
C-08887,Atlas Distribution 08887,Distributor,NA-US,United States,276,95,3755,1100000,consignment
C-08888,Orion Motors 08888,OEM,APAC-SE,Vietnam,24,98,29470,40000000,LTA
C-08889,Delantra Motors 08889,OEM,APAC-SE,Vietnam,262,98,9295,14200000,LTA
C-08890,Bluepeak Distribution 08890,Distributor,NA-US,United States,484,95,1642,3600000,LTA
C-08891,Vantage Distribution 08891,Aftermarket,EMEA-E,Romania,15,95,1606,1400000,spot
C-08892,Cordis Motors 08892,OEM,EMEA-W,Spain,217,98,9822,90000000,spot
C-08893,Orion Distribution 08893,Aftermarket,APAC-SE,Indonesia,462,95,704,3100000,consignment
C-08894,Cordis Motors 08894,OEM,NA-MX,Mexico,364,98,14158,23300000,LTA
C-08895,Sumida Distribution 08895,Aftermarket,NA-US,United States,266,95,3037,3800000,spot
C-08896,Atlas Systems 08896,Tier-1,NA-US,United States,441,95,1192,3400000,LTA
C-08897,Orion Distribution 08897,Aftermarket,APAC-IN,India,390,95,1788,5000000,LTA
C-08898,Kestrel Systems 08898,Tier-1,APAC-SE,Indonesia,92,95,1018,4200000,spot
C-08899,Delantra Motors 08899,OEM,SA,Brazil,61,98,47855,29600000,LTA
C-08900,Sumida Distribution 08900,Aftermarket,NA-MX,Mexico,17,95,2461,5900000,LTA
C-08901,Norvia Distribution 08901,Distributor,EMEA-E,Turkey,318,95,1999,4600000,consignment
C-08902,Cordis Systems 08902,Tier-1,EMEA-E,Turkey,182,95,3216,3700000,spot
C-08903,Vantage Motors 08903,OEM,EMEA-E,Romania,80,98,39615,64500000,consignment
C-08904,Norvia Systems 08904,Tier-1,EMEA-W,Spain,396,95,2232,5600000,consignment
C-08905,Bluepeak Motors 08905,OEM,NA-MX,Mexico,185,98,24211,5600000,LTA
C-08906,Norvia Distribution 08906,Distributor,APAC-IN,India,144,95,620,500000,LTA
C-08907,Baltia Distribution 08907,Distributor,EMEA-E,Turkey,79,95,2617,5500000,LTA
C-08908,Baltia Distribution 08908,Distributor,EMEA-W,Italy,82,95,3914,3300000,LTA
C-08909,Vantage Motors 08909,OEM,NA-MX,Mexico,411,98,58496,71100000,LTA
C-08910,Vantage Distribution 08910,Aftermarket,SA,Brazil,339,95,978,2700000,LTA
C-08911,Sumida Motors 08911,OEM,EMEA-E,Turkey,387,98,16669,47800000,LTA
C-08912,Bluepeak Distribution 08912,Aftermarket,NA-US,United States,250,95,3910,1600000,spot
C-08913,Kestrel Motors 08913,OEM,EMEA-E,Turkey,412,98,56082,46500000,spot
C-08914,Kestrel Distribution 08914,Distributor,APAC-NE,Japan,318,95,2205,4600000,spot
C-08915,Orion Distribution 08915,Distributor,APAC-NE,Japan,137,95,2307,2400000,LTA
C-08916,Kestrel Motors 08916,OEM,APAC-IN,India,462,98,26106,9200000,LTA
C-08917,Orion Motors 08917,OEM,EMEA-E,Turkey,209,98,7183,88600000,LTA
C-08918,Atlas Distribution 08918,Distributor,NA-MX,Mexico,17,95,2429,2000000,spot
C-08919,Baltia Motors 08919,OEM,NA-US,United States,51,98,54409,13900000,consignment
C-08920,Norvia Distribution 08920,Distributor,SA,Argentina,178,95,3178,500000,spot
C-08921,Bluepeak Distribution 08921,Aftermarket,APAC-NE,China,229,95,539,5700000,consignment
C-08922,Kestrel Distribution 08922,Distributor,APAC-NE,Japan,354,95,278,4100000,spot
C-08923,Cordis Distribution 08923,Distributor,APAC-IN,India,481,95,923,2600000,LTA
C-08924,Atlas Distribution 08924,Distributor,NA-US,United States,174,95,716,1700000,LTA
C-08925,Vantage Distribution 08925,Aftermarket,APAC-SE,Malaysia,280,95,3433,3100000,LTA
C-08926,Bluepeak Motors 08926,OEM,EMEA-W,Italy,318,98,24527,75200000,LTA
C-08927,Delantra Systems 08927,Tier-1,APAC-NE,China,91,95,2475,900000,LTA
C-08928,Delantra Motors 08928,OEM,EMEA-W,Italy,438,98,7468,70400000,spot
C-08929,Delantra Motors 08929,OEM,NA-MX,Mexico,151,98,34458,53300000,spot
C-08930,Baltia Systems 08930,Tier-1,APAC-SE,Malaysia,331,95,3352,5000000,LTA
C-08931,Orion Distribution 08931,Aftermarket,APAC-SE,Thailand,88,95,989,2500000,LTA
C-08932,Bluepeak Distribution 08932,Distributor,EMEA-E,Romania,421,95,664,1500000,LTA
C-08933,Norvia Motors 08933,OEM,SA,Brazil,362,98,11002,77000000,LTA
C-08934,Vantage Motors 08934,OEM,APAC-SE,Indonesia,124,98,38479,54300000,consignment
C-08935,Baltia Motors 08935,OEM,NA-US,United States,272,98,41098,22500000,consignment
C-08936,Delantra Distribution 08936,Distributor,NA-US,United States,182,95,3500,4100000,LTA
C-08937,Atlas Distribution 08937,Distributor,EMEA-W,Italy,129,95,516,4800000,spot
C-08938,Cordis Distribution 08938,Aftermarket,APAC-IN,India,452,95,3191,1300000,LTA
C-08939,Norvia Systems 08939,Tier-1,NA-US,United States,136,95,60,1100000,LTA
C-08940,Orion Motors 08940,OEM,EMEA-W,Spain,456,98,55259,50000000,LTA
C-08941,Atlas Distribution 08941,Distributor,EMEA-W,Spain,380,95,3246,2200000,LTA
C-08942,Norvia Systems 08942,Tier-1,EMEA-E,Czechia,295,95,1834,2100000,LTA
C-08943,Sumida Distribution 08943,Distributor,NA-MX,Mexico,124,95,1839,4300000,spot
C-08944,Baltia Systems 08944,Tier-1,APAC-SE,Vietnam,181,95,3414,800000,LTA
C-08945,Sumida Systems 08945,Tier-1,EMEA-E,Czechia,66,95,627,3400000,spot
C-08946,Sumida Motors 08946,OEM,APAC-IN,India,344,98,5891,6000000,spot
C-08947,Atlas Distribution 08947,Distributor,NA-MX,Mexico,104,95,1979,2700000,spot
C-08948,Norvia Motors 08948,OEM,APAC-NE,China,306,98,8822,27000000,LTA
C-08949,Kestrel Systems 08949,Tier-1,SA,Argentina,466,95,530,5000000,LTA
C-08950,Orion Distribution 08950,Distributor,APAC-IN,India,24,95,1107,5800000,LTA
C-08951,Cordis Distribution 08951,Aftermarket,EMEA-E,Czechia,437,95,1819,700000,LTA
C-08952,Atlas Distribution 08952,Distributor,EMEA-W,Germany,157,95,1139,3000000,LTA
C-08953,Baltia Distribution 08953,Aftermarket,APAC-SE,Malaysia,335,95,3665,800000,LTA
C-08954,Bluepeak Systems 08954,Tier-1,APAC-IN,India,306,95,3998,4200000,LTA
C-08955,Orion Motors 08955,OEM,EMEA-W,France,263,98,6683,39400000,spot
C-08956,Sumida Motors 08956,OEM,NA-US,United States,72,98,41992,15400000,spot
C-08957,Delantra Motors 08957,OEM,SA,Argentina,21,98,16134,6300000,spot
C-08958,Baltia Motors 08958,OEM,SA,Argentina,54,98,6706,53900000,LTA
C-08959,Norvia Systems 08959,Tier-1,EMEA-W,France,352,95,3429,4400000,spot
C-08960,Baltia Systems 08960,Tier-1,EMEA-W,Germany,42,95,2087,1800000,LTA
C-08961,Baltia Motors 08961,OEM,SA,Brazil,348,98,36483,47000000,LTA
C-08962,Cordis Motors 08962,OEM,APAC-SE,Vietnam,122,98,5219,72400000,LTA
C-08963,Kestrel Distribution 08963,Aftermarket,APAC-NE,Japan,228,95,653,2400000,consignment
C-08964,Kestrel Motors 08964,OEM,EMEA-W,Germany,200,98,30650,45200000,LTA
C-08965,Cordis Distribution 08965,Distributor,APAC-SE,Vietnam,186,95,3701,2600000,spot
C-08966,Norvia Distribution 08966,Distributor,EMEA-E,Czechia,11,95,2382,3900000,LTA
C-08967,Sumida Distribution 08967,Distributor,APAC-NE,South Korea,337,95,1942,1200000,LTA
C-08968,Cordis Distribution 08968,Distributor,APAC-NE,South Korea,254,95,1105,1300000,LTA
C-08969,Cordis Distribution 08969,Distributor,NA-US,United States,48,95,3887,500000,spot
C-08970,Atlas Systems 08970,Tier-1,EMEA-E,Romania,310,95,1401,2100000,spot
C-08971,Vantage Motors 08971,OEM,SA,Brazil,465,98,29329,23800000,consignment
C-08972,Norvia Motors 08972,OEM,NA-US,United States,289,98,16596,33600000,consignment
C-08973,Norvia Motors 08973,OEM,APAC-NE,Taiwan,450,98,48538,39200000,LTA
C-08974,Delantra Motors 08974,OEM,EMEA-E,Czechia,152,98,8552,82900000,consignment
C-08975,Orion Systems 08975,Tier-1,SA,Argentina,251,95,2293,300000,consignment
C-08976,Norvia Motors 08976,OEM,EMEA-W,Spain,500,98,56388,19800000,LTA
C-08977,Orion Systems 08977,Tier-1,EMEA-W,Spain,433,95,1811,600000,spot
C-08978,Kestrel Distribution 08978,Distributor,EMEA-E,Romania,446,95,2938,4000000,LTA
C-08979,Norvia Motors 08979,OEM,EMEA-W,Germany,358,98,18103,4800000,spot
C-08980,Bluepeak Motors 08980,OEM,NA-US,United States,346,98,59730,54400000,LTA
C-08981,Cordis Motors 08981,OEM,EMEA-W,Germany,145,98,43081,24900000,spot
C-08982,Norvia Distribution 08982,Aftermarket,APAC-SE,Indonesia,171,95,258,3600000,spot
C-08983,Kestrel Distribution 08983,Distributor,NA-US,United States,357,95,2325,1500000,LTA
C-08984,Vantage Systems 08984,Tier-1,SA,Brazil,54,95,3466,3100000,LTA
C-08985,Orion Distribution 08985,Distributor,NA-MX,Mexico,158,95,2644,2000000,consignment
C-08986,Sumida Motors 08986,OEM,APAC-SE,Vietnam,409,98,34765,51100000,LTA
C-08987,Baltia Distribution 08987,Aftermarket,APAC-IN,India,200,95,2222,3400000,spot
C-08988,Kestrel Distribution 08988,Distributor,EMEA-W,France,82,95,2199,5300000,LTA
C-08989,Baltia Motors 08989,OEM,APAC-IN,India,441,98,45141,35100000,spot
C-08990,Sumida Distribution 08990,Aftermarket,EMEA-W,Germany,451,95,266,2200000,LTA
C-08991,Sumida Motors 08991,OEM,SA,Argentina,374,98,5598,74700000,consignment
C-08992,Sumida Motors 08992,OEM,SA,Argentina,480,98,45766,68500000,LTA
C-08993,Baltia Distribution 08993,Distributor,APAC-NE,Japan,465,95,1437,3300000,LTA
C-08994,Norvia Distribution 08994,Distributor,APAC-SE,Malaysia,176,95,625,2300000,consignment
C-08995,Delantra Distribution 08995,Distributor,APAC-SE,Thailand,247,95,3380,5500000,spot
C-08996,Delantra Distribution 08996,Aftermarket,APAC-NE,South Korea,167,95,2238,4800000,LTA
C-08997,Kestrel Motors 08997,OEM,NA-MX,Mexico,452,98,6690,5100000,spot
C-08998,Vantage Motors 08998,OEM,APAC-NE,Taiwan,385,98,43446,39900000,spot
C-08999,Bluepeak Motors 08999,OEM,NA-US,United States,487,98,16851,34100000,LTA
C-09000,Atlas Systems 09000,Tier-1,EMEA-W,France,30,95,3351,6000000,consignment
C-09001,Kestrel Distribution 09001,Aftermarket,APAC-IN,India,312,95,964,900000,spot
C-09002,Orion Distribution 09002,Distributor,NA-MX,Mexico,94,95,1115,6000000,spot
C-09003,Vantage Motors 09003,OEM,NA-MX,Mexico,252,98,49883,8000000,LTA
C-09004,Baltia Motors 09004,OEM,SA,Argentina,57,98,58681,79000000,LTA
C-09005,Sumida Systems 09005,Tier-1,APAC-IN,India,213,95,2235,5400000,consignment
C-09006,Vantage Distribution 09006,Distributor,NA-MX,Mexico,116,95,240,3900000,spot
C-09007,Norvia Distribution 09007,Distributor,SA,Argentina,397,95,855,3600000,LTA
C-09008,Cordis Distribution 09008,Distributor,NA-MX,Mexico,291,95,1432,4800000,LTA
C-09009,Delantra Motors 09009,OEM,APAC-SE,Thailand,324,98,45889,59900000,LTA
C-09010,Atlas Distribution 09010,Distributor,EMEA-E,Czechia,172,95,936,5700000,LTA
C-09011,Norvia Systems 09011,Tier-1,EMEA-E,Czechia,482,95,998,2600000,LTA
C-09012,Orion Distribution 09012,Distributor,APAC-NE,Japan,228,95,1318,4300000,LTA
C-09013,Bluepeak Systems 09013,Tier-1,EMEA-E,Poland,214,95,3709,3100000,consignment
C-09014,Baltia Distribution 09014,Distributor,EMEA-W,Italy,327,95,119,3000000,LTA
C-09015,Sumida Motors 09015,OEM,APAC-IN,India,330,98,32601,86800000,LTA
C-09016,Norvia Motors 09016,OEM,APAC-IN,India,84,98,45649,23300000,LTA
C-09017,Vantage Distribution 09017,Distributor,NA-MX,Mexico,375,95,3435,2300000,LTA
C-09018,Baltia Distribution 09018,Aftermarket,APAC-SE,Thailand,365,95,1142,2800000,LTA
C-09019,Norvia Motors 09019,OEM,EMEA-W,Italy,275,98,49576,33900000,LTA
C-09020,Kestrel Distribution 09020,Distributor,APAC-NE,China,493,95,168,5800000,consignment
C-09021,Sumida Motors 09021,OEM,APAC-IN,India,456,98,16590,2800000,LTA
C-09022,Norvia Distribution 09022,Aftermarket,APAC-NE,Japan,64,95,2335,1400000,consignment
C-09023,Atlas Systems 09023,Tier-1,APAC-IN,India,92,95,3464,1100000,LTA
C-09024,Delantra Motors 09024,OEM,NA-US,United States,159,98,58132,10400000,LTA
C-09025,Atlas Systems 09025,Tier-1,APAC-SE,Vietnam,109,95,3792,5100000,LTA
C-09026,Baltia Systems 09026,Tier-1,APAC-IN,India,350,95,3792,3200000,spot
C-09027,Vantage Distribution 09027,Aftermarket,APAC-IN,India,34,95,3438,4900000,spot
C-09028,Kestrel Motors 09028,OEM,NA-MX,Mexico,275,98,45692,42300000,LTA
C-09029,Delantra Motors 09029,OEM,EMEA-E,Poland,476,98,46749,49200000,LTA
C-09030,Delantra Systems 09030,Tier-1,NA-MX,Mexico,443,95,414,5100000,spot
C-09031,Bluepeak Distribution 09031,Aftermarket,EMEA-W,Spain,75,95,779,4800000,spot
C-09032,Cordis Distribution 09032,Aftermarket,EMEA-E,Romania,31,95,3538,4700000,LTA
C-09033,Orion Distribution 09033,Distributor,APAC-NE,China,437,95,2207,2800000,LTA
C-09034,Cordis Distribution 09034,Distributor,APAC-SE,Vietnam,300,95,1197,6000000,spot
C-09035,Baltia Distribution 09035,Distributor,SA,Argentina,273,95,1064,5000000,spot
C-09036,Vantage Motors 09036,OEM,SA,Argentina,357,98,36116,21600000,consignment
C-09037,Delantra Motors 09037,OEM,APAC-IN,India,363,98,5467,79800000,consignment
C-09038,Norvia Motors 09038,OEM,APAC-NE,South Korea,26,98,43052,21900000,consignment
C-09039,Sumida Systems 09039,Tier-1,APAC-NE,China,313,95,1170,4400000,spot
C-09040,Vantage Motors 09040,OEM,EMEA-W,Italy,225,98,33168,39300000,LTA
C-09041,Orion Systems 09041,Tier-1,EMEA-E,Turkey,141,95,821,400000,spot
C-09042,Baltia Distribution 09042,Aftermarket,SA,Brazil,175,95,1174,3200000,LTA
C-09043,Orion Distribution 09043,Aftermarket,EMEA-E,Czechia,181,95,885,800000,LTA
C-09044,Norvia Distribution 09044,Distributor,APAC-NE,South Korea,214,95,1966,3500000,LTA
C-09045,Bluepeak Motors 09045,OEM,APAC-IN,India,296,98,21213,4700000,LTA
C-09046,Kestrel Systems 09046,Tier-1,APAC-NE,Taiwan,485,95,1930,1200000,consignment
C-09047,Kestrel Motors 09047,OEM,APAC-SE,Malaysia,15,98,42943,82400000,spot
C-09048,Baltia Systems 09048,Tier-1,NA-US,United States,94,95,1413,300000,LTA
C-09049,Baltia Distribution 09049,Distributor,EMEA-E,Turkey,317,95,994,2500000,LTA
C-09050,Orion Motors 09050,OEM,NA-US,United States,488,98,9044,73600000,spot
C-09051,Baltia Distribution 09051,Distributor,NA-US,United States,101,95,201,4100000,consignment
C-09052,Cordis Motors 09052,OEM,APAC-IN,India,250,98,39695,17200000,spot
C-09053,Delantra Distribution 09053,Aftermarket,SA,Argentina,86,95,2663,4400000,LTA
C-09054,Baltia Motors 09054,OEM,NA-MX,Mexico,18,98,57496,47200000,LTA
C-09055,Kestrel Distribution 09055,Aftermarket,EMEA-E,Poland,53,95,1834,4500000,LTA
C-09056,Bluepeak Motors 09056,OEM,EMEA-E,Czechia,59,98,43989,43600000,LTA
C-09057,Cordis Motors 09057,OEM,NA-US,United States,477,98,40195,75500000,LTA
C-09058,Bluepeak Motors 09058,OEM,APAC-IN,India,130,98,20535,47300000,LTA
C-09059,Bluepeak Distribution 09059,Aftermarket,APAC-NE,China,93,95,95,1500000,LTA
C-09060,Norvia Motors 09060,OEM,EMEA-E,Turkey,112,98,35308,8100000,LTA
C-09061,Kestrel Systems 09061,Tier-1,NA-MX,Mexico,184,95,2773,6000000,LTA
C-09062,Baltia Distribution 09062,Aftermarket,NA-MX,Mexico,486,95,976,100000,LTA
C-09063,Baltia Distribution 09063,Distributor,NA-US,United States,48,95,89,4500000,spot
C-09064,Cordis Motors 09064,OEM,EMEA-W,Spain,411,98,59510,45800000,LTA
C-09065,Sumida Motors 09065,OEM,NA-US,United States,58,98,47249,70600000,consignment
C-09066,Kestrel Motors 09066,OEM,EMEA-E,Poland,81,98,25758,35100000,spot
C-09067,Bluepeak Motors 09067,OEM,APAC-IN,India,450,98,14461,85800000,consignment
C-09068,Kestrel Distribution 09068,Distributor,NA-MX,Mexico,440,95,2346,4800000,spot
C-09069,Norvia Motors 09069,OEM,APAC-NE,China,244,98,20741,73000000,consignment
C-09070,Atlas Motors 09070,OEM,SA,Brazil,336,98,30142,57300000,consignment
C-09071,Baltia Distribution 09071,Distributor,APAC-NE,Taiwan,363,95,3882,300000,LTA
C-09072,Atlas Systems 09072,Tier-1,NA-MX,Mexico,122,95,137,5400000,consignment
C-09073,Bluepeak Distribution 09073,Distributor,NA-US,United States,410,95,1062,2000000,spot
C-09074,Delantra Distribution 09074,Distributor,APAC-SE,Malaysia,248,95,3766,1700000,spot
C-09075,Norvia Motors 09075,OEM,APAC-NE,Taiwan,264,98,10266,78600000,consignment
C-09076,Vantage Distribution 09076,Aftermarket,NA-MX,Mexico,197,95,601,2400000,spot
C-09077,Cordis Distribution 09077,Distributor,NA-MX,Mexico,134,95,2014,3200000,LTA
C-09078,Delantra Motors 09078,OEM,APAC-IN,India,272,98,59001,42000000,spot
C-09079,Orion Motors 09079,OEM,NA-MX,Mexico,174,98,52799,2300000,LTA
C-09080,Sumida Motors 09080,OEM,APAC-IN,India,55,98,27491,47000000,spot
C-09081,Atlas Systems 09081,Tier-1,SA,Argentina,416,95,3280,4600000,spot
C-09082,Cordis Systems 09082,Tier-1,APAC-SE,Malaysia,235,95,3984,1900000,LTA
C-09083,Kestrel Motors 09083,OEM,SA,Brazil,395,98,47903,49500000,spot
C-09084,Atlas Motors 09084,OEM,EMEA-E,Poland,379,98,7617,46800000,consignment
C-09085,Bluepeak Distribution 09085,Distributor,NA-MX,Mexico,453,95,1460,3200000,LTA
C-09086,Norvia Motors 09086,OEM,SA,Brazil,92,98,49056,74700000,spot
C-09087,Kestrel Distribution 09087,Distributor,NA-MX,Mexico,437,95,299,4600000,LTA
C-09088,Norvia Distribution 09088,Aftermarket,NA-US,United States,304,95,2930,1900000,consignment
C-09089,Atlas Systems 09089,Tier-1,APAC-SE,Vietnam,441,95,3950,1200000,LTA
C-09090,Delantra Motors 09090,OEM,NA-US,United States,107,98,22216,74100000,spot
C-09091,Vantage Motors 09091,OEM,APAC-SE,Vietnam,66,98,27338,51200000,consignment
C-09092,Bluepeak Systems 09092,Tier-1,SA,Argentina,367,95,3149,2700000,LTA
C-09093,Cordis Motors 09093,OEM,APAC-IN,India,118,98,41619,68100000,LTA
C-09094,Delantra Distribution 09094,Distributor,APAC-SE,Thailand,443,95,3219,2300000,LTA
C-09095,Sumida Distribution 09095,Aftermarket,NA-US,United States,493,95,2187,4600000,LTA
C-09096,Atlas Distribution 09096,Aftermarket,APAC-SE,Vietnam,466,95,3934,2600000,consignment
C-09097,Baltia Distribution 09097,Distributor,APAC-NE,China,406,95,16,500000,consignment
C-09098,Sumida Distribution 09098,Distributor,APAC-SE,Indonesia,179,95,2916,2900000,LTA
C-09099,Norvia Distribution 09099,Aftermarket,NA-MX,Mexico,334,95,656,900000,LTA
C-09100,Kestrel Distribution 09100,Aftermarket,SA,Argentina,168,95,3579,1300000,consignment
C-09101,Bluepeak Systems 09101,Tier-1,APAC-SE,Indonesia,306,95,3150,1800000,consignment
C-09102,Cordis Motors 09102,OEM,EMEA-W,Germany,150,98,10661,7300000,consignment
C-09103,Bluepeak Systems 09103,Tier-1,NA-MX,Mexico,55,95,2636,2200000,LTA
C-09104,Bluepeak Motors 09104,OEM,NA-MX,Mexico,409,98,49689,23800000,consignment
C-09105,Delantra Systems 09105,Tier-1,APAC-NE,Taiwan,308,95,2403,4600000,spot
C-09106,Delantra Distribution 09106,Distributor,APAC-NE,China,307,95,1822,2000000,consignment
C-09107,Kestrel Distribution 09107,Distributor,EMEA-W,Italy,193,95,260,4100000,LTA
C-09108,Kestrel Distribution 09108,Aftermarket,APAC-SE,Thailand,193,95,899,3600000,LTA
C-09109,Sumida Systems 09109,Tier-1,EMEA-W,Germany,84,95,2044,5600000,consignment
C-09110,Delantra Distribution 09110,Distributor,APAC-SE,Indonesia,414,95,1350,1900000,consignment
C-09111,Orion Systems 09111,Tier-1,EMEA-E,Czechia,223,95,52,2400000,LTA
C-09112,Bluepeak Distribution 09112,Distributor,NA-MX,Mexico,58,95,3426,3100000,spot
C-09113,Sumida Motors 09113,OEM,SA,Argentina,248,98,49654,7400000,LTA
C-09114,Kestrel Distribution 09114,Aftermarket,APAC-NE,China,165,95,1572,5400000,LTA
C-09115,Delantra Systems 09115,Tier-1,NA-US,United States,34,95,3018,1800000,consignment
C-09116,Delantra Systems 09116,Tier-1,SA,Brazil,69,95,1095,1400000,LTA
C-09117,Cordis Motors 09117,OEM,NA-US,United States,353,98,50619,61300000,spot
C-09118,Orion Motors 09118,OEM,SA,Argentina,187,98,59745,89500000,spot
C-09119,Cordis Motors 09119,OEM,EMEA-E,Romania,79,98,18791,61100000,spot
C-09120,Vantage Distribution 09120,Distributor,EMEA-W,Italy,159,95,198,1500000,consignment
C-09121,Bluepeak Distribution 09121,Distributor,EMEA-E,Turkey,465,95,3167,5200000,LTA
C-09122,Bluepeak Systems 09122,Tier-1,EMEA-W,Spain,13,95,1772,1200000,consignment
C-09123,Norvia Motors 09123,OEM,EMEA-W,Italy,212,98,22783,37600000,spot
C-09124,Vantage Distribution 09124,Distributor,SA,Brazil,383,95,1968,4000000,spot
C-09125,Sumida Distribution 09125,Aftermarket,APAC-IN,India,449,95,3041,2300000,LTA
C-09126,Delantra Systems 09126,Tier-1,APAC-NE,China,370,95,2882,3300000,spot
C-09127,Atlas Motors 09127,OEM,EMEA-W,Spain,152,98,52647,56600000,LTA
C-09128,Baltia Distribution 09128,Distributor,EMEA-W,Germany,104,95,3745,100000,LTA
C-09129,Norvia Distribution 09129,Distributor,EMEA-W,Spain,383,95,2498,3600000,LTA
C-09130,Delantra Systems 09130,Tier-1,APAC-SE,Indonesia,480,95,3280,5000000,consignment
C-09131,Sumida Distribution 09131,Distributor,EMEA-W,France,92,95,488,2000000,LTA
C-09132,Kestrel Distribution 09132,Aftermarket,SA,Argentina,16,95,2387,2200000,spot
C-09133,Baltia Motors 09133,OEM,APAC-IN,India,140,98,13672,23900000,LTA
C-09134,Sumida Systems 09134,Tier-1,APAC-IN,India,165,95,2506,6000000,LTA
C-09135,Norvia Motors 09135,OEM,APAC-NE,China,488,98,6041,72600000,consignment
C-09136,Cordis Distribution 09136,Aftermarket,APAC-IN,India,169,95,3937,4700000,consignment
C-09137,Atlas Distribution 09137,Aftermarket,SA,Brazil,115,95,549,5600000,LTA
C-09138,Delantra Distribution 09138,Aftermarket,NA-MX,Mexico,391,95,1458,200000,LTA
C-09139,Orion Motors 09139,OEM,APAC-IN,India,38,98,36458,70600000,spot
C-09140,Cordis Systems 09140,Tier-1,EMEA-E,Turkey,340,95,3535,5400000,consignment
C-09141,Delantra Distribution 09141,Distributor,NA-MX,Mexico,136,95,2102,2900000,spot
C-09142,Kestrel Motors 09142,OEM,NA-MX,Mexico,292,98,38505,4500000,consignment
C-09143,Kestrel Motors 09143,OEM,SA,Argentina,188,98,23998,44800000,consignment
C-09144,Delantra Distribution 09144,Aftermarket,APAC-SE,Malaysia,319,95,3585,700000,spot
C-09145,Orion Distribution 09145,Aftermarket,SA,Argentina,492,95,2855,1100000,consignment
C-09146,Baltia Motors 09146,OEM,EMEA-E,Turkey,471,98,52106,65000000,consignment
C-09147,Sumida Motors 09147,OEM,APAC-IN,India,471,98,58812,42900000,LTA
C-09148,Delantra Distribution 09148,Distributor,NA-US,United States,102,95,2163,5200000,LTA
C-09149,Kestrel Motors 09149,OEM,EMEA-E,Poland,171,98,50616,64000000,consignment
C-09150,Bluepeak Distribution 09150,Aftermarket,NA-MX,Mexico,327,95,2639,700000,spot
C-09151,Vantage Distribution 09151,Aftermarket,EMEA-E,Turkey,382,95,3091,1300000,LTA
C-09152,Sumida Motors 09152,OEM,EMEA-W,Spain,482,98,55749,22000000,consignment
C-09153,Atlas Distribution 09153,Distributor,NA-MX,Mexico,155,95,419,5900000,consignment
C-09154,Norvia Motors 09154,OEM,NA-US,United States,193,98,22910,56000000,LTA
C-09155,Baltia Distribution 09155,Distributor,APAC-SE,Vietnam,420,95,1371,3900000,LTA
C-09156,Kestrel Motors 09156,OEM,EMEA-W,Italy,114,98,57792,4100000,LTA
C-09157,Vantage Distribution 09157,Distributor,NA-MX,Mexico,494,95,1237,4200000,LTA
C-09158,Cordis Motors 09158,OEM,EMEA-W,France,443,98,14650,40500000,spot
C-09159,Orion Distribution 09159,Aftermarket,NA-MX,Mexico,338,95,1319,2200000,LTA
C-09160,Delantra Motors 09160,OEM,APAC-NE,Japan,336,98,14627,88500000,spot
C-09161,Cordis Distribution 09161,Aftermarket,APAC-NE,Japan,481,95,971,5000000,spot
C-09162,Norvia Distribution 09162,Aftermarket,NA-US,United States,12,95,1463,1400000,LTA
C-09163,Atlas Distribution 09163,Aftermarket,APAC-SE,Malaysia,499,95,703,4300000,spot
C-09164,Orion Distribution 09164,Distributor,EMEA-E,Poland,92,95,196,2400000,LTA
C-09165,Kestrel Distribution 09165,Distributor,APAC-IN,India,438,95,1170,4900000,spot
C-09166,Orion Motors 09166,OEM,EMEA-E,Turkey,220,98,20093,12100000,LTA
C-09167,Atlas Distribution 09167,Aftermarket,EMEA-W,France,432,95,3847,4200000,consignment
C-09168,Norvia Motors 09168,OEM,EMEA-E,Poland,75,98,56537,89900000,LTA
C-09169,Delantra Systems 09169,Tier-1,APAC-NE,South Korea,232,95,209,3700000,LTA
C-09170,Bluepeak Motors 09170,OEM,NA-MX,Mexico,171,98,29573,88600000,spot
C-09171,Atlas Systems 09171,Tier-1,EMEA-E,Czechia,488,95,1234,4200000,LTA
C-09172,Sumida Motors 09172,OEM,NA-US,United States,408,98,35042,21700000,LTA
C-09173,Atlas Distribution 09173,Aftermarket,APAC-SE,Indonesia,401,95,20,3600000,consignment
C-09174,Bluepeak Systems 09174,Tier-1,EMEA-E,Czechia,389,95,425,900000,consignment
C-09175,Vantage Motors 09175,OEM,EMEA-W,Italy,219,98,23692,85100000,consignment
C-09176,Cordis Distribution 09176,Distributor,SA,Argentina,194,95,3912,4300000,consignment
C-09177,Sumida Distribution 09177,Distributor,NA-US,United States,478,95,1059,1200000,spot
C-09178,Norvia Distribution 09178,Distributor,NA-MX,Mexico,486,95,906,1400000,consignment
C-09179,Sumida Distribution 09179,Distributor,NA-US,United States,339,95,2827,5400000,consignment
C-09180,Vantage Distribution 09180,Aftermarket,APAC-NE,China,402,95,1321,800000,consignment
C-09181,Cordis Motors 09181,OEM,EMEA-E,Poland,418,98,26195,35000000,consignment
C-09182,Sumida Distribution 09182,Distributor,APAC-NE,Taiwan,166,95,663,3000000,spot
C-09183,Cordis Distribution 09183,Distributor,EMEA-E,Poland,426,95,2706,2200000,spot
C-09184,Vantage Distribution 09184,Aftermarket,EMEA-E,Czechia,293,95,3459,2500000,LTA
C-09185,Vantage Systems 09185,Tier-1,NA-MX,Mexico,219,95,914,5900000,consignment
C-09186,Orion Distribution 09186,Aftermarket,SA,Brazil,134,95,3458,2100000,spot
C-09187,Vantage Systems 09187,Tier-1,APAC-IN,India,211,95,1128,2600000,LTA
C-09188,Delantra Motors 09188,OEM,NA-MX,Mexico,127,98,45388,12500000,consignment
C-09189,Orion Distribution 09189,Distributor,EMEA-E,Czechia,181,95,3585,4800000,spot
C-09190,Orion Motors 09190,OEM,APAC-SE,Indonesia,470,98,38251,20100000,consignment
C-09191,Baltia Distribution 09191,Distributor,APAC-SE,Indonesia,38,95,2144,1600000,spot
C-09192,Norvia Systems 09192,Tier-1,SA,Brazil,337,95,1099,2100000,LTA
C-09193,Sumida Distribution 09193,Aftermarket,SA,Argentina,340,95,2895,2900000,LTA
C-09194,Atlas Motors 09194,OEM,APAC-IN,India,375,98,23302,69300000,LTA
C-09195,Norvia Systems 09195,Tier-1,APAC-IN,India,497,95,2821,4300000,LTA
C-09196,Atlas Motors 09196,OEM,SA,Brazil,137,98,52209,61000000,consignment
C-09197,Baltia Motors 09197,OEM,APAC-NE,South Korea,56,98,23549,32300000,LTA
C-09198,Kestrel Motors 09198,OEM,EMEA-W,Germany,278,98,34933,38300000,LTA
C-09199,Cordis Motors 09199,OEM,APAC-NE,South Korea,252,98,40653,58100000,spot
C-09200,Cordis Motors 09200,OEM,APAC-NE,South Korea,435,98,21984,65900000,consignment
C-09201,Kestrel Distribution 09201,Aftermarket,EMEA-E,Poland,206,95,3091,5200000,LTA
C-09202,Baltia Motors 09202,OEM,EMEA-W,Germany,421,98,45171,10000000,spot
C-09203,Sumida Distribution 09203,Distributor,NA-MX,Mexico,389,95,869,1000000,consignment
C-09204,Norvia Distribution 09204,Aftermarket,EMEA-E,Romania,292,95,3525,4800000,consignment
C-09205,Norvia Distribution 09205,Aftermarket,APAC-IN,India,134,95,2630,6000000,spot
C-09206,Bluepeak Motors 09206,OEM,APAC-SE,Thailand,330,98,26370,38500000,spot
C-09207,Orion Systems 09207,Tier-1,NA-MX,Mexico,99,95,2880,4100000,consignment
C-09208,Bluepeak Systems 09208,Tier-1,SA,Brazil,144,95,3209,5300000,spot
C-09209,Atlas Distribution 09209,Distributor,NA-US,United States,148,95,1817,2900000,spot
C-09210,Delantra Distribution 09210,Aftermarket,NA-MX,Mexico,158,95,2377,700000,consignment
C-09211,Orion Motors 09211,OEM,NA-US,United States,355,98,29452,58800000,consignment
C-09212,Cordis Motors 09212,OEM,APAC-IN,India,34,98,25534,8100000,consignment
C-09213,Kestrel Systems 09213,Tier-1,APAC-IN,India,255,95,3072,4300000,LTA
C-09214,Kestrel Motors 09214,OEM,APAC-SE,Malaysia,464,98,12479,68000000,consignment
C-09215,Norvia Systems 09215,Tier-1,NA-MX,Mexico,390,95,994,1900000,spot
C-09216,Orion Motors 09216,OEM,APAC-SE,Thailand,206,98,40100,19000000,LTA
C-09217,Vantage Systems 09217,Tier-1,NA-US,United States,19,95,2859,3300000,LTA
C-09218,Delantra Distribution 09218,Distributor,APAC-SE,Malaysia,427,95,849,5200000,consignment
C-09219,Norvia Motors 09219,OEM,APAC-NE,Japan,210,98,16471,9700000,consignment
C-09220,Baltia Motors 09220,OEM,EMEA-E,Czechia,131,98,38521,69300000,consignment
C-09221,Delantra Motors 09221,OEM,APAC-IN,India,48,98,24461,89500000,LTA
C-09222,Vantage Systems 09222,Tier-1,NA-MX,Mexico,384,95,2769,1500000,spot
C-09223,Baltia Distribution 09223,Aftermarket,NA-US,United States,319,95,1334,5200000,LTA
C-09224,Bluepeak Distribution 09224,Aftermarket,EMEA-E,Poland,381,95,243,1800000,LTA
C-09225,Norvia Distribution 09225,Aftermarket,SA,Argentina,206,95,726,3400000,consignment
C-09226,Delantra Motors 09226,OEM,APAC-NE,South Korea,354,98,56505,65400000,consignment
C-09227,Atlas Motors 09227,OEM,NA-US,United States,128,98,23699,4600000,LTA
C-09228,Bluepeak Systems 09228,Tier-1,EMEA-E,Czechia,12,95,3523,5100000,consignment
C-09229,Delantra Systems 09229,Tier-1,SA,Brazil,424,95,2751,3200000,consignment
C-09230,Norvia Motors 09230,OEM,APAC-NE,China,424,98,15057,9600000,consignment
C-09231,Kestrel Motors 09231,OEM,EMEA-W,Italy,436,98,31937,43900000,LTA
C-09232,Atlas Distribution 09232,Aftermarket,NA-MX,Mexico,208,95,3949,6000000,spot
C-09233,Kestrel Distribution 09233,Aftermarket,SA,Brazil,193,95,3901,5800000,LTA
C-09234,Sumida Motors 09234,OEM,NA-US,United States,77,98,32157,42200000,LTA
C-09235,Cordis Motors 09235,OEM,SA,Brazil,183,98,31991,18600000,spot
C-09236,Baltia Distribution 09236,Aftermarket,APAC-IN,India,497,95,3230,200000,LTA
C-09237,Orion Distribution 09237,Distributor,NA-MX,Mexico,179,95,1764,3900000,LTA
C-09238,Norvia Motors 09238,OEM,NA-US,United States,353,98,19597,79400000,spot
C-09239,Cordis Distribution 09239,Aftermarket,EMEA-W,Italy,222,95,1838,5000000,LTA
C-09240,Orion Distribution 09240,Aftermarket,EMEA-E,Turkey,261,95,1275,2900000,spot
C-09241,Baltia Motors 09241,OEM,APAC-IN,India,59,98,33675,60200000,LTA
C-09242,Vantage Distribution 09242,Distributor,NA-MX,Mexico,47,95,1201,1700000,LTA
C-09243,Kestrel Distribution 09243,Distributor,NA-US,United States,377,95,3787,200000,LTA
C-09244,Baltia Systems 09244,Tier-1,SA,Brazil,149,95,2607,5600000,LTA
C-09245,Delantra Systems 09245,Tier-1,EMEA-W,Italy,438,95,1990,5800000,LTA
C-09246,Delantra Motors 09246,OEM,APAC-NE,China,142,98,29326,64400000,LTA
C-09247,Sumida Distribution 09247,Aftermarket,SA,Argentina,87,95,99,3400000,LTA
C-09248,Cordis Distribution 09248,Distributor,APAC-NE,China,466,95,1023,1600000,LTA
C-09249,Sumida Motors 09249,OEM,NA-US,United States,18,98,25066,54200000,LTA
C-09250,Kestrel Motors 09250,OEM,NA-MX,Mexico,314,98,47526,82300000,LTA
C-09251,Baltia Distribution 09251,Distributor,EMEA-E,Czechia,184,95,1758,1800000,spot
C-09252,Bluepeak Motors 09252,OEM,EMEA-W,France,448,98,39609,4500000,spot
C-09253,Sumida Systems 09253,Tier-1,APAC-SE,Thailand,270,95,3061,5300000,spot
C-09254,Cordis Distribution 09254,Aftermarket,EMEA-W,Italy,239,95,1493,1300000,LTA
C-09255,Orion Systems 09255,Tier-1,EMEA-E,Romania,413,95,3284,5600000,LTA
C-09256,Sumida Motors 09256,OEM,EMEA-W,Italy,379,98,38469,29300000,spot
C-09257,Baltia Motors 09257,OEM,SA,Brazil,454,98,58919,28500000,LTA
C-09258,Orion Systems 09258,Tier-1,EMEA-W,France,322,95,2571,4000000,consignment
C-09259,Baltia Distribution 09259,Distributor,APAC-IN,India,47,95,3842,3700000,LTA
C-09260,Kestrel Motors 09260,OEM,NA-MX,Mexico,193,98,17257,70100000,consignment
C-09261,Kestrel Distribution 09261,Distributor,SA,Brazil,151,95,3957,1400000,LTA
C-09262,Vantage Distribution 09262,Aftermarket,EMEA-E,Poland,375,95,749,3700000,LTA
C-09263,Baltia Distribution 09263,Distributor,SA,Brazil,121,95,589,1900000,spot
C-09264,Delantra Motors 09264,OEM,EMEA-E,Poland,435,98,11044,9700000,consignment
C-09265,Atlas Distribution 09265,Aftermarket,APAC-SE,Malaysia,474,95,2344,3000000,spot
C-09266,Cordis Systems 09266,Tier-1,EMEA-W,Italy,159,95,1061,2700000,spot
C-09267,Baltia Systems 09267,Tier-1,APAC-IN,India,432,95,2284,200000,consignment
C-09268,Sumida Distribution 09268,Distributor,EMEA-W,Italy,181,95,1977,3900000,consignment
C-09269,Orion Distribution 09269,Distributor,EMEA-W,Spain,38,95,2254,4400000,LTA
C-09270,Norvia Distribution 09270,Distributor,SA,Argentina,328,95,3186,4900000,LTA
C-09271,Cordis Motors 09271,OEM,EMEA-E,Czechia,126,98,48001,73400000,consignment
C-09272,Orion Distribution 09272,Aftermarket,NA-US,United States,269,95,2914,3700000,spot
C-09273,Bluepeak Distribution 09273,Aftermarket,NA-US,United States,399,95,3822,3600000,LTA
C-09274,Sumida Distribution 09274,Distributor,SA,Brazil,343,95,3743,5600000,LTA
C-09275,Baltia Distribution 09275,Aftermarket,APAC-IN,India,387,95,870,3600000,consignment
C-09276,Bluepeak Motors 09276,OEM,EMEA-W,Italy,56,98,26816,22000000,consignment
C-09277,Delantra Distribution 09277,Aftermarket,SA,Argentina,373,95,1378,3900000,LTA
C-09278,Kestrel Distribution 09278,Aftermarket,APAC-SE,Malaysia,203,95,827,2800000,LTA
C-09279,Bluepeak Motors 09279,OEM,APAC-IN,India,433,98,48539,73000000,spot
C-09280,Atlas Motors 09280,OEM,EMEA-E,Turkey,461,98,58928,47700000,spot
C-09281,Vantage Distribution 09281,Aftermarket,EMEA-E,Poland,314,95,923,1800000,spot
C-09282,Kestrel Distribution 09282,Aftermarket,EMEA-W,Spain,140,95,799,3000000,spot
C-09283,Sumida Systems 09283,Tier-1,APAC-NE,Japan,23,95,2169,5400000,spot
C-09284,Cordis Distribution 09284,Aftermarket,EMEA-E,Poland,54,95,350,1500000,spot
C-09285,Atlas Distribution 09285,Aftermarket,APAC-NE,Japan,160,95,1853,1800000,consignment
C-09286,Atlas Motors 09286,OEM,APAC-NE,China,211,98,50749,88600000,spot
C-09287,Vantage Motors 09287,OEM,EMEA-E,Czechia,164,98,24072,45400000,LTA
C-09288,Bluepeak Systems 09288,Tier-1,NA-MX,Mexico,360,95,971,900000,LTA
C-09289,Baltia Motors 09289,OEM,SA,Argentina,105,98,45398,18300000,LTA
C-09290,Sumida Distribution 09290,Distributor,NA-MX,Mexico,289,95,669,2300000,spot
C-09291,Baltia Motors 09291,OEM,APAC-NE,Japan,52,98,43274,56500000,LTA
C-09292,Kestrel Motors 09292,OEM,NA-MX,Mexico,298,98,18259,56100000,consignment
C-09293,Bluepeak Distribution 09293,Aftermarket,NA-MX,Mexico,422,95,548,3600000,consignment
C-09294,Norvia Distribution 09294,Distributor,NA-US,United States,460,95,3220,4100000,spot
C-09295,Cordis Motors 09295,OEM,APAC-IN,India,40,98,34277,43300000,consignment
C-09296,Bluepeak Distribution 09296,Distributor,EMEA-E,Turkey,320,95,258,3400000,LTA
C-09297,Orion Motors 09297,OEM,EMEA-W,Italy,471,98,48030,21900000,consignment
C-09298,Cordis Distribution 09298,Distributor,EMEA-W,France,336,95,3293,4200000,LTA
C-09299,Norvia Systems 09299,Tier-1,APAC-NE,South Korea,353,95,602,1100000,consignment
C-09300,Cordis Distribution 09300,Distributor,APAC-IN,India,95,95,1441,3600000,spot
C-09301,Cordis Systems 09301,Tier-1,SA,Argentina,311,95,1931,4400000,spot
C-09302,Orion Systems 09302,Tier-1,EMEA-W,France,249,95,1165,4400000,spot
C-09303,Norvia Motors 09303,OEM,NA-MX,Mexico,450,98,13845,27500000,spot
C-09304,Orion Systems 09304,Tier-1,APAC-IN,India,17,95,1924,3800000,consignment
C-09305,Bluepeak Motors 09305,OEM,EMEA-E,Turkey,497,98,32267,33900000,consignment
C-09306,Vantage Systems 09306,Tier-1,APAC-NE,Japan,381,95,1364,3000000,LTA
C-09307,Cordis Distribution 09307,Aftermarket,APAC-IN,India,489,95,2051,1000000,LTA
C-09308,Cordis Distribution 09308,Aftermarket,APAC-SE,Malaysia,171,95,359,4300000,LTA
C-09309,Kestrel Systems 09309,Tier-1,APAC-NE,South Korea,81,95,1319,3300000,consignment
C-09310,Sumida Motors 09310,OEM,APAC-IN,India,303,98,49081,31400000,consignment
C-09311,Orion Distribution 09311,Distributor,APAC-NE,South Korea,16,95,2340,200000,LTA
C-09312,Vantage Distribution 09312,Distributor,APAC-NE,South Korea,192,95,1299,900000,LTA
C-09313,Cordis Motors 09313,OEM,APAC-NE,China,143,98,38788,8800000,consignment
C-09314,Sumida Systems 09314,Tier-1,EMEA-E,Turkey,373,95,1584,5200000,LTA
C-09315,Cordis Distribution 09315,Aftermarket,APAC-NE,South Korea,228,95,1337,100000,consignment
C-09316,Vantage Systems 09316,Tier-1,APAC-NE,China,495,95,2114,5800000,consignment
C-09317,Vantage Distribution 09317,Distributor,APAC-NE,Taiwan,138,95,124,1800000,consignment
C-09318,Bluepeak Distribution 09318,Distributor,APAC-IN,India,109,95,2011,4400000,LTA
C-09319,Sumida Motors 09319,OEM,APAC-SE,Indonesia,27,98,33037,77300000,consignment
C-09320,Vantage Systems 09320,Tier-1,EMEA-E,Turkey,479,95,2155,4600000,spot
C-09321,Baltia Motors 09321,OEM,APAC-SE,Thailand,269,98,21954,85600000,LTA
C-09322,Delantra Systems 09322,Tier-1,NA-MX,Mexico,386,95,1905,5700000,consignment
C-09323,Cordis Distribution 09323,Distributor,NA-US,United States,62,95,3707,3100000,spot
C-09324,Baltia Systems 09324,Tier-1,APAC-IN,India,67,95,2168,4500000,consignment
C-09325,Atlas Distribution 09325,Aftermarket,EMEA-W,Italy,91,95,1108,200000,LTA
C-09326,Delantra Motors 09326,OEM,EMEA-W,France,152,98,34276,24100000,consignment
C-09327,Baltia Distribution 09327,Distributor,SA,Argentina,66,95,3223,3400000,LTA
C-09328,Sumida Distribution 09328,Distributor,EMEA-E,Romania,171,95,1956,1100000,LTA
C-09329,Norvia Motors 09329,OEM,EMEA-W,Germany,218,98,59504,21400000,spot
C-09330,Sumida Motors 09330,OEM,NA-MX,Mexico,404,98,15764,5200000,spot
C-09331,Bluepeak Motors 09331,OEM,EMEA-E,Romania,264,98,14463,35200000,consignment
C-09332,Atlas Motors 09332,OEM,APAC-NE,South Korea,133,98,9094,5700000,LTA
C-09333,Vantage Distribution 09333,Aftermarket,NA-US,United States,251,95,3630,1900000,spot
C-09334,Kestrel Motors 09334,OEM,APAC-IN,India,230,98,22022,37500000,LTA
C-09335,Delantra Motors 09335,OEM,APAC-SE,Thailand,487,98,22600,16800000,consignment
C-09336,Baltia Distribution 09336,Aftermarket,NA-MX,Mexico,454,95,1107,900000,LTA
C-09337,Cordis Distribution 09337,Aftermarket,NA-US,United States,298,95,526,2200000,spot
C-09338,Orion Distribution 09338,Distributor,APAC-NE,Taiwan,109,95,2430,3800000,LTA
C-09339,Baltia Motors 09339,OEM,EMEA-E,Turkey,419,98,23519,72700000,LTA
C-09340,Atlas Distribution 09340,Distributor,NA-US,United States,50,95,1849,2400000,consignment
C-09341,Vantage Motors 09341,OEM,EMEA-W,Spain,192,98,44796,60900000,consignment
C-09342,Delantra Motors 09342,OEM,EMEA-E,Turkey,220,98,51666,83400000,spot
C-09343,Bluepeak Distribution 09343,Aftermarket,EMEA-E,Czechia,485,95,2764,2800000,consignment
C-09344,Kestrel Motors 09344,OEM,APAC-NE,Taiwan,271,98,7817,48200000,consignment
C-09345,Vantage Motors 09345,OEM,NA-US,United States,338,98,8695,55700000,consignment
C-09346,Bluepeak Motors 09346,OEM,NA-US,United States,132,98,33311,44000000,LTA
C-09347,Cordis Distribution 09347,Distributor,SA,Brazil,444,95,3533,300000,spot
C-09348,Kestrel Motors 09348,OEM,NA-MX,Mexico,11,98,46020,2700000,spot
C-09349,Delantra Systems 09349,Tier-1,NA-MX,Mexico,253,95,1207,1300000,spot
C-09350,Baltia Distribution 09350,Distributor,EMEA-W,Germany,355,95,282,5100000,LTA
C-09351,Bluepeak Distribution 09351,Aftermarket,APAC-IN,India,91,95,634,3300000,spot
C-09352,Orion Systems 09352,Tier-1,EMEA-W,France,32,95,1287,2300000,spot
C-09353,Kestrel Motors 09353,OEM,NA-MX,Mexico,213,98,49872,52800000,spot
C-09354,Baltia Distribution 09354,Aftermarket,NA-US,United States,374,95,3140,4000000,consignment
C-09355,Kestrel Motors 09355,OEM,EMEA-E,Czechia,121,98,20539,88300000,spot
C-09356,Orion Systems 09356,Tier-1,APAC-SE,Indonesia,342,95,3927,4800000,LTA
C-09357,Delantra Motors 09357,OEM,NA-MX,Mexico,99,98,49257,16200000,spot
C-09358,Kestrel Distribution 09358,Aftermarket,EMEA-W,France,25,95,467,3400000,consignment
C-09359,Bluepeak Distribution 09359,Distributor,NA-US,United States,197,95,1513,2600000,LTA
C-09360,Cordis Distribution 09360,Aftermarket,APAC-SE,Thailand,417,95,1083,6000000,consignment
C-09361,Vantage Motors 09361,OEM,NA-MX,Mexico,364,98,53870,70000000,LTA
C-09362,Kestrel Motors 09362,OEM,NA-US,United States,278,98,41376,56400000,LTA
C-09363,Cordis Systems 09363,Tier-1,APAC-NE,South Korea,115,95,3310,3900000,LTA
C-09364,Sumida Distribution 09364,Aftermarket,APAC-SE,Indonesia,310,95,2224,2800000,spot
C-09365,Vantage Distribution 09365,Distributor,NA-MX,Mexico,216,95,3180,2800000,spot
C-09366,Bluepeak Systems 09366,Tier-1,NA-MX,Mexico,19,95,2643,5300000,LTA
C-09367,Sumida Distribution 09367,Aftermarket,APAC-IN,India,141,95,932,3700000,LTA
C-09368,Norvia Distribution 09368,Distributor,NA-MX,Mexico,202,95,263,6000000,consignment
C-09369,Delantra Distribution 09369,Distributor,APAC-SE,Vietnam,356,95,408,1100000,LTA
C-09370,Bluepeak Motors 09370,OEM,APAC-IN,India,85,98,9141,27900000,consignment
C-09371,Sumida Systems 09371,Tier-1,EMEA-E,Turkey,36,95,1778,5000000,LTA
C-09372,Norvia Systems 09372,Tier-1,APAC-IN,India,350,95,1984,3300000,spot
C-09373,Orion Motors 09373,OEM,EMEA-E,Turkey,483,98,7552,26800000,consignment
C-09374,Delantra Systems 09374,Tier-1,SA,Argentina,346,95,879,400000,LTA
C-09375,Cordis Systems 09375,Tier-1,NA-MX,Mexico,185,95,2583,3300000,LTA
C-09376,Bluepeak Distribution 09376,Aftermarket,NA-MX,Mexico,453,95,691,2200000,spot
C-09377,Atlas Distribution 09377,Distributor,EMEA-E,Romania,382,95,1565,4900000,LTA
C-09378,Atlas Systems 09378,Tier-1,SA,Argentina,131,95,3838,700000,consignment
C-09379,Cordis Distribution 09379,Aftermarket,NA-MX,Mexico,438,95,2024,3700000,consignment
C-09380,Delantra Motors 09380,OEM,APAC-NE,South Korea,393,98,48096,43200000,LTA
C-09381,Norvia Distribution 09381,Aftermarket,APAC-IN,India,189,95,1432,3800000,LTA
C-09382,Delantra Distribution 09382,Aftermarket,EMEA-E,Czechia,22,95,1879,5900000,consignment
C-09383,Cordis Distribution 09383,Aftermarket,APAC-IN,India,77,95,1567,2000000,spot
C-09384,Delantra Motors 09384,OEM,NA-MX,Mexico,397,98,41689,44600000,LTA
C-09385,Vantage Motors 09385,OEM,SA,Argentina,310,98,39185,28900000,LTA
C-09386,Atlas Distribution 09386,Aftermarket,EMEA-W,Italy,141,95,2239,400000,spot
C-09387,Kestrel Motors 09387,OEM,NA-US,United States,394,98,40384,86000000,consignment
C-09388,Atlas Motors 09388,OEM,APAC-IN,India,129,98,41681,59800000,LTA
C-09389,Sumida Distribution 09389,Distributor,EMEA-W,Spain,34,95,1461,5400000,spot
C-09390,Kestrel Distribution 09390,Aftermarket,APAC-IN,India,287,95,2222,400000,spot
C-09391,Bluepeak Distribution 09391,Aftermarket,EMEA-E,Turkey,62,95,3647,1100000,LTA
C-09392,Bluepeak Motors 09392,OEM,APAC-NE,Taiwan,139,98,35123,29000000,spot
C-09393,Vantage Distribution 09393,Aftermarket,NA-US,United States,208,95,1607,2600000,consignment
C-09394,Vantage Distribution 09394,Aftermarket,SA,Brazil,487,95,2994,4800000,LTA
C-09395,Kestrel Motors 09395,OEM,EMEA-W,Germany,469,98,35771,21900000,consignment
C-09396,Orion Distribution 09396,Distributor,APAC-IN,India,274,95,3894,3300000,spot
C-09397,Sumida Distribution 09397,Distributor,APAC-IN,India,195,95,1413,2200000,LTA
C-09398,Baltia Motors 09398,OEM,APAC-NE,China,467,98,27231,36900000,LTA
C-09399,Sumida Motors 09399,OEM,APAC-NE,Japan,420,98,11797,89900000,LTA
C-09400,Orion Distribution 09400,Aftermarket,SA,Argentina,456,95,194,1800000,LTA
C-09401,Cordis Distribution 09401,Distributor,APAC-SE,Malaysia,370,95,3586,4200000,spot
C-09402,Bluepeak Motors 09402,OEM,NA-US,United States,11,98,23468,59900000,spot
C-09403,Delantra Distribution 09403,Distributor,EMEA-E,Poland,301,95,3364,4800000,spot
C-09404,Orion Motors 09404,OEM,APAC-SE,Vietnam,385,98,28209,59000000,consignment
C-09405,Orion Distribution 09405,Aftermarket,EMEA-E,Romania,359,95,275,5500000,spot
C-09406,Norvia Motors 09406,OEM,NA-MX,Mexico,214,98,7072,76400000,spot
C-09407,Sumida Distribution 09407,Aftermarket,NA-MX,Mexico,30,95,942,100000,LTA
C-09408,Orion Distribution 09408,Distributor,NA-US,United States,128,95,3808,3200000,spot
C-09409,Baltia Motors 09409,OEM,APAC-IN,India,371,98,40090,78500000,LTA
C-09410,Delantra Distribution 09410,Distributor,EMEA-W,France,223,95,1533,4500000,LTA
C-09411,Sumida Systems 09411,Tier-1,SA,Argentina,99,95,3081,3600000,LTA
C-09412,Sumida Motors 09412,OEM,EMEA-E,Romania,126,98,56461,59600000,spot
C-09413,Delantra Distribution 09413,Aftermarket,NA-US,United States,239,95,2133,2400000,consignment
C-09414,Delantra Distribution 09414,Aftermarket,EMEA-E,Czechia,268,95,3541,200000,spot
C-09415,Bluepeak Motors 09415,OEM,SA,Argentina,319,98,35691,23600000,LTA
C-09416,Sumida Distribution 09416,Distributor,APAC-SE,Indonesia,135,95,3600,4900000,spot
C-09417,Atlas Motors 09417,OEM,APAC-IN,India,74,98,23677,56500000,LTA
C-09418,Orion Distribution 09418,Distributor,APAC-SE,Malaysia,183,95,2065,6000000,spot
C-09419,Sumida Distribution 09419,Distributor,APAC-NE,South Korea,187,95,556,3800000,LTA
C-09420,Kestrel Systems 09420,Tier-1,APAC-NE,Japan,26,95,3817,2800000,consignment
C-09421,Delantra Motors 09421,OEM,NA-MX,Mexico,101,98,52007,32100000,consignment
C-09422,Atlas Distribution 09422,Aftermarket,SA,Brazil,287,95,382,2800000,spot
C-09423,Baltia Distribution 09423,Aftermarket,SA,Argentina,392,95,1267,800000,spot
C-09424,Delantra Systems 09424,Tier-1,APAC-NE,Taiwan,11,95,2830,3900000,consignment
C-09425,Baltia Motors 09425,OEM,APAC-IN,India,152,98,43920,88600000,spot
C-09426,Norvia Systems 09426,Tier-1,APAC-IN,India,212,95,940,1200000,LTA
C-09427,Norvia Distribution 09427,Aftermarket,EMEA-E,Poland,53,95,241,3800000,consignment
C-09428,Sumida Motors 09428,OEM,NA-US,United States,286,98,46033,22000000,LTA
C-09429,Delantra Motors 09429,OEM,SA,Argentina,299,98,7248,44900000,LTA
C-09430,Orion Distribution 09430,Distributor,EMEA-E,Poland,96,95,3400,3100000,LTA
C-09431,Norvia Motors 09431,OEM,APAC-NE,South Korea,493,98,30587,3300000,LTA
C-09432,Sumida Distribution 09432,Distributor,EMEA-W,Italy,84,95,2701,2400000,spot
C-09433,Baltia Distribution 09433,Aftermarket,APAC-IN,India,161,95,1016,6000000,LTA
C-09434,Kestrel Systems 09434,Tier-1,APAC-NE,Taiwan,203,95,918,1000000,spot
C-09435,Cordis Distribution 09435,Aftermarket,NA-US,United States,338,95,3123,3200000,LTA
C-09436,Sumida Distribution 09436,Distributor,EMEA-W,Italy,78,95,2888,2900000,spot
C-09437,Bluepeak Motors 09437,OEM,EMEA-E,Czechia,331,98,49626,27900000,consignment
C-09438,Bluepeak Motors 09438,OEM,EMEA-E,Poland,459,98,42071,54700000,consignment
C-09439,Bluepeak Distribution 09439,Aftermarket,EMEA-W,Germany,78,95,1985,5100000,spot
C-09440,Vantage Systems 09440,Tier-1,SA,Argentina,275,95,3606,1400000,LTA
C-09441,Bluepeak Systems 09441,Tier-1,NA-MX,Mexico,35,95,437,1200000,spot
C-09442,Baltia Motors 09442,OEM,EMEA-E,Romania,387,98,42948,56800000,consignment
C-09443,Sumida Motors 09443,OEM,APAC-NE,Taiwan,420,98,32121,9800000,consignment
C-09444,Orion Distribution 09444,Distributor,SA,Argentina,268,95,2984,900000,LTA
C-09445,Atlas Systems 09445,Tier-1,NA-MX,Mexico,333,95,1640,3400000,spot
C-09446,Cordis Motors 09446,OEM,APAC-SE,Vietnam,412,98,46309,15300000,LTA
C-09447,Orion Distribution 09447,Distributor,EMEA-E,Romania,292,95,1024,3600000,consignment
C-09448,Kestrel Motors 09448,OEM,SA,Brazil,380,98,37732,30300000,spot
C-09449,Bluepeak Motors 09449,OEM,APAC-NE,South Korea,122,98,50884,24200000,consignment
C-09450,Kestrel Distribution 09450,Distributor,NA-US,United States,143,95,2481,2900000,spot
C-09451,Baltia Motors 09451,OEM,EMEA-E,Romania,402,98,13212,39500000,spot
C-09452,Sumida Distribution 09452,Distributor,EMEA-E,Czechia,261,95,1798,3500000,spot
C-09453,Orion Motors 09453,OEM,SA,Brazil,135,98,27994,83400000,consignment
C-09454,Delantra Motors 09454,OEM,EMEA-E,Turkey,477,98,17857,64500000,consignment
C-09455,Bluepeak Distribution 09455,Aftermarket,APAC-IN,India,81,95,3020,5300000,LTA
C-09456,Bluepeak Distribution 09456,Distributor,EMEA-E,Czechia,341,95,1550,4900000,spot
C-09457,Delantra Distribution 09457,Distributor,APAC-SE,Vietnam,233,95,930,3000000,LTA
C-09458,Norvia Distribution 09458,Distributor,NA-MX,Mexico,228,95,599,4100000,LTA
C-09459,Kestrel Motors 09459,OEM,EMEA-E,Czechia,164,98,19978,52900000,LTA
C-09460,Norvia Motors 09460,OEM,APAC-NE,Taiwan,240,98,34848,65000000,LTA
C-09461,Baltia Distribution 09461,Distributor,NA-MX,Mexico,272,95,2262,3200000,LTA
C-09462,Delantra Systems 09462,Tier-1,EMEA-E,Poland,492,95,2229,6000000,LTA
C-09463,Vantage Systems 09463,Tier-1,APAC-NE,South Korea,143,95,3927,3400000,spot
C-09464,Bluepeak Distribution 09464,Aftermarket,EMEA-E,Poland,35,95,2583,5300000,LTA
C-09465,Kestrel Motors 09465,OEM,NA-US,United States,161,98,14040,41500000,consignment
C-09466,Delantra Motors 09466,OEM,NA-US,United States,116,98,51616,41900000,LTA
C-09467,Vantage Distribution 09467,Distributor,NA-US,United States,373,95,3076,500000,LTA
C-09468,Kestrel Systems 09468,Tier-1,APAC-NE,South Korea,455,95,508,400000,consignment
C-09469,Delantra Distribution 09469,Distributor,APAC-NE,Taiwan,50,95,2178,2900000,LTA
C-09470,Delantra Distribution 09470,Aftermarket,APAC-NE,South Korea,371,95,3004,5500000,spot
C-09471,Cordis Distribution 09471,Aftermarket,SA,Argentina,20,95,2858,1500000,spot
C-09472,Cordis Motors 09472,OEM,EMEA-W,Italy,37,98,48130,77500000,spot
C-09473,Cordis Motors 09473,OEM,APAC-IN,India,203,98,24648,42200000,LTA
C-09474,Cordis Distribution 09474,Distributor,APAC-NE,South Korea,233,95,129,1500000,spot
C-09475,Cordis Distribution 09475,Aftermarket,APAC-SE,Indonesia,64,95,2969,3100000,LTA
C-09476,Delantra Distribution 09476,Aftermarket,APAC-SE,Indonesia,38,95,34,4500000,consignment
C-09477,Orion Systems 09477,Tier-1,APAC-NE,China,29,95,3288,2800000,LTA
C-09478,Kestrel Motors 09478,OEM,EMEA-E,Czechia,385,98,46368,66800000,consignment
C-09479,Cordis Motors 09479,OEM,EMEA-E,Czechia,85,98,23381,79000000,LTA
C-09480,Orion Distribution 09480,Distributor,APAC-NE,South Korea,428,95,2313,1600000,LTA
C-09481,Bluepeak Distribution 09481,Distributor,SA,Argentina,213,95,879,1200000,LTA
C-09482,Vantage Motors 09482,OEM,APAC-SE,Thailand,272,98,9803,74400000,spot
C-09483,Vantage Motors 09483,OEM,APAC-IN,India,100,98,21734,6700000,spot
C-09484,Baltia Systems 09484,Tier-1,SA,Argentina,209,95,39,4000000,LTA
C-09485,Bluepeak Distribution 09485,Distributor,NA-MX,Mexico,96,95,1804,1700000,LTA
C-09486,Cordis Motors 09486,OEM,NA-US,United States,453,98,44457,5600000,spot
C-09487,Vantage Distribution 09487,Distributor,EMEA-E,Romania,106,95,2548,1800000,LTA
C-09488,Cordis Distribution 09488,Distributor,APAC-NE,Japan,87,95,1903,5000000,spot
C-09489,Atlas Distribution 09489,Aftermarket,SA,Brazil,116,95,2615,1500000,consignment
C-09490,Cordis Distribution 09490,Distributor,NA-MX,Mexico,449,95,3084,2300000,LTA
C-09491,Cordis Distribution 09491,Aftermarket,APAC-NE,China,263,95,1552,700000,LTA
C-09492,Delantra Systems 09492,Tier-1,NA-US,United States,151,95,1129,2800000,consignment
C-09493,Bluepeak Distribution 09493,Distributor,EMEA-E,Romania,471,95,3541,2700000,LTA
C-09494,Cordis Distribution 09494,Distributor,NA-US,United States,422,95,1342,5100000,LTA
C-09495,Bluepeak Systems 09495,Tier-1,APAC-IN,India,255,95,2586,4800000,LTA
C-09496,Bluepeak Distribution 09496,Distributor,SA,Brazil,402,95,3641,3800000,LTA
C-09497,Delantra Systems 09497,Tier-1,APAC-NE,Taiwan,435,95,3466,4100000,spot
C-09498,Bluepeak Motors 09498,OEM,APAC-IN,India,310,98,34177,45800000,LTA
C-09499,Kestrel Distribution 09499,Distributor,APAC-SE,Malaysia,266,95,2242,4600000,spot
C-09500,Orion Distribution 09500,Distributor,APAC-IN,India,215,95,2476,3700000,LTA
C-09501,Norvia Distribution 09501,Aftermarket,APAC-NE,Taiwan,272,95,3155,4400000,spot
C-09502,Norvia Systems 09502,Tier-1,NA-US,United States,340,95,562,3800000,spot
C-09503,Atlas Distribution 09503,Distributor,EMEA-E,Czechia,158,95,1703,4200000,spot
C-09504,Norvia Distribution 09504,Distributor,NA-MX,Mexico,150,95,2451,600000,LTA
C-09505,Norvia Distribution 09505,Aftermarket,APAC-IN,India,361,95,732,3600000,consignment
C-09506,Bluepeak Distribution 09506,Aftermarket,APAC-IN,India,473,95,3257,2100000,spot
C-09507,Norvia Motors 09507,OEM,APAC-SE,Indonesia,269,98,50929,41700000,consignment
C-09508,Delantra Motors 09508,OEM,NA-US,United States,247,98,47213,49200000,LTA
C-09509,Norvia Motors 09509,OEM,APAC-SE,Indonesia,482,98,51828,61700000,consignment
C-09510,Norvia Motors 09510,OEM,SA,Argentina,241,98,50262,40400000,spot
C-09511,Delantra Distribution 09511,Distributor,NA-US,United States,399,95,3566,5400000,LTA
C-09512,Bluepeak Distribution 09512,Distributor,APAC-IN,India,188,95,3698,600000,LTA
C-09513,Sumida Distribution 09513,Aftermarket,EMEA-W,Germany,228,95,3442,4100000,LTA
C-09514,Kestrel Systems 09514,Tier-1,NA-US,United States,457,95,1535,3700000,spot
C-09515,Delantra Motors 09515,OEM,EMEA-E,Romania,427,98,31602,40900000,LTA
C-09516,Kestrel Distribution 09516,Distributor,SA,Brazil,345,95,2966,3500000,LTA
C-09517,Orion Distribution 09517,Distributor,NA-US,United States,63,95,2397,1700000,spot
C-09518,Bluepeak Systems 09518,Tier-1,NA-MX,Mexico,421,95,2174,5500000,spot
C-09519,Kestrel Motors 09519,OEM,NA-MX,Mexico,96,98,39337,41700000,spot
C-09520,Kestrel Distribution 09520,Distributor,NA-MX,Mexico,292,95,440,6000000,LTA
C-09521,Baltia Motors 09521,OEM,NA-MX,Mexico,82,98,54362,71900000,LTA
C-09522,Kestrel Distribution 09522,Distributor,SA,Argentina,426,95,2507,3800000,spot
C-09523,Delantra Motors 09523,OEM,NA-MX,Mexico,424,98,51734,41100000,LTA
C-09524,Baltia Systems 09524,Tier-1,SA,Argentina,157,95,535,900000,LTA
C-09525,Baltia Systems 09525,Tier-1,EMEA-E,Turkey,394,95,831,2600000,spot
C-09526,Delantra Distribution 09526,Distributor,APAC-IN,India,248,95,979,2200000,LTA
C-09527,Baltia Distribution 09527,Aftermarket,APAC-SE,Indonesia,365,95,2733,700000,consignment
C-09528,Baltia Systems 09528,Tier-1,APAC-IN,India,420,95,2677,4400000,spot
C-09529,Sumida Systems 09529,Tier-1,APAC-SE,Malaysia,193,95,3397,3200000,LTA
C-09530,Delantra Motors 09530,OEM,APAC-IN,India,487,98,52808,42800000,spot
C-09531,Cordis Distribution 09531,Aftermarket,APAC-NE,China,487,95,641,1000000,spot
C-09532,Atlas Systems 09532,Tier-1,APAC-SE,Malaysia,140,95,1717,4100000,consignment
C-09533,Kestrel Motors 09533,OEM,APAC-IN,India,403,98,22305,48600000,spot
C-09534,Norvia Motors 09534,OEM,APAC-IN,India,390,98,58067,74800000,LTA
C-09535,Cordis Systems 09535,Tier-1,APAC-SE,Thailand,429,95,1667,5500000,LTA
C-09536,Delantra Motors 09536,OEM,EMEA-W,France,492,98,40723,74800000,LTA
C-09537,Kestrel Motors 09537,OEM,APAC-SE,Vietnam,113,98,40146,68500000,consignment
C-09538,Orion Motors 09538,OEM,SA,Argentina,472,98,42867,82500000,LTA
C-09539,Sumida Distribution 09539,Distributor,APAC-SE,Vietnam,435,95,1355,4900000,spot
C-09540,Bluepeak Distribution 09540,Aftermarket,SA,Argentina,361,95,1266,5100000,spot
C-09541,Delantra Distribution 09541,Aftermarket,EMEA-E,Romania,26,95,3327,300000,spot
C-09542,Delantra Motors 09542,OEM,APAC-NE,Japan,156,98,13143,15300000,LTA
C-09543,Norvia Distribution 09543,Distributor,SA,Brazil,98,95,1105,4100000,spot
C-09544,Vantage Systems 09544,Tier-1,EMEA-E,Poland,180,95,3836,3300000,spot
C-09545,Delantra Distribution 09545,Aftermarket,EMEA-W,Germany,173,95,1482,1100000,LTA
C-09546,Norvia Motors 09546,OEM,NA-MX,Mexico,215,98,17375,55900000,LTA
C-09547,Norvia Systems 09547,Tier-1,APAC-IN,India,201,95,3270,4700000,spot
C-09548,Cordis Distribution 09548,Aftermarket,APAC-IN,India,285,95,2,2900000,consignment
C-09549,Cordis Distribution 09549,Aftermarket,EMEA-W,France,240,95,3032,600000,consignment
C-09550,Bluepeak Distribution 09550,Aftermarket,APAC-SE,Malaysia,221,95,3837,200000,LTA
C-09551,Delantra Distribution 09551,Distributor,APAC-NE,Japan,293,95,2512,4300000,spot
C-09552,Bluepeak Distribution 09552,Aftermarket,SA,Argentina,159,95,2712,5100000,LTA
C-09553,Orion Motors 09553,OEM,SA,Brazil,43,98,12743,84500000,consignment
C-09554,Baltia Systems 09554,Tier-1,SA,Brazil,319,95,1981,500000,LTA
C-09555,Norvia Motors 09555,OEM,NA-US,United States,352,98,24238,11000000,LTA
C-09556,Delantra Distribution 09556,Aftermarket,APAC-IN,India,30,95,2065,4300000,LTA
C-09557,Atlas Systems 09557,Tier-1,APAC-SE,Malaysia,153,95,3967,5800000,consignment
C-09558,Baltia Distribution 09558,Distributor,APAC-NE,China,451,95,2378,400000,LTA
C-09559,Atlas Distribution 09559,Distributor,NA-MX,Mexico,134,95,2262,1100000,consignment
C-09560,Sumida Distribution 09560,Distributor,NA-MX,Mexico,425,95,1491,3200000,LTA
C-09561,Cordis Motors 09561,OEM,APAC-SE,Thailand,234,98,51888,13100000,LTA
C-09562,Orion Motors 09562,OEM,EMEA-E,Romania,472,98,43752,70900000,LTA
C-09563,Bluepeak Motors 09563,OEM,NA-MX,Mexico,160,98,50268,6400000,spot
C-09564,Baltia Distribution 09564,Distributor,NA-MX,Mexico,153,95,156,100000,LTA
C-09565,Norvia Motors 09565,OEM,APAC-SE,Malaysia,463,98,12845,62100000,LTA
C-09566,Kestrel Systems 09566,Tier-1,EMEA-E,Romania,176,95,2384,5100000,LTA
C-09567,Sumida Distribution 09567,Distributor,EMEA-E,Poland,399,95,2893,5100000,spot
C-09568,Baltia Distribution 09568,Distributor,APAC-IN,India,83,95,1630,1500000,LTA
C-09569,Vantage Motors 09569,OEM,SA,Brazil,170,98,6456,35900000,LTA
C-09570,Atlas Motors 09570,OEM,NA-US,United States,207,98,35727,20100000,LTA
C-09571,Atlas Systems 09571,Tier-1,APAC-NE,China,82,95,283,4300000,consignment
C-09572,Cordis Motors 09572,OEM,NA-MX,Mexico,456,98,15973,22400000,spot
C-09573,Sumida Systems 09573,Tier-1,EMEA-W,Germany,59,95,1383,3900000,LTA
C-09574,Cordis Motors 09574,OEM,SA,Brazil,430,98,13912,4600000,LTA
C-09575,Bluepeak Distribution 09575,Aftermarket,NA-US,United States,127,95,348,3100000,LTA
C-09576,Baltia Distribution 09576,Aftermarket,EMEA-E,Romania,69,95,1026,3600000,LTA
C-09577,Orion Motors 09577,OEM,APAC-IN,India,174,98,38782,41700000,consignment
C-09578,Kestrel Motors 09578,OEM,NA-US,United States,167,98,36741,82100000,LTA
C-09579,Delantra Motors 09579,OEM,SA,Brazil,321,98,42702,46700000,consignment
C-09580,Sumida Distribution 09580,Distributor,APAC-NE,Taiwan,260,95,1576,4400000,LTA
C-09581,Delantra Distribution 09581,Distributor,NA-MX,Mexico,464,95,291,600000,spot
C-09582,Delantra Distribution 09582,Aftermarket,EMEA-W,Italy,306,95,1845,2100000,consignment
C-09583,Atlas Distribution 09583,Distributor,EMEA-W,Spain,82,95,3236,3900000,spot
C-09584,Delantra Distribution 09584,Distributor,SA,Brazil,485,95,3268,1100000,spot
C-09585,Delantra Motors 09585,OEM,NA-MX,Mexico,34,98,49570,65500000,LTA
C-09586,Delantra Distribution 09586,Distributor,APAC-SE,Thailand,413,95,1621,3600000,consignment
C-09587,Norvia Distribution 09587,Distributor,NA-MX,Mexico,365,95,3323,5000000,LTA
C-09588,Norvia Motors 09588,OEM,SA,Argentina,153,98,10412,34400000,spot
C-09589,Atlas Systems 09589,Tier-1,SA,Argentina,473,95,3778,4300000,consignment
C-09590,Orion Distribution 09590,Aftermarket,APAC-IN,India,167,95,3777,4400000,spot
C-09591,Orion Motors 09591,OEM,EMEA-E,Romania,324,98,5951,82100000,consignment
C-09592,Kestrel Systems 09592,Tier-1,NA-US,United States,389,95,2884,3900000,LTA
C-09593,Baltia Motors 09593,OEM,SA,Argentina,12,98,52589,74000000,spot
C-09594,Sumida Distribution 09594,Distributor,SA,Argentina,210,95,509,900000,LTA
C-09595,Bluepeak Motors 09595,OEM,APAC-NE,China,492,98,7958,48400000,LTA
C-09596,Sumida Motors 09596,OEM,EMEA-W,Spain,302,98,14905,54500000,spot
C-09597,Delantra Motors 09597,OEM,NA-MX,Mexico,104,98,34880,18800000,LTA
C-09598,Sumida Distribution 09598,Distributor,EMEA-W,Spain,457,95,2624,1700000,consignment
C-09599,Delantra Motors 09599,OEM,APAC-SE,Malaysia,249,98,39732,67700000,LTA
C-09600,Kestrel Motors 09600,OEM,EMEA-E,Romania,27,98,40723,68600000,spot
C-09601,Baltia Motors 09601,OEM,NA-US,United States,381,98,54355,15000000,spot
C-09602,Orion Systems 09602,Tier-1,APAC-NE,China,270,95,2312,4300000,consignment
C-09603,Baltia Distribution 09603,Distributor,NA-US,United States,326,95,394,3100000,LTA
C-09604,Vantage Distribution 09604,Distributor,APAC-NE,South Korea,243,95,842,3200000,LTA
C-09605,Cordis Systems 09605,Tier-1,APAC-IN,India,141,95,907,4800000,consignment
C-09606,Orion Motors 09606,OEM,EMEA-E,Poland,15,98,35222,43700000,consignment
C-09607,Bluepeak Motors 09607,OEM,APAC-IN,India,86,98,14515,83600000,LTA
C-09608,Delantra Distribution 09608,Distributor,EMEA-W,France,130,95,2572,3000000,LTA
C-09609,Norvia Systems 09609,Tier-1,EMEA-W,Germany,480,95,2823,2900000,spot
C-09610,Orion Motors 09610,OEM,NA-US,United States,77,98,41069,72300000,LTA
C-09611,Bluepeak Systems 09611,Tier-1,APAC-NE,China,340,95,2871,1900000,LTA
C-09612,Baltia Distribution 09612,Aftermarket,SA,Argentina,134,95,3112,5900000,LTA
C-09613,Vantage Distribution 09613,Aftermarket,NA-MX,Mexico,201,95,3758,5600000,consignment
C-09614,Vantage Motors 09614,OEM,EMEA-E,Poland,269,98,48836,10300000,LTA
C-09615,Vantage Systems 09615,Tier-1,APAC-IN,India,437,95,2314,800000,consignment
C-09616,Vantage Motors 09616,OEM,EMEA-E,Turkey,229,98,27818,4900000,LTA
C-09617,Cordis Systems 09617,Tier-1,APAC-IN,India,214,95,2332,2700000,spot
C-09618,Atlas Distribution 09618,Distributor,EMEA-W,Spain,132,95,2540,1700000,consignment
C-09619,Baltia Systems 09619,Tier-1,APAC-SE,Thailand,414,95,1939,3800000,LTA
C-09620,Vantage Motors 09620,OEM,SA,Argentina,51,98,48964,51600000,consignment
C-09621,Vantage Distribution 09621,Distributor,NA-MX,Mexico,238,95,96,4000000,LTA
C-09622,Kestrel Distribution 09622,Aftermarket,APAC-SE,Thailand,124,95,412,2200000,spot
C-09623,Kestrel Distribution 09623,Aftermarket,EMEA-E,Turkey,349,95,47,2800000,LTA
C-09624,Atlas Motors 09624,OEM,NA-US,United States,402,98,41537,82800000,spot
C-09625,Delantra Distribution 09625,Distributor,NA-US,United States,82,95,507,1400000,LTA
C-09626,Orion Motors 09626,OEM,EMEA-W,Spain,263,98,31313,41500000,LTA
C-09627,Kestrel Distribution 09627,Distributor,APAC-IN,India,362,95,2429,5400000,consignment
C-09628,Atlas Motors 09628,OEM,NA-US,United States,264,98,50848,65400000,LTA
C-09629,Bluepeak Motors 09629,OEM,APAC-IN,India,81,98,7037,30400000,spot
C-09630,Atlas Distribution 09630,Aftermarket,SA,Brazil,154,95,67,5800000,consignment
C-09631,Baltia Motors 09631,OEM,APAC-SE,Malaysia,282,98,42270,7900000,LTA
C-09632,Bluepeak Systems 09632,Tier-1,NA-US,United States,78,95,1552,200000,consignment
C-09633,Cordis Systems 09633,Tier-1,NA-MX,Mexico,231,95,213,5900000,LTA
C-09634,Norvia Motors 09634,OEM,EMEA-W,Germany,391,98,13247,16700000,spot
C-09635,Atlas Motors 09635,OEM,APAC-IN,India,444,98,45672,77700000,LTA
C-09636,Sumida Distribution 09636,Aftermarket,NA-US,United States,42,95,1574,4800000,spot
C-09637,Kestrel Distribution 09637,Distributor,EMEA-W,Italy,445,95,2231,600000,LTA
C-09638,Sumida Motors 09638,OEM,APAC-NE,China,434,98,18472,13400000,LTA
C-09639,Delantra Distribution 09639,Distributor,NA-US,United States,185,95,2529,4200000,LTA
C-09640,Cordis Motors 09640,OEM,APAC-IN,India,272,98,15618,61800000,LTA
C-09641,Norvia Motors 09641,OEM,EMEA-E,Czechia,483,98,5527,43200000,LTA
C-09642,Vantage Distribution 09642,Distributor,NA-MX,Mexico,320,95,3708,5100000,LTA
C-09643,Orion Systems 09643,Tier-1,APAC-SE,Thailand,423,95,3175,800000,spot
C-09644,Orion Distribution 09644,Aftermarket,APAC-SE,Thailand,380,95,1035,700000,spot
C-09645,Delantra Systems 09645,Tier-1,SA,Brazil,24,95,12,3000000,spot
C-09646,Norvia Distribution 09646,Distributor,SA,Brazil,319,95,3855,4400000,LTA
C-09647,Bluepeak Distribution 09647,Distributor,NA-MX,Mexico,500,95,2391,1400000,LTA
C-09648,Baltia Distribution 09648,Aftermarket,SA,Brazil,434,95,2438,4200000,LTA
C-09649,Kestrel Distribution 09649,Aftermarket,EMEA-W,Spain,371,95,1541,4000000,spot
C-09650,Cordis Systems 09650,Tier-1,SA,Brazil,497,95,2850,3100000,consignment
C-09651,Cordis Distribution 09651,Aftermarket,EMEA-W,France,83,95,3017,4500000,LTA
C-09652,Bluepeak Motors 09652,OEM,NA-US,United States,353,98,48338,89100000,LTA
C-09653,Vantage Motors 09653,OEM,APAC-IN,India,420,98,29157,89400000,LTA
C-09654,Cordis Motors 09654,OEM,NA-US,United States,192,98,12210,24400000,LTA
C-09655,Delantra Systems 09655,Tier-1,SA,Argentina,237,95,3093,1300000,spot
C-09656,Sumida Motors 09656,OEM,APAC-IN,India,191,98,27147,42500000,spot
C-09657,Cordis Systems 09657,Tier-1,NA-MX,Mexico,142,95,505,1200000,LTA
C-09658,Sumida Motors 09658,OEM,EMEA-W,France,331,98,24169,82100000,LTA
C-09659,Vantage Motors 09659,OEM,APAC-SE,Vietnam,241,98,31872,64800000,spot
C-09660,Orion Distribution 09660,Aftermarket,APAC-SE,Vietnam,331,95,924,5300000,LTA
C-09661,Cordis Motors 09661,OEM,EMEA-W,Spain,291,98,26696,54300000,consignment
C-09662,Sumida Distribution 09662,Aftermarket,APAC-NE,Taiwan,271,95,3203,5800000,LTA
C-09663,Bluepeak Motors 09663,OEM,APAC-NE,Japan,434,98,40629,48900000,consignment
C-09664,Kestrel Motors 09664,OEM,APAC-NE,Japan,115,98,53715,87200000,LTA
C-09665,Bluepeak Motors 09665,OEM,APAC-NE,China,305,98,35049,3500000,consignment
C-09666,Delantra Distribution 09666,Aftermarket,NA-US,United States,427,95,3711,3500000,LTA
C-09667,Bluepeak Distribution 09667,Aftermarket,NA-MX,Mexico,325,95,2243,3800000,LTA
C-09668,Orion Distribution 09668,Distributor,APAC-IN,India,299,95,170,2200000,consignment
C-09669,Atlas Distribution 09669,Aftermarket,NA-MX,Mexico,287,95,2686,2100000,LTA
C-09670,Vantage Motors 09670,OEM,EMEA-E,Czechia,394,98,28814,81200000,LTA
C-09671,Vantage Distribution 09671,Distributor,NA-US,United States,267,95,3255,5200000,consignment
C-09672,Vantage Distribution 09672,Distributor,NA-US,United States,36,95,929,5500000,consignment
C-09673,Bluepeak Motors 09673,OEM,EMEA-E,Romania,188,98,12688,84400000,LTA
C-09674,Orion Systems 09674,Tier-1,NA-MX,Mexico,414,95,425,5000000,LTA
C-09675,Bluepeak Systems 09675,Tier-1,EMEA-W,France,368,95,175,1000000,consignment
C-09676,Orion Systems 09676,Tier-1,NA-US,United States,127,95,773,1500000,spot
C-09677,Norvia Distribution 09677,Distributor,NA-MX,Mexico,136,95,637,5500000,LTA
C-09678,Cordis Distribution 09678,Distributor,EMEA-E,Turkey,294,95,831,5700000,consignment
C-09679,Atlas Distribution 09679,Aftermarket,APAC-IN,India,21,95,3111,1800000,consignment
C-09680,Baltia Systems 09680,Tier-1,APAC-IN,India,303,95,3154,4300000,spot
C-09681,Kestrel Motors 09681,OEM,APAC-IN,India,418,98,26687,15100000,LTA
C-09682,Orion Motors 09682,OEM,APAC-SE,Vietnam,198,98,27897,80600000,LTA
C-09683,Baltia Distribution 09683,Distributor,NA-MX,Mexico,56,95,1327,4100000,LTA
C-09684,Delantra Distribution 09684,Distributor,NA-MX,Mexico,339,95,1933,3600000,LTA
C-09685,Cordis Motors 09685,OEM,EMEA-W,Spain,148,98,40601,17700000,LTA
C-09686,Norvia Motors 09686,OEM,APAC-SE,Vietnam,364,98,23577,84200000,LTA
C-09687,Kestrel Motors 09687,OEM,EMEA-E,Romania,138,98,47594,77100000,LTA
C-09688,Atlas Motors 09688,OEM,SA,Brazil,92,98,26250,56500000,LTA
C-09689,Sumida Motors 09689,OEM,NA-US,United States,13,98,38177,75800000,spot
C-09690,Bluepeak Distribution 09690,Distributor,NA-MX,Mexico,238,95,2314,5700000,consignment
C-09691,Baltia Systems 09691,Tier-1,NA-MX,Mexico,232,95,3810,4900000,LTA
C-09692,Cordis Motors 09692,OEM,NA-MX,Mexico,428,98,51972,75600000,spot
C-09693,Atlas Systems 09693,Tier-1,EMEA-E,Romania,263,95,2544,4700000,LTA
C-09694,Bluepeak Motors 09694,OEM,SA,Argentina,463,98,25888,58900000,LTA
C-09695,Kestrel Distribution 09695,Distributor,EMEA-W,Italy,273,95,2313,700000,LTA
C-09696,Norvia Distribution 09696,Distributor,SA,Argentina,138,95,2622,4500000,LTA
C-09697,Cordis Motors 09697,OEM,APAC-IN,India,333,98,42288,65400000,LTA
C-09698,Delantra Distribution 09698,Aftermarket,APAC-IN,India,354,95,3259,1100000,LTA
C-09699,Vantage Distribution 09699,Aftermarket,APAC-IN,India,470,95,1520,5600000,LTA
C-09700,Kestrel Motors 09700,OEM,EMEA-W,France,111,98,43576,72300000,consignment
C-09701,Delantra Motors 09701,OEM,APAC-NE,Taiwan,83,98,13297,57900000,consignment
C-09702,Delantra Systems 09702,Tier-1,EMEA-W,Germany,195,95,2193,5600000,LTA
C-09703,Atlas Motors 09703,OEM,EMEA-E,Turkey,300,98,22375,64200000,spot
C-09704,Delantra Motors 09704,OEM,APAC-NE,Taiwan,67,98,23454,14900000,consignment
C-09705,Norvia Distribution 09705,Aftermarket,NA-US,United States,211,95,3843,3700000,consignment
C-09706,Cordis Distribution 09706,Aftermarket,APAC-NE,Taiwan,490,95,638,5000000,LTA
C-09707,Norvia Distribution 09707,Distributor,APAC-SE,Indonesia,95,95,3391,5000000,LTA
C-09708,Kestrel Distribution 09708,Aftermarket,NA-US,United States,95,95,750,4700000,spot
C-09709,Delantra Motors 09709,OEM,APAC-SE,Malaysia,372,98,35460,54300000,spot
C-09710,Cordis Motors 09710,OEM,EMEA-E,Turkey,157,98,6488,66400000,consignment
C-09711,Atlas Distribution 09711,Aftermarket,EMEA-W,Italy,344,95,1119,5600000,spot
C-09712,Delantra Systems 09712,Tier-1,APAC-SE,Thailand,143,95,2358,5200000,consignment
C-09713,Norvia Systems 09713,Tier-1,EMEA-E,Poland,390,95,146,5900000,LTA
C-09714,Delantra Distribution 09714,Aftermarket,APAC-SE,Vietnam,499,95,3099,1900000,spot
C-09715,Orion Systems 09715,Tier-1,EMEA-E,Turkey,163,95,638,1200000,spot
C-09716,Vantage Motors 09716,OEM,APAC-IN,India,393,98,35474,51800000,LTA
C-09717,Kestrel Systems 09717,Tier-1,APAC-NE,China,148,95,1426,5500000,spot
C-09718,Norvia Distribution 09718,Aftermarket,APAC-NE,South Korea,265,95,1130,1100000,consignment
C-09719,Vantage Motors 09719,OEM,APAC-NE,Taiwan,324,98,45677,26500000,spot
C-09720,Baltia Distribution 09720,Distributor,NA-MX,Mexico,75,95,1262,6000000,consignment
C-09721,Sumida Motors 09721,OEM,EMEA-W,France,128,98,35066,48500000,spot
C-09722,Orion Motors 09722,OEM,APAC-IN,India,423,98,19261,22700000,spot
C-09723,Bluepeak Distribution 09723,Distributor,SA,Argentina,72,95,2015,1400000,LTA
C-09724,Atlas Distribution 09724,Aftermarket,NA-MX,Mexico,110,95,1735,3600000,LTA
C-09725,Kestrel Motors 09725,OEM,APAC-NE,China,140,98,6777,78800000,LTA
C-09726,Sumida Motors 09726,OEM,SA,Brazil,19,98,25676,53300000,consignment
C-09727,Atlas Distribution 09727,Distributor,APAC-SE,Malaysia,468,95,3019,200000,spot
C-09728,Kestrel Systems 09728,Tier-1,APAC-SE,Vietnam,270,95,1839,4700000,LTA
C-09729,Cordis Motors 09729,OEM,NA-US,United States,166,98,5001,67800000,LTA
C-09730,Atlas Distribution 09730,Aftermarket,APAC-SE,Thailand,274,95,3857,2700000,LTA
C-09731,Sumida Motors 09731,OEM,APAC-SE,Thailand,36,98,19550,14500000,LTA
C-09732,Norvia Motors 09732,OEM,EMEA-E,Turkey,166,98,14019,83300000,LTA
C-09733,Baltia Systems 09733,Tier-1,EMEA-W,France,375,95,3317,1900000,LTA
C-09734,Orion Motors 09734,OEM,APAC-NE,Taiwan,256,98,20132,56800000,consignment
C-09735,Bluepeak Motors 09735,OEM,SA,Brazil,370,98,59310,68500000,LTA
C-09736,Orion Systems 09736,Tier-1,NA-MX,Mexico,149,95,1313,3800000,consignment
C-09737,Bluepeak Systems 09737,Tier-1,APAC-IN,India,311,95,2346,2900000,LTA
C-09738,Norvia Distribution 09738,Aftermarket,APAC-IN,India,311,95,1212,900000,consignment
C-09739,Cordis Distribution 09739,Aftermarket,APAC-IN,India,136,95,3341,5000000,LTA
C-09740,Norvia Distribution 09740,Distributor,EMEA-W,Spain,146,95,393,2000000,spot
C-09741,Orion Motors 09741,OEM,APAC-SE,Malaysia,201,98,37008,17600000,consignment
C-09742,Norvia Distribution 09742,Aftermarket,EMEA-E,Poland,484,95,672,1700000,LTA
C-09743,Cordis Motors 09743,OEM,NA-MX,Mexico,487,98,33326,88200000,LTA
C-09744,Baltia Systems 09744,Tier-1,APAC-SE,Malaysia,384,95,3602,1200000,LTA
C-09745,Baltia Motors 09745,OEM,APAC-SE,Indonesia,444,98,59389,40200000,LTA
C-09746,Norvia Systems 09746,Tier-1,APAC-IN,India,337,95,263,5400000,LTA
C-09747,Sumida Motors 09747,OEM,NA-US,United States,354,98,28653,26100000,LTA
C-09748,Atlas Distribution 09748,Aftermarket,APAC-IN,India,41,95,3678,2200000,spot
C-09749,Bluepeak Distribution 09749,Distributor,APAC-SE,Thailand,284,95,2099,1000000,consignment
C-09750,Bluepeak Motors 09750,OEM,APAC-IN,India,133,98,47641,88300000,consignment
C-09751,Cordis Motors 09751,OEM,SA,Brazil,209,98,40319,58900000,LTA
C-09752,Delantra Motors 09752,OEM,EMEA-W,Italy,233,98,12731,41400000,consignment
C-09753,Vantage Distribution 09753,Distributor,NA-MX,Mexico,62,95,783,5300000,LTA
C-09754,Orion Motors 09754,OEM,APAC-NE,Taiwan,464,98,45237,64800000,spot
C-09755,Kestrel Motors 09755,OEM,EMEA-E,Turkey,111,98,54356,26600000,spot
C-09756,Sumida Motors 09756,OEM,APAC-SE,Malaysia,37,98,57359,39000000,consignment
C-09757,Sumida Distribution 09757,Distributor,SA,Argentina,186,95,415,1000000,LTA
C-09758,Kestrel Motors 09758,OEM,APAC-NE,China,310,98,41371,56100000,consignment
C-09759,Cordis Motors 09759,OEM,APAC-IN,India,343,98,44255,66500000,spot
C-09760,Sumida Motors 09760,OEM,APAC-SE,Malaysia,267,98,22125,66500000,LTA
C-09761,Baltia Distribution 09761,Aftermarket,EMEA-W,France,267,95,1257,200000,LTA
C-09762,Delantra Motors 09762,OEM,SA,Brazil,407,98,47859,15600000,LTA
C-09763,Orion Systems 09763,Tier-1,NA-US,United States,257,95,2127,5500000,spot
C-09764,Orion Systems 09764,Tier-1,EMEA-W,Spain,298,95,1897,4900000,consignment
C-09765,Bluepeak Motors 09765,OEM,EMEA-W,France,354,98,48420,83200000,consignment
C-09766,Bluepeak Systems 09766,Tier-1,NA-MX,Mexico,144,95,2193,3800000,LTA
C-09767,Orion Motors 09767,OEM,EMEA-W,France,200,98,55985,71900000,LTA
C-09768,Cordis Distribution 09768,Aftermarket,NA-US,United States,191,95,1142,5000000,LTA
C-09769,Delantra Distribution 09769,Distributor,APAC-IN,India,371,95,1526,4600000,LTA
C-09770,Norvia Motors 09770,OEM,APAC-NE,Taiwan,252,98,5104,30700000,LTA
C-09771,Bluepeak Systems 09771,Tier-1,APAC-NE,Taiwan,166,95,3545,600000,spot
C-09772,Atlas Distribution 09772,Aftermarket,EMEA-E,Czechia,266,95,126,4800000,LTA
C-09773,Baltia Motors 09773,OEM,APAC-NE,China,194,98,53912,50700000,consignment
C-09774,Orion Distribution 09774,Distributor,APAC-SE,Thailand,500,95,2513,400000,spot
C-09775,Delantra Motors 09775,OEM,NA-MX,Mexico,78,98,12942,49000000,LTA
C-09776,Bluepeak Systems 09776,Tier-1,APAC-NE,China,106,95,3434,6000000,consignment
C-09777,Bluepeak Distribution 09777,Aftermarket,EMEA-E,Poland,371,95,712,500000,LTA
C-09778,Sumida Distribution 09778,Aftermarket,EMEA-W,Italy,240,95,3274,5900000,spot
C-09779,Baltia Motors 09779,OEM,EMEA-E,Romania,211,98,37209,18000000,consignment
C-09780,Bluepeak Systems 09780,Tier-1,APAC-NE,Taiwan,401,95,2993,4100000,LTA
C-09781,Atlas Motors 09781,OEM,NA-US,United States,58,98,24810,11700000,spot
C-09782,Cordis Distribution 09782,Aftermarket,SA,Brazil,329,95,3501,3900000,spot
C-09783,Orion Motors 09783,OEM,APAC-NE,Japan,312,98,43821,34100000,LTA
C-09784,Norvia Systems 09784,Tier-1,NA-US,United States,290,95,245,500000,LTA
C-09785,Orion Systems 09785,Tier-1,APAC-IN,India,493,95,160,4400000,consignment
C-09786,Vantage Systems 09786,Tier-1,NA-US,United States,63,95,2345,3400000,LTA
C-09787,Cordis Systems 09787,Tier-1,APAC-IN,India,328,95,553,3300000,LTA
C-09788,Norvia Distribution 09788,Distributor,EMEA-E,Czechia,499,95,2560,5000000,consignment
C-09789,Delantra Systems 09789,Tier-1,NA-MX,Mexico,299,95,2484,1000000,LTA
C-09790,Cordis Distribution 09790,Distributor,APAC-NE,Japan,379,95,1432,5000000,consignment
C-09791,Sumida Motors 09791,OEM,APAC-SE,Indonesia,323,98,18269,87100000,LTA
C-09792,Orion Motors 09792,OEM,EMEA-E,Poland,496,98,31018,47600000,LTA
C-09793,Atlas Systems 09793,Tier-1,APAC-IN,India,243,95,2690,4400000,LTA
C-09794,Baltia Systems 09794,Tier-1,APAC-SE,Vietnam,119,95,3655,1700000,LTA
C-09795,Baltia Distribution 09795,Distributor,APAC-NE,China,45,95,2995,600000,LTA
C-09796,Norvia Distribution 09796,Aftermarket,APAC-IN,India,461,95,3706,4700000,consignment
C-09797,Orion Distribution 09797,Aftermarket,EMEA-W,Germany,317,95,1458,2000000,consignment
C-09798,Vantage Distribution 09798,Distributor,APAC-IN,India,34,95,2210,5100000,consignment
C-09799,Vantage Motors 09799,OEM,APAC-SE,Vietnam,123,98,31576,77300000,consignment
C-09800,Orion Distribution 09800,Distributor,APAC-NE,Taiwan,225,95,2130,2800000,spot
C-09801,Baltia Systems 09801,Tier-1,EMEA-W,Spain,394,95,3840,5700000,LTA
C-09802,Norvia Systems 09802,Tier-1,EMEA-E,Turkey,322,95,3890,1200000,LTA
C-09803,Norvia Distribution 09803,Aftermarket,NA-MX,Mexico,474,95,522,4900000,LTA
C-09804,Cordis Motors 09804,OEM,SA,Argentina,72,98,23945,29100000,LTA
C-09805,Orion Systems 09805,Tier-1,NA-MX,Mexico,63,95,1485,5200000,LTA
C-09806,Bluepeak Systems 09806,Tier-1,SA,Brazil,45,95,2618,4800000,LTA
C-09807,Atlas Motors 09807,OEM,EMEA-W,Germany,339,98,9353,84800000,LTA
C-09808,Kestrel Motors 09808,OEM,NA-MX,Mexico,475,98,51853,72700000,LTA
C-09809,Atlas Distribution 09809,Distributor,EMEA-E,Czechia,83,95,3123,4100000,LTA
C-09810,Cordis Distribution 09810,Aftermarket,APAC-SE,Malaysia,369,95,3242,1300000,consignment
C-09811,Bluepeak Motors 09811,OEM,NA-US,United States,422,98,22526,38600000,LTA
C-09812,Orion Distribution 09812,Aftermarket,NA-US,United States,263,95,1838,2700000,consignment
C-09813,Kestrel Systems 09813,Tier-1,APAC-SE,Vietnam,69,95,1283,1400000,spot
C-09814,Cordis Motors 09814,OEM,NA-MX,Mexico,355,98,54067,63200000,LTA
C-09815,Norvia Motors 09815,OEM,EMEA-E,Czechia,291,98,27232,9900000,spot
C-09816,Delantra Distribution 09816,Aftermarket,EMEA-E,Romania,94,95,2114,1400000,LTA
C-09817,Bluepeak Systems 09817,Tier-1,EMEA-W,Germany,263,95,3276,1200000,consignment
C-09818,Kestrel Motors 09818,OEM,EMEA-W,Spain,24,98,41521,19600000,LTA
C-09819,Bluepeak Motors 09819,OEM,NA-MX,Mexico,339,98,31469,75700000,LTA
C-09820,Kestrel Systems 09820,Tier-1,APAC-SE,Indonesia,442,95,3917,3300000,LTA
C-09821,Sumida Systems 09821,Tier-1,APAC-NE,China,497,95,2417,3800000,consignment
C-09822,Kestrel Motors 09822,OEM,APAC-NE,China,372,98,51089,50800000,LTA
C-09823,Atlas Motors 09823,OEM,APAC-NE,Taiwan,466,98,25542,63000000,LTA
C-09824,Kestrel Motors 09824,OEM,APAC-IN,India,468,98,30161,28400000,LTA
C-09825,Baltia Motors 09825,OEM,APAC-IN,India,312,98,25701,24700000,LTA
C-09826,Orion Motors 09826,OEM,APAC-SE,Thailand,369,98,19870,8300000,LTA
C-09827,Vantage Motors 09827,OEM,EMEA-E,Turkey,391,98,45333,73200000,LTA
C-09828,Cordis Motors 09828,OEM,APAC-NE,South Korea,241,98,8528,37300000,consignment
C-09829,Norvia Motors 09829,OEM,APAC-NE,China,191,98,12563,53100000,spot
C-09830,Bluepeak Motors 09830,OEM,APAC-NE,Taiwan,225,98,44710,38400000,consignment
C-09831,Cordis Motors 09831,OEM,APAC-NE,China,104,98,19006,21400000,spot
C-09832,Baltia Distribution 09832,Aftermarket,APAC-NE,South Korea,404,95,2578,3200000,spot
C-09833,Baltia Systems 09833,Tier-1,APAC-SE,Indonesia,18,95,744,4800000,consignment
C-09834,Orion Motors 09834,OEM,NA-MX,Mexico,161,98,14913,70800000,spot
C-09835,Baltia Motors 09835,OEM,NA-US,United States,489,98,57164,39800000,LTA
C-09836,Baltia Distribution 09836,Aftermarket,NA-US,United States,285,95,2572,1600000,consignment
C-09837,Bluepeak Motors 09837,OEM,SA,Brazil,136,98,14544,45400000,LTA
C-09838,Orion Motors 09838,OEM,EMEA-E,Poland,63,98,45913,39000000,LTA
C-09839,Norvia Distribution 09839,Distributor,APAC-IN,India,164,95,1922,4800000,spot
C-09840,Delantra Motors 09840,OEM,EMEA-E,Poland,327,98,33492,38300000,LTA
C-09841,Sumida Distribution 09841,Aftermarket,EMEA-E,Romania,104,95,895,2000000,LTA
C-09842,Bluepeak Motors 09842,OEM,EMEA-W,Germany,28,98,8868,39900000,consignment
C-09843,Baltia Systems 09843,Tier-1,EMEA-E,Czechia,324,95,2286,4400000,consignment
C-09844,Delantra Distribution 09844,Distributor,NA-US,United States,11,95,2889,5300000,LTA
C-09845,Orion Systems 09845,Tier-1,APAC-IN,India,63,95,457,1300000,LTA
C-09846,Delantra Motors 09846,OEM,NA-MX,Mexico,327,98,26201,80800000,LTA
C-09847,Bluepeak Distribution 09847,Aftermarket,APAC-SE,Indonesia,419,95,1844,4400000,consignment
C-09848,Bluepeak Systems 09848,Tier-1,EMEA-W,Germany,105,95,967,3100000,spot
C-09849,Kestrel Distribution 09849,Distributor,APAC-NE,Japan,293,95,2084,3900000,LTA
C-09850,Orion Distribution 09850,Distributor,EMEA-E,Poland,294,95,223,2000000,LTA
C-09851,Bluepeak Motors 09851,OEM,APAC-NE,Japan,369,98,28719,20600000,LTA
C-09852,Delantra Distribution 09852,Aftermarket,APAC-NE,Taiwan,400,95,2803,3700000,consignment
C-09853,Kestrel Distribution 09853,Distributor,EMEA-W,Germany,434,95,1296,3600000,spot
C-09854,Norvia Motors 09854,OEM,APAC-NE,Japan,68,98,44788,36200000,spot
C-09855,Vantage Distribution 09855,Distributor,SA,Brazil,463,95,1586,800000,LTA
C-09856,Bluepeak Distribution 09856,Distributor,EMEA-E,Romania,307,95,109,3000000,consignment
C-09857,Norvia Motors 09857,OEM,EMEA-W,Spain,325,98,58777,29700000,spot
C-09858,Vantage Systems 09858,Tier-1,EMEA-W,Spain,275,95,11,200000,LTA
C-09859,Orion Distribution 09859,Aftermarket,APAC-SE,Vietnam,448,95,2211,2800000,LTA
C-09860,Delantra Motors 09860,OEM,NA-MX,Mexico,329,98,42479,45800000,LTA
C-09861,Vantage Distribution 09861,Distributor,EMEA-W,France,26,95,3766,200000,LTA
C-09862,Sumida Motors 09862,OEM,SA,Brazil,159,98,45785,67700000,consignment
C-09863,Orion Distribution 09863,Aftermarket,APAC-NE,Japan,233,95,360,2600000,spot
C-09864,Bluepeak Motors 09864,OEM,NA-US,United States,25,98,29568,23400000,consignment
C-09865,Baltia Distribution 09865,Aftermarket,NA-US,United States,472,95,696,1600000,LTA
C-09866,Orion Distribution 09866,Distributor,EMEA-E,Romania,23,95,3365,2500000,LTA
C-09867,Baltia Motors 09867,OEM,EMEA-W,Spain,254,98,58317,57900000,consignment
C-09868,Orion Motors 09868,OEM,APAC-SE,Vietnam,277,98,48088,24700000,spot
C-09869,Norvia Systems 09869,Tier-1,NA-US,United States,370,95,2766,600000,LTA
C-09870,Atlas Motors 09870,OEM,APAC-IN,India,147,98,40389,16700000,spot
C-09871,Cordis Distribution 09871,Aftermarket,APAC-IN,India,41,95,3037,5600000,LTA
C-09872,Bluepeak Systems 09872,Tier-1,SA,Brazil,91,95,2979,5200000,LTA
C-09873,Sumida Motors 09873,OEM,APAC-NE,South Korea,102,98,15114,26300000,consignment
C-09874,Norvia Distribution 09874,Aftermarket,SA,Brazil,114,95,3506,4700000,consignment
C-09875,Orion Distribution 09875,Aftermarket,APAC-IN,India,357,95,2146,700000,consignment
C-09876,Kestrel Distribution 09876,Aftermarket,APAC-IN,India,152,95,1821,2500000,spot
C-09877,Norvia Distribution 09877,Aftermarket,SA,Brazil,395,95,2797,200000,spot
C-09878,Orion Systems 09878,Tier-1,APAC-IN,India,482,95,659,1700000,LTA
C-09879,Bluepeak Motors 09879,OEM,EMEA-E,Czechia,111,98,51730,40700000,LTA
C-09880,Kestrel Distribution 09880,Aftermarket,SA,Argentina,415,95,606,4700000,LTA
C-09881,Cordis Motors 09881,OEM,EMEA-W,France,160,98,26239,62300000,consignment
C-09882,Baltia Systems 09882,Tier-1,APAC-SE,Malaysia,454,95,409,5200000,spot
C-09883,Atlas Distribution 09883,Distributor,NA-MX,Mexico,277,95,2973,5900000,consignment
C-09884,Kestrel Motors 09884,OEM,NA-MX,Mexico,54,98,48270,26400000,spot
C-09885,Bluepeak Distribution 09885,Aftermarket,APAC-NE,Japan,373,95,1205,1800000,LTA
C-09886,Delantra Distribution 09886,Aftermarket,APAC-NE,Japan,347,95,3546,1000000,consignment
C-09887,Atlas Systems 09887,Tier-1,NA-US,United States,126,95,3386,4500000,LTA
C-09888,Baltia Motors 09888,OEM,EMEA-E,Czechia,257,98,15740,69900000,spot
C-09889,Bluepeak Distribution 09889,Distributor,APAC-SE,Malaysia,256,95,1113,4900000,LTA
C-09890,Sumida Systems 09890,Tier-1,APAC-IN,India,60,95,2058,5200000,spot
C-09891,Cordis Systems 09891,Tier-1,APAC-IN,India,475,95,2096,3900000,consignment
C-09892,Sumida Systems 09892,Tier-1,NA-MX,Mexico,66,95,3289,900000,LTA
C-09893,Bluepeak Distribution 09893,Distributor,APAC-SE,Indonesia,484,95,3437,1500000,spot
C-09894,Orion Distribution 09894,Distributor,EMEA-E,Czechia,381,95,2183,3000000,consignment
C-09895,Delantra Motors 09895,OEM,SA,Brazil,230,98,9837,23500000,LTA
C-09896,Vantage Distribution 09896,Distributor,EMEA-E,Turkey,465,95,56,600000,LTA
C-09897,Bluepeak Distribution 09897,Aftermarket,NA-US,United States,167,95,1154,3600000,LTA
C-09898,Kestrel Distribution 09898,Distributor,EMEA-W,Germany,283,95,1685,3900000,spot
C-09899,Vantage Motors 09899,OEM,SA,Brazil,424,98,9037,34000000,LTA
C-09900,Delantra Distribution 09900,Distributor,NA-US,United States,33,95,3491,1300000,spot
C-09901,Bluepeak Motors 09901,OEM,APAC-IN,India,356,98,36382,50300000,spot
C-09902,Sumida Systems 09902,Tier-1,NA-US,United States,15,95,1401,3000000,LTA
C-09903,Orion Distribution 09903,Distributor,EMEA-E,Romania,87,95,2308,2800000,spot
C-09904,Norvia Motors 09904,OEM,APAC-SE,Indonesia,319,98,41829,40800000,LTA
C-09905,Cordis Motors 09905,OEM,EMEA-W,Germany,358,98,37334,11100000,LTA
C-09906,Delantra Motors 09906,OEM,APAC-SE,Malaysia,175,98,46632,56600000,consignment
C-09907,Kestrel Distribution 09907,Aftermarket,APAC-NE,Japan,105,95,2625,5000000,spot
C-09908,Kestrel Distribution 09908,Aftermarket,APAC-SE,Malaysia,332,95,3310,4500000,LTA
C-09909,Orion Motors 09909,OEM,EMEA-E,Czechia,74,98,20573,76800000,consignment
C-09910,Norvia Motors 09910,OEM,NA-US,United States,201,98,20943,10900000,consignment
C-09911,Norvia Motors 09911,OEM,NA-US,United States,374,98,48666,57400000,spot
C-09912,Delantra Motors 09912,OEM,NA-US,United States,259,98,30195,12800000,spot
C-09913,Cordis Distribution 09913,Distributor,NA-US,United States,52,95,3614,1100000,spot
C-09914,Orion Motors 09914,OEM,EMEA-W,Italy,204,98,26711,87500000,spot
C-09915,Bluepeak Motors 09915,OEM,APAC-SE,Malaysia,45,98,28198,65000000,spot
C-09916,Kestrel Systems 09916,Tier-1,APAC-IN,India,185,95,1873,400000,LTA
C-09917,Kestrel Motors 09917,OEM,NA-US,United States,212,98,21846,26800000,spot
C-09918,Vantage Motors 09918,OEM,EMEA-E,Czechia,253,98,29688,87200000,LTA
C-09919,Bluepeak Systems 09919,Tier-1,SA,Argentina,370,95,2038,1700000,LTA
C-09920,Sumida Distribution 09920,Aftermarket,APAC-NE,Japan,197,95,896,300000,spot
C-09921,Kestrel Distribution 09921,Aftermarket,NA-MX,Mexico,202,95,1320,5600000,LTA
C-09922,Sumida Distribution 09922,Distributor,SA,Argentina,70,95,1834,3700000,consignment
C-09923,Orion Distribution 09923,Distributor,APAC-IN,India,361,95,860,1600000,consignment
C-09924,Sumida Systems 09924,Tier-1,EMEA-W,Italy,387,95,3123,4000000,spot
C-09925,Vantage Motors 09925,OEM,EMEA-E,Poland,392,98,17309,6800000,consignment
C-09926,Cordis Motors 09926,OEM,APAC-SE,Vietnam,85,98,22543,49200000,LTA
C-09927,Baltia Distribution 09927,Aftermarket,APAC-IN,India,429,95,2388,4400000,LTA
C-09928,Delantra Motors 09928,OEM,EMEA-E,Czechia,286,98,41976,70800000,LTA
C-09929,Norvia Systems 09929,Tier-1,EMEA-W,France,88,95,573,1700000,spot
C-09930,Bluepeak Distribution 09930,Aftermarket,EMEA-E,Romania,459,95,2544,1600000,LTA
C-09931,Atlas Distribution 09931,Aftermarket,EMEA-W,Spain,306,95,1561,4900000,consignment
C-09932,Baltia Motors 09932,OEM,EMEA-E,Poland,151,98,19668,23500000,LTA
C-09933,Cordis Motors 09933,OEM,EMEA-E,Czechia,298,98,43853,2400000,spot
C-09934,Orion Motors 09934,OEM,SA,Argentina,486,98,11131,11500000,consignment
C-09935,Sumida Motors 09935,OEM,APAC-IN,India,54,98,51444,64900000,LTA
C-09936,Cordis Distribution 09936,Aftermarket,APAC-NE,Taiwan,215,95,2722,4200000,LTA
C-09937,Bluepeak Motors 09937,OEM,NA-MX,Mexico,293,98,38687,54800000,LTA
C-09938,Cordis Systems 09938,Tier-1,EMEA-E,Turkey,373,95,1961,3500000,spot
C-09939,Atlas Motors 09939,OEM,EMEA-E,Czechia,254,98,39265,34700000,spot
C-09940,Vantage Motors 09940,OEM,EMEA-W,France,323,98,19176,73700000,LTA
C-09941,Sumida Motors 09941,OEM,APAC-SE,Vietnam,193,98,22835,16200000,LTA
C-09942,Orion Motors 09942,OEM,NA-MX,Mexico,457,98,8853,81900000,LTA
C-09943,Sumida Distribution 09943,Distributor,SA,Brazil,379,95,3070,5800000,consignment
C-09944,Bluepeak Motors 09944,OEM,APAC-SE,Vietnam,463,98,38633,82100000,consignment
C-09945,Atlas Distribution 09945,Distributor,APAC-IN,India,279,95,3248,1500000,LTA
C-09946,Orion Distribution 09946,Aftermarket,APAC-SE,Indonesia,348,95,3094,700000,spot
C-09947,Delantra Motors 09947,OEM,NA-MX,Mexico,266,98,44714,21600000,spot
C-09948,Cordis Systems 09948,Tier-1,APAC-SE,Vietnam,226,95,906,4200000,spot
C-09949,Cordis Distribution 09949,Aftermarket,SA,Argentina,460,95,1438,1900000,consignment
C-09950,Norvia Distribution 09950,Aftermarket,NA-MX,Mexico,423,95,3132,900000,LTA
C-09951,Atlas Systems 09951,Tier-1,SA,Argentina,275,95,1687,4000000,spot
C-09952,Baltia Distribution 09952,Aftermarket,APAC-SE,Thailand,126,95,2505,2800000,consignment
C-09953,Orion Distribution 09953,Distributor,NA-MX,Mexico,380,95,1737,400000,consignment
C-09954,Delantra Distribution 09954,Distributor,EMEA-E,Czechia,281,95,2954,2900000,consignment
C-09955,Baltia Distribution 09955,Distributor,APAC-SE,Thailand,118,95,1772,2600000,LTA
C-09956,Vantage Distribution 09956,Aftermarket,NA-US,United States,389,95,401,3700000,LTA
C-09957,Orion Systems 09957,Tier-1,EMEA-W,Germany,167,95,2474,3300000,spot
C-09958,Vantage Motors 09958,OEM,NA-MX,Mexico,63,98,32278,5700000,LTA
C-09959,Sumida Motors 09959,OEM,NA-US,United States,306,98,16876,12800000,LTA
C-09960,Orion Motors 09960,OEM,APAC-IN,India,132,98,59785,29200000,LTA
C-09961,Norvia Distribution 09961,Aftermarket,NA-MX,Mexico,362,95,2412,300000,consignment
C-09962,Orion Motors 09962,OEM,APAC-NE,China,192,98,29826,31700000,LTA
C-09963,Cordis Distribution 09963,Aftermarket,APAC-NE,Taiwan,310,95,1201,2400000,LTA
C-09964,Baltia Motors 09964,OEM,NA-US,United States,372,98,36477,67300000,consignment
C-09965,Orion Systems 09965,Tier-1,APAC-IN,India,31,95,978,5200000,spot
C-09966,Sumida Distribution 09966,Aftermarket,SA,Argentina,53,95,1696,5900000,LTA
C-09967,Baltia Motors 09967,OEM,APAC-NE,Taiwan,308,98,44764,27800000,consignment
C-09968,Atlas Motors 09968,OEM,SA,Brazil,86,98,27817,36900000,LTA
C-09969,Cordis Distribution 09969,Distributor,EMEA-E,Czechia,433,95,2738,4900000,spot
C-09970,Norvia Systems 09970,Tier-1,NA-MX,Mexico,500,95,419,3000000,consignment
C-09971,Vantage Motors 09971,OEM,APAC-NE,Taiwan,142,98,25848,45700000,LTA
C-09972,Baltia Motors 09972,OEM,EMEA-E,Turkey,18,98,27842,75800000,spot
C-09973,Delantra Systems 09973,Tier-1,NA-US,United States,494,95,2122,4000000,spot
C-09974,Norvia Motors 09974,OEM,EMEA-E,Romania,384,98,8576,42900000,spot
C-09975,Bluepeak Motors 09975,OEM,APAC-NE,Japan,396,98,32163,30500000,LTA
C-09976,Atlas Motors 09976,OEM,APAC-SE,Malaysia,19,98,22160,66800000,spot
C-09977,Delantra Motors 09977,OEM,APAC-IN,India,294,98,10557,21300000,LTA
C-09978,Delantra Systems 09978,Tier-1,APAC-NE,China,345,95,1318,5800000,consignment
C-09979,Norvia Distribution 09979,Distributor,SA,Argentina,187,95,595,3500000,consignment
C-09980,Atlas Systems 09980,Tier-1,NA-MX,Mexico,224,95,3174,1300000,LTA
C-09981,Sumida Distribution 09981,Aftermarket,EMEA-E,Poland,281,95,2925,2400000,spot
C-09982,Vantage Motors 09982,OEM,NA-MX,Mexico,143,98,33100,24700000,consignment
C-09983,Kestrel Systems 09983,Tier-1,NA-MX,Mexico,19,95,3478,900000,LTA
C-09984,Cordis Systems 09984,Tier-1,EMEA-W,France,169,95,659,2800000,consignment
C-09985,Cordis Motors 09985,OEM,SA,Argentina,153,98,12867,82600000,consignment
C-09986,Cordis Distribution 09986,Distributor,APAC-SE,Thailand,304,95,2029,5900000,spot
C-09987,Bluepeak Motors 09987,OEM,NA-MX,Mexico,370,98,20143,46800000,spot
C-09988,Sumida Motors 09988,OEM,EMEA-W,France,272,98,36648,73300000,spot
C-09989,Vantage Motors 09989,OEM,EMEA-W,Germany,349,98,53173,5200000,spot
C-09990,Sumida Systems 09990,Tier-1,EMEA-W,Italy,244,95,3045,2500000,LTA
C-09991,Vantage Systems 09991,Tier-1,EMEA-W,Italy,440,95,3173,6000000,consignment
C-09992,Orion Distribution 09992,Aftermarket,NA-US,United States,278,95,3244,5400000,LTA
C-09993,Vantage Distribution 09993,Aftermarket,EMEA-W,Germany,257,95,3126,5400000,LTA
C-09994,Norvia Systems 09994,Tier-1,NA-US,United States,224,95,332,1100000,LTA
C-09995,Norvia Motors 09995,OEM,SA,Brazil,480,98,28802,74600000,LTA
C-09996,Vantage Distribution 09996,Distributor,EMEA-W,Spain,67,95,2584,2100000,LTA
C-09997,Kestrel Distribution 09997,Distributor,EMEA-E,Turkey,494,95,2321,4400000,consignment
C-09998,Baltia Motors 09998,OEM,APAC-IN,India,271,98,6938,29300000,consignment
C-09999,Atlas Systems 09999,Tier-1,NA-MX,Mexico,354,95,2495,300000,LTA
C-10000,Bluepeak Systems 10000,Tier-1,NA-MX,Mexico,362,95,3043,3700000,spot
