fg_id,description,program,fg_family,plant_id,price_usd,std_cost_usd,margin_pct,weekly_volume,lifecycle
FG-00001,Chassis & suspension assembly 00001,Hybrid D-Sedan,Exterior module,PL-20,2914.06,2479.87,14.9,1146,ramp-up
FG-00002,Exterior module assembly 00002,C-SUV Gen4,Interior module,PL-06,2763.37,2235.57,19.1,796,run-out
FG-00003,Powertrain assembly 00003,C-SUV Gen4,Chassis & suspension,PL-08,2075.85,1727.11,16.8,1202,run-out
FG-00004,Electrical & electronics assembly 00004,D-Sedan,Chassis & suspension,PL-11,309.25,240.6,22.2,1508,mature
FG-00005,Thermal system assembly 00005,Pickup Midsize,Exterior module,PL-05,863.53,783.22,9.3,2227,run-out
FG-00006,E-drive assembly 00006,BEV Compact,Powertrain,PL-10,117.24,99.19,15.4,3742,mature
FG-00007,Exterior module assembly 00007,C-SUV Gen5,Interior module,PL-16,3730.93,3383.95,9.3,2212,mature
FG-00008,Exterior module assembly 00008,BEV Compact,Chassis & suspension,PL-16,3737.92,3427.67,8.3,1777,mature
FG-00009,Powertrain assembly 00009,D-Sedan,Exterior module,PL-04,3677.17,3515.37,4.4,1476,mature
FG-00010,Thermal system assembly 00010,BEV Compact,Powertrain,PL-17,358.32,334.67,6.6,2260,mature
FG-00011,Body-in-white assembly 00011,BEV Crossover,Chassis & suspension,PL-06,1203.97,898.16,25.4,55,run-out
FG-00012,Electrical & electronics assembly 00012,BEV Compact,Exterior module,PL-13,2379.09,1936.58,18.6,2698,run-out
FG-00013,Interior module assembly 00013,BEV Compact,Exterior module,PL-11,2497.71,1960.7,21.5,2676,mature
FG-00014,E-drive assembly 00014,B-Hatch Facelift,Service kit,PL-15,2046.69,1666.01,18.6,206,mature
FG-00015,Thermal system assembly 00015,E-Van Commercial,Thermal system,PL-14,991.72,781.48,21.2,1026,run-out
FG-00016,Chassis & suspension assembly 00016,C-SUV Gen5,Service kit,PL-17,2875.58,2317.72,19.4,244,mature
FG-00017,Interior module assembly 00017,C-SUV Gen5,Interior module,PL-13,478.42,445.41,6.9,1401,ramp-up
FG-00018,Powertrain assembly 00018,Aftermarket Service,Body-in-white,PL-14,1210.42,1050.64,13.2,2679,mature
FG-00019,Exterior module assembly 00019,Aftermarket Service,Thermal system,PL-05,826.5,743.85,10,3206,mature
FG-00020,Body-in-white assembly 00020,BEV Crossover,Interior module,PL-20,1028.25,793.81,22.8,2967,mature
FG-00021,Body-in-white assembly 00021,Pickup Midsize,E-drive,PL-03,318.12,294.26,7.5,132,mature
FG-00022,Electrical & electronics assembly 00022,B-Hatch Facelift,Interior module,PL-01,3810.68,3052.35,19.9,894,mature
FG-00023,E-drive assembly 00023,D-Sedan,Electrical & electronics,PL-13,2141.13,1768.57,17.4,247,mature
FG-00024,E-drive assembly 00024,BEV Compact,Service kit,PL-14,2571.04,2043.98,20.5,1758,mature
FG-00025,Interior module assembly 00025,Aftermarket Service,Chassis & suspension,PL-06,106.19,88.24,16.9,704,run-out
FG-00026,E-drive assembly 00026,C-SUV Gen4,Chassis & suspension,PL-03,811.64,603.05,25.7,2428,mature
FG-00027,Thermal system assembly 00027,BEV Compact,Exterior module,PL-20,1759.02,1481.09,15.8,274,mature
FG-00028,E-drive assembly 00028,BEV Compact,E-drive,PL-12,2395.91,2247.36,6.2,88,mature
FG-00029,Body-in-white assembly 00029,BEV Compact,Electrical & electronics,PL-12,1632.54,1317.46,19.3,520,mature
FG-00030,E-drive assembly 00030,C-SUV Gen5,Service kit,PL-05,1420.57,1142.14,19.6,978,mature
FG-00031,E-drive assembly 00031,C-SUV Gen5,Exterior module,PL-18,204.1,178.38,12.6,3202,run-out
FG-00032,E-drive assembly 00032,B-Hatch Facelift,Thermal system,PL-02,1172.87,950.02,19,2673,mature
FG-00033,Interior module assembly 00033,C-SUV Gen5,Powertrain,PL-04,2077.63,1830.39,11.9,113,ramp-up
FG-00034,Body-in-white assembly 00034,Aftermarket Service,Interior module,PL-14,4002.74,3438.35,14.1,2824,mature
FG-00035,E-drive assembly 00035,E-Van Commercial,Body-in-white,PL-08,1700.86,1607.31,5.5,732,mature
FG-00036,Interior module assembly 00036,Aftermarket Service,Exterior module,PL-16,1194.98,1051.58,12,342,mature
FG-00037,Service kit assembly 00037,B-Hatch Facelift,Electrical & electronics,PL-11,2322.48,2220.29,4.4,3149,mature
FG-00038,Body-in-white assembly 00038,BEV Crossover,Exterior module,PL-11,236.48,180.43,23.7,360,mature
FG-00039,Powertrain assembly 00039,BEV Compact,Thermal system,PL-19,1709.34,1620.45,5.2,2820,mature
FG-00040,Electrical & electronics assembly 00040,BEV Crossover,Body-in-white,PL-01,2223.36,2096.63,5.7,290,run-out
FG-00041,Body-in-white assembly 00041,C-SUV Gen4,Powertrain,PL-14,2793.64,2254.47,19.3,1301,run-out
FG-00042,Chassis & suspension assembly 00042,Aftermarket Service,Interior module,PL-02,4198.18,3345.95,20.3,2348,mature
FG-00043,Chassis & suspension assembly 00043,C-SUV Gen4,E-drive,PL-12,3545.11,3077.16,13.2,3651,ramp-up
FG-00044,Chassis & suspension assembly 00044,C-SUV Gen4,Exterior module,PL-04,1487.15,1149.57,22.7,3392,mature
FG-00045,Interior module assembly 00045,C-SUV Gen5,Chassis & suspension,PL-01,3463.21,2569.7,25.8,713,mature
FG-00046,Powertrain assembly 00046,BEV Compact,Service kit,PL-07,2502.27,1959.28,21.7,3666,run-out
FG-00047,Service kit assembly 00047,D-Sedan,E-drive,PL-14,1759.3,1384.57,21.3,538,run-out
FG-00048,Body-in-white assembly 00048,BEV Crossover,Body-in-white,PL-13,1993.55,1574.9,21,419,run-out
FG-00049,E-drive assembly 00049,B-Hatch Facelift,Body-in-white,PL-09,3848.85,3625.62,5.8,3103,ramp-up
FG-00050,E-drive assembly 00050,BEV Crossover,Electrical & electronics,PL-08,4161.21,3104.26,25.4,430,mature
FG-00051,Thermal system assembly 00051,BEV Crossover,Service kit,PL-03,2913.59,2552.3,12.4,1489,mature
FG-00052,Interior module assembly 00052,B-Hatch Facelift,Body-in-white,PL-13,62.83,60.07,4.4,2287,mature
FG-00053,Interior module assembly 00053,BEV Compact,Thermal system,PL-06,3013.75,2411,20,1973,mature
FG-00054,E-drive assembly 00054,B-Hatch Facelift,Electrical & electronics,PL-04,3190.54,2916.15,8.6,1343,mature
FG-00055,Exterior module assembly 00055,Hybrid D-Sedan,E-drive,PL-03,650.2,623.54,4.1,2519,mature
FG-00056,Electrical & electronics assembly 00056,C-SUV Gen5,Electrical & electronics,PL-08,1948.26,1507.95,22.6,2249,mature
FG-00057,Powertrain assembly 00057,Aftermarket Service,Interior module,PL-06,3721.66,3360.66,9.7,1521,mature
FG-00058,Thermal system assembly 00058,Aftermarket Service,Thermal system,PL-16,3538.83,2969.08,16.1,1223,mature
FG-00059,Service kit assembly 00059,C-SUV Gen4,Interior module,PL-12,621.9,593.91,4.5,2772,run-out
FG-00060,Interior module assembly 00060,D-Sedan,Body-in-white,PL-03,3061.2,2549.98,16.7,2361,mature
FG-00061,E-drive assembly 00061,Aftermarket Service,E-drive,PL-16,4126.87,3421.18,17.1,1513,mature
FG-00062,Powertrain assembly 00062,C-SUV Gen5,Interior module,PL-02,2467.67,2302.34,6.7,3691,mature
FG-00063,E-drive assembly 00063,C-SUV Gen4,Thermal system,PL-12,3871.99,3387.99,12.5,745,mature
FG-00064,Chassis & suspension assembly 00064,E-Van Commercial,Interior module,PL-20,436.03,357.98,17.9,2137,mature
FG-00065,Body-in-white assembly 00065,C-SUV Gen4,Powertrain,PL-07,1929.22,1759.45,8.8,1064,mature
FG-00066,Body-in-white assembly 00066,Pickup Midsize,Exterior module,PL-18,3016.75,2817.64,6.6,2264,ramp-up
FG-00067,Interior module assembly 00067,D-Sedan,Powertrain,PL-18,2679.34,2199.74,17.9,1846,mature
FG-00068,Chassis & suspension assembly 00068,C-SUV Gen4,Thermal system,PL-02,1040.19,887.28,14.7,2333,mature
FG-00069,Interior module assembly 00069,B-Hatch Facelift,Thermal system,PL-04,2684.09,2455.94,8.5,2423,run-out
FG-00070,Thermal system assembly 00070,C-SUV Gen4,Electrical & electronics,PL-02,1538.77,1200.24,22,3046,mature
FG-00071,Electrical & electronics assembly 00071,Pickup Midsize,Thermal system,PL-11,1333.37,1026.69,23,3271,mature
FG-00072,Thermal system assembly 00072,C-SUV Gen4,Powertrain,PL-08,999.16,802.33,19.7,1165,mature
FG-00073,Chassis & suspension assembly 00073,C-SUV Gen5,Interior module,PL-19,3182.42,2915.1,8.4,3405,mature
FG-00074,Body-in-white assembly 00074,Pickup Midsize,Exterior module,PL-08,164.48,137.18,16.6,2036,ramp-up
FG-00075,Body-in-white assembly 00075,Hybrid D-Sedan,Electrical & electronics,PL-04,3669.02,2902.19,20.9,1565,mature
FG-00076,E-drive assembly 00076,BEV Crossover,Thermal system,PL-20,2216.47,1664.57,24.9,1868,mature
FG-00077,Exterior module assembly 00077,D-Sedan,Service kit,PL-12,3915.68,3394.89,13.3,1177,mature
FG-00078,Interior module assembly 00078,Hybrid D-Sedan,Thermal system,PL-12,2647.69,2065.2,22,255,run-out
FG-00079,Electrical & electronics assembly 00079,C-SUV Gen5,Service kit,PL-17,601.8,497.09,17.4,189,mature
FG-00080,Chassis & suspension assembly 00080,Pickup Midsize,Thermal system,PL-16,4063.7,3076.22,24.3,1359,mature
FG-00081,Chassis & suspension assembly 00081,Aftermarket Service,Electrical & electronics,PL-14,765.9,619.61,19.1,3599,mature
FG-00082,Interior module assembly 00082,D-Sedan,Powertrain,PL-07,1900.25,1797.64,5.4,3747,mature
FG-00083,Chassis & suspension assembly 00083,BEV Crossover,E-drive,PL-19,3367.76,3061.29,9.1,1949,ramp-up
FG-00084,Thermal system assembly 00084,E-Van Commercial,Service kit,PL-15,3380.47,2927.49,13.4,1574,mature
FG-00085,Chassis & suspension assembly 00085,Hybrid D-Sedan,Body-in-white,PL-04,1625.65,1430.57,12,2756,mature
FG-00086,Exterior module assembly 00086,BEV Compact,Service kit,PL-05,767.05,585.26,23.7,890,mature
FG-00087,Powertrain assembly 00087,Aftermarket Service,Powertrain,PL-10,1973.49,1872.84,5.1,1443,run-out
FG-00088,Exterior module assembly 00088,Pickup Midsize,E-drive,PL-13,2784.45,2461.45,11.6,1911,mature
FG-00089,Powertrain assembly 00089,B-Hatch Facelift,Exterior module,PL-09,1468.05,1274.27,13.2,1427,run-out
FG-00090,Exterior module assembly 00090,B-Hatch Facelift,Thermal system,PL-19,3716.05,2764.74,25.6,208,run-out
FG-00091,E-drive assembly 00091,Aftermarket Service,Service kit,PL-17,2591.13,2448.62,5.5,179,ramp-up
FG-00092,Service kit assembly 00092,C-SUV Gen5,Service kit,PL-07,2361.36,1941.04,17.8,3007,run-out
FG-00093,Body-in-white assembly 00093,Pickup Midsize,Service kit,PL-08,3121.77,2728.43,12.6,1743,ramp-up
FG-00094,Service kit assembly 00094,Pickup Midsize,Chassis & suspension,PL-20,218.22,206.44,5.4,124,run-out
FG-00095,Exterior module assembly 00095,BEV Crossover,Body-in-white,PL-16,2628.39,2023.86,23,2798,mature
FG-00096,Exterior module assembly 00096,B-Hatch Facelift,Exterior module,PL-13,3819.96,3403.58,10.9,2958,mature
FG-00097,Electrical & electronics assembly 00097,D-Sedan,Service kit,PL-07,651.02,568.99,12.6,1400,run-out
FG-00098,Exterior module assembly 00098,Hybrid D-Sedan,E-drive,PL-16,2142.61,1600.53,25.3,299,mature
FG-00099,Chassis & suspension assembly 00099,BEV Compact,Powertrain,PL-15,3193.48,2653.78,16.9,1946,ramp-up
FG-00100,Chassis & suspension assembly 00100,BEV Crossover,Powertrain,PL-04,2182.06,1850.39,15.2,1103,run-out
FG-00101,Powertrain assembly 00101,BEV Compact,Exterior module,PL-01,130.56,122.07,6.5,1229,ramp-up
FG-00102,Electrical & electronics assembly 00102,BEV Compact,Chassis & suspension,PL-18,2206.3,1826.82,17.2,1638,mature
FG-00103,Powertrain assembly 00103,Pickup Midsize,Body-in-white,PL-07,785.2,584.97,25.5,964,run-out
FG-00104,Chassis & suspension assembly 00104,BEV Crossover,Thermal system,PL-15,2402.53,2090.2,13,1800,ramp-up
FG-00105,Thermal system assembly 00105,Hybrid D-Sedan,Service kit,PL-14,3025.7,2347.94,22.4,1408,mature
FG-00106,E-drive assembly 00106,C-SUV Gen4,E-drive,PL-12,3059.42,2309.86,24.5,2504,run-out
FG-00107,Powertrain assembly 00107,BEV Crossover,Electrical & electronics,PL-17,3912.88,3462.9,11.5,2542,mature
FG-00108,Service kit assembly 00108,C-SUV Gen4,Body-in-white,PL-17,2749.26,2471.58,10.1,3088,mature
FG-00109,Electrical & electronics assembly 00109,Pickup Midsize,E-drive,PL-01,2037.3,1774.49,12.9,1468,ramp-up
FG-00110,Body-in-white assembly 00110,E-Van Commercial,Powertrain,PL-07,665.15,635.88,4.4,2499,mature
FG-00111,Powertrain assembly 00111,BEV Compact,Body-in-white,PL-18,4011.4,3353.53,16.4,1158,mature
FG-00112,Powertrain assembly 00112,Hybrid D-Sedan,Body-in-white,PL-03,3113.21,2668.02,14.3,465,mature
FG-00113,Interior module assembly 00113,Pickup Midsize,Service kit,PL-03,1876.74,1698.45,9.5,289,mature
FG-00114,Exterior module assembly 00114,Pickup Midsize,Body-in-white,PL-08,919.72,882.01,4.1,2467,mature
FG-00115,Service kit assembly 00115,Pickup Midsize,Exterior module,PL-11,371.17,346.3,6.7,1985,run-out
FG-00116,Exterior module assembly 00116,Pickup Midsize,Exterior module,PL-02,853.37,744.99,12.7,2011,run-out
FG-00117,Thermal system assembly 00117,C-SUV Gen5,Exterior module,PL-13,2645.99,2320.53,12.3,3661,mature
FG-00118,Interior module assembly 00118,Pickup Midsize,Interior module,PL-20,3032.4,2847.42,6.1,714,mature
FG-00119,E-drive assembly 00119,Hybrid D-Sedan,Powertrain,PL-09,138.17,130.85,5.3,1982,ramp-up
FG-00120,Chassis & suspension assembly 00120,BEV Crossover,Service kit,PL-05,3261.79,2723.59,16.5,1925,ramp-up
FG-00121,Exterior module assembly 00121,Aftermarket Service,Electrical & electronics,PL-10,3992.53,3509.43,12.1,1604,ramp-up
FG-00122,Exterior module assembly 00122,Aftermarket Service,Powertrain,PL-08,3680.5,3058.5,16.9,564,mature
FG-00123,Body-in-white assembly 00123,Aftermarket Service,Chassis & suspension,PL-11,1693.92,1256.89,25.8,1239,mature
FG-00124,Service kit assembly 00124,BEV Crossover,Interior module,PL-01,2633.57,2201.66,16.4,3207,ramp-up
FG-00125,Exterior module assembly 00125,Aftermarket Service,Powertrain,PL-06,954.41,834.15,12.6,2391,mature
FG-00126,Chassis & suspension assembly 00126,C-SUV Gen4,Service kit,PL-15,1164.39,900.07,22.7,2802,mature
FG-00127,Service kit assembly 00127,Pickup Midsize,Chassis & suspension,PL-07,2965.48,2763.83,6.8,2980,mature
FG-00128,Body-in-white assembly 00128,BEV Compact,Chassis & suspension,PL-17,1196.84,1137,5,2535,run-out
FG-00129,Exterior module assembly 00129,Aftermarket Service,Body-in-white,PL-19,580.21,533.79,8,2302,run-out
FG-00130,Exterior module assembly 00130,D-Sedan,Powertrain,PL-04,3717.49,3301.13,11.2,1891,mature
FG-00131,Service kit assembly 00131,Hybrid D-Sedan,Thermal system,PL-15,1425.47,1291.48,9.4,2213,mature
FG-00132,E-drive assembly 00132,D-Sedan,Service kit,PL-20,2802.79,2231.02,20.4,1612,run-out
FG-00133,Interior module assembly 00133,C-SUV Gen4,E-drive,PL-16,1154.07,1091.75,5.4,748,mature
FG-00134,Thermal system assembly 00134,C-SUV Gen4,Chassis & suspension,PL-15,421.25,353.43,16.1,1100,mature
FG-00135,Electrical & electronics assembly 00135,E-Van Commercial,Powertrain,PL-03,2402.03,1933.63,19.5,863,mature
FG-00136,E-drive assembly 00136,C-SUV Gen5,Exterior module,PL-17,460.64,392.93,14.7,3378,ramp-up
FG-00137,Service kit assembly 00137,D-Sedan,Powertrain,PL-16,505.68,382.29,24.4,273,run-out
FG-00138,Interior module assembly 00138,BEV Compact,Body-in-white,PL-10,2755.18,2573.34,6.6,1152,ramp-up
FG-00139,E-drive assembly 00139,BEV Crossover,Chassis & suspension,PL-07,2458.89,2122.02,13.7,200,mature
FG-00140,Chassis & suspension assembly 00140,C-SUV Gen5,Electrical & electronics,PL-12,1267.69,1175.15,7.3,673,ramp-up
FG-00141,Powertrain assembly 00141,BEV Compact,Service kit,PL-02,165.25,149.39,9.6,2769,run-out
FG-00142,Body-in-white assembly 00142,BEV Compact,Exterior module,PL-08,3046.83,2443.56,19.8,235,mature
FG-00143,Interior module assembly 00143,BEV Compact,Interior module,PL-13,1860.28,1389.63,25.3,848,mature
FG-00144,Thermal system assembly 00144,C-SUV Gen4,Powertrain,PL-09,1479.26,1187.85,19.7,2700,mature
FG-00145,Thermal system assembly 00145,Aftermarket Service,Interior module,PL-12,1208.58,1134.86,6.1,1916,mature
FG-00146,Chassis & suspension assembly 00146,C-SUV Gen4,Service kit,PL-07,3556.81,3332.73,6.3,1555,mature
FG-00147,Service kit assembly 00147,C-SUV Gen4,Service kit,PL-15,416.02,364.85,12.3,2779,run-out
FG-00148,Exterior module assembly 00148,E-Van Commercial,Exterior module,PL-11,3128.71,2844,9.1,998,mature
FG-00149,Thermal system assembly 00149,Hybrid D-Sedan,Thermal system,PL-09,101.97,96.06,5.8,2090,run-out
FG-00150,Service kit assembly 00150,Aftermarket Service,Thermal system,PL-05,4013.76,3744.84,6.7,1998,mature
FG-00151,Service kit assembly 00151,C-SUV Gen4,Electrical & electronics,PL-17,1636.44,1449.89,11.4,1536,mature
FG-00152,Powertrain assembly 00152,B-Hatch Facelift,Interior module,PL-01,1562.48,1217.17,22.1,3472,mature
FG-00153,Powertrain assembly 00153,BEV Compact,Interior module,PL-06,1167.3,1010.88,13.4,3233,mature
FG-00154,Service kit assembly 00154,BEV Crossover,E-drive,PL-19,1614.36,1306.02,19.1,3472,mature
FG-00155,E-drive assembly 00155,Pickup Midsize,Powertrain,PL-11,267.44,250.59,6.3,3353,mature
FG-00156,Chassis & suspension assembly 00156,Hybrid D-Sedan,Powertrain,PL-20,2060.02,1660.38,19.4,362,mature
FG-00157,Electrical & electronics assembly 00157,C-SUV Gen5,Electrical & electronics,PL-06,4116.98,3124.79,24.1,858,mature
FG-00158,E-drive assembly 00158,BEV Crossover,Powertrain,PL-05,3488.38,2741.87,21.4,1563,ramp-up
FG-00159,Electrical & electronics assembly 00159,E-Van Commercial,Powertrain,PL-01,3065.46,2608.71,14.9,2472,mature
FG-00160,Powertrain assembly 00160,B-Hatch Facelift,Exterior module,PL-09,3213.86,2985.68,7.1,2051,mature
FG-00161,E-drive assembly 00161,E-Van Commercial,Body-in-white,PL-20,4053.99,3081.03,24,1170,mature
FG-00162,Body-in-white assembly 00162,BEV Compact,Thermal system,PL-18,1768.58,1501.52,15.1,660,mature
FG-00163,Exterior module assembly 00163,Pickup Midsize,Chassis & suspension,PL-16,3867.48,2927.68,24.3,49,run-out
FG-00164,Thermal system assembly 00164,C-SUV Gen5,Service kit,PL-06,1084.55,919.7,15.2,1262,mature
FG-00165,Body-in-white assembly 00165,BEV Compact,Chassis & suspension,PL-08,3936.82,3472.28,11.8,2163,mature
FG-00166,Body-in-white assembly 00166,B-Hatch Facelift,Interior module,PL-11,2675.81,1990.8,25.6,2611,mature
FG-00167,E-drive assembly 00167,E-Van Commercial,Exterior module,PL-16,211.04,185.5,12.1,367,mature
FG-00168,Service kit assembly 00168,D-Sedan,Electrical & electronics,PL-10,1665.7,1507.46,9.5,3300,ramp-up
FG-00169,Service kit assembly 00169,C-SUV Gen4,Chassis & suspension,PL-20,2114.53,1668.36,21.1,1181,mature
FG-00170,E-drive assembly 00170,Aftermarket Service,Exterior module,PL-18,1588.95,1366.5,14,2944,mature
FG-00171,E-drive assembly 00171,E-Van Commercial,Body-in-white,PL-11,1644.22,1438.69,12.5,3283,ramp-up
FG-00172,Interior module assembly 00172,Hybrid D-Sedan,Interior module,PL-20,108.96,83.68,23.2,3365,mature
FG-00173,Thermal system assembly 00173,C-SUV Gen5,Electrical & electronics,PL-14,636.74,572.43,10.1,2479,mature
FG-00174,Chassis & suspension assembly 00174,Aftermarket Service,Exterior module,PL-10,3819.92,3476.13,9,2207,mature
FG-00175,Interior module assembly 00175,Hybrid D-Sedan,Exterior module,PL-19,640.65,597.09,6.8,439,mature
FG-00176,Electrical & electronics assembly 00176,E-Van Commercial,Chassis & suspension,PL-10,1499.04,1115.29,25.6,1683,mature
FG-00177,Thermal system assembly 00177,Aftermarket Service,Exterior module,PL-18,1098.59,926.11,15.7,2102,mature
FG-00178,Service kit assembly 00178,BEV Crossover,Interior module,PL-20,3838.71,3109.36,19,2190,ramp-up
FG-00179,Electrical & electronics assembly 00179,C-SUV Gen4,Interior module,PL-06,1684.49,1505.93,10.6,1732,run-out
FG-00180,Thermal system assembly 00180,Pickup Midsize,E-drive,PL-17,78.69,71.21,9.5,3498,ramp-up
FG-00181,Service kit assembly 00181,C-SUV Gen5,Chassis & suspension,PL-09,485.77,381.82,21.4,3005,ramp-up
FG-00182,E-drive assembly 00182,Hybrid D-Sedan,Electrical & electronics,PL-16,1893.32,1696.41,10.4,2142,ramp-up
FG-00183,Powertrain assembly 00183,BEV Crossover,E-drive,PL-09,495.48,453.36,8.5,1287,run-out
FG-00184,Powertrain assembly 00184,BEV Compact,Powertrain,PL-17,4178.69,3618.75,13.4,173,mature
FG-00185,Powertrain assembly 00185,C-SUV Gen5,Powertrain,PL-13,3639.54,2773.33,23.8,3715,run-out
FG-00186,Electrical & electronics assembly 00186,B-Hatch Facelift,Service kit,PL-08,4009.83,3332.17,16.9,2552,run-out
FG-00187,Thermal system assembly 00187,E-Van Commercial,Service kit,PL-13,648.88,521.05,19.7,139,run-out
FG-00188,Electrical & electronics assembly 00188,B-Hatch Facelift,Chassis & suspension,PL-01,2977.9,2635.44,11.5,3215,mature
FG-00189,Chassis & suspension assembly 00189,C-SUV Gen5,Body-in-white,PL-04,2481.68,2238.48,9.8,2107,ramp-up
FG-00190,Body-in-white assembly 00190,B-Hatch Facelift,Thermal system,PL-05,1217.37,1116.33,8.3,1371,mature
FG-00191,Electrical & electronics assembly 00191,D-Sedan,Powertrain,PL-13,1110.5,998.34,10.1,2457,mature
FG-00192,Powertrain assembly 00192,Aftermarket Service,Exterior module,PL-04,3898.2,2962.63,24,2687,run-out
FG-00193,E-drive assembly 00193,Pickup Midsize,Chassis & suspension,PL-05,944.53,724.45,23.3,2968,mature
FG-00194,Interior module assembly 00194,C-SUV Gen4,Service kit,PL-14,2788.08,2180.28,21.8,1567,mature
FG-00195,Powertrain assembly 00195,BEV Crossover,Powertrain,PL-12,391.71,296.13,24.4,414,mature
FG-00196,Powertrain assembly 00196,Pickup Midsize,Chassis & suspension,PL-17,3519.53,3290.76,6.5,1235,mature
FG-00197,Interior module assembly 00197,Pickup Midsize,Powertrain,PL-11,2505.98,2235.33,10.8,2874,mature
FG-00198,Electrical & electronics assembly 00198,C-SUV Gen5,Interior module,PL-01,2997.17,2739.41,8.6,3574,mature
FG-00199,Service kit assembly 00199,BEV Compact,Thermal system,PL-02,704.42,634.68,9.9,660,mature
FG-00200,Chassis & suspension assembly 00200,C-SUV Gen5,Service kit,PL-12,4199.87,4015.08,4.4,2746,run-out
FG-00201,Thermal system assembly 00201,E-Van Commercial,Body-in-white,PL-03,1879.46,1512.97,19.5,1532,ramp-up
FG-00202,Powertrain assembly 00202,B-Hatch Facelift,Powertrain,PL-12,1897.92,1717.62,9.5,1499,mature
FG-00203,E-drive assembly 00203,Pickup Midsize,Chassis & suspension,PL-05,3806.07,3242.77,14.8,1630,mature
FG-00204,E-drive assembly 00204,BEV Crossover,Chassis & suspension,PL-17,1610.25,1275.32,20.8,1004,mature
FG-00205,Service kit assembly 00205,E-Van Commercial,Body-in-white,PL-12,1633.94,1284.28,21.4,1780,mature
FG-00206,Electrical & electronics assembly 00206,D-Sedan,Chassis & suspension,PL-12,1166.61,899.46,22.9,2036,mature
FG-00207,E-drive assembly 00207,C-SUV Gen5,Service kit,PL-12,2689.67,2369.6,11.9,1113,mature
FG-00208,Service kit assembly 00208,Aftermarket Service,Powertrain,PL-03,1354.74,1127.14,16.8,2376,mature
FG-00209,Chassis & suspension assembly 00209,BEV Crossover,Thermal system,PL-18,3883.96,2986.77,23.1,2026,mature
FG-00210,Exterior module assembly 00210,E-Van Commercial,Service kit,PL-03,4102.6,3893.37,5.1,1775,mature
FG-00211,Powertrain assembly 00211,BEV Crossover,Interior module,PL-01,2358.78,2155.92,8.6,25,ramp-up
FG-00212,Exterior module assembly 00212,C-SUV Gen5,Chassis & suspension,PL-18,2350.48,1861.58,20.8,3130,mature
FG-00213,Powertrain assembly 00213,B-Hatch Facelift,Interior module,PL-10,1979.59,1544.08,22,26,mature
FG-00214,Exterior module assembly 00214,C-SUV Gen4,Electrical & electronics,PL-09,3163.28,2404.09,24,2328,mature
FG-00215,Service kit assembly 00215,B-Hatch Facelift,Electrical & electronics,PL-03,3207.49,2392.79,25.4,2416,mature
FG-00216,Electrical & electronics assembly 00216,D-Sedan,Service kit,PL-08,982.62,794.94,19.1,770,mature
FG-00217,Electrical & electronics assembly 00217,D-Sedan,Chassis & suspension,PL-07,1281.44,1200.71,6.3,451,mature
FG-00218,Service kit assembly 00218,BEV Crossover,Exterior module,PL-12,739.1,611.24,17.3,2768,mature
FG-00219,Body-in-white assembly 00219,BEV Crossover,Chassis & suspension,PL-14,1020.43,949,7,342,mature
FG-00220,Exterior module assembly 00220,Aftermarket Service,Exterior module,PL-20,3569.4,2791.27,21.8,1605,ramp-up
FG-00221,Exterior module assembly 00221,Hybrid D-Sedan,Thermal system,PL-15,2540.68,2012.22,20.8,3538,run-out
FG-00222,Thermal system assembly 00222,Pickup Midsize,Interior module,PL-12,843.54,738.94,12.4,3406,mature
FG-00223,E-drive assembly 00223,C-SUV Gen5,Interior module,PL-01,3592.81,2827.54,21.3,335,run-out
FG-00224,Thermal system assembly 00224,BEV Crossover,Interior module,PL-20,1432.06,1165.7,18.6,1843,mature
FG-00225,Exterior module assembly 00225,Pickup Midsize,E-drive,PL-12,1899.03,1652.16,13,1314,run-out
FG-00226,Interior module assembly 00226,Hybrid D-Sedan,Thermal system,PL-09,803.16,671.44,16.4,2015,run-out
FG-00227,Powertrain assembly 00227,Aftermarket Service,Service kit,PL-01,1645.35,1373.87,16.5,711,mature
FG-00228,Interior module assembly 00228,C-SUV Gen5,Interior module,PL-11,4134.93,3183.9,23,2712,run-out
FG-00229,E-drive assembly 00229,Hybrid D-Sedan,Exterior module,PL-03,3353.75,3045.2,9.2,281,ramp-up
FG-00230,Electrical & electronics assembly 00230,D-Sedan,E-drive,PL-02,3722.52,3126.92,16,1388,mature
FG-00231,Electrical & electronics assembly 00231,BEV Crossover,Chassis & suspension,PL-17,2064.35,1651.48,20,2922,run-out
FG-00232,E-drive assembly 00232,D-Sedan,Service kit,PL-17,2090.35,1960.75,6.2,2899,mature
FG-00233,Electrical & electronics assembly 00233,E-Van Commercial,Service kit,PL-01,2137.63,2043.57,4.4,2509,ramp-up
FG-00234,Body-in-white assembly 00234,C-SUV Gen5,Chassis & suspension,PL-09,1864.27,1454.13,22,1779,mature
FG-00235,Interior module assembly 00235,Hybrid D-Sedan,Thermal system,PL-06,2971.62,2811.15,5.4,204,mature
FG-00236,E-drive assembly 00236,BEV Crossover,Body-in-white,PL-02,3953.75,3676.99,7,2332,run-out
FG-00237,E-drive assembly 00237,E-Van Commercial,Exterior module,PL-12,1339.05,1254.69,6.3,1855,ramp-up
FG-00238,Exterior module assembly 00238,BEV Compact,Exterior module,PL-08,1579.08,1193.78,24.4,902,mature
FG-00239,Powertrain assembly 00239,E-Van Commercial,Powertrain,PL-08,2034.55,1517.77,25.4,270,mature
FG-00240,Interior module assembly 00240,B-Hatch Facelift,E-drive,PL-05,3383.55,2635.79,22.1,2181,mature
FG-00241,Body-in-white assembly 00241,Aftermarket Service,Body-in-white,PL-06,3591.89,3117.76,13.2,2871,mature
FG-00242,E-drive assembly 00242,E-Van Commercial,Body-in-white,PL-13,2530.67,2143.48,15.3,1490,run-out
FG-00243,Exterior module assembly 00243,BEV Compact,Interior module,PL-17,621.07,539.09,13.2,2621,mature
FG-00244,Chassis & suspension assembly 00244,Aftermarket Service,Service kit,PL-09,3971.28,3740.95,5.8,1075,run-out
FG-00245,Exterior module assembly 00245,Aftermarket Service,Chassis & suspension,PL-07,2765.6,2364.59,14.5,1896,mature
FG-00246,Chassis & suspension assembly 00246,BEV Crossover,E-drive,PL-01,1850.81,1658.33,10.4,3737,mature
FG-00247,Chassis & suspension assembly 00247,Hybrid D-Sedan,E-drive,PL-14,3799.64,2853.53,24.9,2324,mature
FG-00248,Thermal system assembly 00248,E-Van Commercial,Body-in-white,PL-12,2621.46,1987.07,24.2,2664,ramp-up
FG-00249,Electrical & electronics assembly 00249,C-SUV Gen5,E-drive,PL-04,585.19,516.14,11.8,2183,run-out
FG-00250,Electrical & electronics assembly 00250,E-Van Commercial,Electrical & electronics,PL-06,2449.34,2324.42,5.1,1518,run-out
FG-00251,Thermal system assembly 00251,C-SUV Gen5,Thermal system,PL-08,3719.28,3008.9,19.1,1363,mature
FG-00252,Body-in-white assembly 00252,Hybrid D-Sedan,Powertrain,PL-13,2016.69,1754.52,13,496,mature
FG-00253,E-drive assembly 00253,Aftermarket Service,Exterior module,PL-17,2476.18,1985.9,19.8,2551,run-out
FG-00254,Thermal system assembly 00254,C-SUV Gen5,Interior module,PL-01,549.1,447.52,18.5,1288,mature
FG-00255,E-drive assembly 00255,Aftermarket Service,Powertrain,PL-20,384.56,341.1,11.3,1068,mature
FG-00256,Interior module assembly 00256,C-SUV Gen4,Chassis & suspension,PL-11,2307.62,1850.71,19.8,702,mature
FG-00257,Body-in-white assembly 00257,D-Sedan,Exterior module,PL-16,944.68,737.8,21.9,1172,mature
FG-00258,Powertrain assembly 00258,D-Sedan,Powertrain,PL-18,2306.02,2179.19,5.5,3183,mature
FG-00259,Chassis & suspension assembly 00259,BEV Compact,Exterior module,PL-17,1655.59,1528.11,7.7,2120,mature
FG-00260,Electrical & electronics assembly 00260,Pickup Midsize,Body-in-white,PL-03,1112.92,1049.48,5.7,3093,mature
FG-00261,Thermal system assembly 00261,C-SUV Gen5,Body-in-white,PL-19,507.31,436.79,13.9,3129,mature
FG-00262,Powertrain assembly 00262,Pickup Midsize,Exterior module,PL-09,3034.05,2709.41,10.7,1016,mature
FG-00263,Thermal system assembly 00263,BEV Compact,Interior module,PL-18,2473.02,2346.9,5.1,772,mature
FG-00264,Body-in-white assembly 00264,Hybrid D-Sedan,Powertrain,PL-03,1829.34,1430.54,21.8,1158,ramp-up
FG-00265,Chassis & suspension assembly 00265,Pickup Midsize,Thermal system,PL-11,1071.25,1020.9,4.7,1511,run-out
FG-00266,Service kit assembly 00266,E-Van Commercial,Interior module,PL-05,3825.2,3278.2,14.3,1186,ramp-up
FG-00267,Chassis & suspension assembly 00267,Aftermarket Service,E-drive,PL-08,1478.06,1282.96,13.2,186,mature
FG-00268,Chassis & suspension assembly 00268,BEV Compact,Body-in-white,PL-08,1166.64,1044.14,10.5,970,run-out
FG-00269,Powertrain assembly 00269,Hybrid D-Sedan,Electrical & electronics,PL-10,2089.24,1763.32,15.6,103,ramp-up
FG-00270,Service kit assembly 00270,E-Van Commercial,Chassis & suspension,PL-14,3239.52,2578.66,20.4,3768,mature
FG-00271,Body-in-white assembly 00271,BEV Compact,Service kit,PL-04,1012.47,909.2,10.2,2874,ramp-up
FG-00272,E-drive assembly 00272,B-Hatch Facelift,Exterior module,PL-11,1612.66,1541.7,4.4,2279,run-out
FG-00273,Interior module assembly 00273,BEV Compact,Electrical & electronics,PL-20,2559.55,2175.62,15,2037,ramp-up
FG-00274,Interior module assembly 00274,B-Hatch Facelift,Exterior module,PL-06,1460.11,1276.14,12.6,2516,ramp-up
FG-00275,Electrical & electronics assembly 00275,Hybrid D-Sedan,Body-in-white,PL-09,2963.55,2690.9,9.2,3139,mature
FG-00276,E-drive assembly 00276,C-SUV Gen5,Thermal system,PL-06,3123.27,2642.29,15.4,2297,mature
FG-00277,Body-in-white assembly 00277,Aftermarket Service,Service kit,PL-16,1026,968.54,5.6,2235,mature
FG-00278,Chassis & suspension assembly 00278,E-Van Commercial,Body-in-white,PL-08,293.12,233.03,20.5,3771,ramp-up
FG-00279,Service kit assembly 00279,Aftermarket Service,Electrical & electronics,PL-18,454.13,391.01,13.9,2193,mature
FG-00280,Chassis & suspension assembly 00280,BEV Compact,E-drive,PL-04,3122.39,2700.87,13.5,3256,run-out
FG-00281,Interior module assembly 00281,C-SUV Gen5,Thermal system,PL-01,3887.97,2912.09,25.1,2532,run-out
FG-00282,Body-in-white assembly 00282,Hybrid D-Sedan,Body-in-white,PL-07,3167.74,2876.31,9.2,3766,mature
FG-00283,Powertrain assembly 00283,Aftermarket Service,Service kit,PL-13,2772.61,2251.36,18.8,601,run-out
FG-00284,Exterior module assembly 00284,B-Hatch Facelift,Interior module,PL-17,656.98,564.35,14.1,1067,mature
FG-00285,Service kit assembly 00285,D-Sedan,Chassis & suspension,PL-06,470.37,405.46,13.8,329,ramp-up
FG-00286,Body-in-white assembly 00286,C-SUV Gen5,Exterior module,PL-09,2671.22,2364.03,11.5,3761,mature
FG-00287,Thermal system assembly 00287,B-Hatch Facelift,Powertrain,PL-07,2132.94,1938.84,9.1,2057,mature
FG-00288,Thermal system assembly 00288,C-SUV Gen4,Electrical & electronics,PL-16,552.07,483.61,12.4,444,ramp-up
FG-00289,Service kit assembly 00289,C-SUV Gen4,Service kit,PL-14,418.66,365.49,12.7,3723,mature
FG-00290,Service kit assembly 00290,Pickup Midsize,Exterior module,PL-19,1323.84,1082.9,18.2,2473,ramp-up
FG-00291,Interior module assembly 00291,B-Hatch Facelift,Chassis & suspension,PL-19,2759.6,2629.9,4.7,2043,run-out
FG-00292,Body-in-white assembly 00292,Aftermarket Service,Body-in-white,PL-09,945.71,893.7,5.5,3560,mature
FG-00293,Powertrain assembly 00293,Hybrid D-Sedan,Chassis & suspension,PL-15,458.85,414.34,9.7,1254,mature
FG-00294,Powertrain assembly 00294,B-Hatch Facelift,Chassis & suspension,PL-20,3268.93,2569.38,21.4,3640,mature
FG-00295,E-drive assembly 00295,C-SUV Gen4,Thermal system,PL-20,112.62,94.38,16.2,2955,mature
FG-00296,Body-in-white assembly 00296,C-SUV Gen5,Powertrain,PL-06,1599.01,1375.15,14,2487,mature
FG-00297,Electrical & electronics assembly 00297,BEV Compact,E-drive,PL-09,1017.5,964.59,5.2,3502,mature
FG-00298,Body-in-white assembly 00298,Aftermarket Service,Body-in-white,PL-16,1807.88,1531.27,15.3,900,mature
FG-00299,Body-in-white assembly 00299,C-SUV Gen5,Exterior module,PL-10,1662.58,1280.19,23,2757,ramp-up
FG-00300,E-drive assembly 00300,C-SUV Gen5,E-drive,PL-13,3896.12,3261.05,16.3,1880,ramp-up
FG-00301,Exterior module assembly 00301,B-Hatch Facelift,Powertrain,PL-03,2066.71,1810.44,12.4,1486,mature
FG-00302,Powertrain assembly 00302,Pickup Midsize,Chassis & suspension,PL-08,175.11,144.12,17.7,472,mature
FG-00303,Service kit assembly 00303,C-SUV Gen5,Chassis & suspension,PL-15,1960.62,1623.39,17.2,2544,mature
FG-00304,Chassis & suspension assembly 00304,BEV Crossover,Interior module,PL-18,2534.25,2164.25,14.6,70,ramp-up
FG-00305,Chassis & suspension assembly 00305,D-Sedan,E-drive,PL-16,3124.14,2711.75,13.2,705,mature
FG-00306,Service kit assembly 00306,Hybrid D-Sedan,Electrical & electronics,PL-18,3228.11,2392.03,25.9,2256,mature
FG-00307,Service kit assembly 00307,C-SUV Gen4,Thermal system,PL-14,3413.4,2546.4,25.4,2761,mature
FG-00308,Exterior module assembly 00308,E-Van Commercial,Thermal system,PL-05,2143.64,1873.54,12.6,415,mature
FG-00309,Service kit assembly 00309,C-SUV Gen4,Service kit,PL-14,3252.98,2462.51,24.3,2225,mature
FG-00310,Electrical & electronics assembly 00310,C-SUV Gen4,Chassis & suspension,PL-07,827.38,685.9,17.1,3609,mature
FG-00311,Powertrain assembly 00311,BEV Crossover,Exterior module,PL-12,3818.14,3004.88,21.3,3204,mature
FG-00312,Powertrain assembly 00312,BEV Crossover,Body-in-white,PL-01,667.59,561.44,15.9,3727,run-out
FG-00313,Electrical & electronics assembly 00313,D-Sedan,Chassis & suspension,PL-13,1061.98,965.34,9.1,2678,run-out
FG-00314,Body-in-white assembly 00314,C-SUV Gen4,Service kit,PL-12,1076.5,921.48,14.4,3132,mature
FG-00315,Interior module assembly 00315,BEV Crossover,Electrical & electronics,PL-05,517.62,450.33,13,3019,mature
FG-00316,Chassis & suspension assembly 00316,E-Van Commercial,Electrical & electronics,PL-08,1827.45,1646.53,9.9,720,mature
FG-00317,Electrical & electronics assembly 00317,Pickup Midsize,Electrical & electronics,PL-18,3015.42,2725.94,9.6,1833,mature
FG-00318,Exterior module assembly 00318,D-Sedan,E-drive,PL-13,1237.09,985.96,20.3,664,ramp-up
FG-00319,Service kit assembly 00319,C-SUV Gen4,Service kit,PL-17,2865.15,2249.14,21.5,702,run-out
FG-00320,E-drive assembly 00320,D-Sedan,E-drive,PL-09,2657.6,1982.57,25.4,2251,mature
FG-00321,E-drive assembly 00321,Pickup Midsize,Body-in-white,PL-02,2658.15,2270.06,14.6,2586,ramp-up
FG-00322,Exterior module assembly 00322,Pickup Midsize,Exterior module,PL-07,193.81,160.47,17.2,1066,mature
FG-00323,Electrical & electronics assembly 00323,Aftermarket Service,Chassis & suspension,PL-02,3139.58,2687.48,14.4,1660,run-out
FG-00324,Exterior module assembly 00324,C-SUV Gen4,Body-in-white,PL-06,1815.47,1682.94,7.3,1514,mature
FG-00325,E-drive assembly 00325,D-Sedan,Exterior module,PL-09,1390.56,1034.58,25.6,3403,mature
FG-00326,Chassis & suspension assembly 00326,BEV Compact,Interior module,PL-10,2609.36,2317.11,11.2,2879,mature
FG-00327,Body-in-white assembly 00327,Aftermarket Service,Interior module,PL-01,1475.34,1236.33,16.2,3089,run-out
FG-00328,Interior module assembly 00328,D-Sedan,Chassis & suspension,PL-01,3736.55,3291.9,11.9,506,mature
FG-00329,Body-in-white assembly 00329,B-Hatch Facelift,Service kit,PL-10,158.56,138.11,12.9,2100,mature
FG-00330,E-drive assembly 00330,BEV Crossover,Powertrain,PL-18,2304.51,2074.06,10,2103,run-out
FG-00331,Chassis & suspension assembly 00331,D-Sedan,Powertrain,PL-06,1707.37,1369.31,19.8,1537,run-out
FG-00332,E-drive assembly 00332,D-Sedan,Interior module,PL-13,2014.37,1827.03,9.3,2462,mature
FG-00333,Interior module assembly 00333,Hybrid D-Sedan,Exterior module,PL-07,3608.65,2692.05,25.4,3407,ramp-up
FG-00334,Powertrain assembly 00334,E-Van Commercial,Service kit,PL-06,3033.06,2329.39,23.2,3540,mature
FG-00335,Body-in-white assembly 00335,C-SUV Gen5,Thermal system,PL-19,3061.18,2779.55,9.2,460,run-out
FG-00336,Exterior module assembly 00336,D-Sedan,Exterior module,PL-01,175.51,148.13,15.6,518,mature
FG-00337,Thermal system assembly 00337,C-SUV Gen5,Exterior module,PL-10,3467.84,2954.6,14.8,58,run-out
FG-00338,Thermal system assembly 00338,Pickup Midsize,E-drive,PL-06,1861.85,1528.58,17.9,1889,run-out
FG-00339,Powertrain assembly 00339,C-SUV Gen5,Interior module,PL-08,152.81,114.91,24.8,2668,mature
FG-00340,Exterior module assembly 00340,Pickup Midsize,Chassis & suspension,PL-04,3369.58,3231.43,4.1,391,mature
FG-00341,Body-in-white assembly 00341,C-SUV Gen5,E-drive,PL-17,3473.72,3074.24,11.5,3046,mature
FG-00342,Thermal system assembly 00342,E-Van Commercial,Interior module,PL-12,1635.78,1518,7.2,654,run-out
FG-00343,E-drive assembly 00343,Hybrid D-Sedan,E-drive,PL-13,3763.87,3387.48,10,2758,mature
FG-00344,Interior module assembly 00344,E-Van Commercial,Service kit,PL-19,1749.27,1462.39,16.4,1478,run-out
FG-00345,Electrical & electronics assembly 00345,E-Van Commercial,Interior module,PL-18,2754.39,2349.49,14.7,24,mature
FG-00346,Thermal system assembly 00346,D-Sedan,Powertrain,PL-16,2667.8,2515.74,5.7,797,mature
FG-00347,E-drive assembly 00347,C-SUV Gen5,Chassis & suspension,PL-20,3446.48,3150.08,8.6,2238,mature
FG-00348,Electrical & electronics assembly 00348,C-SUV Gen5,Exterior module,PL-01,3710.28,3439.43,7.3,636,ramp-up
FG-00349,Exterior module assembly 00349,D-Sedan,Exterior module,PL-09,4138.54,3559.14,14,684,mature
FG-00350,Interior module assembly 00350,Pickup Midsize,Powertrain,PL-08,2738.9,2525.27,7.8,739,ramp-up
FG-00351,Electrical & electronics assembly 00351,C-SUV Gen5,Body-in-white,PL-08,763.36,676.34,11.4,1966,mature
FG-00352,Thermal system assembly 00352,Pickup Midsize,Service kit,PL-07,2651.38,2078.68,21.6,3524,ramp-up
FG-00353,Body-in-white assembly 00353,BEV Compact,Chassis & suspension,PL-16,1690.36,1484.14,12.2,2724,mature
FG-00354,Body-in-white assembly 00354,D-Sedan,Chassis & suspension,PL-18,1253.12,1132.82,9.6,145,mature
FG-00355,Chassis & suspension assembly 00355,E-Van Commercial,Powertrain,PL-01,977.72,764.58,21.8,2153,mature
FG-00356,Body-in-white assembly 00356,C-SUV Gen4,Exterior module,PL-11,1904.39,1565.41,17.8,1918,ramp-up
FG-00357,E-drive assembly 00357,Aftermarket Service,Interior module,PL-16,1484.62,1122.37,24.4,3192,mature
FG-00358,Electrical & electronics assembly 00358,E-Van Commercial,Powertrain,PL-16,3392.53,3093.99,8.8,3696,run-out
FG-00359,Powertrain assembly 00359,C-SUV Gen4,Electrical & electronics,PL-15,588.36,518.93,11.8,2358,mature
FG-00360,Service kit assembly 00360,B-Hatch Facelift,Service kit,PL-05,2269.15,1767.67,22.1,176,mature
FG-00361,Chassis & suspension assembly 00361,Hybrid D-Sedan,Powertrain,PL-12,831.63,726.84,12.6,2269,mature
FG-00362,Thermal system assembly 00362,C-SUV Gen4,Interior module,PL-08,3497.28,3315.42,5.2,2196,mature
FG-00363,Chassis & suspension assembly 00363,C-SUV Gen5,Electrical & electronics,PL-14,3949.61,3538.85,10.4,1489,mature
FG-00364,Electrical & electronics assembly 00364,Aftermarket Service,Service kit,PL-04,2013.58,1645.09,18.3,117,mature
FG-00365,Service kit assembly 00365,C-SUV Gen4,Powertrain,PL-19,742.24,612.35,17.5,3264,ramp-up
FG-00366,Powertrain assembly 00366,B-Hatch Facelift,Interior module,PL-03,1685.53,1318.08,21.8,2809,mature
FG-00367,Interior module assembly 00367,B-Hatch Facelift,Powertrain,PL-11,2496.34,2116.9,15.2,1587,ramp-up
FG-00368,Service kit assembly 00368,C-SUV Gen5,Exterior module,PL-18,1028.62,882.56,14.2,1021,ramp-up
FG-00369,Service kit assembly 00369,BEV Crossover,Chassis & suspension,PL-18,1772.85,1689.53,4.7,1277,run-out
FG-00370,Interior module assembly 00370,C-SUV Gen5,Thermal system,PL-05,3853.52,3171.45,17.7,2598,mature
FG-00371,Interior module assembly 00371,Pickup Midsize,E-drive,PL-08,3828.97,3281.43,14.3,262,mature
FG-00372,Body-in-white assembly 00372,C-SUV Gen4,Chassis & suspension,PL-18,828.28,671.74,18.9,3407,run-out
FG-00373,Chassis & suspension assembly 00373,C-SUV Gen4,E-drive,PL-02,4025.41,3296.81,18.1,2099,ramp-up
FG-00374,Powertrain assembly 00374,D-Sedan,Body-in-white,PL-02,900.52,724.02,19.6,3648,mature
FG-00375,E-drive assembly 00375,Aftermarket Service,Exterior module,PL-16,2628.49,2397.18,8.8,2036,ramp-up
FG-00376,Exterior module assembly 00376,Pickup Midsize,Chassis & suspension,PL-14,394.6,308.97,21.7,1472,ramp-up
FG-00377,Exterior module assembly 00377,D-Sedan,Chassis & suspension,PL-11,2992.41,2851.77,4.7,3312,ramp-up
FG-00378,Interior module assembly 00378,E-Van Commercial,E-drive,PL-16,1968.84,1734.55,11.9,1723,run-out
FG-00379,Body-in-white assembly 00379,B-Hatch Facelift,Powertrain,PL-15,1431.4,1252.48,12.5,3218,mature
FG-00380,Thermal system assembly 00380,C-SUV Gen4,Exterior module,PL-14,332.67,289.09,13.1,1998,ramp-up
FG-00381,Chassis & suspension assembly 00381,E-Van Commercial,Exterior module,PL-15,2021.9,1779.27,12,1843,mature
FG-00382,Chassis & suspension assembly 00382,D-Sedan,Service kit,PL-11,1203.84,905.29,24.8,1388,mature
FG-00383,E-drive assembly 00383,D-Sedan,Body-in-white,PL-15,2319.77,2143.47,7.6,3250,ramp-up
FG-00384,Exterior module assembly 00384,E-Van Commercial,Powertrain,PL-06,2870.62,2643.84,7.9,1664,mature
FG-00385,Interior module assembly 00385,Aftermarket Service,Service kit,PL-13,4007.46,3510.53,12.4,1538,mature
FG-00386,Electrical & electronics assembly 00386,C-SUV Gen4,Interior module,PL-10,2683.95,2039.8,24,889,mature
FG-00387,Body-in-white assembly 00387,E-Van Commercial,Electrical & electronics,PL-14,2766.21,2445.33,11.6,923,mature
FG-00388,Service kit assembly 00388,Pickup Midsize,Service kit,PL-18,3549.66,2765.19,22.1,2170,run-out
FG-00389,Powertrain assembly 00389,C-SUV Gen5,Service kit,PL-12,3078.23,2681.14,12.9,1805,mature
FG-00390,Exterior module assembly 00390,Pickup Midsize,Chassis & suspension,PL-13,3800.63,2994.9,21.2,3492,mature
FG-00391,Service kit assembly 00391,B-Hatch Facelift,E-drive,PL-20,3943.88,3545.55,10.1,1941,ramp-up
FG-00392,Thermal system assembly 00392,E-Van Commercial,Electrical & electronics,PL-15,3689,3408.64,7.6,2679,mature
FG-00393,Interior module assembly 00393,Aftermarket Service,Electrical & electronics,PL-11,1218.89,1082.37,11.2,1409,mature
FG-00394,Chassis & suspension assembly 00394,B-Hatch Facelift,Powertrain,PL-02,3568.37,3297.17,7.6,2360,mature
FG-00395,Service kit assembly 00395,BEV Compact,Electrical & electronics,PL-09,2416.49,1843.78,23.7,3794,mature
FG-00396,Electrical & electronics assembly 00396,BEV Crossover,E-drive,PL-02,2075.94,1945.16,6.3,3589,ramp-up
FG-00397,E-drive assembly 00397,C-SUV Gen4,Thermal system,PL-14,4114.67,3386.37,17.7,2240,mature
FG-00398,Body-in-white assembly 00398,Aftermarket Service,E-drive,PL-15,2624.73,2089.29,20.4,3242,mature
FG-00399,Service kit assembly 00399,E-Van Commercial,Powertrain,PL-07,2603.29,2085.24,19.9,3324,mature
FG-00400,Body-in-white assembly 00400,Pickup Midsize,Service kit,PL-04,3275.79,2709.08,17.3,2763,ramp-up
FG-00401,E-drive assembly 00401,Pickup Midsize,Exterior module,PL-17,376.34,332.68,11.6,1762,run-out
FG-00402,Interior module assembly 00402,BEV Crossover,Electrical & electronics,PL-13,3230.32,2904.06,10.1,1783,mature
FG-00403,Thermal system assembly 00403,C-SUV Gen4,Body-in-white,PL-09,159.08,122.97,22.7,504,ramp-up
FG-00404,Interior module assembly 00404,Pickup Midsize,Interior module,PL-03,1011.92,811.56,19.8,3082,run-out
FG-00405,Electrical & electronics assembly 00405,BEV Compact,Chassis & suspension,PL-04,3090.23,2877,6.9,567,ramp-up
FG-00406,Electrical & electronics assembly 00406,BEV Crossover,Powertrain,PL-11,958.77,793.86,17.2,2430,mature
FG-00407,Interior module assembly 00407,C-SUV Gen4,Thermal system,PL-17,2749.2,2070.15,24.7,2220,mature
FG-00408,Exterior module assembly 00408,E-Van Commercial,Exterior module,PL-02,3095.77,2578.78,16.7,1108,mature
FG-00409,Powertrain assembly 00409,Pickup Midsize,Thermal system,PL-09,4113.21,3780.04,8.1,2380,mature
FG-00410,Electrical & electronics assembly 00410,C-SUV Gen5,Chassis & suspension,PL-08,1316.78,1081.08,17.9,3311,mature
FG-00411,Electrical & electronics assembly 00411,Pickup Midsize,Body-in-white,PL-05,964.54,873.87,9.4,3362,mature
FG-00412,Service kit assembly 00412,C-SUV Gen4,E-drive,PL-02,2341.79,2051.41,12.4,2204,mature
FG-00413,Thermal system assembly 00413,C-SUV Gen5,Powertrain,PL-13,3157.69,2826.13,10.5,2712,ramp-up
FG-00414,Interior module assembly 00414,BEV Crossover,Service kit,PL-18,3124.1,2746.08,12.1,3792,mature
FG-00415,Chassis & suspension assembly 00415,E-Van Commercial,Exterior module,PL-15,1561.56,1294.53,17.1,1955,ramp-up
FG-00416,E-drive assembly 00416,Hybrid D-Sedan,Chassis & suspension,PL-03,1497.5,1301.33,13.1,1632,mature
FG-00417,Interior module assembly 00417,Pickup Midsize,Electrical & electronics,PL-08,3636.64,2825.67,22.3,208,run-out
FG-00418,Exterior module assembly 00418,Hybrid D-Sedan,Interior module,PL-17,2668.5,2041.4,23.5,701,mature
FG-00419,Powertrain assembly 00419,Pickup Midsize,Body-in-white,PL-17,2532.22,2210.63,12.7,2933,mature
FG-00420,Powertrain assembly 00420,C-SUV Gen5,Body-in-white,PL-05,778.47,740.32,4.9,3455,mature
FG-00421,Body-in-white assembly 00421,Pickup Midsize,Exterior module,PL-14,198.57,158.66,20.1,423,run-out
FG-00422,Body-in-white assembly 00422,BEV Compact,E-drive,PL-18,2015.83,1790.06,11.2,3447,run-out
FG-00423,Powertrain assembly 00423,D-Sedan,Electrical & electronics,PL-12,1414.08,1162.37,17.8,3020,mature
FG-00424,Powertrain assembly 00424,C-SUV Gen4,Chassis & suspension,PL-06,2023.29,1630.77,19.4,1635,mature
FG-00425,Chassis & suspension assembly 00425,BEV Compact,Powertrain,PL-02,3657.52,3090.6,15.5,701,run-out
FG-00426,Thermal system assembly 00426,Aftermarket Service,Body-in-white,PL-16,699.97,529.18,24.4,3777,mature
FG-00427,Thermal system assembly 00427,B-Hatch Facelift,Thermal system,PL-09,3600.2,2786.55,22.6,2071,run-out
FG-00428,Powertrain assembly 00428,D-Sedan,E-drive,PL-04,383.63,291.56,24,2717,ramp-up
FG-00429,E-drive assembly 00429,E-Van Commercial,Service kit,PL-09,3598.12,3213.12,10.7,1517,mature
FG-00430,Service kit assembly 00430,B-Hatch Facelift,E-drive,PL-20,4032.84,2992.37,25.8,2241,run-out
FG-00431,Thermal system assembly 00431,E-Van Commercial,Exterior module,PL-05,1564.22,1432.83,8.4,3072,ramp-up
FG-00432,Thermal system assembly 00432,B-Hatch Facelift,E-drive,PL-16,944.18,851.65,9.8,3144,run-out
FG-00433,Electrical & electronics assembly 00433,E-Van Commercial,Chassis & suspension,PL-02,1615.51,1284.33,20.5,2695,ramp-up
FG-00434,Powertrain assembly 00434,C-SUV Gen5,Thermal system,PL-04,2329.42,1775.02,23.8,626,mature
FG-00435,Exterior module assembly 00435,BEV Compact,E-drive,PL-07,3945.3,3440.3,12.8,795,mature
FG-00436,Chassis & suspension assembly 00436,C-SUV Gen4,Chassis & suspension,PL-16,2102.69,1812.52,13.8,599,run-out
FG-00437,E-drive assembly 00437,E-Van Commercial,Service kit,PL-20,3005.38,2804.02,6.7,3412,mature
FG-00438,Exterior module assembly 00438,C-SUV Gen5,E-drive,PL-17,4147.72,3865.68,6.8,1963,run-out
FG-00439,Chassis & suspension assembly 00439,Aftermarket Service,Electrical & electronics,PL-13,2308.18,1837.31,20.4,710,mature
FG-00440,Exterior module assembly 00440,D-Sedan,E-drive,PL-20,3879.97,3557.93,8.3,1569,mature
FG-00441,Electrical & electronics assembly 00441,BEV Crossover,Electrical & electronics,PL-07,143.98,130.16,9.6,2192,mature
FG-00442,Body-in-white assembly 00442,B-Hatch Facelift,Service kit,PL-08,3048.83,2786.63,8.6,2962,mature
FG-00443,Interior module assembly 00443,BEV Crossover,Electrical & electronics,PL-07,228.11,213.51,6.4,69,mature
FG-00444,Powertrain assembly 00444,Pickup Midsize,E-drive,PL-02,3764.84,3320.59,11.8,2438,mature
FG-00445,Interior module assembly 00445,B-Hatch Facelift,Powertrain,PL-18,1573.11,1316.69,16.3,692,mature
FG-00446,Electrical & electronics assembly 00446,BEV Compact,Thermal system,PL-05,2526.85,2001.27,20.8,1571,mature
FG-00447,Thermal system assembly 00447,D-Sedan,Service kit,PL-04,825.92,621.09,24.8,3042,run-out
FG-00448,E-drive assembly 00448,BEV Crossover,Electrical & electronics,PL-14,869.21,677.11,22.1,830,mature
FG-00449,Body-in-white assembly 00449,C-SUV Gen5,Exterior module,PL-18,2915.09,2783.91,4.5,3699,mature
FG-00450,Interior module assembly 00450,D-Sedan,E-drive,PL-16,3543.95,3019.45,14.8,761,mature
FG-00451,Body-in-white assembly 00451,D-Sedan,Exterior module,PL-06,2612.96,2349.05,10.1,1801,ramp-up
FG-00452,Chassis & suspension assembly 00452,Hybrid D-Sedan,E-drive,PL-08,83,68.81,17.1,3171,mature
FG-00453,Body-in-white assembly 00453,Pickup Midsize,Thermal system,PL-18,3492.82,3185.45,8.8,228,mature
FG-00454,Interior module assembly 00454,B-Hatch Facelift,Chassis & suspension,PL-08,375.34,346.44,7.7,963,mature
FG-00455,Body-in-white assembly 00455,C-SUV Gen4,Chassis & suspension,PL-07,3646.14,2924.2,19.8,2997,run-out
FG-00456,Body-in-white assembly 00456,BEV Crossover,Powertrain,PL-16,3764.2,3007.6,20.1,2006,mature
FG-00457,E-drive assembly 00457,E-Van Commercial,Service kit,PL-02,2174.73,1946.38,10.5,1328,run-out
FG-00458,Exterior module assembly 00458,Pickup Midsize,Electrical & electronics,PL-06,1384.27,1132.33,18.2,67,ramp-up
FG-00459,Body-in-white assembly 00459,C-SUV Gen4,Exterior module,PL-08,1527.93,1315.55,13.9,1284,ramp-up
FG-00460,Interior module assembly 00460,Pickup Midsize,E-drive,PL-06,3428.84,3003.66,12.4,2462,mature
FG-00461,Body-in-white assembly 00461,C-SUV Gen5,Powertrain,PL-19,1529.79,1141.22,25.4,2275,run-out
FG-00462,Thermal system assembly 00462,B-Hatch Facelift,Service kit,PL-14,4092.04,3154.96,22.9,985,run-out
FG-00463,Body-in-white assembly 00463,C-SUV Gen4,Chassis & suspension,PL-19,1716.31,1554.98,9.4,2012,ramp-up
FG-00464,E-drive assembly 00464,C-SUV Gen5,Body-in-white,PL-10,525.99,417.64,20.6,3344,mature
FG-00465,E-drive assembly 00465,D-Sedan,Exterior module,PL-11,3672.54,3073.92,16.3,1477,ramp-up
FG-00466,Exterior module assembly 00466,D-Sedan,Interior module,PL-16,3488.01,2720.65,22,308,ramp-up
FG-00467,Interior module assembly 00467,C-SUV Gen5,Exterior module,PL-20,904.84,781.78,13.6,2317,mature
FG-00468,Electrical & electronics assembly 00468,BEV Compact,Thermal system,PL-13,2282.79,2109.3,7.6,920,ramp-up
FG-00469,Interior module assembly 00469,E-Van Commercial,Chassis & suspension,PL-06,1953.04,1472.59,24.6,471,run-out
FG-00470,Chassis & suspension assembly 00470,BEV Crossover,Service kit,PL-15,339.57,280.48,17.4,3429,mature
FG-00471,Service kit assembly 00471,E-Van Commercial,Service kit,PL-20,3642.62,2731.97,25,2469,run-out
FG-00472,Exterior module assembly 00472,C-SUV Gen5,Interior module,PL-05,929.39,693.32,25.4,256,mature
FG-00473,Powertrain assembly 00473,BEV Crossover,Thermal system,PL-03,1731.92,1449.62,16.3,147,run-out
FG-00474,E-drive assembly 00474,BEV Compact,Thermal system,PL-12,1192.17,1039.57,12.8,1857,ramp-up
FG-00475,Powertrain assembly 00475,BEV Compact,Electrical & electronics,PL-17,1559.29,1398.68,10.3,2084,mature
FG-00476,Exterior module assembly 00476,E-Van Commercial,Body-in-white,PL-10,2784.01,2274.54,18.3,99,mature
FG-00477,E-drive assembly 00477,E-Van Commercial,Body-in-white,PL-08,3760.33,3226.36,14.2,743,ramp-up
FG-00478,Chassis & suspension assembly 00478,Aftermarket Service,Powertrain,PL-09,1749.3,1511.4,13.6,3468,mature
FG-00479,Service kit assembly 00479,BEV Crossover,Body-in-white,PL-17,2450.04,2072.73,15.4,131,mature
FG-00480,Chassis & suspension assembly 00480,C-SUV Gen4,Powertrain,PL-15,3322.93,2661.67,19.9,438,mature
FG-00481,Interior module assembly 00481,BEV Compact,Thermal system,PL-19,4180,3757.82,10.1,1848,ramp-up
FG-00482,Chassis & suspension assembly 00482,BEV Crossover,Chassis & suspension,PL-05,3492.49,3321.36,4.9,2251,mature
FG-00483,Electrical & electronics assembly 00483,Aftermarket Service,Thermal system,PL-17,1190.6,1064.4,10.6,2491,run-out
FG-00484,Chassis & suspension assembly 00484,BEV Compact,E-drive,PL-03,3800.45,2975.75,21.7,2500,mature
FG-00485,Powertrain assembly 00485,Aftermarket Service,Interior module,PL-20,2833.18,2606.53,8,2400,ramp-up
FG-00486,Chassis & suspension assembly 00486,Pickup Midsize,Interior module,PL-19,1216.33,1003.47,17.5,1002,mature
FG-00487,Chassis & suspension assembly 00487,B-Hatch Facelift,Interior module,PL-01,512.26,394.44,23,3053,mature
FG-00488,Exterior module assembly 00488,C-SUV Gen5,Thermal system,PL-19,2938.92,2445.18,16.8,1193,mature
FG-00489,Interior module assembly 00489,BEV Compact,Chassis & suspension,PL-07,3262.69,2447.02,25,689,ramp-up
FG-00490,Chassis & suspension assembly 00490,Aftermarket Service,Chassis & suspension,PL-09,3803.45,3118.83,18,3754,mature
FG-00491,Service kit assembly 00491,Pickup Midsize,E-drive,PL-03,2691.85,2568.02,4.6,2614,mature
FG-00492,E-drive assembly 00492,Aftermarket Service,Thermal system,PL-04,1083.76,842.08,22.3,225,run-out
FG-00493,Electrical & electronics assembly 00493,Pickup Midsize,Body-in-white,PL-02,246.87,185.65,24.8,1915,ramp-up
FG-00494,Service kit assembly 00494,E-Van Commercial,Thermal system,PL-12,984.53,801.41,18.6,658,mature
FG-00495,Electrical & electronics assembly 00495,C-SUV Gen4,Body-in-white,PL-06,1241.75,1144.89,7.8,1327,run-out
FG-00496,Electrical & electronics assembly 00496,E-Van Commercial,Service kit,PL-01,203.41,177.78,12.6,766,mature
FG-00497,Powertrain assembly 00497,B-Hatch Facelift,Chassis & suspension,PL-19,574.62,541.29,5.8,3069,mature
FG-00498,Electrical & electronics assembly 00498,C-SUV Gen5,Powertrain,PL-04,733.29,650.43,11.3,2011,ramp-up
FG-00499,Chassis & suspension assembly 00499,Hybrid D-Sedan,E-drive,PL-03,1684.88,1516.39,10,2471,mature
FG-00500,Thermal system assembly 00500,C-SUV Gen4,Exterior module,PL-10,3889.38,3574.34,8.1,1444,mature
FG-00501,Powertrain assembly 00501,BEV Compact,Interior module,PL-18,2270.4,1743.67,23.2,490,mature
FG-00502,Powertrain assembly 00502,Pickup Midsize,Chassis & suspension,PL-02,181.5,160.26,11.7,446,run-out
FG-00503,Exterior module assembly 00503,D-Sedan,Thermal system,PL-15,779.71,599.6,23.1,1116,ramp-up
FG-00504,Chassis & suspension assembly 00504,Hybrid D-Sedan,Exterior module,PL-11,736.21,670.69,8.9,2130,run-out
FG-00505,Electrical & electronics assembly 00505,BEV Crossover,Exterior module,PL-12,2904.2,2532.46,12.8,1209,mature
FG-00506,Chassis & suspension assembly 00506,Pickup Midsize,Electrical & electronics,PL-17,2238.99,1894.19,15.4,1178,ramp-up
FG-00507,Service kit assembly 00507,B-Hatch Facelift,Thermal system,PL-12,3140.26,2954.98,5.9,3025,mature
FG-00508,Powertrain assembly 00508,BEV Compact,Interior module,PL-02,1736.48,1444.75,16.8,151,mature
FG-00509,Exterior module assembly 00509,BEV Crossover,Interior module,PL-18,3746.55,3323.19,11.3,268,mature
FG-00510,Powertrain assembly 00510,BEV Compact,Exterior module,PL-05,3128.62,2521.67,19.4,3102,mature
FG-00511,Body-in-white assembly 00511,D-Sedan,E-drive,PL-13,461.1,379.02,17.8,1966,mature
FG-00512,E-drive assembly 00512,BEV Compact,Interior module,PL-02,2885.85,2504.92,13.2,1639,mature
FG-00513,Exterior module assembly 00513,Pickup Midsize,E-drive,PL-08,1458.55,1111.42,23.8,3398,ramp-up
FG-00514,Body-in-white assembly 00514,E-Van Commercial,Electrical & electronics,PL-18,696.3,538.24,22.7,2572,mature
FG-00515,E-drive assembly 00515,D-Sedan,Interior module,PL-06,602.33,475.84,21,2403,mature
FG-00516,Body-in-white assembly 00516,D-Sedan,Chassis & suspension,PL-07,1802.99,1345.03,25.4,2625,mature
FG-00517,Interior module assembly 00517,Aftermarket Service,Thermal system,PL-17,556.84,420.97,24.4,560,mature
FG-00518,Electrical & electronics assembly 00518,B-Hatch Facelift,Body-in-white,PL-06,2720.99,2024.42,25.6,964,mature
FG-00519,Service kit assembly 00519,Hybrid D-Sedan,Thermal system,PL-10,2659.62,2329.83,12.4,587,mature
FG-00520,Chassis & suspension assembly 00520,D-Sedan,E-drive,PL-13,1884.64,1577.44,16.3,377,run-out
FG-00521,Powertrain assembly 00521,E-Van Commercial,Thermal system,PL-14,948.59,740.85,21.9,3747,mature
FG-00522,E-drive assembly 00522,Aftermarket Service,Interior module,PL-20,1984.7,1812.03,8.7,895,mature
FG-00523,Interior module assembly 00523,E-Van Commercial,Thermal system,PL-11,1119.17,857.28,23.4,3462,ramp-up
FG-00524,Thermal system assembly 00524,E-Van Commercial,Chassis & suspension,PL-15,3995.58,3332.31,16.6,969,run-out
FG-00525,Interior module assembly 00525,E-Van Commercial,Powertrain,PL-14,2086.53,1758.94,15.7,1620,run-out
FG-00526,E-drive assembly 00526,Pickup Midsize,Exterior module,PL-11,1202.48,964.39,19.8,2440,run-out
FG-00527,Body-in-white assembly 00527,D-Sedan,Interior module,PL-03,2477.73,2215.09,10.6,2197,mature
FG-00528,Service kit assembly 00528,Pickup Midsize,Exterior module,PL-08,2313.63,1978.15,14.5,371,run-out
FG-00529,Interior module assembly 00529,Aftermarket Service,Electrical & electronics,PL-02,2968.94,2434.53,18,1092,run-out
FG-00530,Electrical & electronics assembly 00530,B-Hatch Facelift,Electrical & electronics,PL-06,557.43,442.04,20.7,3136,mature
FG-00531,E-drive assembly 00531,Aftermarket Service,Body-in-white,PL-13,312.61,285.1,8.8,2437,ramp-up
FG-00532,Service kit assembly 00532,E-Van Commercial,E-drive,PL-04,949.67,737.89,22.3,3355,run-out
FG-00533,Chassis & suspension assembly 00533,BEV Compact,Thermal system,PL-13,2139.65,1934.24,9.6,867,ramp-up
FG-00534,Powertrain assembly 00534,Hybrid D-Sedan,Body-in-white,PL-13,1855.7,1506.83,18.8,1759,run-out
FG-00535,E-drive assembly 00535,D-Sedan,Body-in-white,PL-13,211.64,165.5,21.8,1614,mature
FG-00536,Service kit assembly 00536,C-SUV Gen4,Body-in-white,PL-16,1482.62,1338.81,9.7,811,run-out
FG-00537,Interior module assembly 00537,E-Van Commercial,Chassis & suspension,PL-10,1843.01,1726.9,6.3,2778,mature
FG-00538,Service kit assembly 00538,C-SUV Gen4,Powertrain,PL-20,216.48,166.04,23.3,2106,run-out
FG-00539,Thermal system assembly 00539,BEV Crossover,E-drive,PL-07,3153.22,2453.21,22.2,293,run-out
FG-00540,Body-in-white assembly 00540,Aftermarket Service,Chassis & suspension,PL-15,2959.45,2539.21,14.2,3774,mature
FG-00541,E-drive assembly 00541,BEV Crossover,Chassis & suspension,PL-05,3868.96,3319.57,14.2,447,run-out
FG-00542,Interior module assembly 00542,B-Hatch Facelift,Interior module,PL-11,692.01,531.46,23.2,1656,run-out
FG-00543,Powertrain assembly 00543,C-SUV Gen5,Powertrain,PL-05,1351.3,1120.23,17.1,2167,mature
FG-00544,Interior module assembly 00544,B-Hatch Facelift,Powertrain,PL-11,1895.16,1724.6,9,1834,mature
FG-00545,Chassis & suspension assembly 00545,Aftermarket Service,Interior module,PL-20,1242.94,1137.29,8.5,1971,ramp-up
FG-00546,Service kit assembly 00546,E-Van Commercial,Exterior module,PL-12,1647.58,1500.95,8.9,2905,mature
FG-00547,Thermal system assembly 00547,E-Van Commercial,Service kit,PL-10,3185.35,3048.38,4.3,2719,mature
FG-00548,Body-in-white assembly 00548,Pickup Midsize,Electrical & electronics,PL-14,582.82,505.3,13.3,945,ramp-up
FG-00549,Thermal system assembly 00549,Hybrid D-Sedan,Chassis & suspension,PL-04,3155.97,2493.22,21,3451,ramp-up
FG-00550,Thermal system assembly 00550,C-SUV Gen4,Powertrain,PL-06,3071.52,2552.43,16.9,2032,mature
FG-00551,Body-in-white assembly 00551,D-Sedan,E-drive,PL-11,4115.41,3432.25,16.6,564,mature
FG-00552,E-drive assembly 00552,C-SUV Gen4,Service kit,PL-13,2938.55,2189.22,25.5,741,run-out
FG-00553,Exterior module assembly 00553,C-SUV Gen4,Powertrain,PL-18,1724.62,1586.65,8,341,mature
FG-00554,Chassis & suspension assembly 00554,Hybrid D-Sedan,Exterior module,PL-17,2420.22,1957.96,19.1,234,run-out
FG-00555,Chassis & suspension assembly 00555,BEV Crossover,Electrical & electronics,PL-07,3302.07,2928.94,11.3,1227,mature
FG-00556,E-drive assembly 00556,B-Hatch Facelift,Powertrain,PL-14,2036.48,1543.65,24.2,2095,mature
FG-00557,Body-in-white assembly 00557,Pickup Midsize,Service kit,PL-10,1075.97,1023.25,4.9,2570,mature
FG-00558,Electrical & electronics assembly 00558,B-Hatch Facelift,Exterior module,PL-07,2928.1,2597.22,11.3,3732,ramp-up
FG-00559,Thermal system assembly 00559,Hybrid D-Sedan,E-drive,PL-06,3606.44,2722.86,24.5,2023,run-out
FG-00560,Powertrain assembly 00560,C-SUV Gen5,E-drive,PL-05,883.83,783.07,11.4,3341,mature
FG-00561,Service kit assembly 00561,E-Van Commercial,E-drive,PL-17,727.69,614.17,15.6,509,mature
FG-00562,Chassis & suspension assembly 00562,BEV Crossover,Exterior module,PL-17,1142.64,994.1,13,1083,mature
FG-00563,E-drive assembly 00563,Hybrid D-Sedan,Electrical & electronics,PL-05,3280.21,2729.13,16.8,3397,mature
FG-00564,Body-in-white assembly 00564,BEV Crossover,Electrical & electronics,PL-10,4110.84,3576.43,13,271,run-out
FG-00565,Service kit assembly 00565,C-SUV Gen5,Interior module,PL-07,3897.97,3406.83,12.6,2786,mature
FG-00566,Electrical & electronics assembly 00566,C-SUV Gen4,Electrical & electronics,PL-06,3544.35,2714.97,23.4,986,run-out
FG-00567,Exterior module assembly 00567,E-Van Commercial,Powertrain,PL-11,120.59,113.48,5.9,1364,mature
FG-00568,Interior module assembly 00568,BEV Crossover,Thermal system,PL-15,1350.81,1181.96,12.5,1262,mature
FG-00569,Powertrain assembly 00569,Pickup Midsize,Exterior module,PL-15,885.55,660.62,25.4,2255,ramp-up
FG-00570,Exterior module assembly 00570,Pickup Midsize,Service kit,PL-15,1616.82,1270.82,21.4,2043,run-out
FG-00571,Body-in-white assembly 00571,E-Van Commercial,Service kit,PL-19,3935.36,3069.58,22,2632,ramp-up
FG-00572,E-drive assembly 00572,BEV Compact,Interior module,PL-04,480.08,397.51,17.2,807,mature
FG-00573,Chassis & suspension assembly 00573,B-Hatch Facelift,Interior module,PL-05,2309.73,2124.95,8,2463,mature
FG-00574,Exterior module assembly 00574,Hybrid D-Sedan,Interior module,PL-02,931.65,841.28,9.7,310,mature
FG-00575,Interior module assembly 00575,Aftermarket Service,Interior module,PL-12,3302.82,2645.56,19.9,1914,mature
FG-00576,Service kit assembly 00576,Hybrid D-Sedan,Thermal system,PL-20,2688.05,2306.35,14.2,2203,ramp-up
FG-00577,Exterior module assembly 00577,BEV Crossover,Electrical & electronics,PL-12,1715.35,1454.62,15.2,2527,mature
FG-00578,Powertrain assembly 00578,BEV Compact,E-drive,PL-03,373.5,319.34,14.5,651,ramp-up
FG-00579,E-drive assembly 00579,Pickup Midsize,Service kit,PL-05,2966.84,2628.62,11.4,839,run-out
FG-00580,Electrical & electronics assembly 00580,Aftermarket Service,E-drive,PL-03,2477.13,2130.33,14,2424,run-out
FG-00581,Electrical & electronics assembly 00581,C-SUV Gen5,E-drive,PL-19,502.78,479.65,4.6,911,mature
FG-00582,Body-in-white assembly 00582,B-Hatch Facelift,E-drive,PL-16,450.1,359.63,20.1,1605,ramp-up
FG-00583,Body-in-white assembly 00583,Pickup Midsize,Interior module,PL-20,3061.82,2424.96,20.8,383,run-out
FG-00584,Thermal system assembly 00584,C-SUV Gen4,Chassis & suspension,PL-16,127.82,118.62,7.2,3465,mature
FG-00585,Exterior module assembly 00585,B-Hatch Facelift,Body-in-white,PL-17,3772.96,3308.89,12.3,2996,ramp-up
FG-00586,Electrical & electronics assembly 00586,C-SUV Gen4,Electrical & electronics,PL-15,3292.18,2893.83,12.1,2953,mature
FG-00587,Chassis & suspension assembly 00587,C-SUV Gen5,Exterior module,PL-09,3267.73,2640.33,19.2,873,mature
FG-00588,Chassis & suspension assembly 00588,C-SUV Gen4,Body-in-white,PL-18,1698.66,1564.47,7.9,1003,mature
FG-00589,Thermal system assembly 00589,BEV Crossover,Powertrain,PL-07,3707.38,2914,21.4,2166,run-out
FG-00590,Chassis & suspension assembly 00590,E-Van Commercial,Exterior module,PL-16,188.56,147.08,22,1935,ramp-up
FG-00591,E-drive assembly 00591,Aftermarket Service,Powertrain,PL-11,2810.07,2461.62,12.4,1987,mature
FG-00592,Interior module assembly 00592,B-Hatch Facelift,Electrical & electronics,PL-08,2406.2,2165.58,10,3295,ramp-up
FG-00593,Body-in-white assembly 00593,D-Sedan,Thermal system,PL-01,343.05,324.18,5.5,2500,mature
FG-00594,Exterior module assembly 00594,Aftermarket Service,Powertrain,PL-13,671.08,555.65,17.2,814,run-out
FG-00595,Service kit assembly 00595,Pickup Midsize,Exterior module,PL-17,459.88,372.5,19,2753,mature
FG-00596,Interior module assembly 00596,B-Hatch Facelift,Interior module,PL-05,3245.08,2953.02,9,935,ramp-up
FG-00597,Body-in-white assembly 00597,C-SUV Gen5,Chassis & suspension,PL-16,1572.55,1305.22,17,3646,mature
FG-00598,Thermal system assembly 00598,BEV Compact,Powertrain,PL-17,3429.65,3072.97,10.4,3091,mature
FG-00599,Body-in-white assembly 00599,D-Sedan,Electrical & electronics,PL-05,2843.75,2721.47,4.3,1548,mature
FG-00600,Powertrain assembly 00600,E-Van Commercial,Powertrain,PL-06,2677.97,2027.22,24.3,883,mature
FG-00601,E-drive assembly 00601,Hybrid D-Sedan,Thermal system,PL-01,2369,2106.04,11.1,821,mature
FG-00602,E-drive assembly 00602,C-SUV Gen5,Interior module,PL-20,467.2,389.64,16.6,2168,run-out
FG-00603,Exterior module assembly 00603,BEV Crossover,Powertrain,PL-04,3668.85,3224.92,12.1,3661,mature
FG-00604,Service kit assembly 00604,C-SUV Gen4,Powertrain,PL-07,790.59,704.42,10.9,3775,mature
FG-00605,Chassis & suspension assembly 00605,D-Sedan,Interior module,PL-14,1406.07,1105.17,21.4,3716,mature
FG-00606,Interior module assembly 00606,C-SUV Gen4,Powertrain,PL-14,2029.73,1871.41,7.8,247,mature
FG-00607,Electrical & electronics assembly 00607,BEV Compact,Interior module,PL-09,342.84,304.44,11.2,2390,mature
FG-00608,Body-in-white assembly 00608,Aftermarket Service,Service kit,PL-03,3446.69,2981.39,13.5,147,mature
FG-00609,Exterior module assembly 00609,Hybrid D-Sedan,Service kit,PL-20,1057.96,987.08,6.7,2467,ramp-up
FG-00610,Thermal system assembly 00610,BEV Crossover,Electrical & electronics,PL-08,3366.27,2544.9,24.4,772,mature
FG-00611,Electrical & electronics assembly 00611,BEV Crossover,Service kit,PL-07,2283.98,2169.78,5,1725,mature
FG-00612,Service kit assembly 00612,BEV Compact,Thermal system,PL-09,1513.1,1322.45,12.6,680,ramp-up
FG-00613,Thermal system assembly 00613,Pickup Midsize,Exterior module,PL-16,3244.44,3111.42,4.1,1685,mature
FG-00614,Interior module assembly 00614,BEV Compact,Service kit,PL-11,1348.91,1076.43,20.2,866,ramp-up
FG-00615,Service kit assembly 00615,C-SUV Gen4,Electrical & electronics,PL-14,1836.04,1659.78,9.6,1226,run-out
FG-00616,Body-in-white assembly 00616,B-Hatch Facelift,Chassis & suspension,PL-18,4099.66,3591.3,12.4,2170,run-out
FG-00617,E-drive assembly 00617,Pickup Midsize,Powertrain,PL-05,1120.81,901.13,19.6,1549,mature
FG-00618,Exterior module assembly 00618,Hybrid D-Sedan,E-drive,PL-11,2782.78,2323.62,16.5,2671,mature
FG-00619,E-drive assembly 00619,Aftermarket Service,Chassis & suspension,PL-11,3353.35,3024.72,9.8,3581,ramp-up
FG-00620,Thermal system assembly 00620,Hybrid D-Sedan,Electrical & electronics,PL-03,1164.29,946.57,18.7,2655,mature
FG-00621,Electrical & electronics assembly 00621,Hybrid D-Sedan,E-drive,PL-02,4007.94,3763.46,6.1,1589,ramp-up
FG-00622,Service kit assembly 00622,B-Hatch Facelift,Thermal system,PL-16,3631.05,3093.65,14.8,2011,run-out
FG-00623,Interior module assembly 00623,Pickup Midsize,Electrical & electronics,PL-14,2425.79,1812.07,25.3,3271,mature
FG-00624,Chassis & suspension assembly 00624,C-SUV Gen4,Exterior module,PL-15,907.93,750.86,17.3,1415,ramp-up
FG-00625,Chassis & suspension assembly 00625,BEV Compact,Body-in-white,PL-08,4152.21,3458.79,16.7,685,ramp-up
FG-00626,Interior module assembly 00626,C-SUV Gen5,E-drive,PL-10,1479.96,1213.57,18,3511,ramp-up
FG-00627,Powertrain assembly 00627,C-SUV Gen5,Powertrain,PL-04,2498.79,1941.56,22.3,1685,mature
FG-00628,Service kit assembly 00628,C-SUV Gen5,Electrical & electronics,PL-06,689.58,570.28,17.3,2749,mature
FG-00629,Body-in-white assembly 00629,BEV Compact,Powertrain,PL-16,1655.59,1526.45,7.8,848,mature
FG-00630,Chassis & suspension assembly 00630,C-SUV Gen5,Body-in-white,PL-01,3848.77,3510.08,8.8,1693,mature
FG-00631,Body-in-white assembly 00631,Aftermarket Service,E-drive,PL-12,2408.32,1835.14,23.8,3346,mature
FG-00632,E-drive assembly 00632,D-Sedan,Electrical & electronics,PL-04,3646.29,3354.59,8,856,mature
FG-00633,Exterior module assembly 00633,Pickup Midsize,Powertrain,PL-06,320.55,275.03,14.2,3438,mature
FG-00634,E-drive assembly 00634,Hybrid D-Sedan,Body-in-white,PL-11,3259.81,2751.28,15.6,3665,ramp-up
FG-00635,E-drive assembly 00635,Aftermarket Service,Chassis & suspension,PL-18,535.89,420.67,21.5,781,mature
FG-00636,Body-in-white assembly 00636,D-Sedan,Electrical & electronics,PL-19,2073.15,1575.59,24,2517,ramp-up
FG-00637,Powertrain assembly 00637,BEV Compact,Service kit,PL-08,3495.15,2886.99,17.4,1606,mature
FG-00638,E-drive assembly 00638,Hybrid D-Sedan,Body-in-white,PL-04,2168.43,1637.16,24.5,2648,mature
FG-00639,Interior module assembly 00639,Hybrid D-Sedan,Thermal system,PL-13,3118.56,2497.97,19.9,996,mature
FG-00640,Electrical & electronics assembly 00640,BEV Crossover,E-drive,PL-18,2353.3,2026.19,13.9,629,mature
FG-00641,Interior module assembly 00641,C-SUV Gen4,Exterior module,PL-01,1607.97,1418.23,11.8,2974,mature
FG-00642,Powertrain assembly 00642,E-Van Commercial,Interior module,PL-02,498.06,381.02,23.5,670,ramp-up
FG-00643,Interior module assembly 00643,E-Van Commercial,Chassis & suspension,PL-13,3473.96,2984.13,14.1,2779,run-out
FG-00644,Body-in-white assembly 00644,B-Hatch Facelift,Service kit,PL-08,4182.92,3517.84,15.9,676,mature
FG-00645,Exterior module assembly 00645,Hybrid D-Sedan,Electrical & electronics,PL-13,1253.14,1198,4.4,3173,mature
FG-00646,Thermal system assembly 00646,Pickup Midsize,Thermal system,PL-08,3950.14,3002.11,24,995,mature
FG-00647,Thermal system assembly 00647,Pickup Midsize,Service kit,PL-07,2775.24,2442.21,12,493,run-out
FG-00648,E-drive assembly 00648,B-Hatch Facelift,Chassis & suspension,PL-16,571.25,423.87,25.8,1817,run-out
FG-00649,Thermal system assembly 00649,E-Van Commercial,Body-in-white,PL-01,260.36,221.83,14.8,964,mature
FG-00650,Body-in-white assembly 00650,BEV Crossover,Body-in-white,PL-01,3229.2,2667.32,17.4,570,mature
FG-00651,Service kit assembly 00651,Hybrid D-Sedan,Electrical & electronics,PL-12,1741.11,1528.69,12.2,2971,mature
FG-00652,Body-in-white assembly 00652,C-SUV Gen4,Service kit,PL-06,2770.57,2233.08,19.4,672,ramp-up
FG-00653,Electrical & electronics assembly 00653,C-SUV Gen4,Electrical & electronics,PL-10,159.84,144.34,9.7,2022,mature
FG-00654,Chassis & suspension assembly 00654,E-Van Commercial,E-drive,PL-01,3127.77,2546,18.6,1361,mature
FG-00655,E-drive assembly 00655,B-Hatch Facelift,Interior module,PL-12,635.81,610.38,4,3274,mature
FG-00656,Body-in-white assembly 00656,C-SUV Gen5,E-drive,PL-02,2881.2,2359.7,18.1,2664,ramp-up
FG-00657,Electrical & electronics assembly 00657,Pickup Midsize,Interior module,PL-16,2027.36,1784.08,12,28,run-out
FG-00658,Interior module assembly 00658,C-SUV Gen4,Interior module,PL-06,1751.46,1359.13,22.4,2794,ramp-up
FG-00659,Service kit assembly 00659,D-Sedan,Powertrain,PL-02,3424.14,3030.36,11.5,1375,mature
FG-00660,Electrical & electronics assembly 00660,C-SUV Gen5,Interior module,PL-08,2936.52,2266.99,22.8,3114,run-out
FG-00661,Body-in-white assembly 00661,Aftermarket Service,Exterior module,PL-04,2329.26,2007.82,13.8,3136,mature
FG-00662,Body-in-white assembly 00662,BEV Compact,Thermal system,PL-15,2983.92,2228.99,25.3,1755,run-out
FG-00663,Chassis & suspension assembly 00663,Aftermarket Service,Interior module,PL-07,1151.46,1090.43,5.3,378,mature
FG-00664,Electrical & electronics assembly 00664,C-SUV Gen5,Body-in-white,PL-05,2437.95,2086.89,14.4,2363,mature
FG-00665,Powertrain assembly 00665,C-SUV Gen4,Body-in-white,PL-06,1232.38,989.6,19.7,3727,ramp-up
FG-00666,Electrical & electronics assembly 00666,D-Sedan,Electrical & electronics,PL-03,4021.84,3000.29,25.4,152,mature
FG-00667,Exterior module assembly 00667,C-SUV Gen5,Thermal system,PL-18,1028.66,894.93,13,2736,mature
FG-00668,Electrical & electronics assembly 00668,C-SUV Gen5,Interior module,PL-16,2509.95,2020.51,19.5,1994,mature
FG-00669,Exterior module assembly 00669,Pickup Midsize,Thermal system,PL-04,2604.16,1955.72,24.9,1096,run-out
FG-00670,Body-in-white assembly 00670,Pickup Midsize,Service kit,PL-08,3684.95,2852.15,22.6,1133,mature
FG-00671,E-drive assembly 00671,D-Sedan,Powertrain,PL-19,1502.17,1369.98,8.8,2693,mature
FG-00672,Powertrain assembly 00672,BEV Crossover,E-drive,PL-20,1745.04,1355.9,22.3,1050,run-out
FG-00673,Exterior module assembly 00673,D-Sedan,Service kit,PL-11,1547.56,1307.69,15.5,1447,run-out
FG-00674,Body-in-white assembly 00674,Hybrid D-Sedan,Electrical & electronics,PL-03,2416.06,1969.09,18.5,1524,mature
FG-00675,Powertrain assembly 00675,C-SUV Gen4,Interior module,PL-18,563.98,430.88,23.6,1401,mature
FG-00676,Thermal system assembly 00676,C-SUV Gen4,Powertrain,PL-17,358.78,327.57,8.7,3594,run-out
FG-00677,Chassis & suspension assembly 00677,BEV Crossover,Chassis & suspension,PL-06,1021.07,895.48,12.3,2775,ramp-up
FG-00678,Chassis & suspension assembly 00678,Aftermarket Service,Interior module,PL-03,2280.99,1906.91,16.4,3175,mature
FG-00679,Thermal system assembly 00679,C-SUV Gen4,Interior module,PL-18,4061.63,3537.68,12.9,3148,ramp-up
FG-00680,Interior module assembly 00680,C-SUV Gen5,Powertrain,PL-05,189.77,170.03,10.4,3588,mature
FG-00681,Interior module assembly 00681,C-SUV Gen5,E-drive,PL-18,3528.78,3359.4,4.8,2422,mature
FG-00682,Exterior module assembly 00682,BEV Compact,Exterior module,PL-01,2813.63,2211.51,21.4,1613,run-out
FG-00683,Exterior module assembly 00683,D-Sedan,Exterior module,PL-06,768.19,682.92,11.1,224,mature
FG-00684,Interior module assembly 00684,Pickup Midsize,Body-in-white,PL-02,544.68,452.63,16.9,3796,mature
FG-00685,Body-in-white assembly 00685,D-Sedan,E-drive,PL-08,2810.26,2326.9,17.2,865,mature
FG-00686,Thermal system assembly 00686,Pickup Midsize,Interior module,PL-08,1015.89,831,18.2,1166,mature
FG-00687,Service kit assembly 00687,Aftermarket Service,Thermal system,PL-20,3932.3,3090.79,21.4,3179,run-out
FG-00688,Electrical & electronics assembly 00688,E-Van Commercial,Interior module,PL-04,2353.2,1901.39,19.2,661,mature
FG-00689,Exterior module assembly 00689,C-SUV Gen4,Interior module,PL-01,460.69,367.17,20.3,1708,mature
FG-00690,Exterior module assembly 00690,B-Hatch Facelift,Service kit,PL-16,3822.76,3237.88,15.3,3625,run-out
FG-00691,Exterior module assembly 00691,E-Van Commercial,Body-in-white,PL-08,1418.12,1199.73,15.4,3005,ramp-up
FG-00692,Service kit assembly 00692,C-SUV Gen5,Body-in-white,PL-07,4013.09,3603.75,10.2,3210,mature
FG-00693,Body-in-white assembly 00693,B-Hatch Facelift,E-drive,PL-15,1775.75,1422.38,19.9,347,mature
FG-00694,Interior module assembly 00694,BEV Crossover,Body-in-white,PL-15,3172.27,2445.82,22.9,677,run-out
FG-00695,Thermal system assembly 00695,C-SUV Gen5,Chassis & suspension,PL-07,1410.38,1102.92,21.8,1388,run-out
FG-00696,Electrical & electronics assembly 00696,BEV Compact,Electrical & electronics,PL-06,1390.13,1299.77,6.5,2804,mature
FG-00697,E-drive assembly 00697,C-SUV Gen5,Service kit,PL-16,3286.69,2879.14,12.4,2869,ramp-up
FG-00698,Exterior module assembly 00698,Aftermarket Service,Electrical & electronics,PL-14,935.46,852.2,8.9,373,mature
FG-00699,E-drive assembly 00699,C-SUV Gen5,Interior module,PL-20,3329.35,2809.97,15.6,3145,ramp-up
FG-00700,Service kit assembly 00700,E-Van Commercial,Service kit,PL-15,283.17,271.28,4.2,3389,mature
FG-00701,Exterior module assembly 00701,Aftermarket Service,Exterior module,PL-18,1070.3,999.66,6.6,3367,mature
FG-00702,Service kit assembly 00702,C-SUV Gen4,Body-in-white,PL-02,606.48,551.9,9,663,run-out
FG-00703,Chassis & suspension assembly 00703,C-SUV Gen4,Body-in-white,PL-03,1985.84,1848.82,6.9,1101,mature
FG-00704,E-drive assembly 00704,Hybrid D-Sedan,Exterior module,PL-06,3959.1,3028.71,23.5,2590,mature
FG-00705,Electrical & electronics assembly 00705,BEV Compact,Service kit,PL-05,3213.91,2423.29,24.6,2850,ramp-up
FG-00706,Chassis & suspension assembly 00706,E-Van Commercial,Exterior module,PL-06,3147.46,2631.28,16.4,737,ramp-up
FG-00707,E-drive assembly 00707,E-Van Commercial,Thermal system,PL-20,46.22,37.81,18.2,2553,mature
FG-00708,Exterior module assembly 00708,BEV Crossover,Body-in-white,PL-11,687.86,550.29,20,3054,mature
FG-00709,Powertrain assembly 00709,B-Hatch Facelift,Electrical & electronics,PL-10,730.43,636.93,12.8,1672,mature
FG-00710,Chassis & suspension assembly 00710,BEV Compact,Powertrain,PL-12,2833.64,2708.96,4.4,1025,ramp-up
FG-00711,Service kit assembly 00711,D-Sedan,Thermal system,PL-01,3877.38,3136.8,19.1,2809,mature
FG-00712,Exterior module assembly 00712,BEV Compact,Thermal system,PL-02,1137.42,942.92,17.1,1103,ramp-up
FG-00713,Electrical & electronics assembly 00713,BEV Compact,Interior module,PL-15,798.26,651.38,18.4,3324,mature
FG-00714,Service kit assembly 00714,B-Hatch Facelift,Body-in-white,PL-07,3873.25,3346.49,13.6,3199,mature
FG-00715,Body-in-white assembly 00715,BEV Compact,E-drive,PL-10,2771.79,2397.6,13.5,303,mature
FG-00716,Thermal system assembly 00716,C-SUV Gen4,Thermal system,PL-08,978.82,801.65,18.1,1867,ramp-up
FG-00717,Electrical & electronics assembly 00717,B-Hatch Facelift,Interior module,PL-12,1831.41,1586,13.4,3080,mature
FG-00718,Chassis & suspension assembly 00718,B-Hatch Facelift,Exterior module,PL-13,3787.61,3011.15,20.5,2608,mature
FG-00719,Chassis & suspension assembly 00719,Hybrid D-Sedan,Chassis & suspension,PL-16,2187.45,1787.15,18.3,386,mature
FG-00720,Chassis & suspension assembly 00720,Hybrid D-Sedan,Exterior module,PL-18,1661.13,1566.45,5.7,369,mature
FG-00721,Body-in-white assembly 00721,C-SUV Gen4,Electrical & electronics,PL-19,1789.38,1708.86,4.5,3128,mature
FG-00722,Electrical & electronics assembly 00722,Pickup Midsize,Electrical & electronics,PL-16,1721.06,1282.19,25.5,3405,mature
FG-00723,Thermal system assembly 00723,C-SUV Gen4,Exterior module,PL-19,2972.91,2405.08,19.1,194,ramp-up
FG-00724,Interior module assembly 00724,Pickup Midsize,Body-in-white,PL-01,2101.48,1922.85,8.5,438,run-out
FG-00725,Body-in-white assembly 00725,B-Hatch Facelift,Body-in-white,PL-07,2332.26,2075.71,11,1227,mature
FG-00726,Exterior module assembly 00726,B-Hatch Facelift,Interior module,PL-18,2596.01,2377.95,8.4,3422,mature
FG-00727,Chassis & suspension assembly 00727,E-Van Commercial,Chassis & suspension,PL-08,1367.27,1175.85,14,3776,mature
FG-00728,E-drive assembly 00728,E-Van Commercial,Interior module,PL-03,2840.03,2470.83,13,3360,run-out
FG-00729,Electrical & electronics assembly 00729,Aftermarket Service,Chassis & suspension,PL-13,510.65,402.9,21.1,2045,run-out
FG-00730,Thermal system assembly 00730,C-SUV Gen5,Thermal system,PL-20,492.89,409.1,17,1730,mature
FG-00731,Exterior module assembly 00731,BEV Crossover,Thermal system,PL-20,1465.16,1260.04,14,3189,mature
FG-00732,Thermal system assembly 00732,Pickup Midsize,Thermal system,PL-12,1885.01,1753.06,7,321,mature
FG-00733,Exterior module assembly 00733,Hybrid D-Sedan,Exterior module,PL-06,1230.74,1063.36,13.6,2040,mature
FG-00734,Service kit assembly 00734,C-SUV Gen5,Powertrain,PL-03,3580.19,3132.67,12.5,2422,mature
FG-00735,E-drive assembly 00735,Aftermarket Service,Body-in-white,PL-04,2751.78,2176.66,20.9,1183,run-out
FG-00736,Powertrain assembly 00736,Hybrid D-Sedan,Exterior module,PL-12,3022.68,2285.15,24.4,2651,run-out
FG-00737,E-drive assembly 00737,B-Hatch Facelift,Service kit,PL-20,634.23,482.01,24,801,run-out
FG-00738,Service kit assembly 00738,B-Hatch Facelift,Body-in-white,PL-08,874.46,663.72,24.1,3271,mature
FG-00739,Chassis & suspension assembly 00739,D-Sedan,Chassis & suspension,PL-13,102.86,97.72,5,3637,mature
FG-00740,Powertrain assembly 00740,Aftermarket Service,Powertrain,PL-08,3352.35,2929.95,12.6,236,run-out
FG-00741,Exterior module assembly 00741,BEV Crossover,Chassis & suspension,PL-03,2718.38,2373.15,12.7,1048,mature
FG-00742,Body-in-white assembly 00742,BEV Compact,Thermal system,PL-13,3790.27,3157.29,16.7,3289,mature
FG-00743,E-drive assembly 00743,BEV Crossover,Electrical & electronics,PL-14,404.69,341.96,15.5,658,mature
FG-00744,Chassis & suspension assembly 00744,D-Sedan,E-drive,PL-03,1596.38,1457.49,8.7,3106,mature
FG-00745,Powertrain assembly 00745,BEV Crossover,Service kit,PL-07,2716.01,2213.55,18.5,1070,mature
FG-00746,E-drive assembly 00746,BEV Compact,Exterior module,PL-15,435.26,336.46,22.7,2730,mature
FG-00747,Electrical & electronics assembly 00747,D-Sedan,Electrical & electronics,PL-20,1779.1,1704.38,4.2,609,run-out
FG-00748,Exterior module assembly 00748,B-Hatch Facelift,Electrical & electronics,PL-20,2255.16,2081.51,7.7,3627,run-out
FG-00749,Electrical & electronics assembly 00749,Pickup Midsize,Electrical & electronics,PL-18,3715.45,3518.53,5.3,2286,ramp-up
FG-00750,Body-in-white assembly 00750,BEV Compact,Exterior module,PL-14,1315.11,1177.02,10.5,3088,run-out
FG-00751,Powertrain assembly 00751,BEV Compact,E-drive,PL-14,1893.46,1444.71,23.7,3638,mature
FG-00752,Thermal system assembly 00752,Aftermarket Service,E-drive,PL-20,3142.16,2944.2,6.3,2969,mature
FG-00753,E-drive assembly 00753,BEV Compact,Thermal system,PL-06,4195.62,3549.49,15.4,1687,run-out
FG-00754,E-drive assembly 00754,E-Van Commercial,Body-in-white,PL-03,1938.54,1630.31,15.9,3316,run-out
FG-00755,Service kit assembly 00755,C-SUV Gen5,Service kit,PL-09,2115.7,1963.37,7.2,1686,mature
FG-00756,Interior module assembly 00756,C-SUV Gen5,Powertrain,PL-04,3693.87,2785.18,24.6,3541,mature
FG-00757,E-drive assembly 00757,Pickup Midsize,Interior module,PL-15,2180.96,1834.19,15.9,3174,mature
FG-00758,Interior module assembly 00758,C-SUV Gen5,E-drive,PL-19,3592.33,3204.36,10.8,3609,mature
FG-00759,Powertrain assembly 00759,Hybrid D-Sedan,Thermal system,PL-06,3359.3,2996.5,10.8,1163,mature
FG-00760,E-drive assembly 00760,BEV Compact,Interior module,PL-12,814.84,660.84,18.9,1433,ramp-up
FG-00761,Thermal system assembly 00761,C-SUV Gen5,Exterior module,PL-14,3551.47,3238.94,8.8,2437,ramp-up
FG-00762,Chassis & suspension assembly 00762,Aftermarket Service,Interior module,PL-16,876.28,767.62,12.4,1621,run-out
FG-00763,E-drive assembly 00763,BEV Compact,Electrical & electronics,PL-15,1928.26,1635.16,15.2,270,mature
FG-00764,Exterior module assembly 00764,D-Sedan,Exterior module,PL-03,1342.66,1170.8,12.8,1534,mature
FG-00765,Interior module assembly 00765,C-SUV Gen4,Interior module,PL-04,1267.68,1158.66,8.6,2076,mature
FG-00766,Body-in-white assembly 00766,C-SUV Gen4,Thermal system,PL-07,2478.28,2032.19,18,27,mature
FG-00767,Exterior module assembly 00767,BEV Compact,Electrical & electronics,PL-15,1982.15,1708.61,13.8,339,mature
FG-00768,Body-in-white assembly 00768,BEV Compact,Thermal system,PL-14,1272.96,1146.94,9.9,2415,mature
FG-00769,Body-in-white assembly 00769,BEV Compact,Chassis & suspension,PL-13,300.69,238.75,20.6,264,mature
FG-00770,Body-in-white assembly 00770,C-SUV Gen4,Powertrain,PL-04,2089.22,1995.21,4.5,2744,mature
FG-00771,E-drive assembly 00771,BEV Compact,E-drive,PL-15,3071.1,2678,12.8,2051,run-out
FG-00772,Thermal system assembly 00772,BEV Crossover,Body-in-white,PL-03,2379.44,2015.39,15.3,104,ramp-up
FG-00773,Interior module assembly 00773,D-Sedan,Electrical & electronics,PL-20,1012.13,821.85,18.8,2082,ramp-up
FG-00774,Thermal system assembly 00774,Pickup Midsize,Service kit,PL-19,3333.08,2789.79,16.3,3585,ramp-up
FG-00775,Electrical & electronics assembly 00775,Hybrid D-Sedan,Chassis & suspension,PL-12,135.74,123.52,9,1658,ramp-up
FG-00776,Service kit assembly 00776,D-Sedan,Thermal system,PL-04,3903.83,3353.39,14.1,3215,ramp-up
FG-00777,Chassis & suspension assembly 00777,C-SUV Gen4,Exterior module,PL-11,3309.19,2912.09,12,622,run-out
FG-00778,Thermal system assembly 00778,B-Hatch Facelift,Powertrain,PL-03,3146.85,2778.67,11.7,1387,mature
FG-00779,Exterior module assembly 00779,D-Sedan,Interior module,PL-13,127.29,111.89,12.1,2322,mature
FG-00780,Exterior module assembly 00780,D-Sedan,E-drive,PL-14,2555.9,2177.63,14.8,2697,run-out
FG-00781,Powertrain assembly 00781,Hybrid D-Sedan,Electrical & electronics,PL-02,2489.58,1949.34,21.7,3447,mature
FG-00782,Powertrain assembly 00782,E-Van Commercial,Electrical & electronics,PL-05,90.59,75.28,16.9,3786,mature
FG-00783,Electrical & electronics assembly 00783,C-SUV Gen4,E-drive,PL-13,1232.51,956.43,22.4,2775,ramp-up
FG-00784,Interior module assembly 00784,Hybrid D-Sedan,Body-in-white,PL-07,823.49,774.9,5.9,2081,ramp-up
FG-00785,Interior module assembly 00785,E-Van Commercial,Interior module,PL-19,1706.6,1435.25,15.9,2349,ramp-up
FG-00786,E-drive assembly 00786,Aftermarket Service,Electrical & electronics,PL-13,2657.39,2248.15,15.4,757,mature
FG-00787,Service kit assembly 00787,E-Van Commercial,Body-in-white,PL-16,1183.68,1079.52,8.8,1100,mature
FG-00788,Service kit assembly 00788,Pickup Midsize,Thermal system,PL-14,2817.46,2217.34,21.3,2360,mature
FG-00789,Electrical & electronics assembly 00789,BEV Crossover,Thermal system,PL-15,3659.05,2941.88,19.6,3591,run-out
FG-00790,Interior module assembly 00790,B-Hatch Facelift,Interior module,PL-15,188.42,160.53,14.8,2420,mature
FG-00791,Interior module assembly 00791,BEV Crossover,Thermal system,PL-18,1413.66,1142.24,19.2,2291,mature
FG-00792,Body-in-white assembly 00792,Pickup Midsize,Exterior module,PL-10,1806.74,1644.13,9,1984,mature
FG-00793,Exterior module assembly 00793,Hybrid D-Sedan,Body-in-white,PL-15,2281.32,2183.22,4.3,1445,ramp-up
FG-00794,Body-in-white assembly 00794,C-SUV Gen4,Powertrain,PL-19,267.85,203.03,24.2,1229,ramp-up
FG-00795,Thermal system assembly 00795,BEV Compact,Chassis & suspension,PL-20,2900.85,2784.82,4,3130,mature
FG-00796,Service kit assembly 00796,BEV Crossover,Electrical & electronics,PL-05,993.29,929.72,6.4,647,mature
FG-00797,Powertrain assembly 00797,BEV Crossover,Thermal system,PL-09,3518.31,2793.54,20.6,876,mature
FG-00798,Interior module assembly 00798,BEV Compact,Exterior module,PL-09,3792.93,3394.67,10.5,2223,mature
FG-00799,Powertrain assembly 00799,Pickup Midsize,Chassis & suspension,PL-14,2014.17,1724.13,14.4,3532,mature
FG-00800,Electrical & electronics assembly 00800,Pickup Midsize,Body-in-white,PL-09,1047.13,954.98,8.8,3061,run-out
FG-00801,Powertrain assembly 00801,C-SUV Gen4,Interior module,PL-20,395.49,311.65,21.2,2419,mature
FG-00802,Body-in-white assembly 00802,Hybrid D-Sedan,E-drive,PL-12,818.95,750.98,8.3,339,run-out
FG-00803,Interior module assembly 00803,Pickup Midsize,E-drive,PL-01,2978.11,2847.07,4.4,2760,mature
FG-00804,Exterior module assembly 00804,Hybrid D-Sedan,Interior module,PL-12,106.32,92.29,13.2,58,run-out
FG-00805,Powertrain assembly 00805,D-Sedan,Electrical & electronics,PL-18,2103.87,1763.04,16.2,2176,ramp-up
FG-00806,Powertrain assembly 00806,C-SUV Gen4,Service kit,PL-09,3799.25,3423.12,9.9,3097,mature
FG-00807,Chassis & suspension assembly 00807,E-Van Commercial,Powertrain,PL-12,1252.72,1171.29,6.5,3209,mature
FG-00808,Interior module assembly 00808,D-Sedan,E-drive,PL-02,2086.97,1707.14,18.2,2613,mature
FG-00809,Powertrain assembly 00809,Hybrid D-Sedan,Chassis & suspension,PL-02,760,715.92,5.8,3163,mature
FG-00810,Interior module assembly 00810,B-Hatch Facelift,Thermal system,PL-06,1880.19,1703.45,9.4,351,mature
FG-00811,Exterior module assembly 00811,D-Sedan,Thermal system,PL-04,153.57,119.63,22.1,2844,mature
FG-00812,Electrical & electronics assembly 00812,B-Hatch Facelift,Body-in-white,PL-07,63.23,47.93,24.2,258,ramp-up
FG-00813,Powertrain assembly 00813,Aftermarket Service,Service kit,PL-02,491,366.29,25.4,182,mature
FG-00814,Body-in-white assembly 00814,Pickup Midsize,Electrical & electronics,PL-03,2451.22,1848.22,24.6,2104,run-out
FG-00815,Interior module assembly 00815,C-SUV Gen5,E-drive,PL-07,2541.78,2002.92,21.2,2758,run-out
FG-00816,Exterior module assembly 00816,C-SUV Gen4,Chassis & suspension,PL-14,1197.3,1060.81,11.4,2667,mature
FG-00817,Interior module assembly 00817,BEV Compact,Service kit,PL-14,814.5,710.24,12.8,2513,ramp-up
FG-00818,Exterior module assembly 00818,C-SUV Gen5,Powertrain,PL-02,2059.8,1878.54,8.8,692,ramp-up
FG-00819,Service kit assembly 00819,Hybrid D-Sedan,Interior module,PL-16,2514.04,2295.32,8.7,3399,mature
FG-00820,Body-in-white assembly 00820,BEV Crossover,Chassis & suspension,PL-07,1809.43,1709.91,5.5,1854,run-out
FG-00821,Interior module assembly 00821,Hybrid D-Sedan,Thermal system,PL-05,793.72,739.75,6.8,3658,mature
FG-00822,Interior module assembly 00822,C-SUV Gen5,Powertrain,PL-03,3031.46,2870.79,5.3,1036,mature
FG-00823,Chassis & suspension assembly 00823,C-SUV Gen4,E-drive,PL-20,2022.55,1537.14,24,780,run-out
FG-00824,Exterior module assembly 00824,C-SUV Gen4,Powertrain,PL-13,3997.92,3510.17,12.2,2415,mature
FG-00825,Electrical & electronics assembly 00825,E-Van Commercial,Body-in-white,PL-11,3192.39,2726.3,14.6,251,mature
FG-00826,Body-in-white assembly 00826,D-Sedan,Chassis & suspension,PL-05,1004.77,853.05,15.1,1736,mature
FG-00827,Body-in-white assembly 00827,BEV Crossover,Body-in-white,PL-12,2565.1,2326.55,9.3,1609,mature
FG-00828,E-drive assembly 00828,BEV Compact,Body-in-white,PL-13,3174.11,2640.86,16.8,2622,mature
FG-00829,Body-in-white assembly 00829,B-Hatch Facelift,E-drive,PL-17,2009.8,1762.59,12.3,3404,ramp-up
FG-00830,Body-in-white assembly 00830,D-Sedan,Thermal system,PL-07,1551.34,1261.24,18.7,2630,mature
FG-00831,Exterior module assembly 00831,BEV Crossover,Powertrain,PL-17,1030,950.69,7.7,601,ramp-up
FG-00832,Interior module assembly 00832,BEV Compact,Thermal system,PL-13,527.38,495.21,6.1,1992,mature
FG-00833,Electrical & electronics assembly 00833,BEV Compact,Body-in-white,PL-17,3255.8,2904.17,10.8,887,mature
FG-00834,Service kit assembly 00834,Aftermarket Service,Thermal system,PL-06,3555.83,2826.88,20.5,1019,ramp-up
FG-00835,Body-in-white assembly 00835,C-SUV Gen4,E-drive,PL-09,2161.1,1973.08,8.7,3164,mature
FG-00836,E-drive assembly 00836,Pickup Midsize,Exterior module,PL-12,3025.18,2631.91,13,1280,mature
FG-00837,Chassis & suspension assembly 00837,D-Sedan,Powertrain,PL-13,4175.76,3695.55,11.5,2511,mature
FG-00838,Body-in-white assembly 00838,C-SUV Gen5,Exterior module,PL-19,3370.96,3215.9,4.6,3004,mature
FG-00839,Thermal system assembly 00839,BEV Compact,Thermal system,PL-09,1937.82,1651.02,14.8,2713,ramp-up
FG-00840,Powertrain assembly 00840,C-SUV Gen5,Body-in-white,PL-13,2637.99,2484.99,5.8,2481,ramp-up
FG-00841,Service kit assembly 00841,D-Sedan,Thermal system,PL-18,1560.63,1456.07,6.7,2311,mature
FG-00842,Powertrain assembly 00842,B-Hatch Facelift,Service kit,PL-20,3127.48,2414.41,22.8,805,ramp-up
FG-00843,Electrical & electronics assembly 00843,D-Sedan,Electrical & electronics,PL-11,4195.11,3398.04,19,3355,mature
FG-00844,E-drive assembly 00844,BEV Crossover,Chassis & suspension,PL-15,1269.33,1006.58,20.7,1272,mature
FG-00845,Electrical & electronics assembly 00845,C-SUV Gen4,Service kit,PL-12,56.87,43.56,23.4,1235,mature
FG-00846,Electrical & electronics assembly 00846,BEV Compact,Powertrain,PL-05,2424.2,1975.72,18.5,3004,run-out
FG-00847,Powertrain assembly 00847,BEV Compact,Service kit,PL-13,4003.47,3799.29,5.1,989,ramp-up
FG-00848,Body-in-white assembly 00848,BEV Crossover,Exterior module,PL-18,2445.78,2259.9,7.6,2129,ramp-up
FG-00849,E-drive assembly 00849,BEV Compact,Service kit,PL-06,3856.52,3347.46,13.2,3361,ramp-up
FG-00850,E-drive assembly 00850,Pickup Midsize,Service kit,PL-06,2482.95,1859.73,25.1,521,mature
FG-00851,Service kit assembly 00851,Pickup Midsize,Exterior module,PL-05,133.95,115.6,13.7,2202,ramp-up
FG-00852,Electrical & electronics assembly 00852,E-Van Commercial,Body-in-white,PL-19,3006.97,2823.54,6.1,3208,mature
FG-00853,Exterior module assembly 00853,Hybrid D-Sedan,Body-in-white,PL-19,77.15,72.14,6.5,775,mature
FG-00854,Exterior module assembly 00854,Pickup Midsize,E-drive,PL-18,1993.65,1766.37,11.4,640,mature
FG-00855,Chassis & suspension assembly 00855,Pickup Midsize,Chassis & suspension,PL-08,3368.16,3031.34,10,1593,mature
FG-00856,Thermal system assembly 00856,Aftermarket Service,Service kit,PL-16,1415.57,1224.47,13.5,125,ramp-up
FG-00857,Electrical & electronics assembly 00857,C-SUV Gen4,Body-in-white,PL-19,311.87,235.77,24.4,38,mature
FG-00858,Thermal system assembly 00858,BEV Compact,E-drive,PL-11,1269.23,1090.27,14.1,541,run-out
FG-00859,Service kit assembly 00859,E-Van Commercial,Chassis & suspension,PL-07,3258.22,2736.9,16,669,mature
FG-00860,Interior module assembly 00860,Aftermarket Service,Thermal system,PL-05,1912.29,1784.17,6.7,1080,mature
FG-00861,Body-in-white assembly 00861,Pickup Midsize,Interior module,PL-04,3234.36,2820.36,12.8,3277,run-out
FG-00862,Body-in-white assembly 00862,D-Sedan,E-drive,PL-17,2245.69,2119.93,5.6,2429,ramp-up
FG-00863,Exterior module assembly 00863,Hybrid D-Sedan,Powertrain,PL-20,1366.84,1059.3,22.5,289,ramp-up
FG-00864,Powertrain assembly 00864,E-Van Commercial,Chassis & suspension,PL-01,2050.89,1874.51,8.6,389,run-out
FG-00865,Thermal system assembly 00865,C-SUV Gen4,Service kit,PL-19,2908.82,2382.32,18.1,630,ramp-up
FG-00866,Thermal system assembly 00866,BEV Compact,Chassis & suspension,PL-05,172.05,165.17,4,2183,mature
FG-00867,Powertrain assembly 00867,C-SUV Gen5,Electrical & electronics,PL-13,2957.24,2640.82,10.7,663,mature
FG-00868,Powertrain assembly 00868,Pickup Midsize,E-drive,PL-20,1008.2,790.43,21.6,1170,ramp-up
FG-00869,Service kit assembly 00869,B-Hatch Facelift,Electrical & electronics,PL-01,1255.02,1106.93,11.8,488,run-out
FG-00870,Chassis & suspension assembly 00870,Pickup Midsize,Body-in-white,PL-03,230.42,213.83,7.2,708,mature
FG-00871,Interior module assembly 00871,Pickup Midsize,Powertrain,PL-01,373.22,303.05,18.8,1349,mature
FG-00872,Powertrain assembly 00872,BEV Crossover,Electrical & electronics,PL-13,3739.06,3522.19,5.8,220,run-out
FG-00873,Body-in-white assembly 00873,Aftermarket Service,Thermal system,PL-13,3893.26,3048.42,21.7,3030,run-out
FG-00874,Powertrain assembly 00874,C-SUV Gen5,Body-in-white,PL-02,915.91,782.19,14.6,148,mature
FG-00875,E-drive assembly 00875,C-SUV Gen4,Exterior module,PL-08,2124.1,1918.06,9.7,1258,mature
FG-00876,E-drive assembly 00876,E-Van Commercial,Chassis & suspension,PL-14,201.38,178.62,11.3,3140,mature
FG-00877,Service kit assembly 00877,C-SUV Gen4,Exterior module,PL-10,3524.4,2731.41,22.5,225,ramp-up
FG-00878,E-drive assembly 00878,D-Sedan,Chassis & suspension,PL-06,2346.71,2217.64,5.5,106,mature
FG-00879,Powertrain assembly 00879,C-SUV Gen5,Chassis & suspension,PL-07,3799.76,2853.62,24.9,2429,run-out
FG-00880,Powertrain assembly 00880,B-Hatch Facelift,Body-in-white,PL-15,2751.12,2104.61,23.5,1647,mature
FG-00881,E-drive assembly 00881,E-Van Commercial,Body-in-white,PL-13,704.84,537.79,23.7,2294,run-out
FG-00882,Exterior module assembly 00882,Pickup Midsize,Chassis & suspension,PL-03,2109.04,2003.59,5,1426,mature
FG-00883,Body-in-white assembly 00883,Hybrid D-Sedan,Thermal system,PL-20,535.62,489.02,8.7,2473,run-out
FG-00884,E-drive assembly 00884,C-SUV Gen5,Thermal system,PL-06,437.26,402.72,7.9,39,mature
FG-00885,Service kit assembly 00885,BEV Compact,Powertrain,PL-15,3846.53,2865.66,25.5,3688,run-out
FG-00886,Electrical & electronics assembly 00886,C-SUV Gen4,E-drive,PL-17,3567.17,2935.78,17.7,2412,run-out
FG-00887,Chassis & suspension assembly 00887,Hybrid D-Sedan,Interior module,PL-18,3632.66,3407.44,6.2,2130,mature
FG-00888,Thermal system assembly 00888,E-Van Commercial,Exterior module,PL-17,551.87,444.26,19.5,78,mature
FG-00889,Chassis & suspension assembly 00889,E-Van Commercial,Interior module,PL-16,131.95,107.41,18.6,1985,run-out
FG-00890,Interior module assembly 00890,BEV Crossover,Electrical & electronics,PL-13,3398.42,3197.91,5.9,2609,mature
FG-00891,Thermal system assembly 00891,Aftermarket Service,Service kit,PL-01,3162.39,2877.77,9,1490,ramp-up
FG-00892,Chassis & suspension assembly 00892,BEV Compact,Service kit,PL-16,3700.02,3511.32,5.1,983,run-out
FG-00893,Powertrain assembly 00893,C-SUV Gen5,Chassis & suspension,PL-06,1219.16,1136.26,6.8,1679,ramp-up
FG-00894,Exterior module assembly 00894,D-Sedan,Chassis & suspension,PL-14,4058.16,3165.36,22,2801,run-out
FG-00895,E-drive assembly 00895,Pickup Midsize,Body-in-white,PL-20,1206.87,946.19,21.6,3777,mature
FG-00896,Service kit assembly 00896,D-Sedan,Service kit,PL-11,3799.85,2922.08,23.1,3214,run-out
FG-00897,Interior module assembly 00897,B-Hatch Facelift,Chassis & suspension,PL-04,1691.74,1588.54,6.1,2830,run-out
FG-00898,Electrical & electronics assembly 00898,E-Van Commercial,Powertrain,PL-03,1314.8,1188.58,9.6,1233,mature
FG-00899,Service kit assembly 00899,BEV Crossover,Interior module,PL-12,3548.73,2941.9,17.1,219,mature
FG-00900,Interior module assembly 00900,BEV Compact,Service kit,PL-10,547.57,416.7,23.9,909,mature
FG-00901,E-drive assembly 00901,Pickup Midsize,Electrical & electronics,PL-18,3988.82,3039.48,23.8,1069,ramp-up
FG-00902,Thermal system assembly 00902,C-SUV Gen4,Interior module,PL-20,869.8,656.7,24.5,1172,run-out
FG-00903,Chassis & suspension assembly 00903,B-Hatch Facelift,Service kit,PL-04,3051.11,2276.13,25.4,301,ramp-up
FG-00904,Exterior module assembly 00904,BEV Compact,Service kit,PL-18,3572.38,2672.14,25.2,792,run-out
FG-00905,Interior module assembly 00905,C-SUV Gen5,Body-in-white,PL-05,1785.09,1544.1,13.5,2720,mature
FG-00906,Chassis & suspension assembly 00906,Hybrid D-Sedan,Electrical & electronics,PL-07,1737.66,1497.86,13.8,3344,mature
FG-00907,Powertrain assembly 00907,B-Hatch Facelift,Electrical & electronics,PL-13,432.73,332.77,23.1,1514,run-out
FG-00908,Service kit assembly 00908,E-Van Commercial,Chassis & suspension,PL-01,3351.59,2520.4,24.8,3263,ramp-up
FG-00909,Thermal system assembly 00909,BEV Crossover,Thermal system,PL-11,765.77,707.57,7.6,2114,ramp-up
FG-00910,Thermal system assembly 00910,C-SUV Gen4,Chassis & suspension,PL-03,400.94,342.8,14.5,2153,mature
FG-00911,Interior module assembly 00911,Hybrid D-Sedan,Body-in-white,PL-06,112.84,88.58,21.5,699,ramp-up
FG-00912,Service kit assembly 00912,Pickup Midsize,Body-in-white,PL-02,295.5,230.49,22,2402,mature
FG-00913,E-drive assembly 00913,Pickup Midsize,Thermal system,PL-10,2006.65,1858.16,7.4,494,mature
FG-00914,Interior module assembly 00914,C-SUV Gen4,Electrical & electronics,PL-07,3275.24,2571.06,21.5,807,mature
FG-00915,E-drive assembly 00915,C-SUV Gen4,Body-in-white,PL-16,1901.22,1469.64,22.7,1611,mature
FG-00916,Exterior module assembly 00916,E-Van Commercial,Exterior module,PL-04,592.5,486.44,17.9,1092,run-out
FG-00917,Thermal system assembly 00917,Pickup Midsize,Chassis & suspension,PL-08,1974.04,1881.26,4.7,2233,mature
FG-00918,Body-in-white assembly 00918,BEV Crossover,Electrical & electronics,PL-16,1779.2,1615.51,9.2,3753,mature
FG-00919,Chassis & suspension assembly 00919,BEV Compact,Interior module,PL-07,998.24,804.58,19.4,3572,mature
FG-00920,Thermal system assembly 00920,B-Hatch Facelift,E-drive,PL-11,3744.01,3167.43,15.4,3455,mature
FG-00921,Powertrain assembly 00921,E-Van Commercial,Thermal system,PL-17,834.82,799.76,4.2,3494,mature
FG-00922,Thermal system assembly 00922,B-Hatch Facelift,Chassis & suspension,PL-06,1419.53,1141.3,19.6,1557,mature
FG-00923,Chassis & suspension assembly 00923,Pickup Midsize,Exterior module,PL-11,459.79,381.17,17.1,1475,mature
FG-00924,Thermal system assembly 00924,B-Hatch Facelift,Chassis & suspension,PL-02,2564.49,2079.8,18.9,3512,run-out
FG-00925,Chassis & suspension assembly 00925,C-SUV Gen4,Chassis & suspension,PL-20,2456.39,1886.51,23.2,3570,run-out
FG-00926,Interior module assembly 00926,B-Hatch Facelift,Powertrain,PL-15,1015.95,926.55,8.8,1147,mature
FG-00927,Thermal system assembly 00927,Aftermarket Service,E-drive,PL-12,2887.29,2543.7,11.9,905,mature
FG-00928,Service kit assembly 00928,Aftermarket Service,Exterior module,PL-19,3956.46,3453.99,12.7,306,mature
FG-00929,Chassis & suspension assembly 00929,Pickup Midsize,Thermal system,PL-08,1941.73,1442.71,25.7,1106,mature
FG-00930,Electrical & electronics assembly 00930,D-Sedan,Service kit,PL-17,1011.26,785.75,22.3,3131,mature
FG-00931,Interior module assembly 00931,BEV Crossover,Chassis & suspension,PL-19,2117.75,1846.68,12.8,3015,ramp-up
FG-00932,Service kit assembly 00932,Pickup Midsize,E-drive,PL-20,3980.47,3793.39,4.7,1680,ramp-up
FG-00933,Exterior module assembly 00933,Aftermarket Service,Service kit,PL-02,2249.35,2013.17,10.5,1655,mature
FG-00934,Electrical & electronics assembly 00934,BEV Compact,Thermal system,PL-05,3471.29,2797.86,19.4,1796,mature
FG-00935,E-drive assembly 00935,BEV Compact,Exterior module,PL-13,3998.69,3222.94,19.4,749,mature
FG-00936,Interior module assembly 00936,BEV Crossover,Powertrain,PL-05,320.14,305.09,4.7,1598,ramp-up
FG-00937,Body-in-white assembly 00937,Hybrid D-Sedan,Body-in-white,PL-10,1728.29,1538.18,11,2563,mature
FG-00938,E-drive assembly 00938,Pickup Midsize,Chassis & suspension,PL-13,3774.92,3582.4,5.1,231,ramp-up
FG-00939,Exterior module assembly 00939,Hybrid D-Sedan,Body-in-white,PL-02,1458.19,1135.93,22.1,1523,ramp-up
FG-00940,Body-in-white assembly 00940,D-Sedan,Body-in-white,PL-11,592.12,450.01,24,2823,run-out
FG-00941,Interior module assembly 00941,Hybrid D-Sedan,Thermal system,PL-12,2428.17,2243.63,7.6,523,mature
FG-00942,Interior module assembly 00942,BEV Compact,Electrical & electronics,PL-12,3079.08,2820.44,8.4,2765,mature
FG-00943,Service kit assembly 00943,B-Hatch Facelift,Chassis & suspension,PL-06,3589.89,2735.5,23.8,761,ramp-up
FG-00944,Exterior module assembly 00944,C-SUV Gen4,Body-in-white,PL-14,1571.12,1417.15,9.8,1797,mature
FG-00945,Interior module assembly 00945,Hybrid D-Sedan,Thermal system,PL-15,1789.13,1518.97,15.1,2922,ramp-up
FG-00946,Thermal system assembly 00946,C-SUV Gen5,Service kit,PL-15,4163.75,3518.37,15.5,3626,run-out
FG-00947,Electrical & electronics assembly 00947,BEV Compact,Electrical & electronics,PL-09,2412.95,1966.55,18.5,798,mature
FG-00948,Exterior module assembly 00948,C-SUV Gen5,Exterior module,PL-10,1654.87,1309,20.9,3767,ramp-up
FG-00949,E-drive assembly 00949,BEV Crossover,Service kit,PL-15,951.88,789.11,17.1,1374,run-out
FG-00950,Thermal system assembly 00950,E-Van Commercial,Powertrain,PL-10,3121.94,2663.01,14.7,2064,ramp-up
FG-00951,Thermal system assembly 00951,C-SUV Gen5,Service kit,PL-10,1957.1,1712.46,12.5,3322,ramp-up
FG-00952,Thermal system assembly 00952,C-SUV Gen5,Thermal system,PL-14,864.18,796.77,7.8,95,mature
FG-00953,Electrical & electronics assembly 00953,Hybrid D-Sedan,Thermal system,PL-20,602.66,542.39,10,1965,mature
FG-00954,Powertrain assembly 00954,B-Hatch Facelift,Interior module,PL-08,1824.73,1496.28,18,2349,run-out
FG-00955,E-drive assembly 00955,Aftermarket Service,Service kit,PL-13,1642.61,1228.67,25.2,1805,mature
FG-00956,Powertrain assembly 00956,Pickup Midsize,Chassis & suspension,PL-20,842.89,751.86,10.8,2287,mature
FG-00957,E-drive assembly 00957,B-Hatch Facelift,Thermal system,PL-02,973.25,730.91,24.9,2572,ramp-up
FG-00958,Thermal system assembly 00958,BEV Crossover,Chassis & suspension,PL-17,3766.24,3129.75,16.9,2429,mature
FG-00959,Powertrain assembly 00959,BEV Crossover,Chassis & suspension,PL-13,435.28,337.78,22.4,415,mature
FG-00960,Powertrain assembly 00960,B-Hatch Facelift,Electrical & electronics,PL-20,702.88,660.71,6,408,mature
FG-00961,Exterior module assembly 00961,Aftermarket Service,Body-in-white,PL-07,1841,1515.14,17.7,420,mature
FG-00962,Service kit assembly 00962,C-SUV Gen5,Exterior module,PL-03,1598.61,1521.88,4.8,1496,mature
FG-00963,Chassis & suspension assembly 00963,Pickup Midsize,Body-in-white,PL-13,1001.49,953.42,4.8,2670,mature
FG-00964,Thermal system assembly 00964,E-Van Commercial,Thermal system,PL-06,1179.1,1002.23,15,883,mature
FG-00965,Thermal system assembly 00965,D-Sedan,Electrical & electronics,PL-07,2528.79,1954.75,22.7,3427,mature
FG-00966,Exterior module assembly 00966,C-SUV Gen4,Body-in-white,PL-14,2062.07,1633.16,20.8,3761,mature
FG-00967,Chassis & suspension assembly 00967,E-Van Commercial,Interior module,PL-05,1398.13,1289.08,7.8,95,mature
FG-00968,Electrical & electronics assembly 00968,Pickup Midsize,Body-in-white,PL-10,474.52,392.43,17.3,38,mature
FG-00969,Powertrain assembly 00969,Hybrid D-Sedan,Exterior module,PL-04,1905.06,1499.28,21.3,3740,mature
FG-00970,Exterior module assembly 00970,C-SUV Gen5,Powertrain,PL-15,1054.87,869.21,17.6,3333,run-out
FG-00971,Interior module assembly 00971,E-Van Commercial,Service kit,PL-11,3382.67,2926.01,13.5,2468,mature
FG-00972,Electrical & electronics assembly 00972,C-SUV Gen4,Exterior module,PL-01,2570.18,2161.52,15.9,3000,mature
FG-00973,Service kit assembly 00973,C-SUV Gen4,Thermal system,PL-09,2538.78,2353.45,7.3,413,mature
FG-00974,Service kit assembly 00974,E-Van Commercial,Interior module,PL-10,253.32,213.04,15.9,3123,mature
FG-00975,Thermal system assembly 00975,B-Hatch Facelift,Body-in-white,PL-02,4103.11,3417.89,16.7,3796,mature
FG-00976,Electrical & electronics assembly 00976,Pickup Midsize,Exterior module,PL-08,605.15,508.93,15.9,1012,mature
FG-00977,Thermal system assembly 00977,Pickup Midsize,Chassis & suspension,PL-02,2389.48,2160.09,9.6,3199,run-out
FG-00978,Body-in-white assembly 00978,C-SUV Gen4,Thermal system,PL-04,2956.75,2489.58,15.8,3504,mature
FG-00979,Exterior module assembly 00979,B-Hatch Facelift,Interior module,PL-17,253,190,24.9,1216,mature
FG-00980,Exterior module assembly 00980,C-SUV Gen5,Interior module,PL-20,1806.56,1378.41,23.7,1684,mature
FG-00981,E-drive assembly 00981,BEV Compact,Electrical & electronics,PL-13,3117.23,2325.45,25.4,2292,run-out
FG-00982,Thermal system assembly 00982,C-SUV Gen5,Body-in-white,PL-18,1622.58,1311.04,19.2,2307,mature
FG-00983,Body-in-white assembly 00983,D-Sedan,Chassis & suspension,PL-05,536.42,459.18,14.4,2559,mature
FG-00984,Thermal system assembly 00984,C-SUV Gen4,Thermal system,PL-04,2559.57,1901.76,25.7,2521,run-out
FG-00985,E-drive assembly 00985,B-Hatch Facelift,Body-in-white,PL-19,1772.65,1402.17,20.9,2362,mature
FG-00986,Interior module assembly 00986,E-Van Commercial,Chassis & suspension,PL-15,2796.24,2578.13,7.8,2385,mature
FG-00987,Body-in-white assembly 00987,C-SUV Gen5,Electrical & electronics,PL-03,738.04,603.72,18.2,3660,run-out
FG-00988,Chassis & suspension assembly 00988,C-SUV Gen5,Exterior module,PL-06,872.4,786.03,9.9,2271,mature
FG-00989,E-drive assembly 00989,BEV Compact,Body-in-white,PL-08,3261.91,2645.41,18.9,3647,run-out
FG-00990,Service kit assembly 00990,BEV Compact,Exterior module,PL-15,2181.22,1982.73,9.1,268,run-out
FG-00991,Exterior module assembly 00991,Aftermarket Service,Chassis & suspension,PL-19,343.03,288.49,15.9,3490,run-out
FG-00992,Electrical & electronics assembly 00992,Aftermarket Service,E-drive,PL-11,531.32,477.66,10.1,921,run-out
FG-00993,Powertrain assembly 00993,C-SUV Gen4,Thermal system,PL-17,3726.72,3320.51,10.9,1955,ramp-up
FG-00994,Interior module assembly 00994,BEV Compact,Interior module,PL-18,1259.06,1158.34,8,1292,ramp-up
FG-00995,Chassis & suspension assembly 00995,Aftermarket Service,Interior module,PL-09,2537.13,1981.5,21.9,366,mature
FG-00996,Powertrain assembly 00996,B-Hatch Facelift,Body-in-white,PL-04,2790.64,2299.49,17.6,3481,mature
FG-00997,Interior module assembly 00997,Pickup Midsize,Thermal system,PL-10,3009.35,2308.17,23.3,3787,mature
FG-00998,Body-in-white assembly 00998,E-Van Commercial,Chassis & suspension,PL-04,3134.35,2711.21,13.5,687,mature
FG-00999,Chassis & suspension assembly 00999,Pickup Midsize,Interior module,PL-17,1741.63,1403.75,19.4,3300,mature
FG-01000,Chassis & suspension assembly 01000,Aftermarket Service,Powertrain,PL-09,2217.72,1645.55,25.8,1075,mature
FG-01001,Thermal system assembly 01001,Hybrid D-Sedan,Thermal system,PL-03,497.58,462.75,7,3651,run-out
FG-01002,Powertrain assembly 01002,Hybrid D-Sedan,Body-in-white,PL-09,69.72,59.89,14.1,2489,mature
FG-01003,Thermal system assembly 01003,C-SUV Gen4,Service kit,PL-17,233.35,223.32,4.3,1749,mature
FG-01004,E-drive assembly 01004,E-Van Commercial,Chassis & suspension,PL-07,3312.95,3067.79,7.4,1195,mature
FG-01005,E-drive assembly 01005,E-Van Commercial,Exterior module,PL-18,3434.8,2964.23,13.7,2967,ramp-up
FG-01006,Electrical & electronics assembly 01006,Hybrid D-Sedan,Interior module,PL-13,2570.84,2005.26,22,628,mature
FG-01007,E-drive assembly 01007,Hybrid D-Sedan,Thermal system,PL-12,3989.68,3710.4,7,3425,run-out
FG-01008,Thermal system assembly 01008,Aftermarket Service,Body-in-white,PL-01,3889.8,2913.46,25.1,1229,mature
FG-01009,Interior module assembly 01009,C-SUV Gen4,Electrical & electronics,PL-08,1989.88,1595.88,19.8,2506,run-out
FG-01010,Body-in-white assembly 01010,E-Van Commercial,Thermal system,PL-09,1991.44,1848.06,7.2,1622,mature
FG-01011,Exterior module assembly 01011,Pickup Midsize,Chassis & suspension,PL-15,1913.54,1819.78,4.9,266,mature
FG-01012,Interior module assembly 01012,C-SUV Gen5,Thermal system,PL-11,3384.75,3002.27,11.3,3586,ramp-up
FG-01013,Service kit assembly 01013,BEV Compact,Exterior module,PL-16,2497.28,2132.68,14.6,2388,mature
FG-01014,E-drive assembly 01014,Hybrid D-Sedan,Powertrain,PL-14,3773.29,3490.29,7.5,1883,mature
FG-01015,Chassis & suspension assembly 01015,Pickup Midsize,Powertrain,PL-07,3228.39,2908.78,9.9,2465,mature
FG-01016,Thermal system assembly 01016,Pickup Midsize,Thermal system,PL-16,2857.36,2571.62,10,573,run-out
FG-01017,Thermal system assembly 01017,Hybrid D-Sedan,Body-in-white,PL-12,2527,1978.64,21.7,2083,run-out
FG-01018,Electrical & electronics assembly 01018,BEV Crossover,Service kit,PL-02,2516.21,2060.78,18.1,2847,mature
FG-01019,Service kit assembly 01019,C-SUV Gen5,Exterior module,PL-18,83.27,62.54,24.9,662,mature
FG-01020,E-drive assembly 01020,C-SUV Gen4,Electrical & electronics,PL-16,835.22,643.12,23,864,mature
FG-01021,Electrical & electronics assembly 01021,Aftermarket Service,Chassis & suspension,PL-15,3349.57,2950.97,11.9,413,mature
FG-01022,Chassis & suspension assembly 01022,Hybrid D-Sedan,Interior module,PL-06,2753.07,2359.38,14.3,3407,mature
FG-01023,Electrical & electronics assembly 01023,BEV Crossover,Chassis & suspension,PL-07,792.72,624.66,21.2,3748,mature
FG-01024,Chassis & suspension assembly 01024,Aftermarket Service,Electrical & electronics,PL-09,1623.97,1466.44,9.7,3027,mature
FG-01025,Exterior module assembly 01025,C-SUV Gen5,Chassis & suspension,PL-14,1626.09,1424.45,12.4,3110,ramp-up
FG-01026,Powertrain assembly 01026,E-Van Commercial,E-drive,PL-18,2329.78,1933.72,17,3699,mature
FG-01027,Exterior module assembly 01027,Aftermarket Service,Service kit,PL-03,751.87,714.28,5,1064,mature
FG-01028,Service kit assembly 01028,Aftermarket Service,Chassis & suspension,PL-11,2842.28,2290.88,19.4,3092,mature
FG-01029,Service kit assembly 01029,B-Hatch Facelift,Thermal system,PL-08,1873.19,1513.54,19.2,134,run-out
FG-01030,Chassis & suspension assembly 01030,BEV Crossover,Body-in-white,PL-10,715.3,682.4,4.6,1318,ramp-up
FG-01031,Interior module assembly 01031,BEV Compact,Thermal system,PL-03,3211.37,2662.23,17.1,203,run-out
FG-01032,Powertrain assembly 01032,Hybrid D-Sedan,Service kit,PL-18,3731.91,3172.12,15,2109,run-out
FG-01033,Body-in-white assembly 01033,Hybrid D-Sedan,Electrical & electronics,PL-03,3998.05,3234.42,19.1,3478,mature
FG-01034,Interior module assembly 01034,C-SUV Gen5,Thermal system,PL-13,3156.63,2414.82,23.5,2661,run-out
FG-01035,Thermal system assembly 01035,E-Van Commercial,Thermal system,PL-14,2657.43,2040.91,23.2,547,mature
FG-01036,Interior module assembly 01036,C-SUV Gen5,Service kit,PL-06,1002.61,950.47,5.2,2371,mature
FG-01037,Exterior module assembly 01037,BEV Crossover,Interior module,PL-16,3298.4,2915.79,11.6,1804,mature
FG-01038,Electrical & electronics assembly 01038,B-Hatch Facelift,Powertrain,PL-16,4058.83,3588.01,11.6,243,mature
FG-01039,Powertrain assembly 01039,E-Van Commercial,Chassis & suspension,PL-12,1431.79,1093.89,23.6,828,ramp-up
FG-01040,Thermal system assembly 01040,C-SUV Gen5,E-drive,PL-08,1297.23,1006.65,22.4,3629,run-out
FG-01041,Interior module assembly 01041,C-SUV Gen4,Electrical & electronics,PL-11,2927.52,2672.83,8.7,2025,run-out
FG-01042,Thermal system assembly 01042,B-Hatch Facelift,Exterior module,PL-07,3604.99,2927.25,18.8,2943,ramp-up
FG-01043,Service kit assembly 01043,C-SUV Gen5,Service kit,PL-20,1421.77,1289.55,9.3,2909,ramp-up
FG-01044,E-drive assembly 01044,C-SUV Gen4,Interior module,PL-17,416.64,364.56,12.5,3092,run-out
FG-01045,E-drive assembly 01045,E-Van Commercial,Service kit,PL-02,1429.22,1237.7,13.4,2843,mature
FG-01046,Powertrain assembly 01046,Pickup Midsize,Service kit,PL-15,3601.27,3298.76,8.4,1974,run-out
FG-01047,E-drive assembly 01047,BEV Crossover,Service kit,PL-13,4060.2,3816.59,6,442,mature
FG-01048,Body-in-white assembly 01048,C-SUV Gen5,Interior module,PL-07,4094.75,3623.85,11.5,2995,mature
FG-01049,Exterior module assembly 01049,C-SUV Gen4,E-drive,PL-14,1047.88,844.59,19.4,2312,run-out
FG-01050,Powertrain assembly 01050,Hybrid D-Sedan,Service kit,PL-06,3321.86,2933.2,11.7,1135,run-out
FG-01051,Service kit assembly 01051,Pickup Midsize,Electrical & electronics,PL-13,2015.48,1848.2,8.3,1552,mature
FG-01052,E-drive assembly 01052,C-SUV Gen5,Service kit,PL-07,3068.53,2672.69,12.9,3029,run-out
FG-01053,Chassis & suspension assembly 01053,C-SUV Gen4,Powertrain,PL-18,3573.42,3187.49,10.8,1616,mature
FG-01054,Body-in-white assembly 01054,Aftermarket Service,Service kit,PL-05,3664,3022.8,17.5,1683,mature
FG-01055,Body-in-white assembly 01055,D-Sedan,Interior module,PL-12,4121.55,3161.23,23.3,2372,mature
FG-01056,Service kit assembly 01056,Aftermarket Service,Exterior module,PL-09,2163,1907.77,11.8,345,mature
FG-01057,Thermal system assembly 01057,C-SUV Gen4,Powertrain,PL-15,2031.29,1891.13,6.9,1287,mature
FG-01058,E-drive assembly 01058,BEV Crossover,Electrical & electronics,PL-19,2992.97,2502.12,16.4,2337,run-out
FG-01059,E-drive assembly 01059,BEV Compact,Exterior module,PL-12,2137.89,2033.13,4.9,2166,mature
FG-01060,E-drive assembly 01060,E-Van Commercial,Body-in-white,PL-02,3671.21,3476.64,5.3,899,mature
FG-01061,Thermal system assembly 01061,E-Van Commercial,Body-in-white,PL-16,1457.52,1205.37,17.3,1212,run-out
FG-01062,Powertrain assembly 01062,B-Hatch Facelift,Body-in-white,PL-10,1297.11,1002.67,22.7,3054,ramp-up
FG-01063,Service kit assembly 01063,D-Sedan,Interior module,PL-02,3989.54,3682.35,7.7,3329,mature
FG-01064,Interior module assembly 01064,C-SUV Gen4,Body-in-white,PL-14,3199.28,2751.38,14,542,mature
FG-01065,Service kit assembly 01065,D-Sedan,Electrical & electronics,PL-01,2278.65,1811.53,20.5,623,mature
FG-01066,E-drive assembly 01066,D-Sedan,Thermal system,PL-02,187.8,171.84,8.5,1251,mature
FG-01067,Chassis & suspension assembly 01067,E-Van Commercial,Service kit,PL-01,527.08,468.05,11.2,44,mature
FG-01068,Exterior module assembly 01068,C-SUV Gen5,Service kit,PL-13,2131.36,1781.82,16.4,148,mature
FG-01069,Thermal system assembly 01069,BEV Crossover,Body-in-white,PL-18,311.78,287.46,7.8,1886,mature
FG-01070,Thermal system assembly 01070,BEV Crossover,E-drive,PL-16,2899.48,2505.15,13.6,3149,run-out
FG-01071,Electrical & electronics assembly 01071,B-Hatch Facelift,Thermal system,PL-17,2921.63,2708.35,7.3,968,mature
FG-01072,Electrical & electronics assembly 01072,E-Van Commercial,Chassis & suspension,PL-05,3474.66,2970.83,14.5,1832,mature
FG-01073,Electrical & electronics assembly 01073,Hybrid D-Sedan,Powertrain,PL-04,3384.58,3215.35,5,2936,mature
FG-01074,Exterior module assembly 01074,D-Sedan,Exterior module,PL-15,1824.6,1581.93,13.3,1085,mature
FG-01075,Thermal system assembly 01075,C-SUV Gen4,Body-in-white,PL-07,1114.87,859.56,22.9,2765,mature
FG-01076,Interior module assembly 01076,BEV Crossover,Exterior module,PL-17,3549.41,3112.83,12.3,1385,ramp-up
FG-01077,Exterior module assembly 01077,Pickup Midsize,Exterior module,PL-07,2250.23,2094.96,6.9,1058,mature
FG-01078,Chassis & suspension assembly 01078,E-Van Commercial,Thermal system,PL-17,3443.71,3202.65,7,3760,mature
FG-01079,Interior module assembly 01079,E-Van Commercial,Electrical & electronics,PL-18,1214.03,1098.7,9.5,1451,mature
FG-01080,Chassis & suspension assembly 01080,Pickup Midsize,Service kit,PL-12,298.91,253.77,15.1,3405,ramp-up
FG-01081,E-drive assembly 01081,C-SUV Gen4,E-drive,PL-02,3827.49,3035.2,20.7,449,ramp-up
FG-01082,Electrical & electronics assembly 01082,BEV Compact,Body-in-white,PL-03,3395.36,2801.17,17.5,2212,ramp-up
FG-01083,Powertrain assembly 01083,C-SUV Gen4,Body-in-white,PL-05,561.86,454.54,19.1,3732,mature
FG-01084,Chassis & suspension assembly 01084,E-Van Commercial,Electrical & electronics,PL-15,1599.52,1463.56,8.5,2384,mature
FG-01085,Body-in-white assembly 01085,Pickup Midsize,E-drive,PL-14,2115.64,1637.51,22.6,873,mature
FG-01086,E-drive assembly 01086,C-SUV Gen4,Exterior module,PL-10,3096.17,2309.74,25.4,61,ramp-up
FG-01087,Exterior module assembly 01087,C-SUV Gen5,Exterior module,PL-12,201.69,187.77,6.9,543,mature
FG-01088,Electrical & electronics assembly 01088,Pickup Midsize,Interior module,PL-08,330.61,253.91,23.2,1619,mature
FG-01089,Body-in-white assembly 01089,BEV Compact,Service kit,PL-16,3124.52,2396.51,23.3,1448,run-out
FG-01090,Thermal system assembly 01090,Aftermarket Service,E-drive,PL-17,1430.8,1241.93,13.2,2169,run-out
FG-01091,Body-in-white assembly 01091,BEV Compact,Interior module,PL-12,722.38,675.43,6.5,1073,mature
FG-01092,Powertrain assembly 01092,BEV Crossover,Thermal system,PL-14,3459.62,3317.78,4.1,1864,ramp-up
FG-01093,Body-in-white assembly 01093,C-SUV Gen5,E-drive,PL-12,4099.51,3099.23,24.4,640,run-out
FG-01094,Thermal system assembly 01094,B-Hatch Facelift,Service kit,PL-19,3061.97,2792.52,8.8,3295,mature
FG-01095,E-drive assembly 01095,C-SUV Gen4,Chassis & suspension,PL-08,2258.32,1802.14,20.2,2517,mature
FG-01096,E-drive assembly 01096,Hybrid D-Sedan,Body-in-white,PL-13,2957.03,2735.25,7.5,1335,mature
FG-01097,Exterior module assembly 01097,BEV Compact,E-drive,PL-13,1831.56,1501.88,18,46,ramp-up
FG-01098,Thermal system assembly 01098,C-SUV Gen4,Service kit,PL-12,1810.42,1444.72,20.2,3220,ramp-up
FG-01099,Powertrain assembly 01099,Pickup Midsize,Thermal system,PL-12,334.49,270.27,19.2,1422,mature
FG-01100,Interior module assembly 01100,B-Hatch Facelift,E-drive,PL-05,726.38,539.7,25.7,3269,run-out
FG-01101,Powertrain assembly 01101,C-SUV Gen4,Service kit,PL-01,967.13,877.19,9.3,614,mature
FG-01102,Interior module assembly 01102,Pickup Midsize,E-drive,PL-10,1429.97,1248.36,12.7,2965,ramp-up
FG-01103,Thermal system assembly 01103,Aftermarket Service,Body-in-white,PL-04,2486.38,2257.63,9.2,1246,ramp-up
FG-01104,Chassis & suspension assembly 01104,D-Sedan,Electrical & electronics,PL-10,294.25,269.53,8.4,800,mature
FG-01105,Exterior module assembly 01105,Pickup Midsize,Electrical & electronics,PL-06,1543.25,1300.96,15.7,2642,ramp-up
FG-01106,Powertrain assembly 01106,D-Sedan,Interior module,PL-07,3142.46,2526.54,19.6,1012,ramp-up
FG-01107,E-drive assembly 01107,B-Hatch Facelift,E-drive,PL-14,3330.04,3037,8.8,1017,mature
FG-01108,Exterior module assembly 01108,Hybrid D-Sedan,Service kit,PL-05,2655.24,2193.23,17.4,3427,mature
FG-01109,Interior module assembly 01109,Pickup Midsize,Thermal system,PL-07,3142.51,2394.59,23.8,1996,mature
FG-01110,Electrical & electronics assembly 01110,B-Hatch Facelift,Electrical & electronics,PL-17,1482.79,1335.99,9.9,862,ramp-up
FG-01111,Service kit assembly 01111,C-SUV Gen4,Thermal system,PL-20,1182.07,1120.6,5.2,2893,mature
FG-01112,E-drive assembly 01112,Pickup Midsize,E-drive,PL-08,2117.04,1994.25,5.8,2986,mature
FG-01113,E-drive assembly 01113,E-Van Commercial,Thermal system,PL-12,738,659.77,10.6,1455,mature
FG-01114,Exterior module assembly 01114,Hybrid D-Sedan,Service kit,PL-10,918.9,732.36,20.3,3478,mature
FG-01115,Electrical & electronics assembly 01115,BEV Compact,Body-in-white,PL-10,2214.61,1762.83,20.4,822,mature
FG-01116,Interior module assembly 01116,Hybrid D-Sedan,Chassis & suspension,PL-15,2920.37,2432.67,16.7,113,mature
FG-01117,Body-in-white assembly 01117,Aftermarket Service,Exterior module,PL-19,1313.41,1182.07,10,3149,mature
FG-01118,Interior module assembly 01118,Pickup Midsize,Thermal system,PL-17,3386.78,2607.82,23,3502,run-out
FG-01119,Body-in-white assembly 01119,BEV Crossover,Interior module,PL-01,3835.35,2949.38,23.1,3224,mature
FG-01120,Body-in-white assembly 01120,D-Sedan,Electrical & electronics,PL-02,2618.98,2440.89,6.8,468,run-out
FG-01121,Powertrain assembly 01121,D-Sedan,Chassis & suspension,PL-13,3087.94,2331.39,24.5,994,mature
FG-01122,Thermal system assembly 01122,B-Hatch Facelift,Interior module,PL-09,4135.48,3544.11,14.3,596,mature
FG-01123,Service kit assembly 01123,Pickup Midsize,Interior module,PL-19,2997.52,2493.94,16.8,2746,run-out
FG-01124,Thermal system assembly 01124,C-SUV Gen5,Electrical & electronics,PL-02,389.68,301.22,22.7,3388,run-out
FG-01125,Chassis & suspension assembly 01125,B-Hatch Facelift,Body-in-white,PL-10,3826.36,2854.46,25.4,3382,mature
FG-01126,Exterior module assembly 01126,D-Sedan,Exterior module,PL-13,4192.07,3609.37,13.9,3224,mature
FG-01127,Electrical & electronics assembly 01127,E-Van Commercial,Body-in-white,PL-19,354.92,293.16,17.4,2728,ramp-up
FG-01128,Body-in-white assembly 01128,E-Van Commercial,Exterior module,PL-10,1187.34,896.44,24.5,1889,mature
FG-01129,Electrical & electronics assembly 01129,C-SUV Gen5,Body-in-white,PL-16,838.97,682.92,18.6,2931,mature
FG-01130,Body-in-white assembly 01130,C-SUV Gen5,Exterior module,PL-19,2051.68,1614.67,21.3,2189,run-out
FG-01131,Interior module assembly 01131,D-Sedan,E-drive,PL-05,261.86,235.94,9.9,2080,run-out
FG-01132,Powertrain assembly 01132,C-SUV Gen5,Chassis & suspension,PL-18,3279.86,2689.49,18,1572,mature
FG-01133,Chassis & suspension assembly 01133,Pickup Midsize,Thermal system,PL-02,3446.63,2657.35,22.9,2951,ramp-up
FG-01134,E-drive assembly 01134,Hybrid D-Sedan,Electrical & electronics,PL-13,1987.5,1671.49,15.9,874,run-out
FG-01135,Chassis & suspension assembly 01135,D-Sedan,Service kit,PL-10,2463.23,2120.84,13.9,2843,mature
FG-01136,Chassis & suspension assembly 01136,Aftermarket Service,Powertrain,PL-17,2403.2,2138.85,11,1715,mature
FG-01137,Thermal system assembly 01137,D-Sedan,Thermal system,PL-13,3895.73,2894.53,25.7,2323,ramp-up
FG-01138,Thermal system assembly 01138,B-Hatch Facelift,Electrical & electronics,PL-02,1585.75,1225.78,22.7,124,mature
FG-01139,E-drive assembly 01139,BEV Compact,Interior module,PL-16,2094.46,1725.84,17.6,2626,run-out
FG-01140,Thermal system assembly 01140,C-SUV Gen4,Body-in-white,PL-18,71.34,62.28,12.7,2838,mature
FG-01141,E-drive assembly 01141,C-SUV Gen4,Interior module,PL-19,2288.23,2171.53,5.1,3056,mature
FG-01142,Interior module assembly 01142,C-SUV Gen5,Thermal system,PL-10,55.7,42.22,24.2,2023,mature
FG-01143,Service kit assembly 01143,B-Hatch Facelift,Body-in-white,PL-14,2146.51,1674.28,22,2169,mature
FG-01144,Interior module assembly 01144,Pickup Midsize,Electrical & electronics,PL-11,3576.33,3140.02,12.2,2919,run-out
FG-01145,Chassis & suspension assembly 01145,C-SUV Gen4,E-drive,PL-01,2426.62,1989.83,18,2732,mature
FG-01146,Chassis & suspension assembly 01146,C-SUV Gen5,Powertrain,PL-02,2384.67,2265.44,5,2335,mature
FG-01147,Chassis & suspension assembly 01147,B-Hatch Facelift,Powertrain,PL-04,1000.9,811.73,18.9,1564,mature
FG-01148,Chassis & suspension assembly 01148,Hybrid D-Sedan,Powertrain,PL-05,1058.27,821.22,22.4,1177,mature
FG-01149,Thermal system assembly 01149,D-Sedan,Interior module,PL-09,3503.93,2662.99,24,2061,ramp-up
FG-01150,Interior module assembly 01150,C-SUV Gen5,Interior module,PL-01,2718.02,2253.24,17.1,1845,mature
FG-01151,Thermal system assembly 01151,Pickup Midsize,Chassis & suspension,PL-17,739.69,645.75,12.7,252,mature
FG-01152,Body-in-white assembly 01152,E-Van Commercial,Powertrain,PL-07,3055.3,2642.83,13.5,1855,run-out
FG-01153,Interior module assembly 01153,E-Van Commercial,Exterior module,PL-02,103.77,85.71,17.4,1105,ramp-up
FG-01154,Interior module assembly 01154,C-SUV Gen5,Electrical & electronics,PL-10,979.18,935.12,4.5,2579,mature
FG-01155,Thermal system assembly 01155,B-Hatch Facelift,Body-in-white,PL-10,2990.51,2377.46,20.5,805,mature
FG-01156,E-drive assembly 01156,Pickup Midsize,Body-in-white,PL-05,953.6,724.74,24,2871,mature
FG-01157,Chassis & suspension assembly 01157,BEV Compact,Thermal system,PL-09,2975.26,2823.52,5.1,3057,mature
FG-01158,Interior module assembly 01158,E-Van Commercial,Powertrain,PL-10,2869.59,2221.06,22.6,241,mature
FG-01159,Body-in-white assembly 01159,E-Van Commercial,Interior module,PL-10,616.5,578.28,6.2,1364,mature
FG-01160,Electrical & electronics assembly 01160,C-SUV Gen5,Thermal system,PL-03,227.4,214.44,5.7,3386,mature
FG-01161,Thermal system assembly 01161,Pickup Midsize,Chassis & suspension,PL-05,1638.08,1523.41,7,2896,run-out
FG-01162,E-drive assembly 01162,E-Van Commercial,E-drive,PL-01,3248.76,2637.99,18.8,3119,run-out
FG-01163,Chassis & suspension assembly 01163,C-SUV Gen4,Chassis & suspension,PL-15,2646.37,2318.22,12.4,3202,ramp-up
FG-01164,Body-in-white assembly 01164,BEV Crossover,E-drive,PL-09,3818.99,2967.36,22.3,21,run-out
FG-01165,Interior module assembly 01165,Pickup Midsize,Powertrain,PL-16,1777.47,1573.06,11.5,2516,run-out
FG-01166,Electrical & electronics assembly 01166,Aftermarket Service,E-drive,PL-03,2754.25,2531.16,8.1,1837,run-out
FG-01167,Powertrain assembly 01167,C-SUV Gen5,Body-in-white,PL-10,1034.38,967.15,6.5,3160,mature
FG-01168,Thermal system assembly 01168,Aftermarket Service,Exterior module,PL-04,3828.69,3556.85,7.1,1978,mature
FG-01169,Electrical & electronics assembly 01169,Aftermarket Service,Body-in-white,PL-19,314.2,252.3,19.7,3161,mature
FG-01170,Chassis & suspension assembly 01170,Hybrid D-Sedan,Service kit,PL-15,3646.66,3380.45,7.3,3383,mature
FG-01171,Service kit assembly 01171,Aftermarket Service,Service kit,PL-09,3900.32,3416.68,12.4,1212,ramp-up
FG-01172,Exterior module assembly 01172,BEV Crossover,Exterior module,PL-13,2289.87,2170.8,5.2,798,mature
FG-01173,Powertrain assembly 01173,D-Sedan,Thermal system,PL-17,2024.59,1546.79,23.6,1640,ramp-up
FG-01174,Electrical & electronics assembly 01174,Aftermarket Service,Service kit,PL-14,1499.63,1309.18,12.7,863,ramp-up
FG-01175,Interior module assembly 01175,Aftermarket Service,Electrical & electronics,PL-16,2289.53,1765.23,22.9,461,mature
FG-01176,Thermal system assembly 01176,BEV Crossover,Service kit,PL-18,2858.96,2301.46,19.5,604,run-out
FG-01177,E-drive assembly 01177,Hybrid D-Sedan,E-drive,PL-04,2920.51,2754.04,5.7,1681,run-out
FG-01178,Body-in-white assembly 01178,Hybrid D-Sedan,E-drive,PL-17,1819.85,1410.38,22.5,3744,ramp-up
FG-01179,Service kit assembly 01179,Hybrid D-Sedan,Powertrain,PL-04,3412.92,2675.73,21.6,3360,ramp-up
FG-01180,E-drive assembly 01180,B-Hatch Facelift,Thermal system,PL-20,2505.42,2244.86,10.4,2977,run-out
FG-01181,E-drive assembly 01181,Hybrid D-Sedan,Exterior module,PL-01,2714.39,2567.81,5.4,2574,mature
FG-01182,Interior module assembly 01182,Hybrid D-Sedan,Electrical & electronics,PL-20,3427.08,2926.73,14.6,53,mature
FG-01183,Service kit assembly 01183,D-Sedan,Thermal system,PL-15,1561.93,1491.64,4.5,372,mature
FG-01184,Chassis & suspension assembly 01184,Hybrid D-Sedan,E-drive,PL-20,3976.76,3730.2,6.2,3180,run-out
FG-01185,Electrical & electronics assembly 01185,E-Van Commercial,Interior module,PL-01,664.17,605.72,8.8,2965,run-out
FG-01186,Exterior module assembly 01186,BEV Crossover,Thermal system,PL-18,2609.09,2277.74,12.7,1739,mature
FG-01187,Service kit assembly 01187,BEV Compact,Electrical & electronics,PL-20,3038.53,2294.09,24.5,213,mature
FG-01188,Interior module assembly 01188,BEV Crossover,Exterior module,PL-16,3333.55,2836.85,14.9,1495,mature
FG-01189,Body-in-white assembly 01189,Pickup Midsize,E-drive,PL-02,3883.38,3316.41,14.6,846,ramp-up
FG-01190,Exterior module assembly 01190,B-Hatch Facelift,Exterior module,PL-04,1431.72,1145.38,20,3089,mature
FG-01191,Exterior module assembly 01191,Pickup Midsize,Service kit,PL-18,1225.26,1036.57,15.4,3387,ramp-up
FG-01192,E-drive assembly 01192,BEV Crossover,Thermal system,PL-08,2414.4,1832.53,24.1,3226,run-out
FG-01193,Thermal system assembly 01193,E-Van Commercial,Exterior module,PL-16,2411.07,2116.92,12.2,1123,mature
FG-01194,E-drive assembly 01194,Hybrid D-Sedan,Chassis & suspension,PL-12,3583.85,2881.42,19.6,3412,ramp-up
FG-01195,Electrical & electronics assembly 01195,E-Van Commercial,Exterior module,PL-19,1515.21,1340.96,11.5,2187,mature
FG-01196,Service kit assembly 01196,Hybrid D-Sedan,Service kit,PL-13,525.95,403.4,23.3,3577,mature
FG-01197,E-drive assembly 01197,BEV Crossover,Exterior module,PL-20,2451.84,1814.36,26,491,mature
FG-01198,Exterior module assembly 01198,D-Sedan,Interior module,PL-14,1912.41,1564.35,18.2,3256,run-out
FG-01199,Chassis & suspension assembly 01199,D-Sedan,Thermal system,PL-01,537,452.69,15.7,3379,mature
FG-01200,Powertrain assembly 01200,C-SUV Gen5,E-drive,PL-07,2752.92,2050.93,25.5,2771,mature
FG-01201,E-drive assembly 01201,E-Van Commercial,Service kit,PL-03,1445.84,1377.89,4.7,2556,mature
FG-01202,Exterior module assembly 01202,BEV Crossover,Electrical & electronics,PL-01,3352.37,2537.74,24.3,629,mature
FG-01203,E-drive assembly 01203,C-SUV Gen4,E-drive,PL-10,2774.8,2164.34,22,1738,mature
FG-01204,Exterior module assembly 01204,C-SUV Gen4,Service kit,PL-06,3338.04,2546.92,23.7,2272,mature
FG-01205,Body-in-white assembly 01205,BEV Compact,Chassis & suspension,PL-20,533.77,425.95,20.2,2711,mature
FG-01206,Service kit assembly 01206,D-Sedan,Exterior module,PL-03,3996.76,3828.9,4.2,2343,mature
FG-01207,Exterior module assembly 01207,Aftermarket Service,Chassis & suspension,PL-04,3948.33,3367.93,14.7,2730,mature
FG-01208,Electrical & electronics assembly 01208,B-Hatch Facelift,Exterior module,PL-05,2302.12,2018.96,12.3,1004,mature
FG-01209,E-drive assembly 01209,D-Sedan,Interior module,PL-18,401.88,303.02,24.6,3263,run-out
FG-01210,Thermal system assembly 01210,B-Hatch Facelift,Electrical & electronics,PL-09,1561.64,1349.26,13.6,1326,mature
FG-01211,Chassis & suspension assembly 01211,C-SUV Gen4,Interior module,PL-06,3477.87,3018.79,13.2,3610,mature
FG-01212,Electrical & electronics assembly 01212,B-Hatch Facelift,Interior module,PL-17,1288.99,1165.25,9.6,2914,ramp-up
FG-01213,Exterior module assembly 01213,C-SUV Gen4,Interior module,PL-11,1281.96,1215.3,5.2,2087,mature
FG-01214,Interior module assembly 01214,BEV Compact,Exterior module,PL-08,3696.13,2868.2,22.4,3088,run-out
FG-01215,Exterior module assembly 01215,C-SUV Gen4,Chassis & suspension,PL-13,329.23,311.45,5.4,985,mature
FG-01216,Service kit assembly 01216,B-Hatch Facelift,Chassis & suspension,PL-17,3565.55,3077.07,13.7,1844,mature
FG-01217,E-drive assembly 01217,D-Sedan,Thermal system,PL-04,2951.35,2786.07,5.6,191,ramp-up
FG-01218,Interior module assembly 01218,BEV Compact,E-drive,PL-07,3052.4,2325.93,23.8,3038,mature
FG-01219,E-drive assembly 01219,E-Van Commercial,E-drive,PL-06,1323.77,1141.09,13.8,2152,mature
FG-01220,Exterior module assembly 01220,B-Hatch Facelift,Chassis & suspension,PL-14,1556.73,1180,24.2,441,mature
FG-01221,Body-in-white assembly 01221,Aftermarket Service,Service kit,PL-08,577.92,482.56,16.5,1712,run-out
FG-01222,Service kit assembly 01222,Hybrid D-Sedan,Powertrain,PL-13,2215.65,1932.05,12.8,1608,mature
FG-01223,Service kit assembly 01223,D-Sedan,Interior module,PL-19,363.39,334.32,8,2417,mature
FG-01224,Thermal system assembly 01224,BEV Crossover,Thermal system,PL-01,1775.51,1409.75,20.6,2591,mature
FG-01225,Electrical & electronics assembly 01225,Aftermarket Service,E-drive,PL-07,1340.12,1085.5,19,2575,mature
FG-01226,Powertrain assembly 01226,Pickup Midsize,Powertrain,PL-10,1239.13,1135.04,8.4,468,mature
FG-01227,Service kit assembly 01227,BEV Compact,Exterior module,PL-13,3360.56,2893.44,13.9,217,mature
FG-01228,Body-in-white assembly 01228,C-SUV Gen4,Powertrain,PL-07,4047.93,3805.05,6,2080,run-out
FG-01229,Chassis & suspension assembly 01229,D-Sedan,Interior module,PL-10,3651.92,3388.98,7.2,1838,mature
FG-01230,Service kit assembly 01230,Pickup Midsize,Chassis & suspension,PL-04,1799.16,1639.03,8.9,2531,run-out
FG-01231,Service kit assembly 01231,BEV Compact,Service kit,PL-19,3308.28,3159.41,4.5,900,run-out
FG-01232,Electrical & electronics assembly 01232,D-Sedan,Body-in-white,PL-01,1513.06,1402.61,7.3,1493,ramp-up
FG-01233,Exterior module assembly 01233,Hybrid D-Sedan,Powertrain,PL-20,1317.84,1191.33,9.6,1690,mature
FG-01234,Exterior module assembly 01234,Pickup Midsize,Electrical & electronics,PL-18,3040.08,2593.19,14.7,605,mature
FG-01235,Interior module assembly 01235,Hybrid D-Sedan,E-drive,PL-15,1055.09,958.02,9.2,1604,mature
FG-01236,Service kit assembly 01236,B-Hatch Facelift,Electrical & electronics,PL-12,1398.02,1270.8,9.1,877,ramp-up
FG-01237,Service kit assembly 01237,E-Van Commercial,Interior module,PL-03,152.97,116.72,23.7,3668,mature
FG-01238,Service kit assembly 01238,B-Hatch Facelift,Body-in-white,PL-15,1574.28,1486.12,5.6,85,mature
FG-01239,E-drive assembly 01239,Aftermarket Service,Powertrain,PL-12,1150.09,1100.64,4.3,2596,mature
FG-01240,E-drive assembly 01240,C-SUV Gen5,Service kit,PL-07,87.99,70.74,19.6,1520,mature
FG-01241,Thermal system assembly 01241,BEV Crossover,Powertrain,PL-19,1362.92,1150.3,15.6,1098,mature
FG-01242,Powertrain assembly 01242,E-Van Commercial,E-drive,PL-17,3947.22,3655.13,7.4,42,run-out
FG-01243,Service kit assembly 01243,Pickup Midsize,Chassis & suspension,PL-06,3532.93,2730.95,22.7,3496,run-out
FG-01244,Electrical & electronics assembly 01244,E-Van Commercial,E-drive,PL-13,3901.18,3706.12,5,2168,mature
FG-01245,Exterior module assembly 01245,Aftermarket Service,Electrical & electronics,PL-15,1543.85,1418.8,8.1,1783,mature
FG-01246,Exterior module assembly 01246,C-SUV Gen5,Powertrain,PL-04,1707.38,1275.41,25.3,788,run-out
FG-01247,Interior module assembly 01247,Pickup Midsize,Exterior module,PL-05,3533.79,2745.75,22.3,3271,mature
FG-01248,Powertrain assembly 01248,BEV Crossover,Electrical & electronics,PL-13,4158.85,3289.65,20.9,2810,ramp-up
FG-01249,Service kit assembly 01249,Aftermarket Service,E-drive,PL-08,992.48,845.59,14.8,1528,ramp-up
FG-01250,Service kit assembly 01250,BEV Compact,Exterior module,PL-16,491.3,380.27,22.6,96,mature
FG-01251,Service kit assembly 01251,Aftermarket Service,Service kit,PL-04,183.41,151.86,17.2,241,run-out
FG-01252,Interior module assembly 01252,E-Van Commercial,Body-in-white,PL-14,2115.32,1802.25,14.8,891,run-out
FG-01253,Electrical & electronics assembly 01253,BEV Crossover,E-drive,PL-02,3706.07,3042.68,17.9,3055,mature
FG-01254,Thermal system assembly 01254,BEV Compact,Chassis & suspension,PL-12,3403.56,3127.87,8.1,759,mature
FG-01255,Electrical & electronics assembly 01255,Pickup Midsize,Interior module,PL-09,368.08,320.97,12.8,3416,mature
FG-01256,Exterior module assembly 01256,C-SUV Gen4,Chassis & suspension,PL-17,647.94,492.43,24,2663,mature
FG-01257,Chassis & suspension assembly 01257,Aftermarket Service,Exterior module,PL-13,762.43,667.89,12.4,871,mature
FG-01258,Body-in-white assembly 01258,BEV Compact,Exterior module,PL-11,2706.8,2322.43,14.2,3030,mature
FG-01259,Powertrain assembly 01259,C-SUV Gen4,Powertrain,PL-13,2209.62,2105.77,4.7,2254,mature
FG-01260,E-drive assembly 01260,BEV Compact,Exterior module,PL-07,102.12,80.47,21.2,491,mature
FG-01261,Powertrain assembly 01261,BEV Compact,Exterior module,PL-03,3559.9,3346.31,6,177,mature
FG-01262,Body-in-white assembly 01262,C-SUV Gen5,Chassis & suspension,PL-09,596.7,541.21,9.3,843,ramp-up
FG-01263,Powertrain assembly 01263,Pickup Midsize,Service kit,PL-20,3375.41,2575.44,23.7,685,mature
FG-01264,Electrical & electronics assembly 01264,D-Sedan,Interior module,PL-04,2446.32,1829.85,25.2,3107,mature
FG-01265,Exterior module assembly 01265,E-Van Commercial,E-drive,PL-05,2267.4,1832.06,19.2,1744,mature
FG-01266,Service kit assembly 01266,C-SUV Gen5,E-drive,PL-02,891.97,827.75,7.2,711,run-out
FG-01267,Interior module assembly 01267,Pickup Midsize,Powertrain,PL-01,1078.38,808.79,25,1991,ramp-up
FG-01268,Electrical & electronics assembly 01268,C-SUV Gen4,Exterior module,PL-09,2962.02,2600.65,12.2,1577,mature
FG-01269,Body-in-white assembly 01269,Aftermarket Service,Electrical & electronics,PL-02,3219.37,2604.47,19.1,1912,mature
FG-01270,Thermal system assembly 01270,E-Van Commercial,E-drive,PL-06,724.39,551.26,23.9,2831,run-out
FG-01271,Electrical & electronics assembly 01271,Pickup Midsize,Service kit,PL-18,387,307.67,20.5,1242,mature
FG-01272,E-drive assembly 01272,E-Van Commercial,Thermal system,PL-02,2708.77,2592.29,4.3,3333,run-out
FG-01273,Service kit assembly 01273,E-Van Commercial,E-drive,PL-04,3985.8,3686.87,7.5,150,mature
FG-01274,Body-in-white assembly 01274,C-SUV Gen5,E-drive,PL-15,3003.78,2688.38,10.5,1074,run-out
FG-01275,Thermal system assembly 01275,C-SUV Gen4,Powertrain,PL-01,1760.28,1531.44,13,418,mature
FG-01276,Interior module assembly 01276,BEV Crossover,Body-in-white,PL-02,214.17,159.98,25.3,1922,ramp-up
FG-01277,Exterior module assembly 01277,D-Sedan,Service kit,PL-10,1682.23,1327.28,21.1,2842,mature
FG-01278,Thermal system assembly 01278,BEV Crossover,Interior module,PL-02,3953.01,3624.91,8.3,1897,run-out
FG-01279,Electrical & electronics assembly 01279,E-Van Commercial,Service kit,PL-09,1047.8,859.2,18,851,ramp-up
FG-01280,Powertrain assembly 01280,Hybrid D-Sedan,Powertrain,PL-06,3938.85,3438.62,12.7,3477,mature
FG-01281,Body-in-white assembly 01281,Aftermarket Service,Interior module,PL-09,1279.76,1009.73,21.1,596,mature
FG-01282,Interior module assembly 01282,BEV Compact,E-drive,PL-19,1417.98,1189.69,16.1,1655,mature
FG-01283,Service kit assembly 01283,BEV Crossover,Chassis & suspension,PL-11,1954.65,1571.54,19.6,3223,mature
FG-01284,Interior module assembly 01284,B-Hatch Facelift,Powertrain,PL-11,3191.51,2690.44,15.7,246,mature
FG-01285,Body-in-white assembly 01285,Hybrid D-Sedan,Body-in-white,PL-20,3140.01,2339.31,25.5,2276,mature
FG-01286,Body-in-white assembly 01286,BEV Compact,Exterior module,PL-18,3177.66,2777.27,12.6,1723,mature
FG-01287,Electrical & electronics assembly 01287,C-SUV Gen5,Exterior module,PL-05,3576.51,3054.34,14.6,3784,run-out
FG-01288,E-drive assembly 01288,BEV Crossover,Chassis & suspension,PL-14,1368.87,1106.05,19.2,841,ramp-up
FG-01289,Chassis & suspension assembly 01289,E-Van Commercial,Electrical & electronics,PL-10,3015.17,2378.97,21.1,974,ramp-up
FG-01290,Body-in-white assembly 01290,Hybrid D-Sedan,Powertrain,PL-10,2014.05,1572.97,21.9,938,mature
FG-01291,Exterior module assembly 01291,Pickup Midsize,Powertrain,PL-16,399.57,348.82,12.7,1918,mature
FG-01292,Thermal system assembly 01292,Aftermarket Service,Chassis & suspension,PL-09,3490.71,3148.62,9.8,3774,mature
FG-01293,E-drive assembly 01293,C-SUV Gen4,E-drive,PL-14,357.98,331.49,7.4,471,mature
FG-01294,Thermal system assembly 01294,C-SUV Gen5,Thermal system,PL-04,642.2,615.87,4.1,3155,mature
FG-01295,Interior module assembly 01295,Hybrid D-Sedan,E-drive,PL-20,3075.59,2638.86,14.2,136,mature
FG-01296,Body-in-white assembly 01296,C-SUV Gen4,Service kit,PL-11,3734.87,2984.16,20.1,1233,ramp-up
FG-01297,Interior module assembly 01297,BEV Crossover,Electrical & electronics,PL-17,2476.69,2018.5,18.5,120,mature
FG-01298,Chassis & suspension assembly 01298,D-Sedan,Body-in-white,PL-09,3400.23,3097.61,8.9,2130,mature
FG-01299,Powertrain assembly 01299,B-Hatch Facelift,Thermal system,PL-03,1026.87,922.13,10.2,302,mature
FG-01300,Body-in-white assembly 01300,C-SUV Gen5,Service kit,PL-12,2057.2,1688.96,17.9,1772,mature
FG-01301,Interior module assembly 01301,BEV Crossover,Powertrain,PL-14,3760.15,3263.81,13.2,2406,mature
FG-01302,Electrical & electronics assembly 01302,Hybrid D-Sedan,Electrical & electronics,PL-12,3784.26,2959.29,21.8,420,ramp-up
FG-01303,Service kit assembly 01303,BEV Compact,Chassis & suspension,PL-17,3996.25,3828.41,4.2,3629,mature
FG-01304,Body-in-white assembly 01304,Pickup Midsize,Thermal system,PL-06,4191.64,3470.68,17.2,62,mature
FG-01305,Exterior module assembly 01305,E-Van Commercial,Body-in-white,PL-08,2297.71,2129.98,7.3,1599,mature
FG-01306,Exterior module assembly 01306,C-SUV Gen5,Exterior module,PL-20,1068.5,984.09,7.9,1823,mature
FG-01307,Interior module assembly 01307,E-Van Commercial,Thermal system,PL-06,497.12,432.49,13,3119,run-out
FG-01308,Service kit assembly 01308,BEV Crossover,E-drive,PL-02,875.15,774.51,11.5,3358,run-out
FG-01309,Exterior module assembly 01309,C-SUV Gen4,Chassis & suspension,PL-11,4034.29,3751.89,7,2665,mature
FG-01310,E-drive assembly 01310,BEV Crossover,Chassis & suspension,PL-19,305.19,237.44,22.2,36,mature
FG-01311,Chassis & suspension assembly 01311,Hybrid D-Sedan,Chassis & suspension,PL-01,3518.44,2761.98,21.5,2468,mature
FG-01312,Body-in-white assembly 01312,E-Van Commercial,Exterior module,PL-11,1087.75,893.04,17.9,1248,mature
FG-01313,Interior module assembly 01313,C-SUV Gen5,Chassis & suspension,PL-05,1995.36,1807.8,9.4,2356,run-out
FG-01314,Chassis & suspension assembly 01314,D-Sedan,Body-in-white,PL-13,4014.62,3569,11.1,1337,mature
FG-01315,Interior module assembly 01315,BEV Compact,Chassis & suspension,PL-03,664.67,626.12,5.8,937,mature
FG-01316,Interior module assembly 01316,B-Hatch Facelift,Electrical & electronics,PL-04,2967.49,2623.26,11.6,3468,ramp-up
FG-01317,Body-in-white assembly 01317,C-SUV Gen5,Chassis & suspension,PL-20,1216.93,921.22,24.3,557,ramp-up
FG-01318,Thermal system assembly 01318,BEV Crossover,Interior module,PL-08,3875.11,3441.1,11.2,1903,mature
FG-01319,Service kit assembly 01319,C-SUV Gen4,Body-in-white,PL-02,4015.87,3196.63,20.4,923,mature
FG-01320,Powertrain assembly 01320,B-Hatch Facelift,Interior module,PL-08,2120.48,1844.82,13,2089,mature
FG-01321,Electrical & electronics assembly 01321,C-SUV Gen4,Exterior module,PL-15,2125.55,1953.38,8.1,284,mature
FG-01322,E-drive assembly 01322,C-SUV Gen5,Electrical & electronics,PL-05,1498.05,1253.87,16.3,2933,mature
FG-01323,Service kit assembly 01323,Hybrid D-Sedan,Thermal system,PL-17,267.6,206.59,22.8,390,run-out
FG-01324,Chassis & suspension assembly 01324,C-SUV Gen4,Service kit,PL-11,4085.88,3154.3,22.8,1767,mature
FG-01325,Service kit assembly 01325,Pickup Midsize,E-drive,PL-19,538.33,440.89,18.1,119,mature
FG-01326,Interior module assembly 01326,BEV Crossover,Body-in-white,PL-07,117.87,91.7,22.2,3086,mature
FG-01327,Electrical & electronics assembly 01327,B-Hatch Facelift,Electrical & electronics,PL-17,590.99,562.03,4.9,433,run-out
FG-01328,Thermal system assembly 01328,C-SUV Gen5,Body-in-white,PL-19,3560.9,2816.67,20.9,833,mature
FG-01329,Body-in-white assembly 01329,Aftermarket Service,Powertrain,PL-10,127.91,109.75,14.2,1780,ramp-up
FG-01330,Chassis & suspension assembly 01330,C-SUV Gen5,Electrical & electronics,PL-15,437.04,417.37,4.5,2260,mature
FG-01331,Body-in-white assembly 01331,BEV Crossover,Chassis & suspension,PL-18,3237.72,2732.64,15.6,1497,run-out
FG-01332,Body-in-white assembly 01332,BEV Compact,Exterior module,PL-18,1020.77,906.44,11.2,2644,ramp-up
FG-01333,Service kit assembly 01333,BEV Compact,E-drive,PL-14,4112.51,3582,12.9,2550,ramp-up
FG-01334,Chassis & suspension assembly 01334,Aftermarket Service,Thermal system,PL-08,626.09,586.65,6.3,1595,mature
FG-01335,Body-in-white assembly 01335,BEV Crossover,Chassis & suspension,PL-06,1850.01,1731.61,6.4,3377,mature
FG-01336,Exterior module assembly 01336,C-SUV Gen5,Interior module,PL-13,2718.79,2142.41,21.2,452,ramp-up
FG-01337,Thermal system assembly 01337,Hybrid D-Sedan,Powertrain,PL-08,2790.85,2182.44,21.8,2846,run-out
FG-01338,Exterior module assembly 01338,D-Sedan,Interior module,PL-08,478.58,447.47,6.5,3471,mature
FG-01339,Chassis & suspension assembly 01339,Pickup Midsize,Service kit,PL-18,2080.63,1926.66,7.4,1439,mature
FG-01340,Interior module assembly 01340,D-Sedan,Exterior module,PL-08,4066.31,3480.76,14.4,94,run-out
FG-01341,Exterior module assembly 01341,Pickup Midsize,Interior module,PL-15,2627.23,2185.86,16.8,2434,run-out
FG-01342,Powertrain assembly 01342,Aftermarket Service,Exterior module,PL-11,1411.13,1301.06,7.8,165,run-out
FG-01343,Powertrain assembly 01343,E-Van Commercial,Powertrain,PL-16,817.9,673.95,17.6,1741,mature
FG-01344,Service kit assembly 01344,E-Van Commercial,Interior module,PL-06,2097.72,1646.71,21.5,1083,mature
FG-01345,E-drive assembly 01345,BEV Compact,Chassis & suspension,PL-10,1321.49,1206.52,8.7,429,run-out
FG-01346,Thermal system assembly 01346,BEV Crossover,Interior module,PL-15,2308.41,1973.69,14.5,321,mature
FG-01347,Interior module assembly 01347,D-Sedan,Exterior module,PL-15,2805.66,2673.79,4.7,2127,mature
FG-01348,Exterior module assembly 01348,D-Sedan,Powertrain,PL-07,3780.44,3425.08,9.4,395,mature
FG-01349,Service kit assembly 01349,BEV Compact,Chassis & suspension,PL-16,274.02,215.93,21.2,2861,mature
FG-01350,Body-in-white assembly 01350,E-Van Commercial,Electrical & electronics,PL-16,3678.11,3280.87,10.8,2479,ramp-up
FG-01351,Chassis & suspension assembly 01351,D-Sedan,Thermal system,PL-17,4023.34,3415.82,15.1,3576,mature
FG-01352,Interior module assembly 01352,BEV Crossover,Chassis & suspension,PL-14,1084.97,950.43,12.4,26,mature
FG-01353,Service kit assembly 01353,Hybrid D-Sedan,Interior module,PL-04,430.75,326.08,24.3,3763,mature
FG-01354,Exterior module assembly 01354,BEV Compact,Electrical & electronics,PL-11,3496,3345.67,4.3,2638,run-out
FG-01355,Electrical & electronics assembly 01355,BEV Compact,Service kit,PL-14,4150.89,3329.01,19.8,2634,mature
FG-01356,Thermal system assembly 01356,BEV Crossover,Body-in-white,PL-07,69.83,53.91,22.8,3213,mature
FG-01357,Body-in-white assembly 01357,BEV Crossover,Powertrain,PL-16,2283.15,1755.74,23.1,304,mature
FG-01358,Electrical & electronics assembly 01358,D-Sedan,Exterior module,PL-13,1360.88,1298.28,4.6,1819,mature
FG-01359,Powertrain assembly 01359,C-SUV Gen5,Chassis & suspension,PL-05,2413.81,1817.6,24.7,2758,mature
FG-01360,Powertrain assembly 01360,BEV Compact,Exterior module,PL-04,106.6,93.38,12.4,3090,mature
FG-01361,Thermal system assembly 01361,B-Hatch Facelift,Body-in-white,PL-01,1713.25,1487.1,13.2,343,mature
FG-01362,Powertrain assembly 01362,BEV Compact,Chassis & suspension,PL-16,2649.6,2042.84,22.9,2285,ramp-up
FG-01363,Thermal system assembly 01363,Pickup Midsize,Body-in-white,PL-02,1738.14,1663.4,4.3,2977,ramp-up
FG-01364,Chassis & suspension assembly 01364,Pickup Midsize,Electrical & electronics,PL-03,2189.9,1734.4,20.8,1594,mature
FG-01365,Service kit assembly 01365,E-Van Commercial,Chassis & suspension,PL-20,2458.62,1841.51,25.1,3526,mature
FG-01366,Exterior module assembly 01366,Aftermarket Service,E-drive,PL-13,1897.06,1779.44,6.2,3757,mature
FG-01367,Body-in-white assembly 01367,C-SUV Gen4,Exterior module,PL-02,440.49,388.51,11.8,1668,mature
FG-01368,Electrical & electronics assembly 01368,C-SUV Gen5,Body-in-white,PL-02,627.41,481.22,23.3,1903,run-out
FG-01369,Thermal system assembly 01369,Pickup Midsize,E-drive,PL-20,3647.4,3144.06,13.8,1292,mature
FG-01370,Interior module assembly 01370,BEV Compact,Exterior module,PL-15,3571.2,3103.37,13.1,3417,run-out
FG-01371,Electrical & electronics assembly 01371,Aftermarket Service,E-drive,PL-13,538.01,402.43,25.2,340,mature
FG-01372,Chassis & suspension assembly 01372,E-Van Commercial,Interior module,PL-18,3814.84,3097.65,18.8,874,mature
FG-01373,Chassis & suspension assembly 01373,BEV Crossover,Electrical & electronics,PL-18,3953.23,3431.4,13.2,3330,mature
FG-01374,E-drive assembly 01374,BEV Compact,Chassis & suspension,PL-14,1298.01,1089.03,16.1,3468,run-out
FG-01375,Interior module assembly 01375,E-Van Commercial,Service kit,PL-12,3593.36,3119.04,13.2,3633,run-out
FG-01376,Service kit assembly 01376,Hybrid D-Sedan,E-drive,PL-05,995.95,913.29,8.3,384,mature
FG-01377,Chassis & suspension assembly 01377,Hybrid D-Sedan,Thermal system,PL-01,1595.33,1183.73,25.8,3558,run-out
FG-01378,Service kit assembly 01378,BEV Compact,Thermal system,PL-20,2791.54,2478.89,11.2,3572,mature
FG-01379,Thermal system assembly 01379,Aftermarket Service,Body-in-white,PL-05,2404.81,1844.49,23.3,413,mature
FG-01380,Thermal system assembly 01380,D-Sedan,Powertrain,PL-18,3812.55,3202.54,16,3553,run-out
FG-01381,Electrical & electronics assembly 01381,Pickup Midsize,Chassis & suspension,PL-05,2648.47,2041.97,22.9,2805,mature
FG-01382,Body-in-white assembly 01382,C-SUV Gen4,Powertrain,PL-20,768.85,628.92,18.2,852,mature
FG-01383,Electrical & electronics assembly 01383,Pickup Midsize,Interior module,PL-07,1781.12,1683.16,5.5,1581,ramp-up
FG-01384,Service kit assembly 01384,Hybrid D-Sedan,Electrical & electronics,PL-10,599.51,453.83,24.3,3396,mature
FG-01385,Exterior module assembly 01385,D-Sedan,Body-in-white,PL-13,267.94,240.07,10.4,1251,mature
FG-01386,Powertrain assembly 01386,Pickup Midsize,Thermal system,PL-04,2035.09,1735.93,14.7,1231,ramp-up
FG-01387,Thermal system assembly 01387,C-SUV Gen4,Service kit,PL-01,1921.63,1717.94,10.6,2268,run-out
FG-01388,Exterior module assembly 01388,Hybrid D-Sedan,Exterior module,PL-14,2089.73,1736.57,16.9,1732,mature
FG-01389,Service kit assembly 01389,B-Hatch Facelift,Interior module,PL-20,3774.62,3502.85,7.2,2207,mature
FG-01390,Service kit assembly 01390,B-Hatch Facelift,Body-in-white,PL-18,2553.43,1940.61,24,534,mature
FG-01391,Thermal system assembly 01391,B-Hatch Facelift,Electrical & electronics,PL-02,2571.22,2200.96,14.4,731,run-out
FG-01392,Service kit assembly 01392,C-SUV Gen4,Thermal system,PL-01,4019.16,3070.64,23.6,1622,run-out
FG-01393,Exterior module assembly 01393,D-Sedan,Powertrain,PL-07,1259.88,976.41,22.5,771,run-out
FG-01394,E-drive assembly 01394,B-Hatch Facelift,Exterior module,PL-09,4065.1,3861.84,5,3385,ramp-up
FG-01395,Electrical & electronics assembly 01395,Hybrid D-Sedan,Service kit,PL-11,3020.31,2872.31,4.9,2144,mature
FG-01396,Service kit assembly 01396,Aftermarket Service,E-drive,PL-03,3746.79,3383.35,9.7,3584,ramp-up
FG-01397,Powertrain assembly 01397,C-SUV Gen5,Electrical & electronics,PL-07,1135.69,992.59,12.6,2735,run-out
FG-01398,Chassis & suspension assembly 01398,E-Van Commercial,Chassis & suspension,PL-01,1624.37,1520.41,6.4,526,ramp-up
FG-01399,Service kit assembly 01399,BEV Crossover,Body-in-white,PL-19,2104.87,1993.31,5.3,3464,mature
FG-01400,Electrical & electronics assembly 01400,Hybrid D-Sedan,Exterior module,PL-09,254.68,234.05,8.1,1816,run-out
FG-01401,Electrical & electronics assembly 01401,Hybrid D-Sedan,Thermal system,PL-20,3049.54,2674.45,12.3,1899,mature
FG-01402,Service kit assembly 01402,E-Van Commercial,Interior module,PL-19,218.55,190.79,12.7,2844,mature
FG-01403,Chassis & suspension assembly 01403,Hybrid D-Sedan,Interior module,PL-07,2361.42,2189.04,7.3,1003,mature
FG-01404,Service kit assembly 01404,Hybrid D-Sedan,Interior module,PL-07,2457.91,2217.03,9.8,3099,mature
FG-01405,Thermal system assembly 01405,C-SUV Gen4,E-drive,PL-17,2039.47,1525.52,25.2,2754,ramp-up
FG-01406,Thermal system assembly 01406,C-SUV Gen5,Interior module,PL-06,2303.02,2075.02,9.9,3563,mature
FG-01407,E-drive assembly 01407,BEV Compact,Chassis & suspension,PL-04,1717.03,1456.04,15.2,1764,mature
FG-01408,Service kit assembly 01408,Aftermarket Service,Thermal system,PL-05,119.63,111.14,7.1,333,ramp-up
FG-01409,Interior module assembly 01409,BEV Crossover,Body-in-white,PL-15,999.06,764.28,23.5,1582,mature
FG-01410,Powertrain assembly 01410,BEV Compact,Body-in-white,PL-05,3646.19,3354.49,8,927,run-out
FG-01411,Service kit assembly 01411,C-SUV Gen5,Chassis & suspension,PL-08,1799.3,1362.07,24.3,756,run-out
FG-01412,Interior module assembly 01412,C-SUV Gen4,Powertrain,PL-11,1246.02,1041.67,16.4,2779,ramp-up
FG-01413,Interior module assembly 01413,Pickup Midsize,Powertrain,PL-04,2367.45,2026.54,14.4,1574,run-out
FG-01414,Chassis & suspension assembly 01414,Aftermarket Service,E-drive,PL-16,1639.51,1337.84,18.4,1984,mature
FG-01415,E-drive assembly 01415,E-Van Commercial,Powertrain,PL-07,3781.39,3009.99,20.4,3683,mature
FG-01416,Thermal system assembly 01416,B-Hatch Facelift,E-drive,PL-11,3001.31,2659.16,11.4,2037,ramp-up
FG-01417,E-drive assembly 01417,BEV Compact,Service kit,PL-19,3974.33,3278.82,17.5,1492,ramp-up
FG-01418,Body-in-white assembly 01418,Pickup Midsize,Exterior module,PL-02,3607.5,3225.11,10.6,3678,ramp-up
FG-01419,Interior module assembly 01419,C-SUV Gen4,Interior module,PL-17,72.02,54.59,24.2,474,run-out
FG-01420,Chassis & suspension assembly 01420,Pickup Midsize,Service kit,PL-08,4172.78,3672.05,12,2287,mature
FG-01421,Interior module assembly 01421,E-Van Commercial,Chassis & suspension,PL-07,3194.93,2514.41,21.3,3229,run-out
FG-01422,Powertrain assembly 01422,Aftermarket Service,Powertrain,PL-20,1877.69,1475.86,21.4,414,mature
FG-01423,Thermal system assembly 01423,D-Sedan,Interior module,PL-03,3400.43,2553.72,24.9,3096,mature
FG-01424,Exterior module assembly 01424,E-Van Commercial,Interior module,PL-09,1015.76,839.02,17.4,1392,ramp-up
FG-01425,E-drive assembly 01425,C-SUV Gen4,Thermal system,PL-03,1105.01,1050.86,4.9,466,mature
FG-01426,Thermal system assembly 01426,C-SUV Gen4,Service kit,PL-10,2865.71,2186.54,23.7,2962,mature
FG-01427,Thermal system assembly 01427,C-SUV Gen5,Chassis & suspension,PL-02,1111.42,839.12,24.5,178,mature
FG-01428,Service kit assembly 01428,Hybrid D-Sedan,Chassis & suspension,PL-15,3873.63,3614.1,6.7,2233,mature
FG-01429,Service kit assembly 01429,D-Sedan,Powertrain,PL-11,2480.9,2374.22,4.3,1358,mature
FG-01430,Body-in-white assembly 01430,D-Sedan,Interior module,PL-09,2145.18,1849.15,13.8,645,ramp-up
FG-01431,Service kit assembly 01431,B-Hatch Facelift,Exterior module,PL-15,870.34,731.96,15.9,2385,mature
FG-01432,Electrical & electronics assembly 01432,BEV Crossover,Powertrain,PL-08,3937.8,3748.79,4.8,1371,ramp-up
FG-01433,E-drive assembly 01433,B-Hatch Facelift,Interior module,PL-05,3334.47,2530.86,24.1,2068,ramp-up
FG-01434,Interior module assembly 01434,Aftermarket Service,Electrical & electronics,PL-14,1067.82,939.68,12,2934,mature
FG-01435,Interior module assembly 01435,Aftermarket Service,Chassis & suspension,PL-17,1578.08,1507.07,4.5,829,mature
FG-01436,Powertrain assembly 01436,B-Hatch Facelift,Powertrain,PL-11,2332.73,1957.16,16.1,389,mature
FG-01437,Interior module assembly 01437,C-SUV Gen4,Chassis & suspension,PL-07,3378.14,2851.15,15.6,1888,mature
FG-01438,Service kit assembly 01438,BEV Compact,Chassis & suspension,PL-02,2608.34,2136.23,18.1,1632,mature
FG-01439,Service kit assembly 01439,BEV Compact,Thermal system,PL-08,1681.07,1539.86,8.4,1096,mature
FG-01440,Powertrain assembly 01440,Aftermarket Service,Exterior module,PL-03,1805.95,1356.27,24.9,2111,mature
FG-01441,Thermal system assembly 01441,C-SUV Gen5,Chassis & suspension,PL-08,1869.87,1705.32,8.8,3243,mature
FG-01442,Exterior module assembly 01442,BEV Crossover,Exterior module,PL-06,3054.56,2694.12,11.8,1130,mature
FG-01443,Electrical & electronics assembly 01443,BEV Crossover,Thermal system,PL-20,3326.32,2837.35,14.7,557,run-out
FG-01444,E-drive assembly 01444,B-Hatch Facelift,Electrical & electronics,PL-05,2573.02,2127.89,17.3,3037,mature
FG-01445,Body-in-white assembly 01445,B-Hatch Facelift,Thermal system,PL-08,1768.17,1333.2,24.6,347,mature
FG-01446,Service kit assembly 01446,B-Hatch Facelift,Exterior module,PL-20,317.28,259.22,18.3,3275,mature
FG-01447,Interior module assembly 01447,Aftermarket Service,Thermal system,PL-13,4051.35,3127.64,22.8,3500,run-out
FG-01448,Body-in-white assembly 01448,C-SUV Gen4,Service kit,PL-13,2317.54,1745.11,24.7,911,ramp-up
FG-01449,Exterior module assembly 01449,B-Hatch Facelift,Chassis & suspension,PL-17,1422.1,1304.07,8.3,1884,run-out
FG-01450,E-drive assembly 01450,D-Sedan,E-drive,PL-19,2240.41,1778.89,20.6,3596,mature
FG-01451,E-drive assembly 01451,E-Van Commercial,Service kit,PL-15,939.24,720.4,23.3,2216,mature
FG-01452,Interior module assembly 01452,C-SUV Gen4,Service kit,PL-07,346.17,294.94,14.8,2279,mature
FG-01453,Chassis & suspension assembly 01453,C-SUV Gen5,Interior module,PL-14,2881.26,2699.74,6.3,770,mature
FG-01454,Interior module assembly 01454,E-Van Commercial,E-drive,PL-13,1670.87,1241.46,25.7,2639,ramp-up
FG-01455,Body-in-white assembly 01455,C-SUV Gen5,Interior module,PL-06,3083.61,2497.72,19,3472,mature
FG-01456,Electrical & electronics assembly 01456,BEV Compact,Body-in-white,PL-02,1743.6,1351.29,22.5,3582,mature
FG-01457,Powertrain assembly 01457,B-Hatch Facelift,Electrical & electronics,PL-06,3585.81,3180.61,11.3,609,mature
FG-01458,Powertrain assembly 01458,Pickup Midsize,E-drive,PL-15,1388.63,1113.68,19.8,2196,mature
FG-01459,Body-in-white assembly 01459,Hybrid D-Sedan,Thermal system,PL-10,2503.65,1855.2,25.9,2042,mature
FG-01460,Service kit assembly 01460,Aftermarket Service,Interior module,PL-14,752.59,611.86,18.7,2504,ramp-up
FG-01461,E-drive assembly 01461,C-SUV Gen4,Exterior module,PL-10,521.43,483.89,7.2,577,mature
FG-01462,Chassis & suspension assembly 01462,D-Sedan,Body-in-white,PL-13,1641.71,1423.36,13.3,1515,run-out
FG-01463,Body-in-white assembly 01463,BEV Compact,Electrical & electronics,PL-07,3229.07,3022.41,6.4,3393,ramp-up
FG-01464,Chassis & suspension assembly 01464,BEV Crossover,Chassis & suspension,PL-18,1548.94,1239.15,20,1751,mature
FG-01465,Thermal system assembly 01465,C-SUV Gen4,Chassis & suspension,PL-11,2684.38,2356.89,12.2,2980,mature
FG-01466,Electrical & electronics assembly 01466,Pickup Midsize,Service kit,PL-18,146.18,119.87,18,1085,mature
FG-01467,E-drive assembly 01467,E-Van Commercial,Thermal system,PL-19,525.15,400.69,23.7,1000,mature
FG-01468,Chassis & suspension assembly 01468,BEV Compact,Powertrain,PL-07,1621.48,1255.03,22.6,1487,mature
FG-01469,Powertrain assembly 01469,D-Sedan,Powertrain,PL-05,1996.44,1730.91,13.3,1913,run-out
FG-01470,Exterior module assembly 01470,BEV Compact,Chassis & suspension,PL-17,396.17,294.75,25.6,2638,mature
FG-01471,Exterior module assembly 01471,B-Hatch Facelift,Service kit,PL-02,1667.69,1304.13,21.8,2810,mature
FG-01472,Chassis & suspension assembly 01472,BEV Compact,Service kit,PL-15,82.1,61.9,24.6,3117,run-out
FG-01473,Body-in-white assembly 01473,Pickup Midsize,E-drive,PL-15,2389.96,2139.01,10.5,2163,mature
FG-01474,Service kit assembly 01474,BEV Compact,Electrical & electronics,PL-19,3353.82,3102.28,7.5,1582,mature
FG-01475,Powertrain assembly 01475,E-Van Commercial,E-drive,PL-19,1013.06,777.02,23.3,999,mature
FG-01476,Exterior module assembly 01476,Pickup Midsize,Exterior module,PL-14,1820.75,1354.64,25.6,1727,mature
FG-01477,Electrical & electronics assembly 01477,C-SUV Gen4,E-drive,PL-14,3187.81,2668.2,16.3,306,ramp-up
FG-01478,Powertrain assembly 01478,BEV Compact,Chassis & suspension,PL-09,3294.36,2483.95,24.6,2128,mature
FG-01479,Powertrain assembly 01479,C-SUV Gen4,Thermal system,PL-03,773.17,621.63,19.6,2214,mature
FG-01480,Service kit assembly 01480,Pickup Midsize,Powertrain,PL-14,885.39,840.24,5.1,1201,mature
FG-01481,Powertrain assembly 01481,C-SUV Gen5,Electrical & electronics,PL-05,3258.44,2873.94,11.8,3611,run-out
FG-01482,Service kit assembly 01482,C-SUV Gen5,Thermal system,PL-13,271.03,249.89,7.8,2167,mature
FG-01483,Electrical & electronics assembly 01483,Aftermarket Service,Body-in-white,PL-14,2705.47,2305.06,14.8,1111,mature
FG-01484,Electrical & electronics assembly 01484,C-SUV Gen4,Service kit,PL-05,1257.07,1128.85,10.2,2888,ramp-up
FG-01485,Electrical & electronics assembly 01485,C-SUV Gen5,Powertrain,PL-17,1015.82,883.76,13,3574,mature
FG-01486,Chassis & suspension assembly 01486,E-Van Commercial,Body-in-white,PL-15,115.14,90.27,21.6,830,mature
FG-01487,Electrical & electronics assembly 01487,Hybrid D-Sedan,Powertrain,PL-05,3957.96,2940.76,25.7,3040,mature
FG-01488,Electrical & electronics assembly 01488,B-Hatch Facelift,Powertrain,PL-16,229.86,174.92,23.9,1811,ramp-up
FG-01489,E-drive assembly 01489,BEV Compact,Interior module,PL-12,2729.47,2603.91,4.6,2381,ramp-up
FG-01490,Powertrain assembly 01490,E-Van Commercial,E-drive,PL-20,1971.04,1531.5,22.3,2270,mature
FG-01491,Chassis & suspension assembly 01491,BEV Compact,Service kit,PL-13,1224.2,1029.55,15.9,1356,ramp-up
FG-01492,Electrical & electronics assembly 01492,D-Sedan,Body-in-white,PL-17,875.88,800.55,8.6,1798,mature
FG-01493,Powertrain assembly 01493,Pickup Midsize,Interior module,PL-18,1749.47,1644.5,6,1572,mature
FG-01494,Chassis & suspension assembly 01494,E-Van Commercial,Interior module,PL-10,2451.13,2164.35,11.7,536,ramp-up
FG-01495,E-drive assembly 01495,E-Van Commercial,Body-in-white,PL-09,3208.27,3028.61,5.6,108,mature
FG-01496,Chassis & suspension assembly 01496,Hybrid D-Sedan,Exterior module,PL-13,3735.3,3111.5,16.7,356,mature
FG-01497,Interior module assembly 01497,C-SUV Gen4,Body-in-white,PL-14,3436.44,3254.31,5.3,2036,run-out
FG-01498,Body-in-white assembly 01498,C-SUV Gen4,Chassis & suspension,PL-06,3945.84,3330.29,15.6,2262,ramp-up
FG-01499,Body-in-white assembly 01499,Aftermarket Service,E-drive,PL-09,1539.83,1450.52,5.8,2697,run-out
FG-01500,Powertrain assembly 01500,BEV Crossover,Body-in-white,PL-11,2661.34,2283.43,14.2,3793,mature
FG-01501,E-drive assembly 01501,Pickup Midsize,Chassis & suspension,PL-07,231.54,172.96,25.3,229,run-out
FG-01502,Electrical & electronics assembly 01502,Aftermarket Service,Body-in-white,PL-10,2158.68,1785.23,17.3,200,run-out
FG-01503,Body-in-white assembly 01503,BEV Compact,Electrical & electronics,PL-01,4014.07,3287.52,18.1,527,run-out
FG-01504,Interior module assembly 01504,BEV Crossover,Chassis & suspension,PL-17,1440.27,1254.48,12.9,754,run-out
FG-01505,Thermal system assembly 01505,Pickup Midsize,Interior module,PL-14,741.49,641.39,13.5,3302,mature
FG-01506,Electrical & electronics assembly 01506,C-SUV Gen5,Interior module,PL-01,2726.18,2074.62,23.9,3463,mature
FG-01507,Exterior module assembly 01507,C-SUV Gen5,Exterior module,PL-20,1351.71,1175.99,13,3262,run-out
FG-01508,Powertrain assembly 01508,BEV Crossover,Body-in-white,PL-15,1326.39,1269.36,4.3,30,ramp-up
FG-01509,Chassis & suspension assembly 01509,Aftermarket Service,Service kit,PL-19,653.55,533.3,18.4,2633,ramp-up
FG-01510,Powertrain assembly 01510,Hybrid D-Sedan,Service kit,PL-18,442.92,344.15,22.3,3503,ramp-up
FG-01511,Chassis & suspension assembly 01511,BEV Crossover,Service kit,PL-12,439.04,362.21,17.5,1006,mature
FG-01512,E-drive assembly 01512,BEV Compact,Chassis & suspension,PL-08,1042.06,777.38,25.4,307,mature
FG-01513,Interior module assembly 01513,B-Hatch Facelift,Electrical & electronics,PL-17,3510.53,3064.69,12.7,292,run-out
FG-01514,Powertrain assembly 01514,C-SUV Gen5,Chassis & suspension,PL-19,4191.53,3227.48,23,574,run-out
FG-01515,Electrical & electronics assembly 01515,E-Van Commercial,E-drive,PL-10,3552.9,3350.38,5.7,2124,mature
FG-01516,Electrical & electronics assembly 01516,BEV Compact,Exterior module,PL-19,932.69,884.19,5.2,1515,mature
FG-01517,Electrical & electronics assembly 01517,C-SUV Gen5,Chassis & suspension,PL-12,4090.77,3914.87,4.3,1479,mature
FG-01518,Body-in-white assembly 01518,Hybrid D-Sedan,Body-in-white,PL-02,3702.69,3102.85,16.2,3730,run-out
FG-01519,Thermal system assembly 01519,BEV Crossover,Interior module,PL-17,50.66,46.66,7.9,2982,mature
FG-01520,Exterior module assembly 01520,C-SUV Gen5,E-drive,PL-09,2966.72,2776.85,6.4,1041,run-out
FG-01521,Chassis & suspension assembly 01521,C-SUV Gen4,Interior module,PL-17,873.18,754.43,13.6,3184,mature
FG-01522,Thermal system assembly 01522,BEV Compact,Exterior module,PL-02,2795.14,2350.71,15.9,583,run-out
FG-01523,Interior module assembly 01523,B-Hatch Facelift,Electrical & electronics,PL-06,3765.24,2880.41,23.5,3082,mature
FG-01524,Exterior module assembly 01524,Pickup Midsize,E-drive,PL-20,2425.67,2299.54,5.2,1296,mature
FG-01525,Electrical & electronics assembly 01525,Hybrid D-Sedan,Powertrain,PL-13,192.21,177.6,7.6,1746,mature
FG-01526,Service kit assembly 01526,B-Hatch Facelift,Thermal system,PL-15,2755.63,2317.48,15.9,2671,mature
FG-01527,Chassis & suspension assembly 01527,BEV Crossover,Powertrain,PL-18,3145.12,2500.37,20.5,1274,mature
FG-01528,Chassis & suspension assembly 01528,BEV Compact,Interior module,PL-11,369.06,281.22,23.8,2149,mature
FG-01529,Service kit assembly 01529,C-SUV Gen5,Powertrain,PL-11,3772.85,3384.25,10.3,417,mature
FG-01530,Interior module assembly 01530,B-Hatch Facelift,Interior module,PL-15,2338.98,2070,11.5,84,mature
FG-01531,Service kit assembly 01531,D-Sedan,Thermal system,PL-03,2804.31,2142.49,23.6,3320,ramp-up
FG-01532,Service kit assembly 01532,C-SUV Gen5,E-drive,PL-20,3634.51,2914.88,19.8,928,mature
FG-01533,Thermal system assembly 01533,D-Sedan,Exterior module,PL-10,420.64,360.91,14.2,1799,mature
FG-01534,Chassis & suspension assembly 01534,BEV Crossover,Chassis & suspension,PL-15,1923.07,1501.92,21.9,3061,mature
FG-01535,Exterior module assembly 01535,C-SUV Gen4,Electrical & electronics,PL-01,2747.39,2629.25,4.3,2990,mature
FG-01536,Exterior module assembly 01536,Aftermarket Service,Powertrain,PL-05,4062.63,3294.79,18.9,3765,ramp-up
FG-01537,Exterior module assembly 01537,BEV Crossover,Electrical & electronics,PL-20,3416.68,2572.76,24.7,282,mature
FG-01538,Electrical & electronics assembly 01538,B-Hatch Facelift,Body-in-white,PL-07,3508.81,2666.7,24,395,mature
FG-01539,Electrical & electronics assembly 01539,BEV Crossover,Body-in-white,PL-19,2524.45,2206.37,12.6,965,ramp-up
FG-01540,E-drive assembly 01540,D-Sedan,Thermal system,PL-04,3427.12,3286.61,4.1,2909,run-out
FG-01541,Chassis & suspension assembly 01541,Hybrid D-Sedan,Interior module,PL-18,657.59,553.69,15.8,948,mature
FG-01542,Body-in-white assembly 01542,BEV Crossover,E-drive,PL-04,2410.15,1971.5,18.2,1021,mature
FG-01543,Thermal system assembly 01543,BEV Compact,Exterior module,PL-16,1231.16,940.61,23.6,1059,mature
FG-01544,E-drive assembly 01544,Aftermarket Service,Thermal system,PL-13,969.72,926.08,4.5,3192,mature
FG-01545,Body-in-white assembly 01545,C-SUV Gen5,E-drive,PL-11,360.56,295.3,18.1,669,ramp-up
FG-01546,Service kit assembly 01546,Aftermarket Service,E-drive,PL-15,3874.1,3602.91,7,3778,mature
FG-01547,E-drive assembly 01547,BEV Crossover,Interior module,PL-17,1663.73,1252.79,24.7,2653,mature
FG-01548,Exterior module assembly 01548,BEV Compact,E-drive,PL-06,1710.2,1597.33,6.6,3123,mature
FG-01549,Chassis & suspension assembly 01549,C-SUV Gen4,E-drive,PL-16,1978.32,1796.31,9.2,3229,mature
FG-01550,Chassis & suspension assembly 01550,D-Sedan,Service kit,PL-10,2305.72,1932.19,16.2,1177,mature
FG-01551,Interior module assembly 01551,Pickup Midsize,Interior module,PL-19,2008.9,1681.45,16.3,699,ramp-up
FG-01552,Powertrain assembly 01552,B-Hatch Facelift,Body-in-white,PL-17,3981.38,3149.27,20.9,2456,run-out
FG-01553,Interior module assembly 01553,B-Hatch Facelift,Interior module,PL-18,354.13,272.33,23.1,417,mature
FG-01554,Exterior module assembly 01554,C-SUV Gen4,Interior module,PL-17,2043.1,1885.78,7.7,2099,mature
FG-01555,Electrical & electronics assembly 01555,BEV Compact,Exterior module,PL-06,4153.98,3676.27,11.5,840,mature
FG-01556,E-drive assembly 01556,B-Hatch Facelift,Chassis & suspension,PL-20,3584.15,3028.61,15.5,2180,mature
FG-01557,Service kit assembly 01557,E-Van Commercial,Electrical & electronics,PL-10,2341.84,1896.89,19,2279,mature
FG-01558,Electrical & electronics assembly 01558,Hybrid D-Sedan,Thermal system,PL-06,737.39,657.75,10.8,1539,mature
FG-01559,Interior module assembly 01559,C-SUV Gen5,Chassis & suspension,PL-11,1221.81,1051.98,13.9,510,ramp-up
FG-01560,Thermal system assembly 01560,Aftermarket Service,Thermal system,PL-07,2097.42,2011.43,4.1,748,mature
FG-01561,Chassis & suspension assembly 01561,Aftermarket Service,Exterior module,PL-17,1875.8,1646.95,12.2,3087,mature
FG-01562,Thermal system assembly 01562,B-Hatch Facelift,Thermal system,PL-01,1817.79,1585.11,12.8,3294,mature
FG-01563,Body-in-white assembly 01563,D-Sedan,Electrical & electronics,PL-18,2500.78,2048.14,18.1,271,mature
FG-01564,Body-in-white assembly 01564,C-SUV Gen4,Exterior module,PL-09,2723.16,2061.43,24.3,1634,mature
FG-01565,Thermal system assembly 01565,BEV Crossover,E-drive,PL-09,745.93,677.3,9.2,243,mature
FG-01566,Powertrain assembly 01566,E-Van Commercial,Chassis & suspension,PL-09,2026.53,1530.03,24.5,1061,mature
FG-01567,Service kit assembly 01567,Pickup Midsize,E-drive,PL-19,204.84,185.99,9.2,37,mature
FG-01568,Body-in-white assembly 01568,D-Sedan,Body-in-white,PL-16,1976.38,1873.61,5.2,1988,ramp-up
FG-01569,Body-in-white assembly 01569,D-Sedan,Chassis & suspension,PL-09,287.7,267.85,6.9,1845,run-out
FG-01570,Powertrain assembly 01570,BEV Crossover,Powertrain,PL-15,3883.9,3316.85,14.6,1119,mature
FG-01571,Thermal system assembly 01571,Pickup Midsize,Chassis & suspension,PL-13,2713.47,2520.81,7.1,2854,ramp-up
FG-01572,Service kit assembly 01572,Pickup Midsize,Exterior module,PL-18,2150.15,1935.14,10,203,mature
FG-01573,Thermal system assembly 01573,D-Sedan,E-drive,PL-07,1382.11,1170.65,15.3,213,ramp-up
FG-01574,Body-in-white assembly 01574,C-SUV Gen5,Service kit,PL-03,3223.25,2601.16,19.3,3426,mature
FG-01575,Electrical & electronics assembly 01575,BEV Compact,Powertrain,PL-12,1331.71,1030.74,22.6,3554,ramp-up
FG-01576,Service kit assembly 01576,Pickup Midsize,E-drive,PL-04,3005.57,2548.72,15.2,3474,mature
FG-01577,Interior module assembly 01577,Pickup Midsize,Service kit,PL-03,300.72,262.53,12.7,2145,mature
FG-01578,Interior module assembly 01578,BEV Compact,Interior module,PL-15,1655.94,1478.75,10.7,1618,mature
FG-01579,Chassis & suspension assembly 01579,E-Van Commercial,Electrical & electronics,PL-14,3530.13,3078.27,12.8,101,run-out
FG-01580,Powertrain assembly 01580,Pickup Midsize,Thermal system,PL-01,1771.79,1394.4,21.3,1332,run-out
FG-01581,Exterior module assembly 01581,BEV Crossover,Electrical & electronics,PL-05,1170.64,1025.48,12.4,2443,run-out
FG-01582,Exterior module assembly 01582,Hybrid D-Sedan,Body-in-white,PL-14,2416.4,2259.33,6.5,1916,mature
FG-01583,Chassis & suspension assembly 01583,C-SUV Gen4,Service kit,PL-07,3859.86,3319.48,14,1153,mature
FG-01584,Thermal system assembly 01584,D-Sedan,Body-in-white,PL-15,1456.03,1333.72,8.4,3454,mature
FG-01585,Exterior module assembly 01585,B-Hatch Facelift,Electrical & electronics,PL-11,3509.51,2870.78,18.2,2824,mature
FG-01586,Service kit assembly 01586,Hybrid D-Sedan,Chassis & suspension,PL-02,2052.12,1963.88,4.3,437,run-out
FG-01587,Interior module assembly 01587,BEV Compact,Body-in-white,PL-08,572.58,522.77,8.7,3374,mature
FG-01588,Body-in-white assembly 01588,D-Sedan,Exterior module,PL-12,2533.52,1917.87,24.3,1850,run-out
FG-01589,Body-in-white assembly 01589,Pickup Midsize,E-drive,PL-06,2225.54,1671.38,24.9,571,mature
FG-01590,Body-in-white assembly 01590,BEV Crossover,Powertrain,PL-17,2888.61,2157.79,25.3,2103,mature
FG-01591,Interior module assembly 01591,BEV Crossover,Service kit,PL-04,3930.51,3352.73,14.7,2778,run-out
FG-01592,E-drive assembly 01592,Pickup Midsize,E-drive,PL-17,2947.56,2697.02,8.5,1118,mature
FG-01593,Interior module assembly 01593,E-Van Commercial,Electrical & electronics,PL-08,82.47,67.79,17.8,3664,mature
FG-01594,Exterior module assembly 01594,Pickup Midsize,Interior module,PL-20,564.45,540.74,4.2,1731,mature
FG-01595,Interior module assembly 01595,Pickup Midsize,Thermal system,PL-10,2966.42,2429.5,18.1,2292,mature
FG-01596,Exterior module assembly 01596,C-SUV Gen4,E-drive,PL-14,2264.49,1983.69,12.4,3312,mature
FG-01597,Exterior module assembly 01597,BEV Compact,Electrical & electronics,PL-01,3544.59,2945.55,16.9,524,mature
FG-01598,Chassis & suspension assembly 01598,C-SUV Gen4,Thermal system,PL-08,651.24,586.77,9.9,2943,mature
FG-01599,Chassis & suspension assembly 01599,BEV Compact,Powertrain,PL-10,2878.61,2369.1,17.7,413,mature
FG-01600,Body-in-white assembly 01600,BEV Compact,Body-in-white,PL-05,1673.71,1288.76,23,385,mature
FG-01601,Exterior module assembly 01601,BEV Compact,Thermal system,PL-19,2001.73,1779.54,11.1,1611,mature
FG-01602,Service kit assembly 01602,C-SUV Gen4,Interior module,PL-20,2033.65,1533.37,24.6,3037,mature
FG-01603,Service kit assembly 01603,BEV Compact,Exterior module,PL-18,100.96,75.32,25.4,2547,run-out
FG-01604,E-drive assembly 01604,Aftermarket Service,Chassis & suspension,PL-13,3987.65,3712.5,6.9,655,ramp-up
FG-01605,Interior module assembly 01605,E-Van Commercial,Body-in-white,PL-04,1009.29,768.07,23.9,1610,mature
FG-01606,Body-in-white assembly 01606,Aftermarket Service,Electrical & electronics,PL-11,1064.39,954.76,10.3,555,mature
FG-01607,Chassis & suspension assembly 01607,E-Van Commercial,Exterior module,PL-16,3077.87,2419.21,21.4,2110,run-out
FG-01608,Interior module assembly 01608,C-SUV Gen4,Electrical & electronics,PL-18,1176.79,935.55,20.5,2336,mature
FG-01609,Interior module assembly 01609,C-SUV Gen4,Powertrain,PL-09,1513.2,1127.33,25.5,2119,ramp-up
FG-01610,Interior module assembly 01610,Hybrid D-Sedan,Interior module,PL-17,4029.22,3263.67,19,2838,mature
FG-01611,Electrical & electronics assembly 01611,BEV Crossover,Thermal system,PL-15,3179.3,2514.83,20.9,3211,mature
FG-01612,Chassis & suspension assembly 01612,C-SUV Gen4,Electrical & electronics,PL-01,3454.66,3033.19,12.2,1104,mature
FG-01613,Exterior module assembly 01613,Hybrid D-Sedan,Exterior module,PL-15,4004.93,3171.9,20.8,304,mature
FG-01614,Electrical & electronics assembly 01614,C-SUV Gen4,Powertrain,PL-13,2216.93,1860,16.1,3346,mature
FG-01615,Interior module assembly 01615,C-SUV Gen5,Chassis & suspension,PL-16,3785.74,3498.02,7.6,1745,mature
FG-01616,Exterior module assembly 01616,C-SUV Gen5,Thermal system,PL-20,1882.84,1513.8,19.6,1436,mature
FG-01617,Body-in-white assembly 01617,BEV Crossover,Powertrain,PL-11,211.5,199.44,5.7,244,mature
FG-01618,Interior module assembly 01618,E-Van Commercial,Electrical & electronics,PL-11,1004.39,875.83,12.8,560,run-out
FG-01619,Chassis & suspension assembly 01619,Hybrid D-Sedan,Thermal system,PL-10,3668.25,2853.9,22.2,521,mature
FG-01620,Body-in-white assembly 01620,Pickup Midsize,Chassis & suspension,PL-14,1610.95,1346.75,16.4,1489,mature
FG-01621,Thermal system assembly 01621,BEV Crossover,Chassis & suspension,PL-18,2180.51,1955.92,10.3,1586,ramp-up
FG-01622,Body-in-white assembly 01622,Hybrid D-Sedan,E-drive,PL-06,3236.48,2521.22,22.1,1764,mature
FG-01623,Thermal system assembly 01623,Aftermarket Service,Chassis & suspension,PL-13,1143.43,1054.24,7.8,1698,mature
FG-01624,Service kit assembly 01624,Pickup Midsize,Interior module,PL-19,1101.66,860.4,21.9,658,mature
FG-01625,Interior module assembly 01625,D-Sedan,Interior module,PL-02,730.05,643.17,11.9,3330,run-out
FG-01626,E-drive assembly 01626,Aftermarket Service,Electrical & electronics,PL-08,916.14,781.47,14.7,358,ramp-up
FG-01627,Service kit assembly 01627,Hybrid D-Sedan,Exterior module,PL-15,2383.41,2183.2,8.4,3004,mature
FG-01628,E-drive assembly 01628,C-SUV Gen4,Powertrain,PL-13,440.69,382.52,13.2,3363,mature
FG-01629,Chassis & suspension assembly 01629,Pickup Midsize,Powertrain,PL-02,2843.8,2209.63,22.3,41,mature
FG-01630,Thermal system assembly 01630,E-Van Commercial,Chassis & suspension,PL-09,134.38,125.11,6.9,2326,ramp-up
FG-01631,Interior module assembly 01631,C-SUV Gen4,Service kit,PL-12,640.9,546.05,14.8,1516,mature
FG-01632,Chassis & suspension assembly 01632,E-Van Commercial,Exterior module,PL-10,1336.81,1164.36,12.9,139,mature
FG-01633,Service kit assembly 01633,C-SUV Gen5,Thermal system,PL-05,2585.98,2017.06,22,761,mature
FG-01634,E-drive assembly 01634,E-Van Commercial,Powertrain,PL-18,295.23,245.63,16.8,3550,ramp-up
FG-01635,Body-in-white assembly 01635,D-Sedan,Exterior module,PL-10,1179.11,1082.42,8.2,1225,run-out
FG-01636,E-drive assembly 01636,E-Van Commercial,Chassis & suspension,PL-05,2966.81,2269.61,23.5,1665,mature
FG-01637,E-drive assembly 01637,Aftermarket Service,E-drive,PL-04,1876.33,1795.65,4.3,2539,mature
FG-01638,Powertrain assembly 01638,Pickup Midsize,Body-in-white,PL-05,2425.77,1933.34,20.3,1152,mature
FG-01639,Interior module assembly 01639,C-SUV Gen4,Body-in-white,PL-04,496.84,472,5,1690,mature
FG-01640,Chassis & suspension assembly 01640,E-Van Commercial,Exterior module,PL-12,1975.57,1870.86,5.3,959,mature
FG-01641,Powertrain assembly 01641,BEV Crossover,Chassis & suspension,PL-05,2180.18,1761.59,19.2,1773,mature
FG-01642,E-drive assembly 01642,B-Hatch Facelift,Service kit,PL-16,866.13,720.62,16.8,1057,run-out
FG-01643,Chassis & suspension assembly 01643,C-SUV Gen4,Exterior module,PL-18,2948.42,2600.51,11.8,1820,run-out
FG-01644,Body-in-white assembly 01644,B-Hatch Facelift,Exterior module,PL-02,785.99,723.11,8,3620,run-out
FG-01645,Chassis & suspension assembly 01645,C-SUV Gen5,Powertrain,PL-02,353.37,284.82,19.4,1773,mature
FG-01646,E-drive assembly 01646,Aftermarket Service,Electrical & electronics,PL-20,4044.49,3729.02,7.8,2868,mature
FG-01647,Service kit assembly 01647,Aftermarket Service,Thermal system,PL-04,4123.72,3950.52,4.2,3656,run-out
FG-01648,Powertrain assembly 01648,BEV Crossover,Service kit,PL-08,3444.01,2844.75,17.4,1366,mature
FG-01649,Body-in-white assembly 01649,E-Van Commercial,Powertrain,PL-16,1107.3,948.96,14.3,1420,mature
FG-01650,Thermal system assembly 01650,Aftermarket Service,Powertrain,PL-03,1237.08,1014.41,18,3649,mature
FG-01651,Exterior module assembly 01651,B-Hatch Facelift,Interior module,PL-06,3313.18,2826.14,14.7,1026,mature
FG-01652,E-drive assembly 01652,Hybrid D-Sedan,Exterior module,PL-20,3153.64,2497.68,20.8,2276,mature
FG-01653,Chassis & suspension assembly 01653,Hybrid D-Sedan,E-drive,PL-20,388.92,372.97,4.1,2724,mature
FG-01654,Chassis & suspension assembly 01654,Pickup Midsize,Electrical & electronics,PL-09,4118.17,3776.36,8.3,1703,ramp-up
FG-01655,Electrical & electronics assembly 01655,Pickup Midsize,Interior module,PL-15,3507.75,2736.05,22,2234,mature
FG-01656,Service kit assembly 01656,Aftermarket Service,Electrical & electronics,PL-08,3051.92,2832.18,7.2,550,ramp-up
FG-01657,Electrical & electronics assembly 01657,E-Van Commercial,Body-in-white,PL-15,2000.73,1530.56,23.5,3266,mature
FG-01658,Interior module assembly 01658,D-Sedan,Interior module,PL-03,1055.07,980.16,7.1,356,ramp-up
FG-01659,Service kit assembly 01659,BEV Crossover,Interior module,PL-09,3088.96,2532.95,18,3588,mature
FG-01660,Chassis & suspension assembly 01660,Hybrid D-Sedan,Electrical & electronics,PL-01,3743.94,3317.13,11.4,2969,ramp-up
FG-01661,Exterior module assembly 01661,D-Sedan,Interior module,PL-09,980.76,879.74,10.3,3757,ramp-up
FG-01662,Body-in-white assembly 01662,B-Hatch Facelift,Electrical & electronics,PL-08,2813.16,2183.01,22.4,392,mature
FG-01663,Interior module assembly 01663,C-SUV Gen4,Body-in-white,PL-20,4138.87,3840.87,7.2,749,mature
FG-01664,Thermal system assembly 01664,Pickup Midsize,Body-in-white,PL-06,3302.85,2447.41,25.9,2430,run-out
FG-01665,Interior module assembly 01665,Aftermarket Service,E-drive,PL-03,222.61,167.85,24.6,478,ramp-up
FG-01666,Body-in-white assembly 01666,BEV Crossover,Powertrain,PL-07,1005.84,802.66,20.2,58,mature
FG-01667,E-drive assembly 01667,D-Sedan,Body-in-white,PL-05,4130.1,3857.51,6.6,71,run-out
FG-01668,Service kit assembly 01668,C-SUV Gen5,E-drive,PL-10,1424.83,1098.54,22.9,635,mature
FG-01669,Chassis & suspension assembly 01669,BEV Crossover,Chassis & suspension,PL-03,2165.42,2000.85,7.6,400,mature
FG-01670,Exterior module assembly 01670,BEV Crossover,Chassis & suspension,PL-20,1334.57,1175.76,11.9,2618,mature
FG-01671,E-drive assembly 01671,B-Hatch Facelift,Interior module,PL-12,80.8,61.33,24.1,3476,mature
FG-01672,Electrical & electronics assembly 01672,Hybrid D-Sedan,E-drive,PL-20,3584.1,2856.53,20.3,525,mature
FG-01673,Thermal system assembly 01673,D-Sedan,Thermal system,PL-08,483.85,373.05,22.9,2288,run-out
FG-01674,Service kit assembly 01674,Aftermarket Service,Chassis & suspension,PL-10,2813.87,2504.34,11,1238,run-out
FG-01675,E-drive assembly 01675,E-Van Commercial,Body-in-white,PL-18,1019.68,873.87,14.3,893,mature
FG-01676,Exterior module assembly 01676,C-SUV Gen4,Electrical & electronics,PL-01,257.96,217.2,15.8,2501,mature
FG-01677,Service kit assembly 01677,Hybrid D-Sedan,E-drive,PL-02,863.15,733.68,15,470,run-out
FG-01678,E-drive assembly 01678,C-SUV Gen5,E-drive,PL-14,1926.28,1725.95,10.4,1664,mature
FG-01679,Powertrain assembly 01679,B-Hatch Facelift,E-drive,PL-07,3055.99,2729,10.7,506,mature
FG-01680,Body-in-white assembly 01680,E-Van Commercial,Service kit,PL-16,166.73,152.06,8.8,643,ramp-up
FG-01681,Electrical & electronics assembly 01681,B-Hatch Facelift,E-drive,PL-02,224.08,208.17,7.1,3753,mature
FG-01682,E-drive assembly 01682,C-SUV Gen5,Chassis & suspension,PL-12,932.4,887.64,4.8,3323,mature
FG-01683,Service kit assembly 01683,BEV Crossover,E-drive,PL-15,1844.53,1567.85,15,2289,mature
FG-01684,Thermal system assembly 01684,Hybrid D-Sedan,Electrical & electronics,PL-08,1188.77,923.67,22.3,1614,mature
FG-01685,Interior module assembly 01685,Aftermarket Service,Electrical & electronics,PL-10,3342.97,2908.38,13,1386,run-out
FG-01686,Service kit assembly 01686,Aftermarket Service,Powertrain,PL-02,3715.88,3243.96,12.7,3101,ramp-up
FG-01687,Powertrain assembly 01687,B-Hatch Facelift,Electrical & electronics,PL-05,895.65,713.83,20.3,1784,ramp-up
FG-01688,Interior module assembly 01688,Aftermarket Service,Thermal system,PL-20,2825.52,2396.04,15.2,1976,mature
FG-01689,Interior module assembly 01689,BEV Crossover,E-drive,PL-01,2076.69,1754.8,15.5,875,run-out
FG-01690,Service kit assembly 01690,Pickup Midsize,Service kit,PL-19,3318.42,2979.94,10.2,2906,mature
FG-01691,E-drive assembly 01691,BEV Compact,Body-in-white,PL-09,3265.24,2945.25,9.8,1444,mature
FG-01692,Exterior module assembly 01692,C-SUV Gen5,Exterior module,PL-14,2046.43,1759.93,14,3310,mature
FG-01693,Body-in-white assembly 01693,Pickup Midsize,Thermal system,PL-17,292.66,264.27,9.7,1512,mature
FG-01694,Powertrain assembly 01694,E-Van Commercial,Electrical & electronics,PL-01,2714.75,2190.8,19.3,2104,mature
FG-01695,Electrical & electronics assembly 01695,BEV Compact,Powertrain,PL-11,3244.73,2472.48,23.8,3074,run-out
FG-01696,Chassis & suspension assembly 01696,BEV Compact,E-drive,PL-09,1599.03,1202.47,24.8,879,mature
FG-01697,Body-in-white assembly 01697,Hybrid D-Sedan,Exterior module,PL-10,1403.83,1041.64,25.8,1942,run-out
FG-01698,Chassis & suspension assembly 01698,B-Hatch Facelift,Service kit,PL-01,2347.66,1889.87,19.5,1304,ramp-up
FG-01699,Electrical & electronics assembly 01699,C-SUV Gen5,Thermal system,PL-01,2981.12,2826.1,5.2,266,run-out
FG-01700,Exterior module assembly 01700,Pickup Midsize,Service kit,PL-05,1698.88,1498.41,11.8,2526,mature
FG-01701,Exterior module assembly 01701,B-Hatch Facelift,Chassis & suspension,PL-18,58.73,47.86,18.5,157,mature
FG-01702,Body-in-white assembly 01702,D-Sedan,Thermal system,PL-14,127.99,109.82,14.2,2354,run-out
FG-01703,Body-in-white assembly 01703,Pickup Midsize,Body-in-white,PL-18,4166.94,3346.05,19.7,1087,ramp-up
FG-01704,Electrical & electronics assembly 01704,Pickup Midsize,Chassis & suspension,PL-01,4184.57,3912.57,6.5,2215,run-out
FG-01705,E-drive assembly 01705,C-SUV Gen4,Interior module,PL-13,2916.4,2295.21,21.3,1065,run-out
FG-01706,Exterior module assembly 01706,Hybrid D-Sedan,Thermal system,PL-13,3899.62,3572.05,8.4,781,ramp-up
FG-01707,Body-in-white assembly 01707,Hybrid D-Sedan,Powertrain,PL-12,3885.27,3360.76,13.5,1609,mature
FG-01708,Body-in-white assembly 01708,B-Hatch Facelift,Service kit,PL-13,52.77,42,20.4,2708,run-out
FG-01709,Exterior module assembly 01709,B-Hatch Facelift,Interior module,PL-12,3716.45,3177.56,14.5,1358,ramp-up
FG-01710,Thermal system assembly 01710,BEV Crossover,Exterior module,PL-10,2354.47,2147.28,8.8,915,mature
FG-01711,E-drive assembly 01711,Pickup Midsize,Interior module,PL-20,2919.74,2578.13,11.7,1039,mature
FG-01712,Powertrain assembly 01712,E-Van Commercial,E-drive,PL-19,2698.17,2088.38,22.6,449,mature
FG-01713,Body-in-white assembly 01713,C-SUV Gen4,Powertrain,PL-04,4054.03,3531.06,12.9,863,mature
FG-01714,Service kit assembly 01714,Hybrid D-Sedan,Chassis & suspension,PL-16,2427.52,1844.92,24,765,mature
FG-01715,Body-in-white assembly 01715,Pickup Midsize,E-drive,PL-11,1599.52,1468.36,8.2,1711,mature
FG-01716,Chassis & suspension assembly 01716,Hybrid D-Sedan,Thermal system,PL-14,2208.54,2078.24,5.9,684,mature
FG-01717,Body-in-white assembly 01717,C-SUV Gen4,Chassis & suspension,PL-04,914.84,712.66,22.1,2534,mature
FG-01718,Service kit assembly 01718,BEV Crossover,Body-in-white,PL-20,211.8,169.23,20.1,3360,mature
FG-01719,E-drive assembly 01719,Aftermarket Service,Powertrain,PL-19,3954.33,3582.62,9.4,1531,ramp-up
FG-01720,Interior module assembly 01720,BEV Compact,E-drive,PL-13,2759.65,2516.8,8.8,2335,mature
FG-01721,Interior module assembly 01721,Hybrid D-Sedan,Exterior module,PL-19,3295.13,2748.14,16.6,1116,mature
FG-01722,Electrical & electronics assembly 01722,B-Hatch Facelift,Thermal system,PL-14,1733.36,1575.62,9.1,1628,ramp-up
FG-01723,Body-in-white assembly 01723,C-SUV Gen5,Body-in-white,PL-11,1094.44,956.54,12.6,1535,run-out
FG-01724,Service kit assembly 01724,Pickup Midsize,Service kit,PL-09,1840.35,1733.61,5.8,1788,mature
FG-01725,Interior module assembly 01725,B-Hatch Facelift,Body-in-white,PL-04,3116.68,2948.38,5.4,2048,mature
FG-01726,E-drive assembly 01726,BEV Crossover,Body-in-white,PL-04,2176.34,2078.4,4.5,1081,mature
FG-01727,E-drive assembly 01727,B-Hatch Facelift,Electrical & electronics,PL-01,295.66,279.1,5.6,2110,mature
FG-01728,Powertrain assembly 01728,D-Sedan,Thermal system,PL-16,2717.54,2266.43,16.6,448,mature
FG-01729,Electrical & electronics assembly 01729,E-Van Commercial,Interior module,PL-01,156.83,140.52,10.4,2554,mature
FG-01730,Electrical & electronics assembly 01730,B-Hatch Facelift,Body-in-white,PL-18,2502.88,1957.25,21.8,908,run-out
FG-01731,Interior module assembly 01731,BEV Crossover,E-drive,PL-12,69.37,61.67,11.1,2991,ramp-up
FG-01732,Service kit assembly 01732,E-Van Commercial,Interior module,PL-06,1971.15,1592.69,19.2,960,mature
FG-01733,Service kit assembly 01733,Hybrid D-Sedan,Thermal system,PL-05,2048.46,1597.8,22,2991,mature
FG-01734,Thermal system assembly 01734,BEV Compact,E-drive,PL-02,1143.2,1006.02,12,1540,run-out
FG-01735,Body-in-white assembly 01735,BEV Compact,Electrical & electronics,PL-16,2627.45,2086.2,20.6,3266,mature
FG-01736,Thermal system assembly 01736,E-Van Commercial,Body-in-white,PL-09,1959.16,1669.2,14.8,3430,mature
FG-01737,Electrical & electronics assembly 01737,E-Van Commercial,Thermal system,PL-17,3505.02,2754.95,21.4,3067,mature
FG-01738,Service kit assembly 01738,B-Hatch Facelift,Interior module,PL-03,2305.56,1938.98,15.9,868,mature
FG-01739,Electrical & electronics assembly 01739,BEV Crossover,Interior module,PL-15,1417.38,1189.18,16.1,1371,ramp-up
FG-01740,Electrical & electronics assembly 01740,Pickup Midsize,Chassis & suspension,PL-15,2507.6,2342.1,6.6,1643,mature
FG-01741,Interior module assembly 01741,BEV Compact,Body-in-white,PL-08,2940.48,2214.18,24.7,1838,mature
FG-01742,Service kit assembly 01742,C-SUV Gen5,Thermal system,PL-04,3511.26,3160.13,10,1803,run-out
FG-01743,E-drive assembly 01743,BEV Crossover,Thermal system,PL-01,1897.15,1623.96,14.4,2654,mature
FG-01744,Exterior module assembly 01744,BEV Compact,Electrical & electronics,PL-14,910.54,713.86,21.6,1966,mature
FG-01745,Body-in-white assembly 01745,BEV Compact,E-drive,PL-19,2469.36,2061.92,16.5,1492,mature
FG-01746,Thermal system assembly 01746,BEV Crossover,Electrical & electronics,PL-09,3904.64,3256.47,16.6,936,mature
FG-01747,Body-in-white assembly 01747,BEV Crossover,Chassis & suspension,PL-11,760.31,584.68,23.1,473,mature
FG-01748,Thermal system assembly 01748,E-Van Commercial,Exterior module,PL-13,240.12,186.57,22.3,666,mature
FG-01749,Service kit assembly 01749,Pickup Midsize,Interior module,PL-18,3751.73,3147.7,16.1,3568,ramp-up
FG-01750,Thermal system assembly 01750,Pickup Midsize,Service kit,PL-02,98.11,82.9,15.5,3660,run-out
FG-01751,Service kit assembly 01751,BEV Crossover,Interior module,PL-15,2555.97,2088.23,18.3,2657,mature
FG-01752,Electrical & electronics assembly 01752,BEV Crossover,Electrical & electronics,PL-01,1036.49,860.29,17,2810,mature
FG-01753,Service kit assembly 01753,BEV Compact,Exterior module,PL-04,3838.22,3385.31,11.8,1393,ramp-up
FG-01754,Body-in-white assembly 01754,D-Sedan,Thermal system,PL-03,2792.1,2498.93,10.5,1485,ramp-up
FG-01755,Interior module assembly 01755,D-Sedan,Service kit,PL-11,3068.75,2725.05,11.2,1262,mature
FG-01756,Body-in-white assembly 01756,Hybrid D-Sedan,Thermal system,PL-02,1307.89,1102.55,15.7,3365,mature
FG-01757,Chassis & suspension assembly 01757,D-Sedan,Chassis & suspension,PL-04,3480,3330.36,4.3,2766,mature
FG-01758,Chassis & suspension assembly 01758,Aftermarket Service,E-drive,PL-13,3535.12,3291.2,6.9,2285,ramp-up
FG-01759,Interior module assembly 01759,Aftermarket Service,Exterior module,PL-06,1783.85,1332.54,25.3,2820,run-out
FG-01760,Chassis & suspension assembly 01760,C-SUV Gen5,Body-in-white,PL-03,685.57,630.04,8.1,2318,ramp-up
FG-01761,Electrical & electronics assembly 01761,Hybrid D-Sedan,Powertrain,PL-14,2973.77,2759.66,7.2,3496,mature
FG-01762,Chassis & suspension assembly 01762,E-Van Commercial,Body-in-white,PL-13,3808.69,3359.26,11.8,52,mature
FG-01763,Interior module assembly 01763,BEV Crossover,Service kit,PL-15,1887.01,1715.29,9.1,1866,mature
FG-01764,Powertrain assembly 01764,Hybrid D-Sedan,Body-in-white,PL-08,423.84,390.78,7.8,897,mature
FG-01765,Service kit assembly 01765,Pickup Midsize,Electrical & electronics,PL-20,2161.8,1625.67,24.8,2522,mature
FG-01766,Body-in-white assembly 01766,C-SUV Gen5,Chassis & suspension,PL-01,2562.41,2249.8,12.2,1359,mature
FG-01767,E-drive assembly 01767,B-Hatch Facelift,Thermal system,PL-04,1954.52,1725.84,11.7,3633,mature
FG-01768,Service kit assembly 01768,E-Van Commercial,Powertrain,PL-01,3400.06,3128.06,8,1570,mature
FG-01769,Body-in-white assembly 01769,BEV Compact,Electrical & electronics,PL-17,431.89,397.34,8,1913,mature
FG-01770,Interior module assembly 01770,D-Sedan,Chassis & suspension,PL-15,368.89,301.01,18.4,2681,mature
FG-01771,Exterior module assembly 01771,C-SUV Gen4,Interior module,PL-06,108.19,100.62,7,1358,mature
FG-01772,Chassis & suspension assembly 01772,BEV Compact,Exterior module,PL-03,1649.63,1230.62,25.4,486,ramp-up
FG-01773,Electrical & electronics assembly 01773,D-Sedan,Service kit,PL-07,872.4,798.25,8.5,3090,mature
FG-01774,Chassis & suspension assembly 01774,BEV Compact,Thermal system,PL-13,3578.83,2834.43,20.8,1729,ramp-up
FG-01775,Powertrain assembly 01775,B-Hatch Facelift,Powertrain,PL-04,2325.41,1732.43,25.5,2753,mature
FG-01776,Powertrain assembly 01776,E-Van Commercial,Electrical & electronics,PL-17,1296.02,1130.13,12.8,2595,ramp-up
FG-01777,Thermal system assembly 01777,BEV Compact,E-drive,PL-04,1962.23,1475.6,24.8,3042,mature
FG-01778,Service kit assembly 01778,BEV Compact,Exterior module,PL-10,3545.94,3145.25,11.3,1238,mature
FG-01779,Thermal system assembly 01779,Pickup Midsize,Body-in-white,PL-11,1664.11,1291.35,22.4,3538,mature
FG-01780,Exterior module assembly 01780,BEV Crossover,Body-in-white,PL-03,1775.71,1555.52,12.4,2743,mature
FG-01781,Thermal system assembly 01781,C-SUV Gen5,Thermal system,PL-09,1725.82,1311.62,24,1890,mature
FG-01782,Electrical & electronics assembly 01782,D-Sedan,Exterior module,PL-02,1557,1468.25,5.7,1403,mature
FG-01783,E-drive assembly 01783,B-Hatch Facelift,Electrical & electronics,PL-08,3192.75,2876.67,9.9,2562,mature
FG-01784,Thermal system assembly 01784,C-SUV Gen4,Exterior module,PL-01,4148.25,3136.08,24.4,802,mature
FG-01785,Service kit assembly 01785,Pickup Midsize,Chassis & suspension,PL-12,1888.17,1737.12,8,2885,ramp-up
FG-01786,Service kit assembly 01786,Aftermarket Service,E-drive,PL-02,521.82,410.67,21.3,3658,mature
FG-01787,Interior module assembly 01787,Pickup Midsize,E-drive,PL-06,3215.36,2810.22,12.6,1806,mature
FG-01788,Thermal system assembly 01788,BEV Crossover,Chassis & suspension,PL-10,2786.23,2605.13,6.5,1661,mature
FG-01789,Electrical & electronics assembly 01789,Aftermarket Service,Powertrain,PL-15,3719.82,3225.08,13.3,1067,mature
FG-01790,Body-in-white assembly 01790,Pickup Midsize,Body-in-white,PL-05,818.28,725.81,11.3,3118,mature
FG-01791,Service kit assembly 01791,BEV Compact,Thermal system,PL-02,1736.49,1321.47,23.9,2604,mature
FG-01792,Thermal system assembly 01792,BEV Crossover,Chassis & suspension,PL-07,1995.29,1871.58,6.2,109,ramp-up
FG-01793,Body-in-white assembly 01793,BEV Compact,Electrical & electronics,PL-05,3881.86,2977.39,23.3,2169,ramp-up
FG-01794,E-drive assembly 01794,BEV Crossover,Chassis & suspension,PL-03,292.28,238.21,18.5,3698,ramp-up
FG-01795,Electrical & electronics assembly 01795,C-SUV Gen4,Exterior module,PL-07,2461.26,2311.12,6.1,1854,mature
FG-01796,Exterior module assembly 01796,E-Van Commercial,Exterior module,PL-09,3549.12,3311.33,6.7,3519,run-out
FG-01797,Chassis & suspension assembly 01797,D-Sedan,Service kit,PL-20,2735.93,2410.35,11.9,3711,mature
FG-01798,Electrical & electronics assembly 01798,Aftermarket Service,E-drive,PL-06,2567.78,2013.14,21.6,2993,mature
FG-01799,Chassis & suspension assembly 01799,Hybrid D-Sedan,Service kit,PL-17,330.32,257.65,22,3371,ramp-up
FG-01800,Powertrain assembly 01800,BEV Crossover,Chassis & suspension,PL-13,2534.46,2154.29,15,1598,mature
FG-01801,Exterior module assembly 01801,Aftermarket Service,Chassis & suspension,PL-08,189.21,170.29,10,2566,mature
FG-01802,Service kit assembly 01802,Aftermarket Service,E-drive,PL-06,426.79,329.91,22.7,3620,run-out
FG-01803,Interior module assembly 01803,BEV Crossover,Exterior module,PL-18,2294.89,1948.36,15.1,2754,run-out
FG-01804,Chassis & suspension assembly 01804,C-SUV Gen5,Body-in-white,PL-14,3971.07,3272.16,17.6,420,run-out
FG-01805,Interior module assembly 01805,BEV Compact,Exterior module,PL-04,4004.42,3327.67,16.9,2516,mature
FG-01806,Body-in-white assembly 01806,BEV Compact,E-drive,PL-13,739.37,547.13,26,1873,mature
FG-01807,Powertrain assembly 01807,BEV Crossover,Service kit,PL-07,2386.72,2200.56,7.8,2518,ramp-up
FG-01808,Powertrain assembly 01808,Aftermarket Service,Thermal system,PL-05,2036.79,1527.59,25,3516,run-out
FG-01809,Interior module assembly 01809,Aftermarket Service,Chassis & suspension,PL-14,714.84,551.86,22.8,2913,run-out
FG-01810,Exterior module assembly 01810,E-Van Commercial,Chassis & suspension,PL-14,3688.61,3131.63,15.1,2852,mature
FG-01811,Exterior module assembly 01811,B-Hatch Facelift,Powertrain,PL-08,2493.1,2164.01,13.2,744,mature
FG-01812,Electrical & electronics assembly 01812,B-Hatch Facelift,E-drive,PL-19,842.49,798.68,5.2,535,run-out
FG-01813,Body-in-white assembly 01813,Pickup Midsize,E-drive,PL-11,1329.29,1214.97,8.6,2462,mature
FG-01814,Exterior module assembly 01814,Aftermarket Service,E-drive,PL-17,2770.66,2230.38,19.5,1551,mature
FG-01815,Exterior module assembly 01815,BEV Compact,Service kit,PL-15,4046.88,3520.79,13,2427,mature
FG-01816,Exterior module assembly 01816,BEV Compact,E-drive,PL-10,1967.09,1650.39,16.1,1272,mature
FG-01817,Chassis & suspension assembly 01817,E-Van Commercial,Chassis & suspension,PL-20,3937.15,3464.69,12,2994,run-out
FG-01818,Interior module assembly 01818,Aftermarket Service,Service kit,PL-09,1414.71,1352.46,4.4,1767,mature
FG-01819,Service kit assembly 01819,BEV Compact,Chassis & suspension,PL-11,3871.45,2957.79,23.6,568,mature
FG-01820,Exterior module assembly 01820,D-Sedan,Thermal system,PL-08,302.56,280.78,7.2,1638,mature
FG-01821,Thermal system assembly 01821,Hybrid D-Sedan,Powertrain,PL-12,2018.33,1671.18,17.2,1913,mature
FG-01822,Electrical & electronics assembly 01822,E-Van Commercial,Thermal system,PL-17,518,390.57,24.6,979,mature
FG-01823,Body-in-white assembly 01823,Hybrid D-Sedan,Interior module,PL-06,2490.75,2284.02,8.3,2644,run-out
FG-01824,Service kit assembly 01824,BEV Crossover,Powertrain,PL-03,673.91,554.63,17.7,2565,mature
FG-01825,Electrical & electronics assembly 01825,BEV Compact,Interior module,PL-09,1063.29,835.75,21.4,3534,mature
FG-01826,Electrical & electronics assembly 01826,BEV Compact,Body-in-white,PL-04,2600.83,2478.59,4.7,1684,mature
FG-01827,Exterior module assembly 01827,E-Van Commercial,Exterior module,PL-03,4129.28,3761.77,8.9,355,mature
FG-01828,Thermal system assembly 01828,E-Van Commercial,E-drive,PL-05,1219.2,943.66,22.6,2447,mature
FG-01829,Body-in-white assembly 01829,C-SUV Gen5,Body-in-white,PL-20,1953.04,1714.77,12.2,179,mature
FG-01830,Service kit assembly 01830,Pickup Midsize,Service kit,PL-15,3496.52,2618.89,25.1,60,mature
FG-01831,Interior module assembly 01831,Pickup Midsize,Chassis & suspension,PL-11,92.06,79.08,14.1,3659,ramp-up
FG-01832,Exterior module assembly 01832,Pickup Midsize,Electrical & electronics,PL-03,1699.54,1349.43,20.6,915,run-out
FG-01833,Powertrain assembly 01833,BEV Crossover,Body-in-white,PL-06,959.15,842.13,12.2,2426,ramp-up
FG-01834,Chassis & suspension assembly 01834,Hybrid D-Sedan,Thermal system,PL-13,661.46,570.18,13.8,1085,run-out
FG-01835,Exterior module assembly 01835,D-Sedan,Interior module,PL-10,2004.67,1497.49,25.3,2958,mature
FG-01836,Body-in-white assembly 01836,BEV Compact,Service kit,PL-03,3499.09,3075.7,12.1,2626,ramp-up
FG-01837,Chassis & suspension assembly 01837,Aftermarket Service,E-drive,PL-16,2208.71,1930.41,12.6,1296,ramp-up
FG-01838,E-drive assembly 01838,C-SUV Gen5,Interior module,PL-20,1485.07,1327.65,10.6,3419,mature
FG-01839,Powertrain assembly 01839,BEV Crossover,Electrical & electronics,PL-06,263.25,230.61,12.4,3129,ramp-up
FG-01840,Electrical & electronics assembly 01840,Aftermarket Service,Chassis & suspension,PL-13,1315.04,1037.57,21.1,2131,mature
FG-01841,Thermal system assembly 01841,BEV Compact,Body-in-white,PL-06,1064.37,881.3,17.2,2287,ramp-up
FG-01842,E-drive assembly 01842,Aftermarket Service,Interior module,PL-16,2514.83,2190.42,12.9,3178,mature
FG-01843,Body-in-white assembly 01843,Hybrid D-Sedan,Interior module,PL-18,1429.46,1082.1,24.3,835,mature
FG-01844,Exterior module assembly 01844,C-SUV Gen4,Exterior module,PL-18,3932.65,3637.7,7.5,2785,run-out
FG-01845,Exterior module assembly 01845,BEV Crossover,Interior module,PL-03,744.34,589.52,20.8,2683,run-out
FG-01846,E-drive assembly 01846,E-Van Commercial,Electrical & electronics,PL-03,1921.27,1538.94,19.9,1504,mature
FG-01847,Exterior module assembly 01847,E-Van Commercial,Chassis & suspension,PL-12,3300.52,2887.95,12.5,3434,mature
FG-01848,Service kit assembly 01848,Aftermarket Service,Electrical & electronics,PL-03,985.21,778.32,21,1621,mature
FG-01849,Service kit assembly 01849,C-SUV Gen5,Service kit,PL-04,4012.35,3663.28,8.7,2901,mature
FG-01850,Chassis & suspension assembly 01850,C-SUV Gen4,E-drive,PL-19,3652.94,3265.73,10.6,775,run-out
FG-01851,E-drive assembly 01851,B-Hatch Facelift,Chassis & suspension,PL-02,3219.21,2987.43,7.2,2510,run-out
FG-01852,Service kit assembly 01852,Hybrid D-Sedan,Powertrain,PL-12,349.06,262.84,24.7,696,mature
FG-01853,Service kit assembly 01853,Hybrid D-Sedan,Powertrain,PL-12,712.7,549.49,22.9,2705,ramp-up
FG-01854,Electrical & electronics assembly 01854,D-Sedan,Interior module,PL-03,816.48,738.1,9.6,832,run-out
FG-01855,Electrical & electronics assembly 01855,E-Van Commercial,Electrical & electronics,PL-14,2228.84,2066.13,7.3,340,mature
FG-01856,Body-in-white assembly 01856,C-SUV Gen4,Powertrain,PL-08,3213.6,3033.64,5.6,3305,mature
FG-01857,Electrical & electronics assembly 01857,BEV Crossover,Thermal system,PL-02,1010.23,925.37,8.4,1212,mature
FG-01858,Powertrain assembly 01858,C-SUV Gen5,Body-in-white,PL-12,606.53,477.34,21.3,2755,mature
FG-01859,Electrical & electronics assembly 01859,Aftermarket Service,Exterior module,PL-01,918.27,693.29,24.5,2331,ramp-up
FG-01860,Interior module assembly 01860,E-Van Commercial,Service kit,PL-11,4081.25,3326.22,18.5,2642,mature
FG-01861,E-drive assembly 01861,Aftermarket Service,Chassis & suspension,PL-17,2150.32,1924.54,10.5,669,ramp-up
FG-01862,Chassis & suspension assembly 01862,BEV Compact,Body-in-white,PL-03,3530.8,3262.46,7.6,1304,mature
FG-01863,Interior module assembly 01863,D-Sedan,Exterior module,PL-04,3576.91,2961.68,17.2,1900,mature
FG-01864,Powertrain assembly 01864,Aftermarket Service,E-drive,PL-05,3232.5,2915.72,9.8,702,ramp-up
FG-01865,Service kit assembly 01865,D-Sedan,Chassis & suspension,PL-09,923.91,724.35,21.6,2675,mature
FG-01866,Exterior module assembly 01866,BEV Crossover,Electrical & electronics,PL-11,3410.07,2711.01,20.5,40,mature
FG-01867,Thermal system assembly 01867,C-SUV Gen4,Electrical & electronics,PL-16,1574.72,1221.98,22.4,3153,run-out
FG-01868,Thermal system assembly 01868,D-Sedan,Exterior module,PL-07,2570.88,2167.25,15.7,723,mature
FG-01869,Exterior module assembly 01869,E-Van Commercial,Service kit,PL-18,1977.47,1492.99,24.5,614,mature
FG-01870,E-drive assembly 01870,Pickup Midsize,Body-in-white,PL-10,3998.12,2986.6,25.3,3765,mature
FG-01871,E-drive assembly 01871,Aftermarket Service,Body-in-white,PL-17,2447.19,1859.86,24,1987,mature
FG-01872,Electrical & electronics assembly 01872,B-Hatch Facelift,Electrical & electronics,PL-18,1467.97,1352,7.9,3401,mature
FG-01873,E-drive assembly 01873,C-SUV Gen5,Thermal system,PL-16,1193.02,1014.07,15,2346,mature
FG-01874,Chassis & suspension assembly 01874,Aftermarket Service,Exterior module,PL-14,2361.8,2090.19,11.5,3399,mature
FG-01875,Electrical & electronics assembly 01875,C-SUV Gen4,Interior module,PL-17,810.38,660.46,18.5,1211,mature
FG-01876,Service kit assembly 01876,Pickup Midsize,Exterior module,PL-16,918.38,879.81,4.2,3111,mature
FG-01877,E-drive assembly 01877,E-Van Commercial,Thermal system,PL-20,2308.15,1765.73,23.5,3737,mature
FG-01878,Powertrain assembly 01878,Hybrid D-Sedan,Exterior module,PL-17,1346.02,1160.27,13.8,2444,ramp-up
FG-01879,Exterior module assembly 01879,BEV Compact,Powertrain,PL-15,3290.88,2790.67,15.2,2984,ramp-up
FG-01880,Body-in-white assembly 01880,C-SUV Gen4,E-drive,PL-18,3539.8,2697.33,23.8,3032,mature
FG-01881,Service kit assembly 01881,Pickup Midsize,Powertrain,PL-19,295.97,281.17,5,3787,mature
FG-01882,Interior module assembly 01882,C-SUV Gen5,Thermal system,PL-09,1263.72,949.05,24.9,1862,run-out
FG-01883,Exterior module assembly 01883,Hybrid D-Sedan,Chassis & suspension,PL-17,3595.84,3088.83,14.1,1252,ramp-up
FG-01884,Interior module assembly 01884,BEV Crossover,Body-in-white,PL-20,1107.93,867.51,21.7,3799,mature
FG-01885,Powertrain assembly 01885,BEV Compact,Thermal system,PL-12,2140.14,1810.56,15.4,843,run-out
FG-01886,Body-in-white assembly 01886,E-Van Commercial,Service kit,PL-01,4050.89,3350.09,17.3,77,mature
FG-01887,Powertrain assembly 01887,D-Sedan,Interior module,PL-02,3287.94,3100.53,5.7,656,mature
FG-01888,Powertrain assembly 01888,BEV Crossover,E-drive,PL-17,3641.55,2887.75,20.7,3511,run-out
FG-01889,E-drive assembly 01889,BEV Crossover,Exterior module,PL-03,1904.88,1653.44,13.2,165,run-out
FG-01890,Chassis & suspension assembly 01890,C-SUV Gen5,E-drive,PL-04,801.56,728.62,9.1,530,mature
FG-01891,Exterior module assembly 01891,C-SUV Gen4,Service kit,PL-15,3475.42,2933.25,15.6,1403,ramp-up
FG-01892,Body-in-white assembly 01892,E-Van Commercial,Powertrain,PL-05,2007.46,1541.73,23.2,1505,mature
FG-01893,Interior module assembly 01893,BEV Crossover,Powertrain,PL-08,1509.96,1303.1,13.7,2582,mature
FG-01894,Service kit assembly 01894,Pickup Midsize,Interior module,PL-06,852.83,682.26,20,345,mature
FG-01895,Service kit assembly 01895,C-SUV Gen4,Powertrain,PL-11,657.07,552.6,15.9,3054,mature
FG-01896,Powertrain assembly 01896,BEV Compact,Thermal system,PL-16,1160.52,1027.06,11.5,2141,mature
FG-01897,Service kit assembly 01897,Aftermarket Service,Service kit,PL-12,2420.67,1863.92,23,713,run-out
FG-01898,Exterior module assembly 01898,D-Sedan,Thermal system,PL-16,2699.81,2548.62,5.6,1665,mature
FG-01899,Exterior module assembly 01899,D-Sedan,Service kit,PL-14,3342.22,2897.7,13.3,738,mature
FG-01900,Powertrain assembly 01900,BEV Crossover,Exterior module,PL-02,3523.63,3054.99,13.3,3456,mature
FG-01901,Service kit assembly 01901,BEV Crossover,Body-in-white,PL-08,1492.88,1259.99,15.6,1649,run-out
FG-01902,Powertrain assembly 01902,Hybrid D-Sedan,Chassis & suspension,PL-20,2305.7,2047.46,11.2,313,run-out
FG-01903,Chassis & suspension assembly 01903,BEV Compact,Interior module,PL-16,2965.73,2799.65,5.6,274,mature
FG-01904,E-drive assembly 01904,BEV Compact,Chassis & suspension,PL-17,677.75,580.15,14.4,947,run-out
FG-01905,Electrical & electronics assembly 01905,BEV Compact,Thermal system,PL-20,3437.97,2647.24,23,488,mature
FG-01906,Exterior module assembly 01906,D-Sedan,Chassis & suspension,PL-04,1411.7,1161.83,17.7,914,mature
FG-01907,Interior module assembly 01907,C-SUV Gen4,Electrical & electronics,PL-01,2973.05,2235.73,24.8,3055,mature
FG-01908,Powertrain assembly 01908,BEV Compact,Thermal system,PL-09,2446.87,1857.17,24.1,2697,mature
FG-01909,Exterior module assembly 01909,Aftermarket Service,Service kit,PL-18,47.91,36.65,23.5,3024,mature
FG-01910,Powertrain assembly 01910,BEV Compact,Powertrain,PL-14,3382.11,3114.92,7.9,1771,mature
FG-01911,E-drive assembly 01911,Pickup Midsize,Powertrain,PL-20,2200.14,2063.73,6.2,2258,mature
FG-01912,Body-in-white assembly 01912,Hybrid D-Sedan,Chassis & suspension,PL-10,3658.04,3310.53,9.5,2903,run-out
FG-01913,Electrical & electronics assembly 01913,B-Hatch Facelift,Service kit,PL-04,3435.18,3170.67,7.7,3054,ramp-up
FG-01914,Body-in-white assembly 01914,Aftermarket Service,Powertrain,PL-14,739.23,664.57,10.1,2430,mature
FG-01915,Interior module assembly 01915,Pickup Midsize,Interior module,PL-12,3183.51,2951.11,7.3,1757,mature
FG-01916,Electrical & electronics assembly 01916,Hybrid D-Sedan,Body-in-white,PL-07,761.36,721.77,5.2,785,mature
FG-01917,Exterior module assembly 01917,C-SUV Gen5,Chassis & suspension,PL-06,327.82,251.44,23.3,1290,ramp-up
FG-01918,Electrical & electronics assembly 01918,BEV Compact,Interior module,PL-07,93.43,83.53,10.6,3676,mature
FG-01919,E-drive assembly 01919,E-Van Commercial,Service kit,PL-07,3850.23,3442.11,10.6,991,mature
FG-01920,Exterior module assembly 01920,B-Hatch Facelift,Thermal system,PL-09,139.96,103.85,25.8,583,mature
FG-01921,Interior module assembly 01921,D-Sedan,Body-in-white,PL-05,1929.43,1530.04,20.7,1574,run-out
FG-01922,Powertrain assembly 01922,D-Sedan,Powertrain,PL-16,1368.13,1108.19,19,3752,mature
FG-01923,Service kit assembly 01923,Pickup Midsize,Exterior module,PL-03,1672.91,1483.87,11.3,2533,mature
FG-01924,Service kit assembly 01924,C-SUV Gen5,Interior module,PL-02,1490.02,1168.18,21.6,218,mature
FG-01925,Exterior module assembly 01925,Aftermarket Service,E-drive,PL-08,2369.14,2210.41,6.7,3319,run-out
FG-01926,Service kit assembly 01926,BEV Compact,E-drive,PL-02,1954.77,1464.12,25.1,2145,mature
FG-01927,Service kit assembly 01927,Pickup Midsize,Body-in-white,PL-08,1979.72,1639.21,17.2,743,mature
FG-01928,Exterior module assembly 01928,BEV Crossover,Electrical & electronics,PL-12,1975.78,1770.3,10.4,2631,mature
FG-01929,E-drive assembly 01929,C-SUV Gen5,Exterior module,PL-11,3631.63,2789.09,23.2,1504,ramp-up
FG-01930,Service kit assembly 01930,Hybrid D-Sedan,Interior module,PL-05,867.88,693.44,20.1,3361,mature
FG-01931,Exterior module assembly 01931,C-SUV Gen5,Chassis & suspension,PL-19,1334.36,1267.64,5,676,ramp-up
FG-01932,Thermal system assembly 01932,C-SUV Gen4,Exterior module,PL-05,384.52,338.76,11.9,662,ramp-up
FG-01933,Body-in-white assembly 01933,BEV Compact,Body-in-white,PL-02,3092.13,2637.59,14.7,1803,run-out
FG-01934,Body-in-white assembly 01934,BEV Compact,Electrical & electronics,PL-06,2900,2349,19,1806,run-out
FG-01935,E-drive assembly 01935,C-SUV Gen4,Exterior module,PL-20,4156.07,3827.74,7.9,2953,mature
FG-01936,Exterior module assembly 01936,Pickup Midsize,Service kit,PL-05,1281.57,954.77,25.5,3513,mature
FG-01937,E-drive assembly 01937,E-Van Commercial,Interior module,PL-15,1826.41,1749.7,4.2,1679,mature
FG-01938,Thermal system assembly 01938,Pickup Midsize,Powertrain,PL-02,2001.73,1669.44,16.6,686,run-out
FG-01939,E-drive assembly 01939,E-Van Commercial,Service kit,PL-07,1944.66,1827.98,6,3766,mature
FG-01940,Body-in-white assembly 01940,Hybrid D-Sedan,Service kit,PL-14,2545.3,2336.59,8.2,2724,ramp-up
FG-01941,Powertrain assembly 01941,C-SUV Gen5,Interior module,PL-14,455.8,429.82,5.7,1724,mature
FG-01942,Interior module assembly 01942,Hybrid D-Sedan,Powertrain,PL-11,2056.71,1867.49,9.2,668,mature
FG-01943,E-drive assembly 01943,C-SUV Gen4,Interior module,PL-03,2365.48,2031.95,14.1,2438,ramp-up
FG-01944,Body-in-white assembly 01944,Hybrid D-Sedan,Powertrain,PL-15,3677.13,3423.41,6.9,2418,mature
FG-01945,Interior module assembly 01945,B-Hatch Facelift,Electrical & electronics,PL-12,3302.17,2519.56,23.7,1882,mature
FG-01946,Exterior module assembly 01946,E-Van Commercial,Service kit,PL-11,261.65,216.65,17.2,3661,ramp-up
FG-01947,E-drive assembly 01947,D-Sedan,Interior module,PL-02,164.41,138.76,15.6,1424,mature
FG-01948,Powertrain assembly 01948,Pickup Midsize,Thermal system,PL-09,1646.52,1580.66,4,397,mature
FG-01949,Powertrain assembly 01949,B-Hatch Facelift,E-drive,PL-13,1767.94,1596.45,9.7,1446,run-out
FG-01950,Service kit assembly 01950,E-Van Commercial,Powertrain,PL-17,3746.29,3064.47,18.2,1468,run-out
FG-01951,Powertrain assembly 01951,D-Sedan,Service kit,PL-04,2097.9,1959.44,6.6,2527,mature
FG-01952,Service kit assembly 01952,BEV Crossover,Electrical & electronics,PL-17,3356,3158,5.9,3266,mature
FG-01953,Powertrain assembly 01953,BEV Compact,Body-in-white,PL-06,3421.06,2883.95,15.7,2841,run-out
FG-01954,Electrical & electronics assembly 01954,BEV Compact,E-drive,PL-04,488.4,420.02,14,2260,mature
FG-01955,Service kit assembly 01955,Aftermarket Service,Electrical & electronics,PL-01,2002.94,1638.4,18.2,3121,mature
FG-01956,Powertrain assembly 01956,E-Van Commercial,E-drive,PL-18,711.12,565.34,20.5,3744,mature
FG-01957,Exterior module assembly 01957,Pickup Midsize,Exterior module,PL-13,2910.05,2374.6,18.4,279,ramp-up
FG-01958,Electrical & electronics assembly 01958,BEV Crossover,Interior module,PL-05,863.83,795.59,7.9,324,mature
FG-01959,Exterior module assembly 01959,BEV Compact,Thermal system,PL-12,1572.05,1477.73,6,3710,mature
FG-01960,E-drive assembly 01960,C-SUV Gen4,Thermal system,PL-10,3860.48,3339.32,13.5,3356,ramp-up
FG-01961,Body-in-white assembly 01961,Pickup Midsize,Thermal system,PL-04,2738.96,2539.02,7.3,2446,mature
FG-01962,Electrical & electronics assembly 01962,BEV Crossover,Powertrain,PL-14,251.46,239.14,4.9,2530,ramp-up
FG-01963,Body-in-white assembly 01963,D-Sedan,Interior module,PL-08,2043.32,1957.5,4.2,368,ramp-up
FG-01964,Powertrain assembly 01964,E-Van Commercial,Service kit,PL-11,3800.76,3109.02,18.2,1085,run-out
FG-01965,Service kit assembly 01965,Pickup Midsize,Exterior module,PL-15,802.4,749.44,6.6,2257,mature
FG-01966,Thermal system assembly 01966,C-SUV Gen4,Service kit,PL-04,3963.21,3499.51,11.7,1864,mature
FG-01967,E-drive assembly 01967,D-Sedan,Thermal system,PL-05,45.38,38.16,15.9,3642,mature
FG-01968,Interior module assembly 01968,Pickup Midsize,Powertrain,PL-18,1461.63,1083.07,25.9,935,mature
FG-01969,Service kit assembly 01969,Pickup Midsize,E-drive,PL-16,2850.53,2585.43,9.3,3317,mature
FG-01970,Service kit assembly 01970,B-Hatch Facelift,Thermal system,PL-04,2314.05,1969.26,14.9,116,mature
FG-01971,Interior module assembly 01971,C-SUV Gen5,Exterior module,PL-11,62.4,54.29,13,745,run-out
FG-01972,Thermal system assembly 01972,E-Van Commercial,Interior module,PL-06,3550.86,3295.2,7.2,591,run-out
FG-01973,Interior module assembly 01973,BEV Crossover,Thermal system,PL-03,1714.02,1354.08,21,1020,mature
FG-01974,Service kit assembly 01974,C-SUV Gen4,E-drive,PL-05,3862.02,2911.96,24.6,316,mature
FG-01975,E-drive assembly 01975,C-SUV Gen4,Powertrain,PL-02,1969.09,1498.48,23.9,925,mature
FG-01976,Service kit assembly 01976,Pickup Midsize,Chassis & suspension,PL-10,1779.24,1371.79,22.9,2757,mature
FG-01977,Service kit assembly 01977,BEV Compact,Body-in-white,PL-02,2234.14,1876.68,16,1454,mature
FG-01978,Thermal system assembly 01978,B-Hatch Facelift,Chassis & suspension,PL-17,2168.18,1977.38,8.8,2953,mature
FG-01979,Powertrain assembly 01979,C-SUV Gen5,E-drive,PL-03,1030.74,784.39,23.9,1436,mature
FG-01980,Chassis & suspension assembly 01980,Aftermarket Service,Thermal system,PL-03,1945.62,1457.27,25.1,36,ramp-up
FG-01981,Body-in-white assembly 01981,Hybrid D-Sedan,Body-in-white,PL-07,487.67,363.8,25.4,2494,ramp-up
FG-01982,Electrical & electronics assembly 01982,C-SUV Gen4,Electrical & electronics,PL-07,726.65,544.26,25.1,2197,run-out
FG-01983,Service kit assembly 01983,C-SUV Gen4,Service kit,PL-10,368.15,284.21,22.8,2665,mature
FG-01984,Chassis & suspension assembly 01984,BEV Crossover,Powertrain,PL-20,3161.87,2785.61,11.9,1396,ramp-up
FG-01985,Exterior module assembly 01985,C-SUV Gen4,Powertrain,PL-02,406.96,386.21,5.1,1365,run-out
FG-01986,Exterior module assembly 01986,BEV Crossover,Powertrain,PL-04,499.58,385.18,22.9,1017,ramp-up
FG-01987,Thermal system assembly 01987,B-Hatch Facelift,Powertrain,PL-04,2647.68,2081.08,21.4,568,mature
FG-01988,Electrical & electronics assembly 01988,Aftermarket Service,E-drive,PL-10,2007.94,1909.55,4.9,1920,mature
FG-01989,Chassis & suspension assembly 01989,C-SUV Gen4,Exterior module,PL-01,1314.88,1162.35,11.6,2206,mature
FG-01990,E-drive assembly 01990,Hybrid D-Sedan,E-drive,PL-13,4072.19,3294.4,19.1,3626,mature
FG-01991,Electrical & electronics assembly 01991,Pickup Midsize,Service kit,PL-19,1771.25,1574.64,11.1,1792,mature
FG-01992,Chassis & suspension assembly 01992,E-Van Commercial,Interior module,PL-06,841.81,793.83,5.7,1715,mature
FG-01993,Powertrain assembly 01993,Pickup Midsize,Chassis & suspension,PL-05,2079.86,1539.1,26,942,mature
FG-01994,Body-in-white assembly 01994,Aftermarket Service,Chassis & suspension,PL-20,3187.73,2846.64,10.7,352,mature
FG-01995,Body-in-white assembly 01995,BEV Crossover,Electrical & electronics,PL-16,3651.31,3001.38,17.8,995,mature
FG-01996,Powertrain assembly 01996,BEV Crossover,Interior module,PL-18,3644.51,3017.65,17.2,2126,mature
FG-01997,Chassis & suspension assembly 01997,E-Van Commercial,Powertrain,PL-05,1115.9,889.37,20.3,412,mature
FG-01998,Thermal system assembly 01998,C-SUV Gen5,Thermal system,PL-10,3677.51,3011.88,18.1,1668,mature
FG-01999,Exterior module assembly 01999,D-Sedan,Service kit,PL-06,1280.86,1095.14,14.5,3524,mature
FG-02000,Powertrain assembly 02000,B-Hatch Facelift,Thermal system,PL-13,3555.11,2751.66,22.6,1960,mature
FG-02001,Thermal system assembly 02001,BEV Compact,Thermal system,PL-01,537.5,412.26,23.3,2804,mature
FG-02002,Electrical & electronics assembly 02002,BEV Compact,Service kit,PL-06,530.88,427.36,19.5,385,mature
FG-02003,Electrical & electronics assembly 02003,C-SUV Gen4,Powertrain,PL-08,3818.44,3490.05,8.6,2736,ramp-up
FG-02004,Interior module assembly 02004,D-Sedan,Service kit,PL-02,3645.74,3419.7,6.2,1262,mature
FG-02005,Powertrain assembly 02005,D-Sedan,Electrical & electronics,PL-03,2004.76,1800.27,10.2,2093,run-out
FG-02006,Thermal system assembly 02006,D-Sedan,Thermal system,PL-11,2825.22,2344.93,17,1896,run-out
FG-02007,Interior module assembly 02007,BEV Crossover,Body-in-white,PL-11,3348.17,2661.8,20.5,2680,mature
FG-02008,Thermal system assembly 02008,C-SUV Gen4,Interior module,PL-11,301.58,240.06,20.4,1322,mature
FG-02009,Exterior module assembly 02009,C-SUV Gen5,Chassis & suspension,PL-09,2568.27,2226.69,13.3,2950,run-out
FG-02010,E-drive assembly 02010,D-Sedan,Electrical & electronics,PL-07,486,417.96,14,1490,mature
FG-02011,Body-in-white assembly 02011,Aftermarket Service,Exterior module,PL-13,3964.68,3286.72,17.1,2974,run-out
FG-02012,E-drive assembly 02012,Hybrid D-Sedan,Electrical & electronics,PL-06,3995.83,3624.22,9.3,884,ramp-up
FG-02013,Interior module assembly 02013,E-Van Commercial,Thermal system,PL-05,2979.22,2639.59,11.4,1833,ramp-up
FG-02014,Body-in-white assembly 02014,C-SUV Gen4,Electrical & electronics,PL-14,1681.69,1409.26,16.2,3263,mature
FG-02015,Chassis & suspension assembly 02015,B-Hatch Facelift,Chassis & suspension,PL-01,998.15,778.56,22,2586,ramp-up
FG-02016,Chassis & suspension assembly 02016,C-SUV Gen4,Body-in-white,PL-12,1894.75,1771.59,6.5,3719,run-out
FG-02017,Chassis & suspension assembly 02017,Hybrid D-Sedan,Electrical & electronics,PL-10,3534.31,2901.67,17.9,2110,run-out
FG-02018,Exterior module assembly 02018,E-Van Commercial,Chassis & suspension,PL-12,3738.84,3421.04,8.5,1204,ramp-up
FG-02019,Interior module assembly 02019,BEV Compact,Interior module,PL-10,1789.33,1687.34,5.7,3617,ramp-up
FG-02020,Electrical & electronics assembly 02020,Hybrid D-Sedan,Body-in-white,PL-14,3562.68,2650.63,25.6,3491,mature
FG-02021,Thermal system assembly 02021,B-Hatch Facelift,Chassis & suspension,PL-07,4075.81,3460.36,15.1,2720,run-out
FG-02022,Electrical & electronics assembly 02022,Hybrid D-Sedan,Exterior module,PL-01,1452.03,1136.94,21.7,1889,mature
FG-02023,Chassis & suspension assembly 02023,BEV Crossover,Body-in-white,PL-05,759.5,627.35,17.4,3735,run-out
FG-02024,Interior module assembly 02024,Pickup Midsize,E-drive,PL-16,3566.95,3006.94,15.7,2671,ramp-up
FG-02025,Thermal system assembly 02025,Pickup Midsize,E-drive,PL-11,3991.52,3185.23,20.2,1954,ramp-up
FG-02026,Electrical & electronics assembly 02026,B-Hatch Facelift,Interior module,PL-18,3703.89,2870.51,22.5,1790,run-out
FG-02027,Chassis & suspension assembly 02027,Aftermarket Service,E-drive,PL-01,185.49,169.17,8.8,3739,ramp-up
FG-02028,Electrical & electronics assembly 02028,E-Van Commercial,Chassis & suspension,PL-20,2252.97,1897,15.8,1185,mature
FG-02029,Powertrain assembly 02029,C-SUV Gen5,Interior module,PL-06,2214.79,1802.84,18.6,1231,ramp-up
FG-02030,Thermal system assembly 02030,BEV Compact,Service kit,PL-01,225.1,173.33,23,2401,mature
FG-02031,E-drive assembly 02031,Hybrid D-Sedan,Exterior module,PL-01,1889.68,1691.26,10.5,3780,ramp-up
FG-02032,Chassis & suspension assembly 02032,C-SUV Gen5,Chassis & suspension,PL-07,1589.2,1233.22,22.4,204,mature
FG-02033,Service kit assembly 02033,B-Hatch Facelift,Thermal system,PL-05,1379.53,1255.37,9,1321,mature
FG-02034,Powertrain assembly 02034,B-Hatch Facelift,Interior module,PL-05,3144.38,2663.29,15.3,2676,run-out
FG-02035,Interior module assembly 02035,Hybrid D-Sedan,Interior module,PL-16,3084.99,2412.46,21.8,3358,ramp-up
FG-02036,Body-in-white assembly 02036,D-Sedan,Thermal system,PL-19,1012.13,891.69,11.9,2138,run-out
FG-02037,Exterior module assembly 02037,C-SUV Gen5,Chassis & suspension,PL-09,3665.19,2770.88,24.4,2344,run-out
FG-02038,Body-in-white assembly 02038,BEV Compact,Exterior module,PL-06,1283.51,1089.7,15.1,2808,mature
FG-02039,Electrical & electronics assembly 02039,BEV Crossover,Thermal system,PL-08,529.9,472.67,10.8,1324,mature
FG-02040,Thermal system assembly 02040,Aftermarket Service,Body-in-white,PL-14,1581.31,1481.69,6.3,3074,ramp-up
FG-02041,Body-in-white assembly 02041,BEV Crossover,Thermal system,PL-09,2486.75,1924.74,22.6,3773,mature
FG-02042,Chassis & suspension assembly 02042,E-Van Commercial,Service kit,PL-17,1707.3,1405.11,17.7,453,run-out
FG-02043,Body-in-white assembly 02043,BEV Crossover,Electrical & electronics,PL-08,2993.41,2274.99,24,3438,mature
FG-02044,Powertrain assembly 02044,C-SUV Gen4,Service kit,PL-12,1824.34,1689.34,7.4,341,run-out
FG-02045,Body-in-white assembly 02045,C-SUV Gen4,Service kit,PL-04,3269.76,2671.39,18.3,645,mature
FG-02046,Powertrain assembly 02046,B-Hatch Facelift,Thermal system,PL-13,638.62,508.98,20.3,2066,ramp-up
FG-02047,Powertrain assembly 02047,Hybrid D-Sedan,Interior module,PL-13,2170.1,1931.39,11,3473,mature
FG-02048,Service kit assembly 02048,Hybrid D-Sedan,Electrical & electronics,PL-11,1891.84,1538.07,18.7,72,mature
FG-02049,Exterior module assembly 02049,D-Sedan,Interior module,PL-04,2675.31,2225.86,16.8,2475,mature
FG-02050,Thermal system assembly 02050,Hybrid D-Sedan,Thermal system,PL-06,78.38,61.37,21.7,221,mature
FG-02051,Service kit assembly 02051,BEV Crossover,Service kit,PL-14,1765.08,1376.76,22,2107,mature
FG-02052,Powertrain assembly 02052,E-Van Commercial,Powertrain,PL-07,3557.51,2721.5,23.5,2076,ramp-up
FG-02053,Powertrain assembly 02053,E-Van Commercial,Chassis & suspension,PL-07,1065.04,915.93,14,3003,run-out
FG-02054,Body-in-white assembly 02054,E-Van Commercial,Chassis & suspension,PL-06,3650.55,2825.53,22.6,75,run-out
FG-02055,E-drive assembly 02055,Hybrid D-Sedan,Thermal system,PL-07,874,788.35,9.8,3156,ramp-up
FG-02056,Thermal system assembly 02056,Pickup Midsize,Thermal system,PL-16,1908.08,1782.15,6.6,3624,ramp-up
FG-02057,Body-in-white assembly 02057,Pickup Midsize,Exterior module,PL-19,2501.11,2030.9,18.8,2882,mature
FG-02058,Body-in-white assembly 02058,BEV Compact,Service kit,PL-05,4137.12,3094.57,25.2,463,mature
FG-02059,Electrical & electronics assembly 02059,C-SUV Gen4,Chassis & suspension,PL-19,2293.07,2157.78,5.9,2220,mature
FG-02060,Powertrain assembly 02060,BEV Crossover,Thermal system,PL-14,1963.33,1556.92,20.7,3226,mature
FG-02061,Electrical & electronics assembly 02061,BEV Crossover,Thermal system,PL-16,2281.28,2087.37,8.5,2113,mature
FG-02062,Body-in-white assembly 02062,C-SUV Gen4,Thermal system,PL-13,98.16,86.87,11.5,1462,run-out
FG-02063,Chassis & suspension assembly 02063,D-Sedan,Service kit,PL-05,54.05,48.21,10.8,1811,mature
FG-02064,Body-in-white assembly 02064,C-SUV Gen4,Body-in-white,PL-15,2056.08,1846.36,10.2,633,mature
FG-02065,Interior module assembly 02065,Hybrid D-Sedan,Chassis & suspension,PL-04,3558.8,2943.13,17.3,49,run-out
FG-02066,Chassis & suspension assembly 02066,E-Van Commercial,Exterior module,PL-17,4181.75,3797.03,9.2,606,run-out
FG-02067,Exterior module assembly 02067,B-Hatch Facelift,Electrical & electronics,PL-11,199.23,168.55,15.4,3793,run-out
FG-02068,Chassis & suspension assembly 02068,B-Hatch Facelift,Service kit,PL-11,2142.21,1945.13,9.2,618,ramp-up
FG-02069,Chassis & suspension assembly 02069,Hybrid D-Sedan,Body-in-white,PL-17,722.51,692.16,4.2,2955,mature
FG-02070,Thermal system assembly 02070,B-Hatch Facelift,Service kit,PL-05,1574.06,1166.38,25.9,454,mature
FG-02071,Interior module assembly 02071,Pickup Midsize,Thermal system,PL-09,4161.46,3183.52,23.5,1818,run-out
FG-02072,Body-in-white assembly 02072,BEV Compact,Interior module,PL-16,3800.64,3443.38,9.4,1633,ramp-up
FG-02073,Electrical & electronics assembly 02073,Aftermarket Service,Interior module,PL-18,171.76,160.25,6.7,1321,ramp-up
FG-02074,Body-in-white assembly 02074,D-Sedan,Thermal system,PL-05,4014.26,3829.6,4.6,1023,run-out
FG-02075,Powertrain assembly 02075,C-SUV Gen4,Exterior module,PL-03,454.13,419.62,7.6,230,mature
FG-02076,Interior module assembly 02076,BEV Crossover,E-drive,PL-19,1923.34,1838.71,4.4,3370,mature
FG-02077,Powertrain assembly 02077,E-Van Commercial,Powertrain,PL-20,3696.49,3356.41,9.2,112,mature
FG-02078,Service kit assembly 02078,BEV Compact,Interior module,PL-02,4089.61,3177.63,22.3,3570,ramp-up
FG-02079,Service kit assembly 02079,E-Van Commercial,Thermal system,PL-04,2066.18,1677.74,18.8,2724,run-out
FG-02080,Electrical & electronics assembly 02080,E-Van Commercial,Thermal system,PL-12,1335.31,1183.08,11.4,2980,ramp-up
FG-02081,E-drive assembly 02081,Hybrid D-Sedan,Electrical & electronics,PL-03,167.14,152.6,8.7,3643,mature
FG-02082,Exterior module assembly 02082,B-Hatch Facelift,Electrical & electronics,PL-20,165.39,123.22,25.5,3032,mature
FG-02083,Interior module assembly 02083,E-Van Commercial,Interior module,PL-13,757.1,673.06,11.1,1002,mature
FG-02084,Powertrain assembly 02084,Aftermarket Service,Body-in-white,PL-04,174.63,165.03,5.5,2638,mature
FG-02085,Thermal system assembly 02085,E-Van Commercial,Body-in-white,PL-18,2929.74,2490.28,15,455,mature
FG-02086,Interior module assembly 02086,Hybrid D-Sedan,Powertrain,PL-05,539.93,504.29,6.6,3148,mature
FG-02087,Electrical & electronics assembly 02087,Aftermarket Service,Chassis & suspension,PL-01,296.92,246.15,17.1,1239,mature
FG-02088,Body-in-white assembly 02088,D-Sedan,Electrical & electronics,PL-03,2357.4,2187.67,7.2,1975,mature
FG-02089,Service kit assembly 02089,BEV Compact,Thermal system,PL-04,4100.84,3830.18,6.6,1127,mature
FG-02090,Service kit assembly 02090,BEV Compact,Service kit,PL-18,2669.61,1986.19,25.6,1335,mature
FG-02091,Chassis & suspension assembly 02091,BEV Crossover,Powertrain,PL-05,4001.23,3353.03,16.2,1399,mature
FG-02092,Interior module assembly 02092,C-SUV Gen5,Service kit,PL-18,957.77,794.95,17,1866,mature
FG-02093,E-drive assembly 02093,Pickup Midsize,Body-in-white,PL-11,3652.54,2969.52,18.7,460,mature
FG-02094,Chassis & suspension assembly 02094,BEV Compact,Body-in-white,PL-02,1478.87,1296.97,12.3,33,ramp-up
FG-02095,Exterior module assembly 02095,C-SUV Gen4,Thermal system,PL-16,2266.14,1760.79,22.3,2579,mature
FG-02096,Interior module assembly 02096,Aftermarket Service,Electrical & electronics,PL-14,3137.94,2667.25,15,645,mature
FG-02097,E-drive assembly 02097,Aftermarket Service,Service kit,PL-16,1102.49,980.11,11.1,171,mature
FG-02098,Thermal system assembly 02098,Pickup Midsize,Service kit,PL-18,1825.18,1677.34,8.1,2921,mature
FG-02099,Service kit assembly 02099,B-Hatch Facelift,Electrical & electronics,PL-08,1653.34,1350.78,18.3,1442,mature
FG-02100,Interior module assembly 02100,Hybrid D-Sedan,Chassis & suspension,PL-17,1063.17,1010.01,5,1666,mature
FG-02101,Chassis & suspension assembly 02101,C-SUV Gen4,Electrical & electronics,PL-05,3823.9,2959.7,22.6,1325,mature
FG-02102,Body-in-white assembly 02102,E-Van Commercial,Chassis & suspension,PL-06,1879.06,1647.94,12.3,3577,mature
FG-02103,Interior module assembly 02103,Aftermarket Service,Electrical & electronics,PL-09,4115.04,3222.08,21.7,1565,mature
FG-02104,Interior module assembly 02104,E-Van Commercial,Electrical & electronics,PL-12,986.75,842.68,14.6,1962,mature
FG-02105,Exterior module assembly 02105,Aftermarket Service,Thermal system,PL-14,2115.5,1766.44,16.5,557,run-out
FG-02106,Electrical & electronics assembly 02106,Aftermarket Service,Thermal system,PL-06,1434.08,1065.52,25.7,601,ramp-up
FG-02107,Exterior module assembly 02107,Pickup Midsize,E-drive,PL-14,2839.02,2308.12,18.7,2093,mature
FG-02108,Thermal system assembly 02108,D-Sedan,Body-in-white,PL-03,2475.02,2299.29,7.1,3590,mature
FG-02109,Thermal system assembly 02109,E-Van Commercial,Thermal system,PL-08,2441.58,2126.62,12.9,1415,mature
FG-02110,Interior module assembly 02110,Hybrid D-Sedan,Powertrain,PL-15,1906.85,1773.37,7,1394,ramp-up
FG-02111,Electrical & electronics assembly 02111,C-SUV Gen5,Chassis & suspension,PL-08,3023.58,2775.65,8.2,1523,ramp-up
FG-02112,Service kit assembly 02112,C-SUV Gen4,Thermal system,PL-12,2562.37,2219.01,13.4,2282,run-out
FG-02113,Body-in-white assembly 02113,Hybrid D-Sedan,Interior module,PL-01,2502,1936.55,22.6,3014,mature
FG-02114,Chassis & suspension assembly 02114,Aftermarket Service,Chassis & suspension,PL-12,2182.04,2081.67,4.6,3256,run-out
FG-02115,Electrical & electronics assembly 02115,BEV Crossover,E-drive,PL-03,1102.59,837.97,24,1481,run-out
FG-02116,Thermal system assembly 02116,Aftermarket Service,Interior module,PL-02,4061.23,3151.51,22.4,2576,mature
FG-02117,Electrical & electronics assembly 02117,Aftermarket Service,Interior module,PL-15,3697.12,2769.14,25.1,39,ramp-up
FG-02118,Thermal system assembly 02118,B-Hatch Facelift,Electrical & electronics,PL-12,2767.36,2086.59,24.6,945,mature
FG-02119,Service kit assembly 02119,C-SUV Gen4,Service kit,PL-02,1365.47,1033.66,24.3,2944,mature
FG-02120,Service kit assembly 02120,C-SUV Gen5,Exterior module,PL-13,3097.09,2344.5,24.3,2687,run-out
FG-02121,Interior module assembly 02121,Hybrid D-Sedan,Electrical & electronics,PL-04,2817.88,2462.83,12.6,1651,mature
FG-02122,Chassis & suspension assembly 02122,C-SUV Gen5,Service kit,PL-11,1638.55,1497.63,8.6,1805,mature
FG-02123,E-drive assembly 02123,BEV Crossover,Exterior module,PL-17,3492.15,2643.56,24.3,2459,mature
FG-02124,Exterior module assembly 02124,BEV Crossover,Interior module,PL-06,1573.48,1394.1,11.4,2070,mature
FG-02125,Service kit assembly 02125,BEV Crossover,Chassis & suspension,PL-07,355.77,312.72,12.1,1234,mature
FG-02126,Exterior module assembly 02126,Aftermarket Service,Powertrain,PL-04,2549.44,2289.4,10.2,3076,mature
FG-02127,Service kit assembly 02127,BEV Crossover,Thermal system,PL-08,2553.15,2354,7.8,3485,mature
FG-02128,Thermal system assembly 02128,BEV Crossover,Powertrain,PL-19,3016.98,2368.33,21.5,1423,mature
FG-02129,Exterior module assembly 02129,BEV Crossover,E-drive,PL-15,502.8,405.76,19.3,2867,mature
FG-02130,Body-in-white assembly 02130,B-Hatch Facelift,Powertrain,PL-04,2566.86,2084.29,18.8,3239,mature
FG-02131,Body-in-white assembly 02131,BEV Compact,Service kit,PL-04,1474.51,1248.91,15.3,1266,mature
FG-02132,E-drive assembly 02132,Pickup Midsize,Exterior module,PL-11,112.2,105.24,6.2,2681,mature
FG-02133,E-drive assembly 02133,Hybrid D-Sedan,Body-in-white,PL-07,2841.55,2259.03,20.5,2417,mature
FG-02134,Thermal system assembly 02134,Pickup Midsize,Body-in-white,PL-04,380.71,285.15,25.1,2016,mature
FG-02135,Thermal system assembly 02135,Aftermarket Service,Body-in-white,PL-06,2727.84,2397.77,12.1,1744,ramp-up
FG-02136,Body-in-white assembly 02136,BEV Crossover,Electrical & electronics,PL-19,3786.82,3529.32,6.8,1462,ramp-up
FG-02137,Exterior module assembly 02137,D-Sedan,Chassis & suspension,PL-11,2345.14,1995.71,14.9,2664,mature
FG-02138,Chassis & suspension assembly 02138,Aftermarket Service,Chassis & suspension,PL-16,458.94,358.89,21.8,369,mature
FG-02139,Powertrain assembly 02139,C-SUV Gen4,Chassis & suspension,PL-19,4175.27,3331.87,20.2,2646,mature
FG-02140,Thermal system assembly 02140,C-SUV Gen5,Thermal system,PL-19,1661.56,1289.37,22.4,2182,ramp-up
FG-02141,Powertrain assembly 02141,Pickup Midsize,Chassis & suspension,PL-05,1842.24,1578.8,14.3,1955,mature
FG-02142,Thermal system assembly 02142,BEV Crossover,Chassis & suspension,PL-11,582.53,433.98,25.5,500,run-out
FG-02143,Electrical & electronics assembly 02143,BEV Compact,Powertrain,PL-02,3224.49,2963.31,8.1,1050,ramp-up
FG-02144,Electrical & electronics assembly 02144,B-Hatch Facelift,Exterior module,PL-07,3755.18,3390.93,9.7,2940,mature
FG-02145,Electrical & electronics assembly 02145,C-SUV Gen5,Thermal system,PL-15,3707.06,2917.46,21.3,1769,mature
FG-02146,Powertrain assembly 02146,E-Van Commercial,Body-in-white,PL-17,155.53,139.98,10,2074,ramp-up
FG-02147,Powertrain assembly 02147,C-SUV Gen4,E-drive,PL-20,983.75,753.55,23.4,946,ramp-up
FG-02148,Powertrain assembly 02148,E-Van Commercial,Electrical & electronics,PL-17,934.49,793.38,15.1,3073,ramp-up
FG-02149,Body-in-white assembly 02149,Pickup Midsize,Powertrain,PL-17,1549.35,1440.9,7,2936,mature
FG-02150,Interior module assembly 02150,Aftermarket Service,Thermal system,PL-05,205.02,169.35,17.4,2211,run-out
FG-02151,Powertrain assembly 02151,Pickup Midsize,Chassis & suspension,PL-08,2261.81,1895.4,16.2,1893,mature
FG-02152,Chassis & suspension assembly 02152,C-SUV Gen5,Chassis & suspension,PL-02,2309.35,1829.01,20.8,3160,run-out
FG-02153,Electrical & electronics assembly 02153,D-Sedan,Thermal system,PL-14,989.43,775.71,21.6,1855,ramp-up
FG-02154,Service kit assembly 02154,C-SUV Gen4,Interior module,PL-03,3381.13,2532.47,25.1,3056,run-out
FG-02155,Electrical & electronics assembly 02155,Aftermarket Service,Interior module,PL-09,3103.02,2628.26,15.3,2801,mature
FG-02156,Exterior module assembly 02156,C-SUV Gen4,Chassis & suspension,PL-15,1992.66,1777.45,10.8,1238,mature
FG-02157,Chassis & suspension assembly 02157,BEV Crossover,Body-in-white,PL-20,3038.15,2500.4,17.7,1835,mature
FG-02158,Electrical & electronics assembly 02158,Pickup Midsize,Thermal system,PL-16,1492.03,1308.51,12.3,431,mature
FG-02159,Powertrain assembly 02159,Pickup Midsize,Interior module,PL-18,3252.26,2657.1,18.3,1929,run-out
FG-02160,E-drive assembly 02160,Aftermarket Service,Thermal system,PL-08,4030.37,3441.94,14.6,366,mature
FG-02161,Interior module assembly 02161,BEV Crossover,Powertrain,PL-19,4096.91,3904.36,4.7,1758,run-out
FG-02162,E-drive assembly 02162,E-Van Commercial,Thermal system,PL-13,433.96,416.17,4.1,2743,ramp-up
FG-02163,Chassis & suspension assembly 02163,C-SUV Gen4,Service kit,PL-16,1999.94,1731.95,13.4,667,run-out
FG-02164,E-drive assembly 02164,C-SUV Gen5,Powertrain,PL-11,1626.49,1307.7,19.6,1065,run-out
FG-02165,Service kit assembly 02165,Hybrid D-Sedan,Electrical & electronics,PL-01,112.66,107.25,4.8,3633,run-out
FG-02166,Interior module assembly 02166,D-Sedan,Thermal system,PL-17,3571.19,3385.49,5.2,732,mature
FG-02167,Chassis & suspension assembly 02167,BEV Crossover,Interior module,PL-15,2337.03,1783.15,23.7,3538,mature
FG-02168,Powertrain assembly 02168,Pickup Midsize,Service kit,PL-14,2073.05,1764.17,14.9,1313,ramp-up
FG-02169,Thermal system assembly 02169,C-SUV Gen4,Exterior module,PL-07,3197.89,2916.48,8.8,1261,run-out
FG-02170,Electrical & electronics assembly 02170,B-Hatch Facelift,Electrical & electronics,PL-12,3426.02,2675.72,21.9,1507,run-out
FG-02171,Powertrain assembly 02171,D-Sedan,E-drive,PL-14,2645.07,2145.15,18.9,3071,mature
FG-02172,Powertrain assembly 02172,BEV Compact,Interior module,PL-05,1820.16,1579.9,13.2,329,ramp-up
FG-02173,Powertrain assembly 02173,BEV Compact,Body-in-white,PL-08,80.64,64.27,20.3,2913,mature
FG-02174,Powertrain assembly 02174,C-SUV Gen4,E-drive,PL-04,2453.84,2002.33,18.4,2071,mature
FG-02175,Thermal system assembly 02175,BEV Compact,Powertrain,PL-03,851.1,634.92,25.4,2487,mature
FG-02176,Body-in-white assembly 02176,C-SUV Gen4,Powertrain,PL-13,3095.95,2879.23,7,2355,run-out
FG-02177,Interior module assembly 02177,Hybrid D-Sedan,Chassis & suspension,PL-02,1964.51,1736.63,11.6,1090,mature
FG-02178,Interior module assembly 02178,Hybrid D-Sedan,Thermal system,PL-12,578.05,551.46,4.6,667,run-out
FG-02179,Electrical & electronics assembly 02179,BEV Compact,Thermal system,PL-20,2737.74,2288.75,16.4,578,ramp-up
FG-02180,E-drive assembly 02180,C-SUV Gen5,Chassis & suspension,PL-05,1441.6,1261.4,12.5,1530,run-out
FG-02181,Thermal system assembly 02181,Pickup Midsize,Body-in-white,PL-17,2978.62,2627.14,11.8,2766,mature
FG-02182,Body-in-white assembly 02182,BEV Crossover,Powertrain,PL-20,3500.11,3010.09,14,564,mature
FG-02183,Exterior module assembly 02183,B-Hatch Facelift,Powertrain,PL-14,1168.15,914.66,21.7,3047,mature
FG-02184,Powertrain assembly 02184,C-SUV Gen4,Thermal system,PL-06,2331.35,1734.52,25.6,795,mature
FG-02185,Thermal system assembly 02185,C-SUV Gen4,Electrical & electronics,PL-10,952.67,776.43,18.5,2920,ramp-up
FG-02186,Powertrain assembly 02186,B-Hatch Facelift,Body-in-white,PL-08,1924.53,1618.53,15.9,2487,mature
FG-02187,Body-in-white assembly 02187,C-SUV Gen5,Powertrain,PL-19,1016.04,833.15,18,3605,mature
FG-02188,Exterior module assembly 02188,C-SUV Gen4,E-drive,PL-02,397.48,309.64,22.1,550,mature
FG-02189,Chassis & suspension assembly 02189,Pickup Midsize,Service kit,PL-07,1571.87,1252.78,20.3,3446,run-out
FG-02190,Interior module assembly 02190,C-SUV Gen5,Exterior module,PL-14,643.85,480.31,25.4,840,mature
FG-02191,Powertrain assembly 02191,BEV Crossover,Powertrain,PL-03,2545.66,2123.08,16.6,2874,ramp-up
FG-02192,Thermal system assembly 02192,BEV Crossover,Interior module,PL-16,205.31,157.47,23.3,2439,ramp-up
FG-02193,Electrical & electronics assembly 02193,Hybrid D-Sedan,E-drive,PL-03,1757.01,1437.23,18.2,1805,mature
FG-02194,Chassis & suspension assembly 02194,B-Hatch Facelift,Exterior module,PL-19,1918.69,1628.97,15.1,2613,mature
FG-02195,Service kit assembly 02195,BEV Compact,Interior module,PL-19,1411.8,1137.91,19.4,826,mature
FG-02196,Chassis & suspension assembly 02196,BEV Crossover,Powertrain,PL-12,3788.22,3477.59,8.2,1780,mature
FG-02197,Exterior module assembly 02197,Pickup Midsize,E-drive,PL-02,2129.4,2039.97,4.2,2372,mature
FG-02198,Chassis & suspension assembly 02198,BEV Crossover,Exterior module,PL-19,1322.68,985.4,25.5,909,run-out
FG-02199,Body-in-white assembly 02199,Hybrid D-Sedan,Interior module,PL-12,1124.82,907.73,19.3,567,mature
FG-02200,Exterior module assembly 02200,Aftermarket Service,Service kit,PL-12,2337.63,1783.61,23.7,2698,mature
FG-02201,Exterior module assembly 02201,Hybrid D-Sedan,Thermal system,PL-18,2855.92,2715.98,4.9,1309,ramp-up
FG-02202,E-drive assembly 02202,BEV Crossover,Electrical & electronics,PL-11,207.53,185.32,10.7,1417,mature
FG-02203,Chassis & suspension assembly 02203,BEV Compact,Electrical & electronics,PL-14,585.6,458.52,21.7,769,mature
FG-02204,Powertrain assembly 02204,BEV Crossover,Powertrain,PL-17,1133,1038.96,8.3,2993,mature
FG-02205,Thermal system assembly 02205,B-Hatch Facelift,Thermal system,PL-13,3648.98,3076.09,15.7,1690,ramp-up
FG-02206,Exterior module assembly 02206,Hybrid D-Sedan,Thermal system,PL-11,1547.96,1318.86,14.8,3505,mature
FG-02207,Interior module assembly 02207,Aftermarket Service,Body-in-white,PL-06,2395.59,1847,22.9,3235,mature
FG-02208,Powertrain assembly 02208,C-SUV Gen4,Chassis & suspension,PL-07,2921.85,2565.38,12.2,1709,mature
FG-02209,E-drive assembly 02209,D-Sedan,E-drive,PL-18,3766.55,2919.08,22.5,2159,mature
FG-02210,Body-in-white assembly 02210,BEV Compact,E-drive,PL-14,1631.78,1352.75,17.1,219,mature
FG-02211,Exterior module assembly 02211,Aftermarket Service,Exterior module,PL-20,391.77,354.16,9.6,1559,mature
FG-02212,Body-in-white assembly 02212,Pickup Midsize,Chassis & suspension,PL-03,3764.75,2959.09,21.4,2908,mature
FG-02213,Body-in-white assembly 02213,Aftermarket Service,Chassis & suspension,PL-13,2012.13,1525.19,24.2,710,run-out
FG-02214,Body-in-white assembly 02214,C-SUV Gen4,Powertrain,PL-13,2524.81,1989.55,21.2,968,ramp-up
FG-02215,Electrical & electronics assembly 02215,C-SUV Gen4,Service kit,PL-16,421.67,313.3,25.7,26,mature
FG-02216,Electrical & electronics assembly 02216,Hybrid D-Sedan,Exterior module,PL-02,1345.29,1027.8,23.6,554,mature
FG-02217,Electrical & electronics assembly 02217,Hybrid D-Sedan,Service kit,PL-09,889.78,799.02,10.2,2247,mature
FG-02218,Powertrain assembly 02218,D-Sedan,E-drive,PL-03,3760.93,3384.84,10,1281,run-out
FG-02219,E-drive assembly 02219,B-Hatch Facelift,Exterior module,PL-03,3723.39,3079.24,17.3,2272,mature
FG-02220,Chassis & suspension assembly 02220,BEV Compact,Service kit,PL-02,3280.13,3011.16,8.2,1190,ramp-up
FG-02221,Thermal system assembly 02221,C-SUV Gen4,Thermal system,PL-03,2449.12,2334.01,4.7,3466,mature
FG-02222,Exterior module assembly 02222,BEV Crossover,Electrical & electronics,PL-14,2342.08,2056.35,12.2,1705,mature
FG-02223,Service kit assembly 02223,BEV Crossover,Electrical & electronics,PL-19,2770.53,2507.33,9.5,3720,mature
FG-02224,Chassis & suspension assembly 02224,BEV Compact,Exterior module,PL-20,2188.98,1963.52,10.3,1259,run-out
FG-02225,Thermal system assembly 02225,Pickup Midsize,Body-in-white,PL-04,4130.28,3192.71,22.7,410,ramp-up
FG-02226,Body-in-white assembly 02226,BEV Compact,Electrical & electronics,PL-19,1048.22,897.28,14.4,250,run-out
FG-02227,Service kit assembly 02227,Pickup Midsize,Electrical & electronics,PL-10,2047.29,1674.68,18.2,2925,mature
FG-02228,E-drive assembly 02228,C-SUV Gen4,Body-in-white,PL-11,624.58,482.18,22.8,2227,ramp-up
FG-02229,Powertrain assembly 02229,Hybrid D-Sedan,Powertrain,PL-07,2918.96,2165.87,25.8,3598,mature
FG-02230,Exterior module assembly 02230,BEV Crossover,Electrical & electronics,PL-07,127.38,121.27,4.8,3726,mature
FG-02231,Service kit assembly 02231,C-SUV Gen4,Interior module,PL-14,1428.37,1345.52,5.8,1573,ramp-up
FG-02232,Interior module assembly 02232,BEV Crossover,E-drive,PL-09,2762.73,2262.68,18.1,3017,mature
FG-02233,Exterior module assembly 02233,D-Sedan,E-drive,PL-19,3656.42,3279.81,10.3,211,run-out
FG-02234,Powertrain assembly 02234,Aftermarket Service,Body-in-white,PL-07,1450.64,1201.13,17.2,1280,mature
FG-02235,Exterior module assembly 02235,E-Van Commercial,Interior module,PL-15,334.05,288.62,13.6,701,run-out
FG-02236,Electrical & electronics assembly 02236,C-SUV Gen4,Electrical & electronics,PL-10,1937.27,1654.43,14.6,3794,mature
FG-02237,E-drive assembly 02237,Hybrid D-Sedan,E-drive,PL-15,2419.43,2240.39,7.4,3249,run-out
FG-02238,Thermal system assembly 02238,BEV Compact,Electrical & electronics,PL-08,202.09,158.84,21.4,2205,mature
FG-02239,Powertrain assembly 02239,BEV Crossover,Chassis & suspension,PL-08,1885.14,1743.75,7.5,694,ramp-up
FG-02240,Service kit assembly 02240,B-Hatch Facelift,Powertrain,PL-05,1415.08,1269.33,10.3,2182,run-out
FG-02241,E-drive assembly 02241,Hybrid D-Sedan,Exterior module,PL-18,3140.35,2612.77,16.8,2377,run-out
FG-02242,Exterior module assembly 02242,Hybrid D-Sedan,Powertrain,PL-17,1498.91,1340.03,10.6,1909,run-out
FG-02243,Exterior module assembly 02243,C-SUV Gen4,Service kit,PL-16,438.01,393.33,10.2,1290,run-out
FG-02244,Thermal system assembly 02244,E-Van Commercial,E-drive,PL-07,1931.12,1838.43,4.8,828,mature
FG-02245,Thermal system assembly 02245,Pickup Midsize,E-drive,PL-01,987.05,916.97,7.1,1731,ramp-up
FG-02246,E-drive assembly 02246,C-SUV Gen5,Exterior module,PL-01,3771.31,2869.97,23.9,823,ramp-up
FG-02247,Powertrain assembly 02247,Aftermarket Service,Chassis & suspension,PL-12,2359.56,2055.18,12.9,1574,run-out
FG-02248,E-drive assembly 02248,Aftermarket Service,Interior module,PL-06,1688.35,1321.98,21.7,3618,run-out
FG-02249,Electrical & electronics assembly 02249,B-Hatch Facelift,Body-in-white,PL-07,3137.97,2337.79,25.5,1019,mature
FG-02250,Powertrain assembly 02250,B-Hatch Facelift,Electrical & electronics,PL-05,2917.54,2506.17,14.1,618,mature
FG-02251,Chassis & suspension assembly 02251,C-SUV Gen4,Body-in-white,PL-17,1097.25,878.9,19.9,3765,run-out
FG-02252,Service kit assembly 02252,D-Sedan,E-drive,PL-12,512.81,410.25,20,556,mature
FG-02253,E-drive assembly 02253,Aftermarket Service,Interior module,PL-06,3852.08,3008.47,21.9,3078,mature
FG-02254,E-drive assembly 02254,B-Hatch Facelift,Powertrain,PL-13,613.9,467.79,23.8,426,mature
FG-02255,Chassis & suspension assembly 02255,Pickup Midsize,Exterior module,PL-02,2109.07,2024.71,4,1868,ramp-up
FG-02256,Electrical & electronics assembly 02256,E-Van Commercial,Exterior module,PL-15,4008.57,3820.17,4.7,1790,run-out
FG-02257,Chassis & suspension assembly 02257,BEV Compact,Body-in-white,PL-18,1088.91,816.68,25,2535,run-out
FG-02258,Chassis & suspension assembly 02258,C-SUV Gen4,Body-in-white,PL-10,159.75,145.05,9.2,617,ramp-up
FG-02259,Chassis & suspension assembly 02259,Hybrid D-Sedan,Chassis & suspension,PL-06,2088.59,1741.88,16.6,583,mature
FG-02260,Interior module assembly 02260,B-Hatch Facelift,Interior module,PL-03,2782.76,2665.88,4.2,3587,ramp-up
FG-02261,Thermal system assembly 02261,E-Van Commercial,Body-in-white,PL-12,663.54,595.2,10.3,929,mature
FG-02262,Interior module assembly 02262,C-SUV Gen5,Service kit,PL-17,2322.48,1948.56,16.1,2804,mature
FG-02263,Chassis & suspension assembly 02263,BEV Compact,Powertrain,PL-17,1429.89,1256.87,12.1,177,run-out
FG-02264,Thermal system assembly 02264,Pickup Midsize,Chassis & suspension,PL-03,1530.55,1454.02,5,3451,mature
FG-02265,Body-in-white assembly 02265,BEV Crossover,Interior module,PL-08,3781.58,3410.99,9.8,2928,ramp-up
FG-02266,Exterior module assembly 02266,Aftermarket Service,Exterior module,PL-18,1182.53,1131.68,4.3,2278,ramp-up
FG-02267,Service kit assembly 02267,Aftermarket Service,Body-in-white,PL-15,72.61,55.62,23.4,269,mature
FG-02268,Service kit assembly 02268,BEV Crossover,Chassis & suspension,PL-01,2415.15,2002.16,17.1,131,run-out
FG-02269,Chassis & suspension assembly 02269,Aftermarket Service,Powertrain,PL-12,2884.2,2183.34,24.3,1209,mature
FG-02270,E-drive assembly 02270,D-Sedan,Exterior module,PL-12,753.41,578.62,23.2,3133,mature
FG-02271,Exterior module assembly 02271,B-Hatch Facelift,Powertrain,PL-06,1656.96,1522.75,8.1,3608,mature
FG-02272,Exterior module assembly 02272,D-Sedan,Exterior module,PL-03,912.83,838.89,8.1,1176,run-out
FG-02273,Exterior module assembly 02273,Hybrid D-Sedan,Thermal system,PL-20,2423.11,1856.1,23.4,2924,ramp-up
FG-02274,Chassis & suspension assembly 02274,C-SUV Gen5,Thermal system,PL-19,2516.63,2169.34,13.8,3139,mature
FG-02275,Electrical & electronics assembly 02275,BEV Crossover,Chassis & suspension,PL-05,1058.66,796.11,24.8,952,mature
FG-02276,Exterior module assembly 02276,BEV Crossover,Powertrain,PL-12,2432.9,2102.03,13.6,252,mature
FG-02277,Powertrain assembly 02277,B-Hatch Facelift,Electrical & electronics,PL-18,2240.58,1985.15,11.4,3229,mature
FG-02278,Service kit assembly 02278,BEV Compact,Chassis & suspension,PL-19,1266.79,1178.11,7,1311,mature
FG-02279,Electrical & electronics assembly 02279,Pickup Midsize,Thermal system,PL-17,1009,883.88,12.4,1310,mature
FG-02280,Thermal system assembly 02280,BEV Compact,Thermal system,PL-14,1542.72,1470.21,4.7,3609,ramp-up
FG-02281,Chassis & suspension assembly 02281,B-Hatch Facelift,Exterior module,PL-20,1724.41,1633.02,5.3,415,ramp-up
FG-02282,Powertrain assembly 02282,Pickup Midsize,Service kit,PL-09,1731.53,1501.24,13.3,1682,ramp-up
FG-02283,Service kit assembly 02283,C-SUV Gen5,Powertrain,PL-17,3784.81,3368.48,11,1704,mature
FG-02284,Interior module assembly 02284,B-Hatch Facelift,Chassis & suspension,PL-09,2742.69,2185.92,20.3,3613,mature
FG-02285,Powertrain assembly 02285,E-Van Commercial,Service kit,PL-10,3962.95,3459.66,12.7,3462,mature
FG-02286,Electrical & electronics assembly 02286,BEV Crossover,E-drive,PL-06,1951.51,1502.66,23,1965,run-out
FG-02287,E-drive assembly 02287,Aftermarket Service,Powertrain,PL-08,2898.46,2698.47,6.9,2281,run-out
FG-02288,Body-in-white assembly 02288,B-Hatch Facelift,Powertrain,PL-19,3846.27,3342.41,13.1,1433,mature
FG-02289,Body-in-white assembly 02289,Pickup Midsize,Service kit,PL-01,3280.1,2948.81,10.1,1800,mature
FG-02290,Chassis & suspension assembly 02290,BEV Crossover,Service kit,PL-07,1590.46,1493.44,6.1,1115,ramp-up
FG-02291,E-drive assembly 02291,Aftermarket Service,Chassis & suspension,PL-01,3872.89,3036.35,21.6,2544,mature
FG-02292,Service kit assembly 02292,Aftermarket Service,Electrical & electronics,PL-06,134.94,100.67,25.4,3260,run-out
FG-02293,Electrical & electronics assembly 02293,BEV Crossover,Exterior module,PL-14,1855.32,1695.76,8.6,3109,mature
FG-02294,Body-in-white assembly 02294,Aftermarket Service,Thermal system,PL-07,1935.15,1505.55,22.2,3106,mature
FG-02295,Service kit assembly 02295,Pickup Midsize,Powertrain,PL-18,3466.55,2669.24,23,1341,mature
FG-02296,Thermal system assembly 02296,D-Sedan,E-drive,PL-09,978.27,848.16,13.3,1402,run-out
FG-02297,Powertrain assembly 02297,E-Van Commercial,Electrical & electronics,PL-20,1413.59,1269.4,10.2,3080,ramp-up
FG-02298,Interior module assembly 02298,BEV Compact,Exterior module,PL-19,1740.41,1343.6,22.8,1812,run-out
FG-02299,Service kit assembly 02299,Hybrid D-Sedan,Body-in-white,PL-10,2138.48,1841.23,13.9,654,ramp-up
FG-02300,Thermal system assembly 02300,D-Sedan,Interior module,PL-07,748.83,580.34,22.5,750,mature
FG-02301,Thermal system assembly 02301,BEV Crossover,Service kit,PL-18,3225.46,2990,7.3,533,mature
FG-02302,Thermal system assembly 02302,Pickup Midsize,Thermal system,PL-18,1384.1,1314.89,5,3688,mature
FG-02303,E-drive assembly 02303,Pickup Midsize,E-drive,PL-14,4048.22,3659.59,9.6,1816,mature
FG-02304,Service kit assembly 02304,B-Hatch Facelift,E-drive,PL-17,3752.28,3283.25,12.5,3653,mature
FG-02305,Body-in-white assembly 02305,D-Sedan,Electrical & electronics,PL-19,3952.02,3746.51,5.2,1201,run-out
FG-02306,Chassis & suspension assembly 02306,E-Van Commercial,Service kit,PL-16,2867.13,2534.54,11.6,1309,mature
FG-02307,Interior module assembly 02307,BEV Compact,Powertrain,PL-01,435.91,364.86,16.3,1726,mature
FG-02308,Powertrain assembly 02308,D-Sedan,Thermal system,PL-17,3452.28,3089.79,10.5,2361,ramp-up
FG-02309,E-drive assembly 02309,C-SUV Gen5,Exterior module,PL-18,3954.9,3084.82,22,2606,ramp-up
FG-02310,Service kit assembly 02310,C-SUV Gen5,Powertrain,PL-04,1503.45,1183.22,21.3,3612,run-out
FG-02311,Chassis & suspension assembly 02311,BEV Compact,Body-in-white,PL-08,2862.18,2604.58,9,416,mature
FG-02312,Exterior module assembly 02312,D-Sedan,Chassis & suspension,PL-02,3245.59,2482.88,23.5,1706,ramp-up
FG-02313,Exterior module assembly 02313,Hybrid D-Sedan,Body-in-white,PL-05,3141.28,2434.49,22.5,1618,mature
FG-02314,E-drive assembly 02314,Pickup Midsize,Exterior module,PL-12,2540.09,2176.86,14.3,1871,mature
FG-02315,Interior module assembly 02315,BEV Crossover,Exterior module,PL-20,1658.26,1339.87,19.2,1050,mature
FG-02316,Body-in-white assembly 02316,C-SUV Gen5,Electrical & electronics,PL-07,3996.97,3353.46,16.1,197,ramp-up
FG-02317,Exterior module assembly 02317,B-Hatch Facelift,Interior module,PL-13,963.9,906.07,6,2020,mature
FG-02318,Thermal system assembly 02318,Hybrid D-Sedan,Electrical & electronics,PL-10,382.08,318.65,16.6,3723,mature
FG-02319,Thermal system assembly 02319,Pickup Midsize,E-drive,PL-13,3320.89,2484.03,25.2,2360,run-out
FG-02320,Thermal system assembly 02320,BEV Crossover,Service kit,PL-08,4039.26,3207.17,20.6,1368,mature
FG-02321,Interior module assembly 02321,BEV Compact,E-drive,PL-10,576.03,536.86,6.8,3166,mature
FG-02322,Thermal system assembly 02322,C-SUV Gen5,Powertrain,PL-07,3522.53,3099.83,12,2924,ramp-up
FG-02323,Electrical & electronics assembly 02323,E-Van Commercial,Powertrain,PL-13,1427.37,1170.44,18,2427,mature
FG-02324,Service kit assembly 02324,C-SUV Gen4,Chassis & suspension,PL-15,3328.32,3151.92,5.3,2429,mature
FG-02325,Electrical & electronics assembly 02325,B-Hatch Facelift,Body-in-white,PL-08,521.48,491.76,5.7,3758,run-out
FG-02326,Electrical & electronics assembly 02326,Pickup Midsize,Service kit,PL-11,1302.59,1198.38,8,2031,mature
FG-02327,Body-in-white assembly 02327,Pickup Midsize,Body-in-white,PL-12,1565.55,1197.65,23.5,2465,run-out
FG-02328,Exterior module assembly 02328,Aftermarket Service,Service kit,PL-03,3443.08,3243.38,5.8,1832,mature
FG-02329,Electrical & electronics assembly 02329,BEV Crossover,Thermal system,PL-11,3044.64,2484.43,18.4,1848,mature
FG-02330,Service kit assembly 02330,E-Van Commercial,Exterior module,PL-08,1306.45,1130.08,13.5,1062,ramp-up
FG-02331,Chassis & suspension assembly 02331,Pickup Midsize,Powertrain,PL-14,558.82,480.59,14,3038,ramp-up
FG-02332,Chassis & suspension assembly 02332,Pickup Midsize,Chassis & suspension,PL-03,3430.51,2891.92,15.7,3049,ramp-up
FG-02333,Body-in-white assembly 02333,BEV Crossover,E-drive,PL-12,1625.41,1510.01,7.1,2402,run-out
FG-02334,Electrical & electronics assembly 02334,Aftermarket Service,E-drive,PL-04,276.35,227.44,17.7,1273,run-out
FG-02335,Exterior module assembly 02335,Aftermarket Service,Electrical & electronics,PL-11,3086.12,2505.93,18.8,279,ramp-up
FG-02336,E-drive assembly 02336,BEV Crossover,Service kit,PL-03,3960.61,3631.88,8.3,3233,mature
FG-02337,Service kit assembly 02337,C-SUV Gen4,Thermal system,PL-11,1754.26,1526.21,13,2171,mature
FG-02338,Interior module assembly 02338,BEV Compact,Powertrain,PL-04,732.58,652,11,1382,run-out
FG-02339,Exterior module assembly 02339,BEV Crossover,Powertrain,PL-03,906.93,781.77,13.8,1013,run-out
FG-02340,Thermal system assembly 02340,D-Sedan,Service kit,PL-15,3171.45,2394.44,24.5,776,ramp-up
FG-02341,Body-in-white assembly 02341,D-Sedan,Powertrain,PL-20,157.2,119.79,23.8,1042,run-out
FG-02342,Exterior module assembly 02342,Hybrid D-Sedan,Chassis & suspension,PL-11,2663.47,2458.38,7.7,1347,run-out
FG-02343,Electrical & electronics assembly 02343,Pickup Midsize,Thermal system,PL-20,1946.3,1761.4,9.5,73,mature
FG-02344,Interior module assembly 02344,C-SUV Gen5,Powertrain,PL-06,824.14,668.38,18.9,2872,ramp-up
FG-02345,Chassis & suspension assembly 02345,E-Van Commercial,Powertrain,PL-17,1415.79,1160.95,18,2028,mature
FG-02346,Exterior module assembly 02346,C-SUV Gen4,Service kit,PL-10,3525.41,2679.31,24,2368,mature
FG-02347,Body-in-white assembly 02347,B-Hatch Facelift,Electrical & electronics,PL-01,1209.8,1119.07,7.5,2986,mature
FG-02348,Body-in-white assembly 02348,BEV Crossover,Body-in-white,PL-05,2457.84,2111.28,14.1,2835,mature
FG-02349,Interior module assembly 02349,D-Sedan,Service kit,PL-11,1347.13,1229.93,8.7,3714,run-out
FG-02350,Chassis & suspension assembly 02350,B-Hatch Facelift,Service kit,PL-01,2397.82,2119.67,11.6,3101,ramp-up
FG-02351,Chassis & suspension assembly 02351,B-Hatch Facelift,Interior module,PL-15,1558.55,1221.9,21.6,3284,mature
FG-02352,Body-in-white assembly 02352,E-Van Commercial,Interior module,PL-16,2769.73,2437.36,12,2778,run-out
FG-02353,Chassis & suspension assembly 02353,E-Van Commercial,Exterior module,PL-20,3623.88,2826.63,22,255,mature
FG-02354,Exterior module assembly 02354,D-Sedan,Powertrain,PL-07,4138.17,3641.59,12,3446,ramp-up
FG-02355,Powertrain assembly 02355,C-SUV Gen4,Thermal system,PL-18,1244.24,1086.22,12.7,1414,mature
FG-02356,Chassis & suspension assembly 02356,D-Sedan,Electrical & electronics,PL-07,2235.08,1864.06,16.6,2275,mature
FG-02357,Body-in-white assembly 02357,Aftermarket Service,Powertrain,PL-11,3154.22,2889.27,8.4,276,run-out
FG-02358,Exterior module assembly 02358,BEV Crossover,Electrical & electronics,PL-07,2761.99,2090.83,24.3,762,ramp-up
FG-02359,Body-in-white assembly 02359,D-Sedan,E-drive,PL-16,2219.08,1768.61,20.3,951,run-out
FG-02360,Thermal system assembly 02360,E-Van Commercial,E-drive,PL-03,2952.18,2615.63,11.4,2140,mature
FG-02361,Body-in-white assembly 02361,Pickup Midsize,Interior module,PL-19,2701.9,2180.43,19.3,415,ramp-up
FG-02362,Body-in-white assembly 02362,E-Van Commercial,E-drive,PL-20,2217.85,2095.87,5.5,1210,ramp-up
FG-02363,Body-in-white assembly 02363,Pickup Midsize,Thermal system,PL-06,1825.84,1668.82,8.6,1041,mature
FG-02364,Powertrain assembly 02364,Aftermarket Service,Service kit,PL-05,332.36,246.94,25.7,649,mature
FG-02365,Interior module assembly 02365,Hybrid D-Sedan,Chassis & suspension,PL-08,421.23,384.16,8.8,435,mature
FG-02366,Thermal system assembly 02366,E-Van Commercial,E-drive,PL-05,3922.36,2977.07,24.1,849,mature
FG-02367,Interior module assembly 02367,BEV Compact,Service kit,PL-11,1107.83,879.62,20.6,180,mature
FG-02368,Chassis & suspension assembly 02368,D-Sedan,Body-in-white,PL-19,3875.02,2929.52,24.4,1097,run-out
FG-02369,E-drive assembly 02369,Aftermarket Service,Chassis & suspension,PL-14,2322.02,2094.46,9.8,3235,run-out
FG-02370,Powertrain assembly 02370,D-Sedan,Thermal system,PL-19,2605.19,2118.02,18.7,758,ramp-up
FG-02371,Body-in-white assembly 02371,BEV Crossover,Body-in-white,PL-05,653.93,497.64,23.9,3776,mature
FG-02372,Electrical & electronics assembly 02372,D-Sedan,Service kit,PL-05,3927.6,3204.92,18.4,458,run-out
FG-02373,Electrical & electronics assembly 02373,BEV Compact,E-drive,PL-18,1494.67,1141.93,23.6,3500,run-out
FG-02374,Chassis & suspension assembly 02374,B-Hatch Facelift,Chassis & suspension,PL-19,2929.04,2425.25,17.2,3260,run-out
FG-02375,E-drive assembly 02375,BEV Compact,Thermal system,PL-10,598.53,473.44,20.9,1464,mature
FG-02376,Exterior module assembly 02376,Pickup Midsize,Powertrain,PL-04,770.57,617.23,19.9,728,mature
FG-02377,Service kit assembly 02377,C-SUV Gen5,Exterior module,PL-13,3040.12,2413.86,20.6,2827,ramp-up
FG-02378,Thermal system assembly 02378,D-Sedan,Service kit,PL-19,2869.68,2714.72,5.4,573,mature
FG-02379,Service kit assembly 02379,BEV Crossover,Powertrain,PL-17,621.59,592.38,4.7,1131,mature
FG-02380,Exterior module assembly 02380,Pickup Midsize,Powertrain,PL-17,462.47,364.43,21.2,1364,run-out
FG-02381,Thermal system assembly 02381,D-Sedan,Interior module,PL-20,3294.83,3107.02,5.7,2164,mature
FG-02382,E-drive assembly 02382,C-SUV Gen4,Electrical & electronics,PL-16,2025.9,1726.07,14.8,1280,mature
FG-02383,Interior module assembly 02383,C-SUV Gen4,Body-in-white,PL-08,4103.62,3073.61,25.1,2457,mature
FG-02384,Thermal system assembly 02384,BEV Compact,Body-in-white,PL-02,2374.88,1990.15,16.2,3063,ramp-up
FG-02385,Thermal system assembly 02385,B-Hatch Facelift,E-drive,PL-09,2295.84,1871.11,18.5,1808,mature
FG-02386,Chassis & suspension assembly 02386,C-SUV Gen5,Chassis & suspension,PL-02,1619.55,1413.87,12.7,82,mature
FG-02387,Chassis & suspension assembly 02387,E-Van Commercial,Interior module,PL-12,1505.66,1315.95,12.6,686,run-out
FG-02388,Thermal system assembly 02388,BEV Crossover,Exterior module,PL-18,3347.41,2600.94,22.3,198,mature
FG-02389,Electrical & electronics assembly 02389,BEV Compact,Chassis & suspension,PL-19,3780.72,2892.25,23.5,1408,ramp-up
FG-02390,E-drive assembly 02390,B-Hatch Facelift,Thermal system,PL-10,340.53,299.67,12,480,mature
FG-02391,Thermal system assembly 02391,B-Hatch Facelift,Interior module,PL-07,3609.31,2873.01,20.4,1760,mature
FG-02392,Body-in-white assembly 02392,BEV Crossover,Electrical & electronics,PL-03,1842.74,1566.33,15,3510,ramp-up
FG-02393,Body-in-white assembly 02393,C-SUV Gen4,Electrical & electronics,PL-18,2722.58,2183.51,19.8,3742,mature
FG-02394,Service kit assembly 02394,E-Van Commercial,E-drive,PL-11,2656.79,2513.32,5.4,3439,mature
FG-02395,Powertrain assembly 02395,BEV Crossover,Chassis & suspension,PL-01,4121.71,3927.99,4.7,3405,mature
FG-02396,Chassis & suspension assembly 02396,BEV Compact,Thermal system,PL-11,2101.58,1780.04,15.3,2293,mature
FG-02397,Electrical & electronics assembly 02397,Hybrid D-Sedan,Exterior module,PL-04,1950.1,1575.68,19.2,3377,mature
FG-02398,E-drive assembly 02398,C-SUV Gen4,Exterior module,PL-17,2194.31,1990.24,9.3,3597,mature
FG-02399,Service kit assembly 02399,BEV Compact,Interior module,PL-12,450.56,351.44,22,2700,run-out
FG-02400,Body-in-white assembly 02400,D-Sedan,E-drive,PL-19,1677.7,1278.41,23.8,2207,ramp-up
FG-02401,Body-in-white assembly 02401,Hybrid D-Sedan,Electrical & electronics,PL-03,3837.49,2904.98,24.3,1793,ramp-up
FG-02402,Thermal system assembly 02402,E-Van Commercial,Electrical & electronics,PL-18,2512.14,2017.25,19.7,619,mature
FG-02403,Powertrain assembly 02403,D-Sedan,Exterior module,PL-04,2014.08,1818.71,9.7,3634,run-out
FG-02404,Electrical & electronics assembly 02404,D-Sedan,Interior module,PL-01,3902.91,3079.4,21.1,2589,mature
FG-02405,Powertrain assembly 02405,BEV Crossover,Interior module,PL-10,1994.5,1868.85,6.3,3600,mature
FG-02406,Interior module assembly 02406,D-Sedan,Electrical & electronics,PL-01,482.35,422.06,12.5,2969,mature
FG-02407,E-drive assembly 02407,E-Van Commercial,Chassis & suspension,PL-14,1156.07,1086.71,6,1987,mature
FG-02408,Service kit assembly 02408,C-SUV Gen5,Body-in-white,PL-11,1267.06,1123.88,11.3,236,mature
FG-02409,Exterior module assembly 02409,Hybrid D-Sedan,Interior module,PL-10,2041.45,1731.15,15.2,1416,run-out
FG-02410,Exterior module assembly 02410,BEV Compact,Thermal system,PL-17,2910.08,2642.35,9.2,1448,run-out
FG-02411,Powertrain assembly 02411,Hybrid D-Sedan,Chassis & suspension,PL-05,2230.85,1835.99,17.7,448,mature
FG-02412,E-drive assembly 02412,B-Hatch Facelift,Electrical & electronics,PL-20,348.07,270.1,22.4,748,mature
FG-02413,Service kit assembly 02413,B-Hatch Facelift,E-drive,PL-16,834.18,619.8,25.7,2332,mature
FG-02414,Thermal system assembly 02414,C-SUV Gen4,Interior module,PL-10,1603.51,1425.52,11.1,3222,run-out
FG-02415,Exterior module assembly 02415,C-SUV Gen4,Electrical & electronics,PL-10,828.29,659.32,20.4,1058,run-out
FG-02416,Body-in-white assembly 02416,Hybrid D-Sedan,Chassis & suspension,PL-01,1036.88,850.24,18,3404,run-out
FG-02417,Body-in-white assembly 02417,Pickup Midsize,Powertrain,PL-12,3084.11,2303.83,25.3,1447,ramp-up
FG-02418,Powertrain assembly 02418,C-SUV Gen5,Thermal system,PL-08,2458.86,1937.58,21.2,1573,mature
FG-02419,Powertrain assembly 02419,E-Van Commercial,Powertrain,PL-11,393.84,297.74,24.4,1426,run-out
FG-02420,Thermal system assembly 02420,Hybrid D-Sedan,Exterior module,PL-05,692.49,641.94,7.3,1161,mature
FG-02421,Thermal system assembly 02421,C-SUV Gen4,Electrical & electronics,PL-08,583.17,501.53,14,772,mature
FG-02422,Powertrain assembly 02422,D-Sedan,Electrical & electronics,PL-16,530.4,413.18,22.1,2367,ramp-up
FG-02423,Electrical & electronics assembly 02423,B-Hatch Facelift,Body-in-white,PL-19,3918.45,3577.54,8.7,2293,mature
FG-02424,Body-in-white assembly 02424,E-Van Commercial,Service kit,PL-20,2451.95,1875.74,23.5,3341,mature
FG-02425,Service kit assembly 02425,Aftermarket Service,Chassis & suspension,PL-06,1288.86,1226.99,4.8,1668,mature
FG-02426,Chassis & suspension assembly 02426,B-Hatch Facelift,Body-in-white,PL-18,805.46,641.95,20.3,1367,mature
FG-02427,E-drive assembly 02427,C-SUV Gen4,Body-in-white,PL-15,1473.64,1341.01,9,3751,ramp-up
FG-02428,Body-in-white assembly 02428,D-Sedan,Thermal system,PL-16,2765.35,2397.56,13.3,1602,mature
FG-02429,E-drive assembly 02429,E-Van Commercial,Electrical & electronics,PL-15,239.22,183.72,23.2,1066,mature
FG-02430,Powertrain assembly 02430,Hybrid D-Sedan,Exterior module,PL-17,1584.39,1205.72,23.9,3139,mature
FG-02431,E-drive assembly 02431,BEV Compact,Thermal system,PL-09,3451.48,3189.17,7.6,1458,mature
FG-02432,Exterior module assembly 02432,B-Hatch Facelift,Body-in-white,PL-01,3860.83,3347.34,13.3,184,run-out
FG-02433,Exterior module assembly 02433,C-SUV Gen5,Electrical & electronics,PL-14,327.85,263.92,19.5,2807,mature
FG-02434,Chassis & suspension assembly 02434,Pickup Midsize,E-drive,PL-16,2790.61,2210.16,20.8,2147,mature
FG-02435,Thermal system assembly 02435,BEV Crossover,Body-in-white,PL-17,3169.58,2475.44,21.9,1770,mature
FG-02436,Service kit assembly 02436,C-SUV Gen4,Thermal system,PL-01,1279.57,1055.65,17.5,789,mature
FG-02437,Chassis & suspension assembly 02437,D-Sedan,Body-in-white,PL-11,3993.87,3083.27,22.8,2523,mature
FG-02438,Thermal system assembly 02438,Pickup Midsize,Interior module,PL-16,1815.58,1407.07,22.5,1657,mature
FG-02439,Electrical & electronics assembly 02439,E-Van Commercial,Chassis & suspension,PL-09,1801.1,1518.33,15.7,2825,mature
FG-02440,Electrical & electronics assembly 02440,Pickup Midsize,Interior module,PL-03,495.8,386.23,22.1,2576,ramp-up
FG-02441,E-drive assembly 02441,Aftermarket Service,Chassis & suspension,PL-03,756.97,691.11,8.7,2756,mature
FG-02442,Exterior module assembly 02442,D-Sedan,Interior module,PL-18,1828.81,1455.73,20.4,2395,mature
FG-02443,Electrical & electronics assembly 02443,E-Van Commercial,Chassis & suspension,PL-20,64.74,58.59,9.5,2118,mature
FG-02444,Chassis & suspension assembly 02444,Aftermarket Service,Powertrain,PL-11,296.81,224.09,24.5,2167,ramp-up
FG-02445,Chassis & suspension assembly 02445,Hybrid D-Sedan,Body-in-white,PL-16,457.37,412.55,9.8,1618,ramp-up
FG-02446,Interior module assembly 02446,Pickup Midsize,Exterior module,PL-20,3467.84,3211.22,7.4,2548,run-out
FG-02447,Electrical & electronics assembly 02447,Aftermarket Service,Powertrain,PL-16,2379.76,2032.32,14.6,269,run-out
FG-02448,Body-in-white assembly 02448,Aftermarket Service,Exterior module,PL-10,1092.93,827.35,24.3,1202,mature
FG-02449,E-drive assembly 02449,C-SUV Gen5,Electrical & electronics,PL-06,4170.86,3958.15,5.1,351,mature
FG-02450,Interior module assembly 02450,D-Sedan,Chassis & suspension,PL-03,683.29,531.6,22.2,1541,ramp-up
FG-02451,Thermal system assembly 02451,Aftermarket Service,Thermal system,PL-11,245.95,218.4,11.2,1033,mature
FG-02452,Chassis & suspension assembly 02452,E-Van Commercial,Interior module,PL-02,762.52,591.72,22.4,2565,mature
FG-02453,Interior module assembly 02453,C-SUV Gen4,E-drive,PL-15,53.75,49.07,8.7,3331,run-out
FG-02454,Interior module assembly 02454,Hybrid D-Sedan,Powertrain,PL-03,1513.79,1250.39,17.4,42,mature
FG-02455,Exterior module assembly 02455,C-SUV Gen5,Thermal system,PL-10,1328.67,1142.66,14,3732,mature
FG-02456,Service kit assembly 02456,BEV Compact,Interior module,PL-11,2962.01,2319.25,21.7,2815,mature
FG-02457,Exterior module assembly 02457,E-Van Commercial,Chassis & suspension,PL-18,737.92,552.7,25.1,2937,mature
FG-02458,Powertrain assembly 02458,BEV Compact,E-drive,PL-17,3156.04,2745.75,13,3738,mature
FG-02459,Powertrain assembly 02459,Aftermarket Service,Thermal system,PL-05,373.8,349.88,6.4,3259,mature
FG-02460,Chassis & suspension assembly 02460,B-Hatch Facelift,Chassis & suspension,PL-17,505.86,482.08,4.7,3536,ramp-up
FG-02461,Service kit assembly 02461,Hybrid D-Sedan,Exterior module,PL-17,1780.78,1681.06,5.6,2245,mature
FG-02462,Exterior module assembly 02462,C-SUV Gen5,Thermal system,PL-01,274.78,250.05,9,654,mature
FG-02463,Interior module assembly 02463,E-Van Commercial,Electrical & electronics,PL-18,4137.78,3864.69,6.6,1418,ramp-up
FG-02464,Powertrain assembly 02464,Aftermarket Service,Service kit,PL-20,296.59,232.23,21.7,3771,mature
FG-02465,Interior module assembly 02465,C-SUV Gen5,Powertrain,PL-04,2440.29,1847.3,24.3,3679,mature
FG-02466,Exterior module assembly 02466,B-Hatch Facelift,Powertrain,PL-11,1622.8,1509.2,7,2741,mature
FG-02467,E-drive assembly 02467,D-Sedan,Powertrain,PL-20,2302.6,1761.49,23.5,3144,run-out
FG-02468,Exterior module assembly 02468,B-Hatch Facelift,Service kit,PL-20,2549.76,2180.04,14.5,20,ramp-up
FG-02469,Body-in-white assembly 02469,BEV Compact,Thermal system,PL-18,1519.97,1308.69,13.9,1451,mature
FG-02470,Service kit assembly 02470,Hybrid D-Sedan,Interior module,PL-19,955.92,858.42,10.2,504,ramp-up
FG-02471,Electrical & electronics assembly 02471,D-Sedan,Interior module,PL-10,715.8,624.18,12.8,1380,mature
FG-02472,Body-in-white assembly 02472,Hybrid D-Sedan,Thermal system,PL-16,793.98,674.88,15,1370,run-out
FG-02473,Exterior module assembly 02473,BEV Crossover,Electrical & electronics,PL-09,1523.87,1401.96,8,468,ramp-up
FG-02474,Electrical & electronics assembly 02474,BEV Crossover,Powertrain,PL-19,1963.05,1495.84,23.8,814,mature
FG-02475,Thermal system assembly 02475,E-Van Commercial,Chassis & suspension,PL-19,615.46,561.3,8.8,3541,run-out
FG-02476,Exterior module assembly 02476,BEV Compact,Body-in-white,PL-05,2645.89,2317.8,12.4,3022,ramp-up
FG-02477,Powertrain assembly 02477,Hybrid D-Sedan,Interior module,PL-16,346.59,316.44,8.7,1204,ramp-up
FG-02478,Thermal system assembly 02478,E-Van Commercial,Thermal system,PL-03,1646.09,1474.9,10.4,439,mature
FG-02479,Interior module assembly 02479,Hybrid D-Sedan,Service kit,PL-03,2785.2,2381.35,14.5,1272,mature
FG-02480,Electrical & electronics assembly 02480,Hybrid D-Sedan,Interior module,PL-04,725.21,580.17,20,1420,mature
FG-02481,Electrical & electronics assembly 02481,Hybrid D-Sedan,Interior module,PL-06,3738.29,3401.84,9,3485,mature
FG-02482,E-drive assembly 02482,E-Van Commercial,Interior module,PL-02,2785.03,2152.83,22.7,1167,run-out
FG-02483,Electrical & electronics assembly 02483,Hybrid D-Sedan,Service kit,PL-10,3399.19,2590.18,23.8,689,mature
FG-02484,Powertrain assembly 02484,BEV Crossover,Chassis & suspension,PL-07,1739.68,1591.81,8.5,1809,mature
FG-02485,Interior module assembly 02485,E-Van Commercial,Electrical & electronics,PL-16,374.66,320.33,14.5,2704,mature
FG-02486,Thermal system assembly 02486,E-Van Commercial,Exterior module,PL-06,1472.88,1403.65,4.7,2248,ramp-up
FG-02487,Exterior module assembly 02487,Pickup Midsize,Powertrain,PL-16,2332.16,1837.74,21.2,3478,run-out
FG-02488,Electrical & electronics assembly 02488,Pickup Midsize,Chassis & suspension,PL-11,1555.1,1298.51,16.5,3114,mature
FG-02489,Body-in-white assembly 02489,B-Hatch Facelift,Powertrain,PL-12,3406.96,2671.06,21.6,1168,mature
FG-02490,Exterior module assembly 02490,D-Sedan,Interior module,PL-04,3735.73,3276.24,12.3,390,mature
FG-02491,Body-in-white assembly 02491,C-SUV Gen4,Interior module,PL-07,3159.38,2344.26,25.8,3112,run-out
FG-02492,Powertrain assembly 02492,C-SUV Gen4,Chassis & suspension,PL-09,1815.3,1483.1,18.3,1717,ramp-up
FG-02493,Body-in-white assembly 02493,D-Sedan,Electrical & electronics,PL-08,601.96,497.82,17.3,534,mature
FG-02494,Exterior module assembly 02494,B-Hatch Facelift,Service kit,PL-06,602.67,510.46,15.3,1106,run-out
FG-02495,E-drive assembly 02495,C-SUV Gen4,Chassis & suspension,PL-17,691.65,514.59,25.6,3760,run-out
FG-02496,Body-in-white assembly 02496,D-Sedan,Chassis & suspension,PL-13,1632.18,1437.95,11.9,2806,ramp-up
FG-02497,Body-in-white assembly 02497,E-Van Commercial,Chassis & suspension,PL-09,47.01,36.01,23.4,1808,mature
FG-02498,Chassis & suspension assembly 02498,BEV Compact,Thermal system,PL-18,1345.88,1251.67,7,3584,mature
FG-02499,Interior module assembly 02499,B-Hatch Facelift,Chassis & suspension,PL-08,1750.35,1377.53,21.3,1377,run-out
FG-02500,Interior module assembly 02500,Pickup Midsize,E-drive,PL-16,1740.68,1411.69,18.9,1464,run-out
FG-02501,Exterior module assembly 02501,C-SUV Gen5,E-drive,PL-07,1064.99,973.4,8.6,1566,mature
FG-02502,Service kit assembly 02502,BEV Crossover,Body-in-white,PL-06,240.56,229.98,4.4,693,run-out
FG-02503,E-drive assembly 02503,Pickup Midsize,Electrical & electronics,PL-15,237.38,227.41,4.2,2612,run-out
FG-02504,Electrical & electronics assembly 02504,Pickup Midsize,Thermal system,PL-08,343.77,278.8,18.9,1578,run-out
FG-02505,Powertrain assembly 02505,BEV Crossover,Body-in-white,PL-04,2524.33,2021.99,19.9,3295,mature
FG-02506,Exterior module assembly 02506,D-Sedan,Exterior module,PL-16,1494.98,1430.7,4.3,1668,mature
FG-02507,Interior module assembly 02507,BEV Crossover,Powertrain,PL-17,2065.19,1600.52,22.5,2119,run-out
FG-02508,Body-in-white assembly 02508,Aftermarket Service,Powertrain,PL-19,1422.49,1209.12,15,714,mature
FG-02509,Exterior module assembly 02509,Aftermarket Service,Electrical & electronics,PL-11,2839.02,2628.93,7.4,2273,mature
FG-02510,Exterior module assembly 02510,BEV Compact,Electrical & electronics,PL-13,2630.43,2493.65,5.2,1857,mature
FG-02511,Interior module assembly 02511,C-SUV Gen5,Interior module,PL-07,226.8,215.46,5,1468,run-out
FG-02512,Body-in-white assembly 02512,C-SUV Gen4,Electrical & electronics,PL-20,2270.91,1998.4,12,1459,mature
FG-02513,E-drive assembly 02513,BEV Crossover,Service kit,PL-09,4123.59,3228.77,21.7,686,ramp-up
FG-02514,Electrical & electronics assembly 02514,D-Sedan,Thermal system,PL-01,2791.26,2581.92,7.5,1632,ramp-up
FG-02515,Thermal system assembly 02515,BEV Crossover,Body-in-white,PL-03,3880.74,2906.67,25.1,1576,mature
FG-02516,Electrical & electronics assembly 02516,C-SUV Gen4,Thermal system,PL-17,1806.16,1508.14,16.5,77,mature
FG-02517,Body-in-white assembly 02517,C-SUV Gen5,Chassis & suspension,PL-07,3883.09,3250.15,16.3,74,mature
FG-02518,Exterior module assembly 02518,C-SUV Gen4,Interior module,PL-01,2744.87,2390.78,12.9,2606,mature
FG-02519,Chassis & suspension assembly 02519,C-SUV Gen5,Electrical & electronics,PL-13,956.11,811.74,15.1,2711,run-out
FG-02520,Chassis & suspension assembly 02520,C-SUV Gen4,E-drive,PL-18,568.4,484.28,14.8,1638,mature
FG-02521,Chassis & suspension assembly 02521,D-Sedan,Thermal system,PL-02,3323.15,2555.5,23.1,1325,ramp-up
FG-02522,Service kit assembly 02522,D-Sedan,Body-in-white,PL-16,726.7,543.57,25.2,68,ramp-up
FG-02523,Body-in-white assembly 02523,C-SUV Gen5,Interior module,PL-17,3857.57,3545.11,8.1,710,mature
FG-02524,Service kit assembly 02524,BEV Compact,Exterior module,PL-09,720.86,598.31,17,1106,mature
FG-02525,Interior module assembly 02525,C-SUV Gen5,Electrical & electronics,PL-03,3194.94,2517.61,21.2,896,mature
FG-02526,Service kit assembly 02526,Pickup Midsize,Chassis & suspension,PL-07,750.25,706.74,5.8,1895,ramp-up
FG-02527,Powertrain assembly 02527,C-SUV Gen5,Body-in-white,PL-20,3760.28,3545.94,5.7,2105,mature
FG-02528,E-drive assembly 02528,C-SUV Gen5,Chassis & suspension,PL-16,1894.79,1652.26,12.8,2252,mature
FG-02529,Interior module assembly 02529,Pickup Midsize,Chassis & suspension,PL-05,3795.18,2888.13,23.9,2158,mature
FG-02530,Thermal system assembly 02530,E-Van Commercial,Thermal system,PL-13,142.05,133.81,5.8,2076,ramp-up
FG-02531,Interior module assembly 02531,C-SUV Gen5,Thermal system,PL-19,3850,2995.3,22.2,1432,mature
FG-02532,Electrical & electronics assembly 02532,BEV Compact,E-drive,PL-03,1189.51,1002.76,15.7,2522,run-out
FG-02533,Body-in-white assembly 02533,Pickup Midsize,Service kit,PL-13,811.11,700.8,13.6,267,ramp-up
FG-02534,Electrical & electronics assembly 02534,E-Van Commercial,Body-in-white,PL-14,2006.69,1767.89,11.9,3406,run-out
FG-02535,Chassis & suspension assembly 02535,Pickup Midsize,Service kit,PL-19,2703.01,2192.14,18.9,142,mature
FG-02536,Body-in-white assembly 02536,Hybrid D-Sedan,Body-in-white,PL-13,1482.38,1203.69,18.8,603,mature
FG-02537,E-drive assembly 02537,Hybrid D-Sedan,Exterior module,PL-04,1940.55,1798.89,7.3,1076,mature
FG-02538,Thermal system assembly 02538,C-SUV Gen4,E-drive,PL-06,2761.8,2408.29,12.8,2356,run-out
FG-02539,Exterior module assembly 02539,Hybrid D-Sedan,Service kit,PL-13,2596.13,2243.06,13.6,2814,run-out
FG-02540,E-drive assembly 02540,C-SUV Gen4,Electrical & electronics,PL-10,3118.8,2585.49,17.1,206,mature
FG-02541,Electrical & electronics assembly 02541,B-Hatch Facelift,Electrical & electronics,PL-19,1961.86,1712.7,12.7,2223,run-out
FG-02542,Powertrain assembly 02542,Aftermarket Service,Service kit,PL-09,448.05,355.75,20.6,422,mature
FG-02543,Thermal system assembly 02543,C-SUV Gen4,E-drive,PL-04,1196.75,1019.63,14.8,2038,run-out
FG-02544,Interior module assembly 02544,Hybrid D-Sedan,Powertrain,PL-14,3912.22,3634.45,7.1,2499,run-out
FG-02545,Powertrain assembly 02545,BEV Crossover,Thermal system,PL-12,3508.93,3291.38,6.2,698,run-out
FG-02546,Body-in-white assembly 02546,Hybrid D-Sedan,Interior module,PL-17,3039.17,2872.02,5.5,337,run-out
FG-02547,Interior module assembly 02547,BEV Compact,Electrical & electronics,PL-05,4027.79,3145.7,21.9,1094,mature
FG-02548,Powertrain assembly 02548,BEV Compact,Chassis & suspension,PL-06,3299.14,2995.62,9.2,2330,run-out
FG-02549,Interior module assembly 02549,Hybrid D-Sedan,Chassis & suspension,PL-04,451.21,356.91,20.9,403,mature
FG-02550,Electrical & electronics assembly 02550,BEV Compact,Exterior module,PL-05,3511.93,3336.33,5,2296,mature
FG-02551,Service kit assembly 02551,Pickup Midsize,Body-in-white,PL-18,3692.72,2780.62,24.7,2614,mature
FG-02552,Chassis & suspension assembly 02552,C-SUV Gen5,Service kit,PL-06,2339.11,1789.42,23.5,3349,mature
FG-02553,Powertrain assembly 02553,D-Sedan,E-drive,PL-06,2823.69,2411.43,14.6,806,mature
FG-02554,Interior module assembly 02554,D-Sedan,Electrical & electronics,PL-09,621.16,531.09,14.5,172,mature
FG-02555,Body-in-white assembly 02555,B-Hatch Facelift,Interior module,PL-11,650.55,623.23,4.2,1016,mature
FG-02556,Service kit assembly 02556,BEV Compact,Thermal system,PL-13,3714.71,3428.68,7.7,2886,run-out
FG-02557,E-drive assembly 02557,Pickup Midsize,Powertrain,PL-18,3586.93,2722.48,24.1,731,ramp-up
FG-02558,Powertrain assembly 02558,BEV Crossover,E-drive,PL-01,3054.71,2770.62,9.3,421,ramp-up
FG-02559,Service kit assembly 02559,BEV Crossover,Electrical & electronics,PL-05,3215.86,2585.55,19.6,1415,ramp-up
FG-02560,Thermal system assembly 02560,C-SUV Gen5,Interior module,PL-05,3421.6,3103.39,9.3,3291,mature
FG-02561,Chassis & suspension assembly 02561,B-Hatch Facelift,Electrical & electronics,PL-08,3556.99,3179.95,10.6,2128,ramp-up
FG-02562,Exterior module assembly 02562,Pickup Midsize,Thermal system,PL-13,348.5,312.95,10.2,3180,mature
FG-02563,Powertrain assembly 02563,Pickup Midsize,Interior module,PL-08,2628.75,2336.96,11.1,709,mature
FG-02564,Exterior module assembly 02564,B-Hatch Facelift,Chassis & suspension,PL-18,3233.44,2858.36,11.6,593,ramp-up
FG-02565,Thermal system assembly 02565,E-Van Commercial,Exterior module,PL-15,3095.53,2662.16,14,2518,mature
FG-02566,Exterior module assembly 02566,Aftermarket Service,Body-in-white,PL-18,281.49,231.67,17.7,2260,ramp-up
FG-02567,Electrical & electronics assembly 02567,C-SUV Gen5,Electrical & electronics,PL-18,2139.88,1718.32,19.7,2713,ramp-up
FG-02568,Body-in-white assembly 02568,D-Sedan,Service kit,PL-09,2391.99,1877.71,21.5,3406,mature
FG-02569,Body-in-white assembly 02569,Hybrid D-Sedan,Interior module,PL-05,2109.72,1662.46,21.2,2554,mature
FG-02570,Chassis & suspension assembly 02570,Hybrid D-Sedan,Thermal system,PL-05,3945.69,3468.26,12.1,280,mature
FG-02571,E-drive assembly 02571,BEV Crossover,Interior module,PL-20,390.47,347.91,10.9,3027,mature
FG-02572,E-drive assembly 02572,E-Van Commercial,Chassis & suspension,PL-12,1762,1310.93,25.6,2678,mature
FG-02573,Thermal system assembly 02573,E-Van Commercial,Body-in-white,PL-15,52.29,47.32,9.5,2238,run-out
FG-02574,Body-in-white assembly 02574,BEV Compact,Service kit,PL-05,1591.14,1280.87,19.5,1096,ramp-up
FG-02575,Thermal system assembly 02575,C-SUV Gen4,Body-in-white,PL-11,3877.25,3605.84,7,383,run-out
FG-02576,Exterior module assembly 02576,BEV Compact,E-drive,PL-02,3831.32,3363.9,12.2,1941,run-out
FG-02577,Interior module assembly 02577,E-Van Commercial,Exterior module,PL-10,76.51,66.41,13.2,922,run-out
FG-02578,Powertrain assembly 02578,BEV Compact,Electrical & electronics,PL-05,1710.95,1308.88,23.5,2244,run-out
FG-02579,Powertrain assembly 02579,C-SUV Gen4,Exterior module,PL-15,2022.53,1595.78,21.1,425,mature
FG-02580,Chassis & suspension assembly 02580,Pickup Midsize,Interior module,PL-12,245.82,207.47,15.6,2187,mature
FG-02581,Interior module assembly 02581,B-Hatch Facelift,Body-in-white,PL-03,726.22,630.36,13.2,1090,ramp-up
FG-02582,Interior module assembly 02582,BEV Compact,Powertrain,PL-14,1956.27,1766.51,9.7,2501,mature
FG-02583,Exterior module assembly 02583,BEV Crossover,Electrical & electronics,PL-06,414.16,360.73,12.9,587,ramp-up
FG-02584,Thermal system assembly 02584,Hybrid D-Sedan,Body-in-white,PL-14,894.41,846.11,5.4,1868,mature
FG-02585,Thermal system assembly 02585,B-Hatch Facelift,Service kit,PL-19,90.77,68.08,25,795,run-out
FG-02586,Thermal system assembly 02586,C-SUV Gen5,Service kit,PL-18,1601.28,1455.56,9.1,1883,ramp-up
FG-02587,E-drive assembly 02587,Pickup Midsize,Electrical & electronics,PL-06,4185.52,3314.93,20.8,1431,mature
FG-02588,Powertrain assembly 02588,Aftermarket Service,Body-in-white,PL-18,669.06,540.6,19.2,675,run-out
FG-02589,Exterior module assembly 02589,E-Van Commercial,Chassis & suspension,PL-09,4115.09,3662.43,11,1221,mature
FG-02590,Body-in-white assembly 02590,E-Van Commercial,Interior module,PL-03,1543.24,1378.11,10.7,1648,mature
FG-02591,Thermal system assembly 02591,B-Hatch Facelift,Body-in-white,PL-08,1395.57,1281.13,8.2,2871,mature
FG-02592,Thermal system assembly 02592,B-Hatch Facelift,Chassis & suspension,PL-17,239.79,219.89,8.3,3323,run-out
FG-02593,Chassis & suspension assembly 02593,E-Van Commercial,Exterior module,PL-15,1669.64,1465.94,12.2,2901,run-out
FG-02594,Interior module assembly 02594,BEV Crossover,Interior module,PL-15,147.42,139.9,5.1,515,run-out
FG-02595,Service kit assembly 02595,C-SUV Gen5,Electrical & electronics,PL-12,423.78,352.58,16.8,390,mature
FG-02596,Service kit assembly 02596,BEV Crossover,Thermal system,PL-19,1899.66,1641.31,13.6,642,mature
FG-02597,Thermal system assembly 02597,Hybrid D-Sedan,Exterior module,PL-07,1945.43,1624.43,16.5,1938,mature
FG-02598,E-drive assembly 02598,Aftermarket Service,Interior module,PL-16,1557.16,1454.39,6.6,2220,mature
FG-02599,Chassis & suspension assembly 02599,BEV Compact,Chassis & suspension,PL-09,885.19,766.57,13.4,164,mature
FG-02600,Chassis & suspension assembly 02600,E-Van Commercial,E-drive,PL-12,1254.78,1106.72,11.8,3607,run-out
FG-02601,Interior module assembly 02601,E-Van Commercial,E-drive,PL-04,1214.01,920.22,24.2,1349,mature
FG-02602,Body-in-white assembly 02602,B-Hatch Facelift,Electrical & electronics,PL-09,3228.84,2931.79,9.2,402,mature
FG-02603,Electrical & electronics assembly 02603,C-SUV Gen4,Powertrain,PL-16,1940.37,1529.01,21.2,157,ramp-up
FG-02604,Body-in-white assembly 02604,C-SUV Gen5,Powertrain,PL-04,3844.29,2871.68,25.3,1751,mature
FG-02605,Body-in-white assembly 02605,D-Sedan,Body-in-white,PL-16,3602.49,3433.17,4.7,3498,mature
FG-02606,E-drive assembly 02606,C-SUV Gen5,Powertrain,PL-18,86.89,79.33,8.7,1281,mature
FG-02607,Interior module assembly 02607,B-Hatch Facelift,E-drive,PL-03,2295.47,2059.04,10.3,1464,mature
FG-02608,Exterior module assembly 02608,D-Sedan,Exterior module,PL-01,210.41,184.53,12.3,967,run-out
FG-02609,Body-in-white assembly 02609,Pickup Midsize,Electrical & electronics,PL-20,318.52,300.05,5.8,2539,ramp-up
FG-02610,E-drive assembly 02610,BEV Crossover,E-drive,PL-03,1143.79,863.56,24.5,974,mature
FG-02611,Chassis & suspension assembly 02611,C-SUV Gen5,Service kit,PL-07,202.14,186.78,7.6,751,ramp-up
FG-02612,Powertrain assembly 02612,Pickup Midsize,Thermal system,PL-10,3293.38,2621.53,20.4,831,ramp-up
FG-02613,Powertrain assembly 02613,D-Sedan,Thermal system,PL-02,2890.3,2251.54,22.1,3319,mature
FG-02614,Exterior module assembly 02614,C-SUV Gen4,Powertrain,PL-04,415.06,365.25,12,621,run-out
FG-02615,Interior module assembly 02615,BEV Compact,Powertrain,PL-13,1767.62,1619.14,8.4,1592,mature
FG-02616,Powertrain assembly 02616,Pickup Midsize,Interior module,PL-15,2726.49,2415.67,11.4,2156,mature
FG-02617,Chassis & suspension assembly 02617,Hybrid D-Sedan,Exterior module,PL-18,1616.57,1341.75,17,2473,run-out
FG-02618,Exterior module assembly 02618,BEV Crossover,Exterior module,PL-01,1849.26,1555.23,15.9,2602,mature
FG-02619,Electrical & electronics assembly 02619,C-SUV Gen4,E-drive,PL-18,179.67,141.94,21,3134,mature
FG-02620,Electrical & electronics assembly 02620,E-Van Commercial,Thermal system,PL-20,2231.09,1907.58,14.5,3217,mature
FG-02621,Interior module assembly 02621,BEV Compact,Exterior module,PL-14,2961.63,2644.74,10.7,3547,mature
FG-02622,Thermal system assembly 02622,C-SUV Gen5,Electrical & electronics,PL-11,2708.01,2250.36,16.9,2976,mature
FG-02623,Thermal system assembly 02623,Pickup Midsize,Chassis & suspension,PL-04,636.6,493.37,22.5,93,mature
FG-02624,E-drive assembly 02624,C-SUV Gen5,Thermal system,PL-08,2996.57,2499.14,16.6,3529,mature
FG-02625,Chassis & suspension assembly 02625,C-SUV Gen5,Exterior module,PL-02,470.31,404.94,13.9,1876,mature
FG-02626,Thermal system assembly 02626,E-Van Commercial,Service kit,PL-13,1875.98,1512.04,19.4,2824,ramp-up
FG-02627,Chassis & suspension assembly 02627,Aftermarket Service,Electrical & electronics,PL-07,3727.27,2821.54,24.3,1655,ramp-up
FG-02628,Service kit assembly 02628,Hybrid D-Sedan,Interior module,PL-20,3680.36,3437.46,6.6,67,ramp-up
FG-02629,Powertrain assembly 02629,BEV Crossover,E-drive,PL-06,3852.99,3621.81,6,3490,run-out
FG-02630,Powertrain assembly 02630,D-Sedan,Thermal system,PL-02,4015.87,3714.68,7.5,686,mature
FG-02631,E-drive assembly 02631,Pickup Midsize,Powertrain,PL-07,1276.11,1188.06,6.9,1238,run-out
FG-02632,Service kit assembly 02632,Aftermarket Service,Interior module,PL-17,407.94,331.66,18.7,2388,run-out
FG-02633,Interior module assembly 02633,BEV Crossover,Thermal system,PL-18,1590.62,1216.82,23.5,2423,mature
FG-02634,E-drive assembly 02634,B-Hatch Facelift,Chassis & suspension,PL-15,2948.44,2627.06,10.9,123,run-out
FG-02635,Thermal system assembly 02635,Aftermarket Service,Thermal system,PL-18,1273.05,1177.57,7.5,2949,mature
FG-02636,Thermal system assembly 02636,Aftermarket Service,Body-in-white,PL-20,3392.85,2602.32,23.3,2387,run-out
FG-02637,E-drive assembly 02637,BEV Crossover,Interior module,PL-18,2484.66,2357.94,5.1,3404,run-out
FG-02638,Electrical & electronics assembly 02638,E-Van Commercial,Interior module,PL-05,2427.49,2012.39,17.1,2157,mature
FG-02639,Chassis & suspension assembly 02639,B-Hatch Facelift,Chassis & suspension,PL-18,2943.6,2658.07,9.7,2684,mature
FG-02640,Chassis & suspension assembly 02640,Aftermarket Service,Exterior module,PL-08,3696.67,3175.44,14.1,759,ramp-up
FG-02641,Body-in-white assembly 02641,Pickup Midsize,Body-in-white,PL-18,2417.14,2112.58,12.6,2950,mature
FG-02642,E-drive assembly 02642,BEV Crossover,Electrical & electronics,PL-06,3674.88,3108.95,15.4,1488,mature
FG-02643,Interior module assembly 02643,BEV Compact,Electrical & electronics,PL-18,903.82,811.63,10.2,3252,mature
FG-02644,Thermal system assembly 02644,E-Van Commercial,Exterior module,PL-18,2314,2112.68,8.7,3224,mature
FG-02645,Electrical & electronics assembly 02645,Aftermarket Service,Powertrain,PL-16,970.65,868.73,10.5,708,mature
FG-02646,E-drive assembly 02646,Hybrid D-Sedan,Thermal system,PL-12,1225.49,996.32,18.7,1618,mature
FG-02647,Electrical & electronics assembly 02647,B-Hatch Facelift,Powertrain,PL-17,1780.29,1456.28,18.2,3031,mature
FG-02648,Thermal system assembly 02648,C-SUV Gen4,E-drive,PL-08,1862.54,1780.59,4.4,1615,mature
FG-02649,Chassis & suspension assembly 02649,BEV Crossover,Exterior module,PL-20,1428.28,1146.91,19.7,3239,ramp-up
FG-02650,Interior module assembly 02650,BEV Crossover,Electrical & electronics,PL-13,3702.28,2972.93,19.7,3510,mature
FG-02651,Exterior module assembly 02651,BEV Compact,Exterior module,PL-03,3435.17,3036.69,11.6,3529,mature
FG-02652,Thermal system assembly 02652,Pickup Midsize,Electrical & electronics,PL-15,2427.98,1886.54,22.3,352,mature
FG-02653,Electrical & electronics assembly 02653,C-SUV Gen5,Chassis & suspension,PL-07,2463.73,2264.17,8.1,1328,ramp-up
FG-02654,Interior module assembly 02654,BEV Crossover,Electrical & electronics,PL-01,576.23,502.47,12.8,1806,mature
FG-02655,Body-in-white assembly 02655,B-Hatch Facelift,Body-in-white,PL-11,3276.14,2450.55,25.2,1824,ramp-up
FG-02656,E-drive assembly 02656,Hybrid D-Sedan,Chassis & suspension,PL-13,1564.1,1265.36,19.1,1311,run-out
FG-02657,Exterior module assembly 02657,D-Sedan,Interior module,PL-05,2296.18,1784.13,22.3,237,ramp-up
FG-02658,Electrical & electronics assembly 02658,C-SUV Gen5,Powertrain,PL-05,3716.38,3121.76,16,3728,run-out
FG-02659,Interior module assembly 02659,Aftermarket Service,Chassis & suspension,PL-09,2411.43,1967.73,18.4,1907,mature
FG-02660,Chassis & suspension assembly 02660,C-SUV Gen5,Body-in-white,PL-18,2602.71,2100.39,19.3,51,mature
FG-02661,Thermal system assembly 02661,Aftermarket Service,Electrical & electronics,PL-08,2845.41,2518.19,11.5,793,mature
FG-02662,Body-in-white assembly 02662,Pickup Midsize,Thermal system,PL-15,1684.82,1597.21,5.2,2620,mature
FG-02663,Body-in-white assembly 02663,Pickup Midsize,Service kit,PL-10,1494.83,1387.2,7.2,3336,mature
FG-02664,Powertrain assembly 02664,BEV Compact,Service kit,PL-01,2188.67,2077.05,5.1,930,mature
FG-02665,Powertrain assembly 02665,B-Hatch Facelift,Electrical & electronics,PL-01,1421.73,1056.35,25.7,3177,ramp-up
FG-02666,Powertrain assembly 02666,BEV Compact,Body-in-white,PL-18,1286.67,977.87,24,624,mature
FG-02667,Thermal system assembly 02667,Aftermarket Service,Thermal system,PL-20,725.68,576.19,20.6,1241,run-out
FG-02668,Interior module assembly 02668,BEV Compact,Thermal system,PL-17,2744.87,2629.59,4.2,1986,mature
FG-02669,Chassis & suspension assembly 02669,D-Sedan,Chassis & suspension,PL-18,3190.98,2626.18,17.7,3138,ramp-up
FG-02670,Chassis & suspension assembly 02670,E-Van Commercial,Powertrain,PL-01,2640.12,2439.47,7.6,1125,mature
FG-02671,Exterior module assembly 02671,Aftermarket Service,Chassis & suspension,PL-11,4003.84,3523.38,12,1442,ramp-up
FG-02672,Thermal system assembly 02672,C-SUV Gen4,Service kit,PL-17,4162.28,3142.52,24.5,2498,mature
FG-02673,Chassis & suspension assembly 02673,C-SUV Gen5,Thermal system,PL-20,399.57,324.45,18.8,3336,mature
FG-02674,E-drive assembly 02674,BEV Compact,Chassis & suspension,PL-11,3331.39,2501.87,24.9,1187,mature
FG-02675,Thermal system assembly 02675,C-SUV Gen5,Powertrain,PL-05,2309.75,1988.69,13.9,1549,mature
FG-02676,Electrical & electronics assembly 02676,B-Hatch Facelift,Service kit,PL-11,3799.89,3450.3,9.2,2985,run-out
FG-02677,E-drive assembly 02677,Pickup Midsize,Service kit,PL-01,1459.44,1354.36,7.2,2001,mature
FG-02678,Chassis & suspension assembly 02678,E-Van Commercial,Service kit,PL-13,2569.75,2192,14.7,2893,run-out
FG-02679,Exterior module assembly 02679,BEV Crossover,Powertrain,PL-14,2789.37,2647.11,5.1,2303,ramp-up
FG-02680,Electrical & electronics assembly 02680,E-Van Commercial,Interior module,PL-08,639.74,554.65,13.3,1426,mature
FG-02681,Service kit assembly 02681,Pickup Midsize,Exterior module,PL-19,1863.09,1533.32,17.7,495,mature
FG-02682,Chassis & suspension assembly 02682,Pickup Midsize,E-drive,PL-11,1187.52,1123.39,5.4,2009,mature
FG-02683,Exterior module assembly 02683,C-SUV Gen5,Thermal system,PL-17,3824.22,3002.01,21.5,3795,mature
FG-02684,E-drive assembly 02684,C-SUV Gen4,E-drive,PL-19,3596.93,3395.5,5.6,821,ramp-up
FG-02685,Thermal system assembly 02685,Aftermarket Service,Interior module,PL-06,803.57,723.21,10,3310,run-out
FG-02686,Thermal system assembly 02686,BEV Compact,Body-in-white,PL-08,1640.07,1556.43,5.1,3099,run-out
FG-02687,Interior module assembly 02687,B-Hatch Facelift,Thermal system,PL-04,3341.37,2562.83,23.3,1685,mature
FG-02688,Thermal system assembly 02688,Pickup Midsize,Interior module,PL-10,2434.59,1881.94,22.7,1631,mature
FG-02689,Exterior module assembly 02689,BEV Crossover,Chassis & suspension,PL-01,1174.45,912.55,22.3,2944,mature
FG-02690,Body-in-white assembly 02690,BEV Crossover,Chassis & suspension,PL-07,3850.81,2938.17,23.7,627,mature
FG-02691,E-drive assembly 02691,C-SUV Gen4,Powertrain,PL-14,2968.43,2793.29,5.9,2326,mature
FG-02692,Body-in-white assembly 02692,Pickup Midsize,Powertrain,PL-09,1003.92,855.34,14.8,1775,run-out
FG-02693,Service kit assembly 02693,D-Sedan,Body-in-white,PL-10,1259.88,1036.88,17.7,2591,ramp-up
FG-02694,Powertrain assembly 02694,D-Sedan,Service kit,PL-09,1056.19,984.37,6.8,1642,ramp-up
FG-02695,Electrical & electronics assembly 02695,E-Van Commercial,Exterior module,PL-14,3878.55,3064.05,21,78,mature
FG-02696,Powertrain assembly 02696,C-SUV Gen4,Exterior module,PL-01,624.14,488.7,21.7,415,ramp-up
FG-02697,Thermal system assembly 02697,Aftermarket Service,Powertrain,PL-11,3044.53,2563.49,15.8,1012,mature
FG-02698,Thermal system assembly 02698,C-SUV Gen5,Chassis & suspension,PL-15,580.73,513.95,11.5,3087,mature
FG-02699,Electrical & electronics assembly 02699,C-SUV Gen4,Service kit,PL-20,2635.45,2018.75,23.4,3777,mature
FG-02700,Body-in-white assembly 02700,Hybrid D-Sedan,Body-in-white,PL-12,82.54,66.77,19.1,1731,mature
FG-02701,Powertrain assembly 02701,B-Hatch Facelift,E-drive,PL-10,3903.64,3700.65,5.2,100,mature
FG-02702,Service kit assembly 02702,Hybrid D-Sedan,Thermal system,PL-04,3061.97,2786.39,9,3148,mature
FG-02703,Powertrain assembly 02703,C-SUV Gen5,Electrical & electronics,PL-18,3658.37,2773.04,24.2,2701,run-out
FG-02704,Powertrain assembly 02704,BEV Compact,Powertrain,PL-05,3944.44,3688.05,6.5,3584,run-out
FG-02705,Thermal system assembly 02705,E-Van Commercial,Thermal system,PL-03,757.98,689.76,9,1098,ramp-up
FG-02706,Interior module assembly 02706,C-SUV Gen4,Exterior module,PL-14,2450.53,2058.45,16,1253,mature
FG-02707,Service kit assembly 02707,BEV Crossover,Powertrain,PL-03,2602.11,1938.57,25.5,604,ramp-up
FG-02708,Service kit assembly 02708,B-Hatch Facelift,Chassis & suspension,PL-05,1778.21,1657.29,6.8,1296,run-out
FG-02709,Electrical & electronics assembly 02709,Pickup Midsize,Exterior module,PL-13,2538.87,2053.95,19.1,818,mature
FG-02710,Electrical & electronics assembly 02710,C-SUV Gen4,Body-in-white,PL-05,2630.03,2448.56,6.9,1848,mature
FG-02711,Thermal system assembly 02711,E-Van Commercial,Chassis & suspension,PL-18,2977.03,2378.65,20.1,591,mature
FG-02712,Powertrain assembly 02712,BEV Compact,E-drive,PL-12,1395.28,1075.76,22.9,2770,mature
FG-02713,Chassis & suspension assembly 02713,C-SUV Gen5,Body-in-white,PL-14,1103.19,903.51,18.1,2985,mature
FG-02714,Powertrain assembly 02714,C-SUV Gen5,Chassis & suspension,PL-11,797.19,606.66,23.9,3060,mature
FG-02715,Service kit assembly 02715,BEV Crossover,Service kit,PL-17,3684,3190.34,13.4,1334,mature
FG-02716,Interior module assembly 02716,Pickup Midsize,Body-in-white,PL-09,3920.11,3320.33,15.3,2027,mature
FG-02717,Chassis & suspension assembly 02717,Hybrid D-Sedan,Interior module,PL-07,318.34,243.85,23.4,3110,mature
FG-02718,E-drive assembly 02718,Hybrid D-Sedan,Body-in-white,PL-10,4081.73,3147.01,22.9,476,mature
FG-02719,Body-in-white assembly 02719,BEV Crossover,Electrical & electronics,PL-20,3169.48,2418.31,23.7,856,mature
FG-02720,Powertrain assembly 02720,D-Sedan,Service kit,PL-15,3790.22,3324.02,12.3,1889,mature
FG-02721,Chassis & suspension assembly 02721,C-SUV Gen4,Electrical & electronics,PL-05,3597.3,2841.87,21,3618,run-out
FG-02722,Powertrain assembly 02722,BEV Crossover,Electrical & electronics,PL-15,461.45,436.07,5.5,2265,mature
FG-02723,E-drive assembly 02723,C-SUV Gen4,Thermal system,PL-19,3580.45,3014.74,15.8,312,mature
FG-02724,E-drive assembly 02724,BEV Compact,Interior module,PL-10,1221.16,954.95,21.8,2641,run-out
FG-02725,Exterior module assembly 02725,Hybrid D-Sedan,Powertrain,PL-07,1433.57,1295.95,9.6,2503,mature
FG-02726,Exterior module assembly 02726,BEV Compact,Electrical & electronics,PL-02,312.18,253.18,18.9,2714,mature
FG-02727,Interior module assembly 02727,E-Van Commercial,Interior module,PL-14,2454.45,2174.64,11.4,207,mature
FG-02728,Powertrain assembly 02728,D-Sedan,Chassis & suspension,PL-13,2206.55,1996.93,9.5,2023,mature
FG-02729,E-drive assembly 02729,BEV Crossover,Body-in-white,PL-04,486.21,375.84,22.7,889,mature
FG-02730,Exterior module assembly 02730,BEV Crossover,Thermal system,PL-02,3167.79,2398.02,24.3,1131,mature
FG-02731,Chassis & suspension assembly 02731,Aftermarket Service,Exterior module,PL-14,1029.54,795.83,22.7,395,ramp-up
FG-02732,Thermal system assembly 02732,BEV Compact,E-drive,PL-20,1898.04,1731.01,8.8,2802,ramp-up
FG-02733,Body-in-white assembly 02733,C-SUV Gen4,Service kit,PL-13,2804.83,2283.13,18.6,3034,mature
FG-02734,Thermal system assembly 02734,D-Sedan,Powertrain,PL-08,1875.23,1757.09,6.3,1846,mature
FG-02735,Chassis & suspension assembly 02735,BEV Crossover,Exterior module,PL-17,89.37,81.33,9,80,run-out
FG-02736,Chassis & suspension assembly 02736,D-Sedan,Thermal system,PL-10,1225.33,1092.99,10.8,1419,run-out
FG-02737,Chassis & suspension assembly 02737,Hybrid D-Sedan,Exterior module,PL-03,1674.57,1470.27,12.2,1198,ramp-up
FG-02738,Chassis & suspension assembly 02738,C-SUV Gen4,Thermal system,PL-11,3369.47,2776.44,17.6,2867,mature
FG-02739,Electrical & electronics assembly 02739,C-SUV Gen4,Service kit,PL-09,4118.1,3792.77,7.9,1599,mature
FG-02740,Exterior module assembly 02740,C-SUV Gen5,E-drive,PL-17,2741.17,2510.91,8.4,3120,mature
FG-02741,Powertrain assembly 02741,Hybrid D-Sedan,Interior module,PL-09,2391.13,2173.54,9.1,2121,mature
FG-02742,Chassis & suspension assembly 02742,D-Sedan,Chassis & suspension,PL-02,3743.52,2837.59,24.2,3443,mature
FG-02743,Electrical & electronics assembly 02743,E-Van Commercial,E-drive,PL-08,525.46,389.37,25.9,2856,mature
FG-02744,Body-in-white assembly 02744,E-Van Commercial,Exterior module,PL-15,2311.35,1893,18.1,3048,mature
FG-02745,Chassis & suspension assembly 02745,B-Hatch Facelift,Chassis & suspension,PL-19,1485.76,1401.07,5.7,546,mature
FG-02746,Body-in-white assembly 02746,E-Van Commercial,Exterior module,PL-09,713.45,598.58,16.1,283,run-out
FG-02747,Service kit assembly 02747,Aftermarket Service,Interior module,PL-19,1196.71,1000.45,16.4,1107,run-out
FG-02748,Service kit assembly 02748,C-SUV Gen4,Chassis & suspension,PL-20,1579.72,1355.4,14.2,1369,mature
FG-02749,E-drive assembly 02749,E-Van Commercial,Powertrain,PL-06,3345.24,2973.92,11.1,1910,mature
FG-02750,Electrical & electronics assembly 02750,C-SUV Gen5,Exterior module,PL-01,1928.39,1793.4,7,2680,mature
FG-02751,Powertrain assembly 02751,B-Hatch Facelift,Body-in-white,PL-15,942.67,837.09,11.2,520,ramp-up
FG-02752,Powertrain assembly 02752,Pickup Midsize,Chassis & suspension,PL-03,3813.17,3176.37,16.7,3267,mature
FG-02753,Thermal system assembly 02753,B-Hatch Facelift,Interior module,PL-14,3591.92,2693.94,25,3440,mature
FG-02754,Thermal system assembly 02754,Aftermarket Service,E-drive,PL-05,4195.49,3687.84,12.1,2260,run-out
FG-02755,Chassis & suspension assembly 02755,BEV Crossover,Powertrain,PL-20,2429.7,2164.86,10.9,830,run-out
FG-02756,E-drive assembly 02756,C-SUV Gen5,E-drive,PL-17,1436.63,1074.6,25.2,47,mature
FG-02757,Electrical & electronics assembly 02757,C-SUV Gen4,Interior module,PL-16,1548.69,1300.9,16,1711,ramp-up
FG-02758,Powertrain assembly 02758,D-Sedan,Thermal system,PL-08,1789.96,1709.41,4.5,3237,run-out
FG-02759,E-drive assembly 02759,BEV Compact,Powertrain,PL-07,3714.71,3454.68,7,1124,run-out
FG-02760,Powertrain assembly 02760,C-SUV Gen5,Thermal system,PL-12,963.08,777.21,19.3,3157,mature
FG-02761,Electrical & electronics assembly 02761,C-SUV Gen5,Thermal system,PL-15,238.96,216.74,9.3,211,mature
FG-02762,Body-in-white assembly 02762,C-SUV Gen4,Powertrain,PL-15,3075.06,2303.22,25.1,3500,mature
FG-02763,Interior module assembly 02763,BEV Compact,Powertrain,PL-18,2400.16,1788.12,25.5,3619,run-out
FG-02764,Chassis & suspension assembly 02764,BEV Compact,Body-in-white,PL-19,2218.56,1683.89,24.1,2601,mature
FG-02765,Powertrain assembly 02765,BEV Compact,E-drive,PL-02,2231.73,1767.53,20.8,1778,ramp-up
FG-02766,E-drive assembly 02766,Aftermarket Service,Chassis & suspension,PL-11,1417.09,1326.4,6.4,2180,run-out
FG-02767,Service kit assembly 02767,B-Hatch Facelift,Electrical & electronics,PL-02,3944.04,3261.72,17.3,2323,ramp-up
FG-02768,Interior module assembly 02768,C-SUV Gen4,Exterior module,PL-06,2497.14,1937.78,22.4,964,ramp-up
FG-02769,Body-in-white assembly 02769,Pickup Midsize,Exterior module,PL-15,1331.52,1154.43,13.3,1038,mature
FG-02770,Body-in-white assembly 02770,B-Hatch Facelift,Interior module,PL-19,115.4,98.67,14.5,3429,ramp-up
FG-02771,E-drive assembly 02771,Aftermarket Service,E-drive,PL-19,884.9,779.6,11.9,1934,mature
FG-02772,Interior module assembly 02772,Hybrid D-Sedan,Interior module,PL-02,715.94,566.31,20.9,2076,run-out
FG-02773,Thermal system assembly 02773,B-Hatch Facelift,Interior module,PL-06,3353.4,3148.84,6.1,3311,mature
FG-02774,Interior module assembly 02774,C-SUV Gen5,Powertrain,PL-02,4092.4,3789.56,7.4,1299,mature
FG-02775,E-drive assembly 02775,BEV Compact,Electrical & electronics,PL-19,1926.85,1780.41,7.6,2719,ramp-up
FG-02776,Interior module assembly 02776,Hybrid D-Sedan,Chassis & suspension,PL-15,1570.14,1479.07,5.8,3442,mature
FG-02777,Powertrain assembly 02777,C-SUV Gen4,Service kit,PL-11,1192.98,1080.84,9.4,1922,mature
FG-02778,Exterior module assembly 02778,D-Sedan,E-drive,PL-02,3273.51,2919.97,10.8,2422,mature
FG-02779,Interior module assembly 02779,Hybrid D-Sedan,Electrical & electronics,PL-18,2854.53,2417.79,15.3,517,mature
FG-02780,E-drive assembly 02780,D-Sedan,Exterior module,PL-09,3067.95,2785.7,9.2,29,mature
FG-02781,Electrical & electronics assembly 02781,Hybrid D-Sedan,Interior module,PL-18,3911.45,2972.7,24,893,mature
FG-02782,Interior module assembly 02782,E-Van Commercial,Service kit,PL-19,1672.24,1536.79,8.1,3330,ramp-up
FG-02783,Chassis & suspension assembly 02783,Pickup Midsize,Interior module,PL-05,3153.12,2692.76,14.6,1857,run-out
FG-02784,Service kit assembly 02784,D-Sedan,Powertrain,PL-11,685.64,543.03,20.8,3166,mature
FG-02785,E-drive assembly 02785,C-SUV Gen4,Body-in-white,PL-04,3495.5,2820.87,19.3,3592,ramp-up
FG-02786,E-drive assembly 02786,E-Van Commercial,Electrical & electronics,PL-14,770.12,720.83,6.4,1795,mature
FG-02787,Powertrain assembly 02787,Pickup Midsize,Service kit,PL-13,1853.36,1480.83,20.1,1278,mature
FG-02788,E-drive assembly 02788,D-Sedan,Exterior module,PL-05,3987.51,3588.76,10,2739,run-out
FG-02789,Exterior module assembly 02789,Aftermarket Service,Interior module,PL-14,3942.41,3082.96,21.8,1396,mature
FG-02790,E-drive assembly 02790,BEV Compact,Thermal system,PL-06,3671.73,3139.33,14.5,612,mature
FG-02791,E-drive assembly 02791,BEV Crossover,Exterior module,PL-10,1686.53,1436.92,14.8,228,run-out
FG-02792,E-drive assembly 02792,D-Sedan,Electrical & electronics,PL-15,3385.93,2908.51,14.1,1216,mature
FG-02793,Body-in-white assembly 02793,B-Hatch Facelift,Body-in-white,PL-02,484.97,464.12,4.3,157,mature
FG-02794,Exterior module assembly 02794,C-SUV Gen4,Interior module,PL-11,2639.71,2088.01,20.9,33,mature
FG-02795,E-drive assembly 02795,BEV Compact,Chassis & suspension,PL-08,774.47,645.13,16.7,3290,run-out
FG-02796,Chassis & suspension assembly 02796,Hybrid D-Sedan,Service kit,PL-03,3381.29,3178.41,6,2308,mature
FG-02797,Electrical & electronics assembly 02797,BEV Crossover,Electrical & electronics,PL-13,366.54,298.36,18.6,1294,mature
FG-02798,E-drive assembly 02798,E-Van Commercial,Thermal system,PL-08,4024.73,3380.77,16,1552,mature
FG-02799,E-drive assembly 02799,Pickup Midsize,Electrical & electronics,PL-10,939.56,825.87,12.1,3050,mature
FG-02800,Exterior module assembly 02800,Hybrid D-Sedan,Electrical & electronics,PL-10,1787.06,1712,4.2,3402,mature
FG-02801,Interior module assembly 02801,D-Sedan,E-drive,PL-17,2066.02,1671.41,19.1,1798,run-out
FG-02802,Electrical & electronics assembly 02802,BEV Compact,Chassis & suspension,PL-13,3335.52,2885.22,13.5,342,mature
FG-02803,Electrical & electronics assembly 02803,D-Sedan,Electrical & electronics,PL-10,3549.71,2751.03,22.5,2790,mature
FG-02804,Electrical & electronics assembly 02804,Aftermarket Service,Exterior module,PL-18,2194.73,2036.71,7.2,3127,mature
FG-02805,Exterior module assembly 02805,D-Sedan,Thermal system,PL-18,3607.86,2994.52,17,1787,ramp-up
FG-02806,Service kit assembly 02806,B-Hatch Facelift,Interior module,PL-01,1858.85,1721.3,7.4,378,run-out
FG-02807,Chassis & suspension assembly 02807,BEV Crossover,E-drive,PL-07,1208.4,1016.26,15.9,1361,ramp-up
FG-02808,Interior module assembly 02808,D-Sedan,Powertrain,PL-06,1508.84,1284.02,14.9,1353,ramp-up
FG-02809,E-drive assembly 02809,D-Sedan,Interior module,PL-06,2562.06,2200.81,14.1,734,mature
FG-02810,Interior module assembly 02810,Pickup Midsize,Electrical & electronics,PL-05,2504.55,2128.87,15,3096,ramp-up
FG-02811,Exterior module assembly 02811,Aftermarket Service,Exterior module,PL-13,2684.64,2230.94,16.9,743,ramp-up
FG-02812,E-drive assembly 02812,Hybrid D-Sedan,E-drive,PL-13,2411.98,2240.73,7.1,2969,mature
FG-02813,Body-in-white assembly 02813,BEV Crossover,Exterior module,PL-01,199.15,149.56,24.9,1239,mature
FG-02814,Powertrain assembly 02814,BEV Compact,Thermal system,PL-20,1495.46,1324.98,11.4,3609,run-out
FG-02815,Exterior module assembly 02815,B-Hatch Facelift,Exterior module,PL-06,3828.01,3100.69,19,2269,run-out
FG-02816,Chassis & suspension assembly 02816,BEV Compact,Body-in-white,PL-16,899.81,815.23,9.4,2766,mature
FG-02817,Body-in-white assembly 02817,D-Sedan,Interior module,PL-12,1490.22,1329.28,10.8,1474,ramp-up
FG-02818,Exterior module assembly 02818,Aftermarket Service,Exterior module,PL-18,832.52,687.66,17.4,2052,mature
FG-02819,Powertrain assembly 02819,D-Sedan,Interior module,PL-15,4188.6,3924.72,6.3,2838,run-out
FG-02820,E-drive assembly 02820,Aftermarket Service,Interior module,PL-13,2900.99,2755.94,5,554,run-out
FG-02821,Service kit assembly 02821,C-SUV Gen5,Electrical & electronics,PL-16,2641.92,2327.53,11.9,2741,mature
FG-02822,Electrical & electronics assembly 02822,Aftermarket Service,Powertrain,PL-10,4139.67,3651.19,11.8,3582,mature
FG-02823,Chassis & suspension assembly 02823,BEV Compact,Thermal system,PL-18,2862.09,2295.4,19.8,2484,ramp-up
FG-02824,Interior module assembly 02824,Hybrid D-Sedan,Thermal system,PL-19,3502.27,2707.25,22.7,1163,mature
FG-02825,Chassis & suspension assembly 02825,Hybrid D-Sedan,E-drive,PL-01,3561.41,3034.32,14.8,1910,mature
FG-02826,Powertrain assembly 02826,E-Van Commercial,Thermal system,PL-06,4198.93,3417.93,18.6,3253,mature
FG-02827,Interior module assembly 02827,Pickup Midsize,Powertrain,PL-20,2644.68,1983.51,25,587,mature
FG-02828,Service kit assembly 02828,Hybrid D-Sedan,Exterior module,PL-10,3568.42,3382.86,5.2,3106,ramp-up
FG-02829,Electrical & electronics assembly 02829,C-SUV Gen5,Thermal system,PL-02,3701.43,3001.86,18.9,2766,ramp-up
FG-02830,Body-in-white assembly 02830,BEV Compact,Interior module,PL-17,3725.34,2980.27,20,1142,run-out
FG-02831,Chassis & suspension assembly 02831,C-SUV Gen5,Powertrain,PL-18,1723.11,1340.58,22.2,3442,ramp-up
FG-02832,Service kit assembly 02832,Aftermarket Service,Powertrain,PL-19,1432.27,1332.01,7,2351,mature
FG-02833,Exterior module assembly 02833,D-Sedan,Exterior module,PL-05,2060.26,1759.46,14.6,879,mature
FG-02834,Electrical & electronics assembly 02834,BEV Crossover,Service kit,PL-10,2902.01,2272.27,21.7,2347,mature
FG-02835,Service kit assembly 02835,Aftermarket Service,Electrical & electronics,PL-17,1984.7,1498.45,24.5,1569,run-out
FG-02836,Chassis & suspension assembly 02836,BEV Compact,Powertrain,PL-01,1204.7,987.85,18,3673,mature
FG-02837,Exterior module assembly 02837,Pickup Midsize,Interior module,PL-04,1336.72,1276.57,4.5,2514,mature
FG-02838,Chassis & suspension assembly 02838,E-Van Commercial,Electrical & electronics,PL-14,3535.08,3213.39,9.1,1863,ramp-up
FG-02839,Chassis & suspension assembly 02839,D-Sedan,Electrical & electronics,PL-09,707.27,610.37,13.7,3744,mature
FG-02840,Service kit assembly 02840,C-SUV Gen4,Electrical & electronics,PL-06,309.62,284.23,8.2,1741,mature
FG-02841,Service kit assembly 02841,Aftermarket Service,Electrical & electronics,PL-02,3775.17,3605.29,4.5,1943,mature
FG-02842,Service kit assembly 02842,BEV Crossover,E-drive,PL-16,743.75,644.09,13.4,3487,mature
FG-02843,E-drive assembly 02843,B-Hatch Facelift,E-drive,PL-17,3024.24,2839.76,6.1,2968,ramp-up
FG-02844,Powertrain assembly 02844,Aftermarket Service,Exterior module,PL-07,1949.01,1658.61,14.9,29,mature
FG-02845,Interior module assembly 02845,Hybrid D-Sedan,Body-in-white,PL-11,2855.54,2261.59,20.8,350,mature
FG-02846,Powertrain assembly 02846,C-SUV Gen5,Thermal system,PL-20,3735.26,2857.47,23.5,916,mature
FG-02847,Service kit assembly 02847,E-Van Commercial,Electrical & electronics,PL-15,1149.53,1046.07,9,2936,mature
FG-02848,Powertrain assembly 02848,B-Hatch Facelift,Thermal system,PL-13,2637.86,2334.51,11.5,3251,ramp-up
FG-02849,E-drive assembly 02849,Pickup Midsize,Thermal system,PL-13,4068.28,3807.91,6.4,2049,mature
FG-02850,Chassis & suspension assembly 02850,B-Hatch Facelift,Interior module,PL-13,2564.89,2359.7,8,430,mature
FG-02851,Exterior module assembly 02851,Aftermarket Service,Interior module,PL-01,3462.63,2759.72,20.3,2912,mature
FG-02852,Interior module assembly 02852,Aftermarket Service,Electrical & electronics,PL-14,514.26,426.84,17,2236,mature
FG-02853,Body-in-white assembly 02853,Hybrid D-Sedan,Service kit,PL-19,4139.41,3514.36,15.1,3145,mature
FG-02854,Electrical & electronics assembly 02854,D-Sedan,Exterior module,PL-17,1375.98,1030.61,25.1,1985,mature
FG-02855,Powertrain assembly 02855,C-SUV Gen4,Electrical & electronics,PL-07,1268.59,1183.59,6.7,1509,mature
FG-02856,Electrical & electronics assembly 02856,B-Hatch Facelift,Thermal system,PL-19,3649.3,3361.01,7.9,399,ramp-up
FG-02857,Powertrain assembly 02857,E-Van Commercial,Body-in-white,PL-07,3495.48,2604.13,25.5,2871,mature
FG-02858,Thermal system assembly 02858,C-SUV Gen4,E-drive,PL-16,1779.91,1334.93,25,3000,mature
FG-02859,Chassis & suspension assembly 02859,B-Hatch Facelift,Chassis & suspension,PL-11,2037.97,1764.88,13.4,474,ramp-up
FG-02860,Exterior module assembly 02860,BEV Compact,E-drive,PL-15,962.13,896.71,6.8,2395,mature
FG-02861,Powertrain assembly 02861,Pickup Midsize,E-drive,PL-06,2108.61,1969.44,6.6,3592,run-out
FG-02862,Exterior module assembly 02862,C-SUV Gen5,Electrical & electronics,PL-12,2856.11,2130.66,25.4,2134,mature
FG-02863,Body-in-white assembly 02863,C-SUV Gen4,Chassis & suspension,PL-02,321.9,288.1,10.5,900,ramp-up
FG-02864,Service kit assembly 02864,BEV Crossover,Powertrain,PL-09,3769.97,3178.08,15.7,2775,mature
FG-02865,Interior module assembly 02865,E-Van Commercial,Chassis & suspension,PL-14,3651.43,3414.09,6.5,3244,mature
FG-02866,Powertrain assembly 02866,BEV Compact,Powertrain,PL-07,1152.05,877.86,23.8,3065,mature
FG-02867,E-drive assembly 02867,BEV Compact,Service kit,PL-16,2682.06,2016.91,24.8,3233,mature
FG-02868,Powertrain assembly 02868,D-Sedan,Body-in-white,PL-06,83.06,69.44,16.4,1115,mature
FG-02869,Electrical & electronics assembly 02869,E-Van Commercial,Chassis & suspension,PL-18,3032.15,2434.82,19.7,2891,ramp-up
FG-02870,Powertrain assembly 02870,BEV Compact,Thermal system,PL-19,3148.26,2537.5,19.4,3152,ramp-up
FG-02871,Exterior module assembly 02871,BEV Compact,Exterior module,PL-20,2760.68,2542.59,7.9,3489,mature
FG-02872,E-drive assembly 02872,BEV Crossover,Service kit,PL-11,309.69,264.48,14.6,2010,mature
FG-02873,Powertrain assembly 02873,Hybrid D-Sedan,Interior module,PL-13,3014.5,2722.09,9.7,2950,ramp-up
FG-02874,Body-in-white assembly 02874,BEV Compact,Exterior module,PL-09,328.31,285.63,13,996,ramp-up
FG-02875,Electrical & electronics assembly 02875,BEV Crossover,Electrical & electronics,PL-09,2055.51,1810.9,11.9,812,mature
FG-02876,Thermal system assembly 02876,Pickup Midsize,Thermal system,PL-07,4016.21,3317.39,17.4,3733,ramp-up
FG-02877,Thermal system assembly 02877,Aftermarket Service,Chassis & suspension,PL-04,1752.79,1428.52,18.5,3187,ramp-up
FG-02878,Interior module assembly 02878,C-SUV Gen5,Interior module,PL-15,2418.8,2239.81,7.4,215,ramp-up
FG-02879,Body-in-white assembly 02879,Aftermarket Service,Electrical & electronics,PL-07,1609.87,1389.32,13.7,1261,ramp-up
FG-02880,Electrical & electronics assembly 02880,D-Sedan,Powertrain,PL-19,4082,3592.16,12,2019,mature
FG-02881,Thermal system assembly 02881,E-Van Commercial,Body-in-white,PL-05,1101.85,959.71,12.9,2718,mature
FG-02882,Chassis & suspension assembly 02882,C-SUV Gen5,Thermal system,PL-15,4149.4,3863.09,6.9,1892,mature
FG-02883,Interior module assembly 02883,BEV Compact,E-drive,PL-08,2012.63,1507.46,25.1,2681,mature
FG-02884,Exterior module assembly 02884,Aftermarket Service,Service kit,PL-07,3319.5,3024.06,8.9,1404,mature
FG-02885,Body-in-white assembly 02885,D-Sedan,Exterior module,PL-18,2462.07,2058.29,16.4,3790,ramp-up
FG-02886,Powertrain assembly 02886,BEV Crossover,E-drive,PL-03,1872.83,1545.08,17.5,785,run-out
FG-02887,Powertrain assembly 02887,Aftermarket Service,Thermal system,PL-15,3398.2,3248.68,4.4,2268,mature
FG-02888,Interior module assembly 02888,E-Van Commercial,Powertrain,PL-12,2009.2,1593.3,20.7,104,ramp-up
FG-02889,Service kit assembly 02889,C-SUV Gen5,Service kit,PL-17,2624.38,2065.39,21.3,439,run-out
FG-02890,Thermal system assembly 02890,Hybrid D-Sedan,Powertrain,PL-17,1874.84,1406.13,25,456,run-out
FG-02891,Body-in-white assembly 02891,E-Van Commercial,E-drive,PL-18,1291.52,1153.33,10.7,350,mature
FG-02892,Exterior module assembly 02892,Aftermarket Service,Service kit,PL-15,2054.62,1695.06,17.5,1356,mature
FG-02893,E-drive assembly 02893,BEV Compact,Exterior module,PL-01,2080.25,1861.82,10.5,1174,ramp-up
FG-02894,Thermal system assembly 02894,Aftermarket Service,Exterior module,PL-11,3754.22,3116,17,1926,run-out
FG-02895,Exterior module assembly 02895,B-Hatch Facelift,Chassis & suspension,PL-18,3228.1,3040.87,5.8,386,mature
FG-02896,Interior module assembly 02896,BEV Crossover,Exterior module,PL-15,2827.34,2400.41,15.1,2074,mature
FG-02897,Interior module assembly 02897,BEV Compact,Interior module,PL-02,866.71,661.3,23.7,2511,mature
FG-02898,Body-in-white assembly 02898,Aftermarket Service,Electrical & electronics,PL-18,422.84,402.97,4.7,3677,ramp-up
FG-02899,Exterior module assembly 02899,Aftermarket Service,Service kit,PL-05,3823.99,3506.6,8.3,1402,mature
FG-02900,E-drive assembly 02900,C-SUV Gen4,Exterior module,PL-10,1166.98,1059.62,9.2,416,ramp-up
FG-02901,Powertrain assembly 02901,Aftermarket Service,Body-in-white,PL-17,2721.34,2032.84,25.3,319,mature
FG-02902,Service kit assembly 02902,E-Van Commercial,E-drive,PL-12,3035.59,2337.4,23,1648,run-out
FG-02903,E-drive assembly 02903,C-SUV Gen5,E-drive,PL-18,1395.79,1321.81,5.3,1776,mature
FG-02904,Exterior module assembly 02904,Aftermarket Service,E-drive,PL-16,3846.22,3115.44,19,3339,ramp-up
FG-02905,E-drive assembly 02905,D-Sedan,Service kit,PL-16,2617.25,2240.37,14.4,1156,mature
FG-02906,Body-in-white assembly 02906,E-Van Commercial,Service kit,PL-03,3595.4,2851.15,20.7,584,ramp-up
FG-02907,Service kit assembly 02907,Hybrid D-Sedan,Powertrain,PL-04,2115.64,1713.67,19,3017,mature
FG-02908,Interior module assembly 02908,C-SUV Gen5,Electrical & electronics,PL-11,2640.77,2070.36,21.6,138,ramp-up
FG-02909,E-drive assembly 02909,C-SUV Gen4,Service kit,PL-15,3383.11,2544.1,24.8,3371,ramp-up
FG-02910,Body-in-white assembly 02910,D-Sedan,E-drive,PL-02,4038.28,3476.96,13.9,2687,mature
FG-02911,Thermal system assembly 02911,Pickup Midsize,Body-in-white,PL-20,3391.22,2784.19,17.9,2204,mature
FG-02912,Interior module assembly 02912,BEV Crossover,Interior module,PL-10,3414.39,2810.04,17.7,253,ramp-up
FG-02913,Service kit assembly 02913,C-SUV Gen4,Chassis & suspension,PL-02,3238.14,2749.18,15.1,881,mature
FG-02914,Chassis & suspension assembly 02914,BEV Compact,Interior module,PL-20,3768.26,2976.93,21,58,run-out
FG-02915,Thermal system assembly 02915,Pickup Midsize,Chassis & suspension,PL-13,2175.79,2056.12,5.5,3325,run-out
FG-02916,Thermal system assembly 02916,Aftermarket Service,Electrical & electronics,PL-06,1188.9,1073.58,9.7,3022,run-out
FG-02917,Service kit assembly 02917,Hybrid D-Sedan,Powertrain,PL-11,4102.09,3175.02,22.6,2077,mature
FG-02918,Interior module assembly 02918,BEV Compact,Powertrain,PL-06,3812.42,3137.62,17.7,1163,mature
FG-02919,Exterior module assembly 02919,C-SUV Gen4,Chassis & suspension,PL-16,3278.11,2629.04,19.8,2160,mature
FG-02920,E-drive assembly 02920,D-Sedan,Interior module,PL-15,919.16,698.56,24,1462,mature
FG-02921,Service kit assembly 02921,Hybrid D-Sedan,Chassis & suspension,PL-07,3285.27,2986.31,9.1,3359,ramp-up
FG-02922,Service kit assembly 02922,D-Sedan,Body-in-white,PL-06,2665.9,1986.1,25.5,582,run-out
FG-02923,Thermal system assembly 02923,E-Van Commercial,Body-in-white,PL-15,2742.52,2089.8,23.8,1399,run-out
FG-02924,Service kit assembly 02924,BEV Crossover,Service kit,PL-07,873.06,679.24,22.2,1171,mature
FG-02925,Service kit assembly 02925,C-SUV Gen4,Body-in-white,PL-04,1798.54,1517.97,15.6,474,mature
FG-02926,Body-in-white assembly 02926,Aftermarket Service,Powertrain,PL-10,446.87,340.96,23.7,1701,mature
FG-02927,E-drive assembly 02927,BEV Crossover,Thermal system,PL-02,313.9,266.5,15.1,3082,mature
FG-02928,Interior module assembly 02928,Hybrid D-Sedan,Electrical & electronics,PL-15,941.56,826.69,12.2,1430,mature
FG-02929,E-drive assembly 02929,E-Van Commercial,Powertrain,PL-03,198.29,184.01,7.2,3645,ramp-up
FG-02930,Interior module assembly 02930,BEV Crossover,Powertrain,PL-02,3051.56,2584.67,15.3,1583,mature
FG-02931,Thermal system assembly 02931,C-SUV Gen5,Powertrain,PL-19,3592.67,2665.76,25.8,1037,mature
FG-02932,Body-in-white assembly 02932,BEV Crossover,Interior module,PL-09,2638.66,1973.72,25.2,2756,mature
FG-02933,Powertrain assembly 02933,B-Hatch Facelift,E-drive,PL-18,2741.48,2568.77,6.3,3541,mature
FG-02934,Electrical & electronics assembly 02934,Pickup Midsize,Exterior module,PL-08,1379.24,1310.28,5,2312,mature
FG-02935,Body-in-white assembly 02935,Pickup Midsize,Chassis & suspension,PL-18,3104.8,2701.18,13,3568,mature
FG-02936,Interior module assembly 02936,Pickup Midsize,Interior module,PL-19,791.41,742.34,6.2,3129,mature
FG-02937,Body-in-white assembly 02937,Pickup Midsize,Body-in-white,PL-07,765.59,569.6,25.6,1523,mature
FG-02938,Electrical & electronics assembly 02938,C-SUV Gen5,Powertrain,PL-11,417.23,328.78,21.2,3434,mature
FG-02939,Body-in-white assembly 02939,BEV Compact,Interior module,PL-18,1386.81,1214.85,12.4,3204,ramp-up
FG-02940,Service kit assembly 02940,BEV Crossover,Electrical & electronics,PL-14,159.89,140.38,12.2,1769,mature
FG-02941,Service kit assembly 02941,Aftermarket Service,E-drive,PL-03,1773.67,1333.8,24.8,2082,mature
FG-02942,Body-in-white assembly 02942,BEV Compact,Electrical & electronics,PL-17,2620.89,2463.64,6,1951,run-out
FG-02943,E-drive assembly 02943,Hybrid D-Sedan,Interior module,PL-10,520.77,487.44,6.4,3167,mature
FG-02944,Body-in-white assembly 02944,Aftermarket Service,Interior module,PL-02,2972.24,2573.96,13.4,2916,mature
FG-02945,Exterior module assembly 02945,B-Hatch Facelift,Body-in-white,PL-02,349.31,279.1,20.1,1500,run-out
FG-02946,Chassis & suspension assembly 02946,C-SUV Gen4,Chassis & suspension,PL-05,3758.64,3258.74,13.3,3672,mature
FG-02947,Thermal system assembly 02947,Hybrid D-Sedan,Powertrain,PL-11,2134.29,1871.77,12.3,2247,run-out
FG-02948,Exterior module assembly 02948,BEV Compact,Exterior module,PL-09,614.66,588.84,4.2,709,mature
FG-02949,Electrical & electronics assembly 02949,Aftermarket Service,Interior module,PL-13,3086.65,2515.62,18.5,2968,run-out
FG-02950,Powertrain assembly 02950,Aftermarket Service,Electrical & electronics,PL-20,1221.94,1091.19,10.7,519,run-out
FG-02951,Interior module assembly 02951,B-Hatch Facelift,Electrical & electronics,PL-09,3245.52,2729.48,15.9,2367,mature
FG-02952,Exterior module assembly 02952,BEV Crossover,Powertrain,PL-02,2716.37,2050.86,24.5,1871,mature
FG-02953,E-drive assembly 02953,C-SUV Gen4,Exterior module,PL-14,3660.36,3005.16,17.9,1468,ramp-up
FG-02954,Interior module assembly 02954,BEV Crossover,Chassis & suspension,PL-19,2335.29,2069.07,11.4,780,mature
FG-02955,Body-in-white assembly 02955,Aftermarket Service,Powertrain,PL-20,418.17,352.52,15.7,1019,ramp-up
FG-02956,Service kit assembly 02956,BEV Compact,Service kit,PL-06,3909.65,3678.98,5.9,3022,ramp-up
FG-02957,E-drive assembly 02957,B-Hatch Facelift,Electrical & electronics,PL-09,3600.67,3363.03,6.6,2673,mature
FG-02958,E-drive assembly 02958,Pickup Midsize,Exterior module,PL-04,3581.24,3280.42,8.4,2641,mature
FG-02959,E-drive assembly 02959,C-SUV Gen5,Chassis & suspension,PL-11,2226.49,1712.17,23.1,2607,mature
FG-02960,Body-in-white assembly 02960,BEV Crossover,E-drive,PL-04,449.83,387.75,13.8,2023,ramp-up
FG-02961,Interior module assembly 02961,Aftermarket Service,Chassis & suspension,PL-15,3983.36,3672.66,7.8,264,mature
FG-02962,Interior module assembly 02962,E-Van Commercial,Powertrain,PL-13,3065.4,2498.3,18.5,1747,mature
FG-02963,Interior module assembly 02963,Hybrid D-Sedan,Interior module,PL-15,170.29,139.3,18.2,3321,mature
FG-02964,Electrical & electronics assembly 02964,Pickup Midsize,Service kit,PL-20,2680.29,2538.23,5.3,1756,mature
FG-02965,Chassis & suspension assembly 02965,C-SUV Gen5,Thermal system,PL-16,1274.75,1102.66,13.5,2397,mature
FG-02966,Thermal system assembly 02966,BEV Compact,E-drive,PL-04,516.41,432.75,16.2,2546,mature
FG-02967,Thermal system assembly 02967,E-Van Commercial,Service kit,PL-16,1914.9,1616.18,15.6,2486,mature
FG-02968,E-drive assembly 02968,C-SUV Gen4,Chassis & suspension,PL-16,1792.44,1699.23,5.2,2563,mature
FG-02969,Electrical & electronics assembly 02969,Pickup Midsize,Body-in-white,PL-04,3951.72,3710.67,6.1,1452,mature
FG-02970,E-drive assembly 02970,E-Van Commercial,Thermal system,PL-12,1440.97,1129.72,21.6,3165,run-out
FG-02971,Body-in-white assembly 02971,Hybrid D-Sedan,Service kit,PL-08,2206.23,1745.13,20.9,2554,ramp-up
FG-02972,Exterior module assembly 02972,D-Sedan,Exterior module,PL-13,3065.75,2510.85,18.1,2245,mature
FG-02973,Thermal system assembly 02973,D-Sedan,Exterior module,PL-01,3416.67,2559.09,25.1,503,ramp-up
FG-02974,Chassis & suspension assembly 02974,BEV Compact,Chassis & suspension,PL-15,503.82,440.84,12.5,2971,mature
FG-02975,Chassis & suspension assembly 02975,BEV Crossover,Body-in-white,PL-12,3645.7,3346.75,8.2,1550,mature
FG-02976,Service kit assembly 02976,C-SUV Gen4,Interior module,PL-12,937.73,880.53,6.1,3626,mature
FG-02977,Electrical & electronics assembly 02977,Aftermarket Service,Service kit,PL-20,3082.57,2694.17,12.6,1977,ramp-up
FG-02978,Thermal system assembly 02978,BEV Crossover,Powertrain,PL-07,2302.74,2012.59,12.6,2572,run-out
FG-02979,Chassis & suspension assembly 02979,C-SUV Gen4,Interior module,PL-18,70.32,64.34,8.5,627,mature
FG-02980,Interior module assembly 02980,Hybrid D-Sedan,Thermal system,PL-12,3933.95,3099.95,21.2,3208,mature
FG-02981,Exterior module assembly 02981,BEV Compact,Electrical & electronics,PL-01,1752.94,1556.61,11.2,84,mature
FG-02982,Electrical & electronics assembly 02982,BEV Compact,Exterior module,PL-02,593.56,443.39,25.3,35,mature
FG-02983,Thermal system assembly 02983,D-Sedan,Electrical & electronics,PL-08,1482.6,1166.81,21.3,290,ramp-up
FG-02984,E-drive assembly 02984,B-Hatch Facelift,Service kit,PL-11,1428.01,1325.19,7.2,2515,mature
FG-02985,Body-in-white assembly 02985,Hybrid D-Sedan,Powertrain,PL-13,1931.82,1730.91,10.4,3511,ramp-up
FG-02986,E-drive assembly 02986,D-Sedan,E-drive,PL-12,3220.18,2853.08,11.4,2230,ramp-up
FG-02987,Chassis & suspension assembly 02987,Hybrid D-Sedan,Interior module,PL-09,810.64,688.23,15.1,394,ramp-up
FG-02988,Interior module assembly 02988,D-Sedan,Interior module,PL-08,1036.57,836.51,19.3,529,run-out
FG-02989,Interior module assembly 02989,Pickup Midsize,Thermal system,PL-15,1513.83,1324.6,12.5,1392,mature
FG-02990,Interior module assembly 02990,E-Van Commercial,Thermal system,PL-11,3029.52,2366.06,21.9,2145,mature
FG-02991,Chassis & suspension assembly 02991,D-Sedan,Chassis & suspension,PL-20,2993.06,2547.09,14.9,143,mature
FG-02992,Exterior module assembly 02992,D-Sedan,Electrical & electronics,PL-18,3689.34,3512.25,4.8,1255,mature
FG-02993,Exterior module assembly 02993,Pickup Midsize,E-drive,PL-14,2094.1,1876.31,10.4,1113,mature
FG-02994,Body-in-white assembly 02994,B-Hatch Facelift,Powertrain,PL-09,2801.55,2207.62,21.2,1568,mature
FG-02995,Body-in-white assembly 02995,BEV Compact,Service kit,PL-08,49.03,41.97,14.4,1873,mature
FG-02996,Powertrain assembly 02996,BEV Compact,Service kit,PL-18,3629.04,2812.51,22.5,2378,mature
FG-02997,Exterior module assembly 02997,E-Van Commercial,E-drive,PL-08,658.35,594.49,9.7,1848,run-out
FG-02998,Powertrain assembly 02998,BEV Compact,Service kit,PL-16,2784.29,2244.14,19.4,3530,mature
FG-02999,Electrical & electronics assembly 02999,Pickup Midsize,Thermal system,PL-10,163.27,130.29,20.2,3490,mature
FG-03000,Powertrain assembly 03000,E-Van Commercial,Thermal system,PL-02,876.5,675.78,22.9,2821,run-out
FG-03001,E-drive assembly 03001,B-Hatch Facelift,Thermal system,PL-20,2047.82,1908.57,6.8,2124,mature
FG-03002,Electrical & electronics assembly 03002,C-SUV Gen5,Interior module,PL-01,693.82,648.03,6.6,959,ramp-up
FG-03003,Body-in-white assembly 03003,C-SUV Gen5,Powertrain,PL-10,2756.06,2552.11,7.4,2248,mature
FG-03004,Powertrain assembly 03004,Pickup Midsize,Chassis & suspension,PL-03,1230.53,932.74,24.2,2748,mature
FG-03005,Service kit assembly 03005,C-SUV Gen5,Service kit,PL-08,2339.29,2086.65,10.8,3596,mature
FG-03006,Electrical & electronics assembly 03006,B-Hatch Facelift,Interior module,PL-14,4179.24,3414.44,18.3,3146,mature
FG-03007,Electrical & electronics assembly 03007,B-Hatch Facelift,Thermal system,PL-03,2638.2,2424.51,8.1,2315,mature
FG-03008,Body-in-white assembly 03008,Hybrid D-Sedan,E-drive,PL-15,3803.04,2867.49,24.6,3566,run-out
FG-03009,Chassis & suspension assembly 03009,C-SUV Gen4,Electrical & electronics,PL-14,1310.1,1028.43,21.5,3492,mature
FG-03010,Powertrain assembly 03010,C-SUV Gen4,Exterior module,PL-01,1737.73,1289.4,25.8,1720,mature
FG-03011,Body-in-white assembly 03011,E-Van Commercial,Electrical & electronics,PL-12,2476.07,1909.05,22.9,3428,mature
FG-03012,Chassis & suspension assembly 03012,D-Sedan,Interior module,PL-10,1018.97,777.47,23.7,358,mature
FG-03013,Interior module assembly 03013,E-Van Commercial,Electrical & electronics,PL-11,2438.15,2260.17,7.3,2166,mature
FG-03014,Powertrain assembly 03014,B-Hatch Facelift,Body-in-white,PL-08,109.49,82.88,24.3,892,ramp-up
FG-03015,Service kit assembly 03015,C-SUV Gen4,Body-in-white,PL-10,326.56,257.33,21.2,891,mature
FG-03016,Exterior module assembly 03016,Pickup Midsize,E-drive,PL-18,3546.28,2734.18,22.9,792,mature
FG-03017,Powertrain assembly 03017,Hybrid D-Sedan,E-drive,PL-02,436.85,368.7,15.6,3108,ramp-up
FG-03018,Chassis & suspension assembly 03018,E-Van Commercial,Chassis & suspension,PL-02,3502.77,3131.48,10.6,2334,mature
FG-03019,Electrical & electronics assembly 03019,Hybrid D-Sedan,Powertrain,PL-18,2102.13,1954.98,7,703,mature
FG-03020,Exterior module assembly 03020,C-SUV Gen4,Service kit,PL-10,2901.02,2164.16,25.4,2434,mature
FG-03021,Interior module assembly 03021,BEV Crossover,Service kit,PL-17,2030.2,1660.7,18.2,1593,mature
FG-03022,Chassis & suspension assembly 03022,BEV Compact,Thermal system,PL-06,1128.89,1071.32,5.1,1395,mature
FG-03023,E-drive assembly 03023,C-SUV Gen5,Exterior module,PL-06,795.79,643.79,19.1,653,mature
FG-03024,Chassis & suspension assembly 03024,BEV Compact,Electrical & electronics,PL-15,532.26,457.21,14.1,308,mature
FG-03025,Thermal system assembly 03025,Aftermarket Service,Electrical & electronics,PL-16,1022.71,798.74,21.9,3590,run-out
FG-03026,Interior module assembly 03026,Pickup Midsize,Electrical & electronics,PL-05,442.19,406.37,8.1,2229,mature
FG-03027,Body-in-white assembly 03027,BEV Compact,Exterior module,PL-16,1411.08,1111.93,21.2,1656,ramp-up
FG-03028,Exterior module assembly 03028,E-Van Commercial,Service kit,PL-20,3667.12,3025.37,17.5,2023,ramp-up
FG-03029,Body-in-white assembly 03029,C-SUV Gen4,Powertrain,PL-09,3229.47,2454.4,24,3076,run-out
FG-03030,Thermal system assembly 03030,E-Van Commercial,Powertrain,PL-20,2210.06,1732.69,21.6,2666,mature
FG-03031,Thermal system assembly 03031,Pickup Midsize,Body-in-white,PL-14,187.1,165.58,11.5,202,mature
FG-03032,Service kit assembly 03032,Pickup Midsize,Interior module,PL-14,380.77,297,22,1304,run-out
FG-03033,Electrical & electronics assembly 03033,Hybrid D-Sedan,Electrical & electronics,PL-15,1546.08,1351.27,12.6,940,mature
FG-03034,Powertrain assembly 03034,C-SUV Gen4,Interior module,PL-15,512.95,486.79,5.1,1777,ramp-up
FG-03035,Body-in-white assembly 03035,BEV Crossover,Service kit,PL-20,1218.5,940.68,22.8,3469,ramp-up
FG-03036,Body-in-white assembly 03036,C-SUV Gen5,Exterior module,PL-01,1146.43,968.73,15.5,679,run-out
FG-03037,Exterior module assembly 03037,C-SUV Gen4,Powertrain,PL-19,878.71,784.69,10.7,1200,mature
FG-03038,Interior module assembly 03038,B-Hatch Facelift,Chassis & suspension,PL-09,3519.36,3230.77,8.2,3658,mature
FG-03039,Electrical & electronics assembly 03039,D-Sedan,Powertrain,PL-19,3990.46,3471.7,13,2864,mature
FG-03040,Exterior module assembly 03040,Aftermarket Service,E-drive,PL-09,1440.37,1297.77,9.9,136,run-out
FG-03041,Powertrain assembly 03041,B-Hatch Facelift,Powertrain,PL-19,1524.09,1376.25,9.7,3446,run-out
FG-03042,Electrical & electronics assembly 03042,C-SUV Gen5,E-drive,PL-03,245.81,206.97,15.8,2298,ramp-up
FG-03043,E-drive assembly 03043,Aftermarket Service,Service kit,PL-07,3378.72,2757.04,18.4,488,mature
FG-03044,E-drive assembly 03044,C-SUV Gen4,Electrical & electronics,PL-20,2516.9,2051.27,18.5,902,run-out
FG-03045,Interior module assembly 03045,BEV Compact,Service kit,PL-19,3324.46,2862.36,13.9,2836,mature
FG-03046,Interior module assembly 03046,Pickup Midsize,Thermal system,PL-15,2106.9,1795.08,14.8,491,run-out
FG-03047,Electrical & electronics assembly 03047,B-Hatch Facelift,Interior module,PL-11,2114.56,1645.13,22.2,1570,mature
FG-03048,E-drive assembly 03048,E-Van Commercial,Service kit,PL-19,3098.36,2707.97,12.6,1667,mature
FG-03049,Thermal system assembly 03049,Pickup Midsize,E-drive,PL-16,1512.64,1237.34,18.2,1439,mature
FG-03050,Interior module assembly 03050,BEV Crossover,E-drive,PL-03,1365.25,1149.54,15.8,2273,mature
FG-03051,Interior module assembly 03051,BEV Crossover,Powertrain,PL-03,2474.82,1977.38,20.1,3130,run-out
FG-03052,Interior module assembly 03052,D-Sedan,Body-in-white,PL-09,3530.18,3208.93,9.1,2357,mature
FG-03053,E-drive assembly 03053,BEV Crossover,Thermal system,PL-11,3331.98,3048.76,8.5,676,ramp-up
FG-03054,Body-in-white assembly 03054,C-SUV Gen4,Body-in-white,PL-06,216.55,197.28,8.9,1574,mature
FG-03055,Interior module assembly 03055,E-Van Commercial,Chassis & suspension,PL-06,2126.87,1682.35,20.9,1536,ramp-up
FG-03056,Exterior module assembly 03056,C-SUV Gen4,Thermal system,PL-09,1625.79,1552.63,4.5,362,run-out
FG-03057,Exterior module assembly 03057,B-Hatch Facelift,Interior module,PL-18,3106.37,2951.05,5,1317,mature
FG-03058,Exterior module assembly 03058,Aftermarket Service,Exterior module,PL-17,2479.51,2273.71,8.3,1129,mature
FG-03059,E-drive assembly 03059,E-Van Commercial,Chassis & suspension,PL-14,2438.64,1863.12,23.6,70,mature
FG-03060,Electrical & electronics assembly 03060,D-Sedan,Exterior module,PL-03,976.7,788.2,19.3,1872,mature
FG-03061,Powertrain assembly 03061,BEV Compact,Powertrain,PL-18,3015.28,2439.36,19.1,3482,mature
FG-03062,Service kit assembly 03062,C-SUV Gen5,Exterior module,PL-14,1130.91,1044.96,7.6,1134,mature
FG-03063,Body-in-white assembly 03063,C-SUV Gen5,Service kit,PL-06,168.59,137.57,18.4,1364,ramp-up
FG-03064,Service kit assembly 03064,Aftermarket Service,Service kit,PL-08,2642.45,2394.06,9.4,2975,mature
FG-03065,E-drive assembly 03065,D-Sedan,E-drive,PL-02,628.69,575.88,8.4,2862,mature
FG-03066,Chassis & suspension assembly 03066,Aftermarket Service,Exterior module,PL-09,3235.57,2455.8,24.1,3022,ramp-up
FG-03067,Powertrain assembly 03067,Aftermarket Service,Chassis & suspension,PL-14,4085.74,3758.88,8,3616,mature
FG-03068,Powertrain assembly 03068,Pickup Midsize,Electrical & electronics,PL-04,995.64,789.54,20.7,1000,mature
FG-03069,Interior module assembly 03069,Aftermarket Service,Service kit,PL-10,1372.14,1240.41,9.6,2058,mature
FG-03070,Electrical & electronics assembly 03070,BEV Crossover,Electrical & electronics,PL-17,861.35,765.74,11.1,1908,run-out
FG-03071,Electrical & electronics assembly 03071,Hybrid D-Sedan,Chassis & suspension,PL-16,1729.67,1594.76,7.8,597,ramp-up
FG-03072,E-drive assembly 03072,B-Hatch Facelift,E-drive,PL-09,341.9,298.48,12.7,2079,mature
FG-03073,Chassis & suspension assembly 03073,D-Sedan,Electrical & electronics,PL-11,1906.72,1792.32,6,3021,mature
FG-03074,Chassis & suspension assembly 03074,Hybrid D-Sedan,Service kit,PL-10,164.17,145.45,11.4,1707,run-out
FG-03075,Interior module assembly 03075,C-SUV Gen5,Interior module,PL-01,960.47,730.92,23.9,551,mature
FG-03076,Exterior module assembly 03076,BEV Crossover,E-drive,PL-19,2454.92,2148.06,12.5,2242,mature
FG-03077,Exterior module assembly 03077,BEV Compact,Body-in-white,PL-02,2594.07,2186.8,15.7,3274,run-out
FG-03078,Exterior module assembly 03078,C-SUV Gen5,Chassis & suspension,PL-19,612.99,456.68,25.5,3795,run-out
FG-03079,Powertrain assembly 03079,Hybrid D-Sedan,E-drive,PL-07,873.82,792.55,9.3,3510,mature
FG-03080,Chassis & suspension assembly 03080,BEV Crossover,E-drive,PL-11,2421.44,2297.95,5.1,2539,mature
FG-03081,Body-in-white assembly 03081,Pickup Midsize,Thermal system,PL-11,3341.37,2496,25.3,3467,mature
FG-03082,Electrical & electronics assembly 03082,Hybrid D-Sedan,Electrical & electronics,PL-14,3299.8,2910.42,11.8,3228,run-out
FG-03083,Electrical & electronics assembly 03083,D-Sedan,Thermal system,PL-20,110.91,91.5,17.5,1293,ramp-up
FG-03084,Service kit assembly 03084,Aftermarket Service,Interior module,PL-19,1106.23,872.82,21.1,1481,mature
FG-03085,Body-in-white assembly 03085,E-Van Commercial,Thermal system,PL-13,3601.34,3158.38,12.3,3604,mature
FG-03086,Chassis & suspension assembly 03086,Hybrid D-Sedan,Body-in-white,PL-06,2629.67,2151.07,18.2,81,run-out
FG-03087,Body-in-white assembly 03087,C-SUV Gen4,Thermal system,PL-15,1013.49,963.83,4.9,195,mature
FG-03088,Interior module assembly 03088,Hybrid D-Sedan,Exterior module,PL-19,997.11,948.25,4.9,2599,ramp-up
FG-03089,Exterior module assembly 03089,B-Hatch Facelift,Body-in-white,PL-15,2372.27,2116.06,10.8,3036,ramp-up
FG-03090,Interior module assembly 03090,E-Van Commercial,Body-in-white,PL-03,2940.7,2749.55,6.5,3232,mature
FG-03091,Body-in-white assembly 03091,C-SUV Gen4,Service kit,PL-18,1313.88,1229.79,6.4,2079,mature
FG-03092,Body-in-white assembly 03092,C-SUV Gen5,Body-in-white,PL-02,2049.97,1789.62,12.7,3106,mature
FG-03093,Body-in-white assembly 03093,Aftermarket Service,Electrical & electronics,PL-09,2352.98,1790.62,23.9,467,run-out
FG-03094,Interior module assembly 03094,BEV Compact,Chassis & suspension,PL-12,1884.03,1767.22,6.2,117,mature
FG-03095,Chassis & suspension assembly 03095,Hybrid D-Sedan,Powertrain,PL-01,2444.9,1811.67,25.9,595,mature
FG-03096,Body-in-white assembly 03096,Hybrid D-Sedan,Service kit,PL-01,1688.72,1450.61,14.1,1453,ramp-up
FG-03097,Service kit assembly 03097,Hybrid D-Sedan,Powertrain,PL-19,1632.83,1257.28,23,1511,ramp-up
FG-03098,Powertrain assembly 03098,Hybrid D-Sedan,E-drive,PL-01,2888.85,2761.74,4.4,2093,ramp-up
FG-03099,Interior module assembly 03099,Aftermarket Service,Electrical & electronics,PL-09,1229.97,1060.23,13.8,90,mature
FG-03100,Exterior module assembly 03100,Aftermarket Service,Body-in-white,PL-07,3115.33,2342.73,24.8,1111,ramp-up
FG-03101,Thermal system assembly 03101,BEV Crossover,Chassis & suspension,PL-18,2001.74,1711.49,14.5,3570,ramp-up
FG-03102,Thermal system assembly 03102,C-SUV Gen4,Exterior module,PL-14,2697.41,2376.42,11.9,2858,ramp-up
FG-03103,Thermal system assembly 03103,D-Sedan,Thermal system,PL-11,2348,1847.88,21.3,477,mature
FG-03104,Exterior module assembly 03104,Hybrid D-Sedan,Chassis & suspension,PL-11,2844.82,2335.6,17.9,3016,mature
FG-03105,Service kit assembly 03105,D-Sedan,Thermal system,PL-06,640.18,528.15,17.5,3399,ramp-up
FG-03106,Thermal system assembly 03106,BEV Crossover,Powertrain,PL-18,3829.99,3083.14,19.5,1128,ramp-up
FG-03107,Exterior module assembly 03107,C-SUV Gen5,Thermal system,PL-10,1713.5,1297.12,24.3,1018,ramp-up
FG-03108,Powertrain assembly 03108,C-SUV Gen5,Electrical & electronics,PL-02,3170.24,2773.96,12.5,1777,run-out
FG-03109,Thermal system assembly 03109,B-Hatch Facelift,Exterior module,PL-15,2584.16,2075.08,19.7,881,ramp-up
FG-03110,Electrical & electronics assembly 03110,Aftermarket Service,Thermal system,PL-16,2119.93,1710.78,19.3,643,ramp-up
FG-03111,Exterior module assembly 03111,D-Sedan,E-drive,PL-16,3096.5,2743.5,11.4,330,mature
FG-03112,Electrical & electronics assembly 03112,D-Sedan,Service kit,PL-09,3852.7,3575.31,7.2,809,run-out
FG-03113,Service kit assembly 03113,BEV Compact,Interior module,PL-04,4105.22,3218.49,21.6,2812,mature
FG-03114,Electrical & electronics assembly 03114,BEV Compact,Chassis & suspension,PL-10,3333.61,3150.26,5.5,2601,ramp-up
FG-03115,Electrical & electronics assembly 03115,BEV Crossover,Thermal system,PL-06,1502.57,1412.42,6,155,run-out
FG-03116,Interior module assembly 03116,Aftermarket Service,Exterior module,PL-19,2121.36,1603.75,24.4,985,ramp-up
FG-03117,Thermal system assembly 03117,Aftermarket Service,Chassis & suspension,PL-01,1020.49,873.54,14.4,215,mature
FG-03118,Interior module assembly 03118,D-Sedan,Exterior module,PL-04,2395.46,1969.07,17.8,1879,mature
FG-03119,Interior module assembly 03119,BEV Crossover,Interior module,PL-10,3947.84,3075.37,22.1,1591,ramp-up
FG-03120,Powertrain assembly 03120,E-Van Commercial,Interior module,PL-18,983.42,764.12,22.3,640,ramp-up
FG-03121,Thermal system assembly 03121,C-SUV Gen4,E-drive,PL-03,1157.6,878.62,24.1,2367,run-out
FG-03122,Powertrain assembly 03122,C-SUV Gen5,Thermal system,PL-17,4162.95,3759.14,9.7,2158,mature
FG-03123,Powertrain assembly 03123,B-Hatch Facelift,Thermal system,PL-05,373.99,297.32,20.5,1300,run-out
FG-03124,Exterior module assembly 03124,Hybrid D-Sedan,E-drive,PL-13,914.13,872.08,4.6,3127,mature
FG-03125,Electrical & electronics assembly 03125,Aftermarket Service,Exterior module,PL-18,3579.75,2749.25,23.2,2773,run-out
FG-03126,Exterior module assembly 03126,B-Hatch Facelift,Thermal system,PL-11,2651.6,2004.61,24.4,795,mature
FG-03127,Interior module assembly 03127,D-Sedan,E-drive,PL-17,1043.24,847.11,18.8,2860,mature
FG-03128,Interior module assembly 03128,Pickup Midsize,Body-in-white,PL-08,4011.77,3173.31,20.9,1700,mature
FG-03129,Electrical & electronics assembly 03129,Hybrid D-Sedan,Service kit,PL-02,2740.7,2214.49,19.2,1848,run-out
FG-03130,Thermal system assembly 03130,C-SUV Gen5,Powertrain,PL-05,1809.99,1469.71,18.8,172,ramp-up
FG-03131,Service kit assembly 03131,E-Van Commercial,Service kit,PL-20,3298.36,2470.47,25.1,1635,mature
FG-03132,Powertrain assembly 03132,C-SUV Gen5,Thermal system,PL-07,1532.71,1339.59,12.6,2195,mature
FG-03133,Thermal system assembly 03133,Pickup Midsize,Service kit,PL-18,949.72,852.85,10.2,3138,ramp-up
FG-03134,Chassis & suspension assembly 03134,D-Sedan,Interior module,PL-17,3054.72,2520.14,17.5,128,ramp-up
FG-03135,Body-in-white assembly 03135,Pickup Midsize,E-drive,PL-20,4027.66,3367.12,16.4,3684,run-out
FG-03136,Powertrain assembly 03136,C-SUV Gen4,Service kit,PL-12,2976.31,2663.8,10.5,346,mature
FG-03137,Body-in-white assembly 03137,Pickup Midsize,E-drive,PL-02,61.66,57.47,6.8,1980,mature
FG-03138,Exterior module assembly 03138,BEV Crossover,Exterior module,PL-03,1115.47,836.6,25,1743,run-out
FG-03139,Exterior module assembly 03139,E-Van Commercial,Electrical & electronics,PL-10,3820,3655.74,4.3,3071,mature
FG-03140,Exterior module assembly 03140,C-SUV Gen5,Chassis & suspension,PL-06,2845.03,2119.55,25.5,689,mature
FG-03141,Exterior module assembly 03141,BEV Compact,Service kit,PL-15,1476.91,1318.88,10.7,620,ramp-up
FG-03142,Service kit assembly 03142,C-SUV Gen5,Body-in-white,PL-02,654.93,490.54,25.1,3558,mature
FG-03143,Electrical & electronics assembly 03143,Pickup Midsize,Service kit,PL-12,2809.8,2436.1,13.3,773,run-out
FG-03144,Chassis & suspension assembly 03144,E-Van Commercial,Interior module,PL-10,1419.34,1051.73,25.9,1439,mature
FG-03145,Interior module assembly 03145,Hybrid D-Sedan,Electrical & electronics,PL-11,1986.4,1708.3,14,655,ramp-up
FG-03146,Interior module assembly 03146,C-SUV Gen4,Exterior module,PL-07,3803.87,2818.67,25.9,1572,mature
FG-03147,Exterior module assembly 03147,D-Sedan,Electrical & electronics,PL-17,677,580.19,14.3,898,run-out
FG-03148,Chassis & suspension assembly 03148,Pickup Midsize,Service kit,PL-03,602.77,446.65,25.9,2053,mature
FG-03149,Electrical & electronics assembly 03149,Aftermarket Service,Electrical & electronics,PL-09,2081.59,1627.8,21.8,3034,mature
FG-03150,Chassis & suspension assembly 03150,Hybrid D-Sedan,Electrical & electronics,PL-15,1851.09,1578.98,14.7,588,mature
FG-03151,E-drive assembly 03151,C-SUV Gen4,Body-in-white,PL-07,802.11,695.43,13.3,3124,mature
FG-03152,Body-in-white assembly 03152,Pickup Midsize,Body-in-white,PL-05,3921.9,3161.05,19.4,3227,mature
FG-03153,Chassis & suspension assembly 03153,B-Hatch Facelift,Interior module,PL-20,1799.53,1660.97,7.7,493,ramp-up
FG-03154,Service kit assembly 03154,Pickup Midsize,Exterior module,PL-18,173.44,130.6,24.7,2867,run-out
FG-03155,Thermal system assembly 03155,Hybrid D-Sedan,Body-in-white,PL-11,1956.17,1823.15,6.8,2697,run-out
FG-03156,Body-in-white assembly 03156,Hybrid D-Sedan,Chassis & suspension,PL-14,4061.35,3090.69,23.9,3116,mature
FG-03157,Powertrain assembly 03157,E-Van Commercial,Service kit,PL-03,722.79,548.6,24.1,240,run-out
FG-03158,Powertrain assembly 03158,B-Hatch Facelift,Service kit,PL-08,1615.82,1210.25,25.1,570,mature
FG-03159,Electrical & electronics assembly 03159,Hybrid D-Sedan,Thermal system,PL-08,2455.8,1819.75,25.9,1777,mature
FG-03160,Service kit assembly 03160,B-Hatch Facelift,Thermal system,PL-07,3638.79,3103.89,14.7,1119,mature
FG-03161,Thermal system assembly 03161,C-SUV Gen5,Body-in-white,PL-07,2134.47,2046.96,4.1,1274,ramp-up
FG-03162,Electrical & electronics assembly 03162,Aftermarket Service,Service kit,PL-19,2336.16,2142.26,8.3,2221,mature
FG-03163,Electrical & electronics assembly 03163,B-Hatch Facelift,Thermal system,PL-05,163.12,155.29,4.8,1871,mature
FG-03164,E-drive assembly 03164,D-Sedan,Electrical & electronics,PL-20,2739.95,2383.76,13,1652,mature
FG-03165,Interior module assembly 03165,BEV Crossover,E-drive,PL-08,553.26,412.18,25.5,1943,run-out
FG-03166,Interior module assembly 03166,B-Hatch Facelift,Service kit,PL-20,115.47,100.69,12.8,2461,ramp-up
FG-03167,Interior module assembly 03167,B-Hatch Facelift,Chassis & suspension,PL-19,795.83,620.75,22,58,ramp-up
FG-03168,Interior module assembly 03168,C-SUV Gen4,Thermal system,PL-09,3073.57,2480.37,19.3,2813,mature
FG-03169,E-drive assembly 03169,Hybrid D-Sedan,Chassis & suspension,PL-14,2508.35,1883.77,24.9,3726,mature
FG-03170,Electrical & electronics assembly 03170,BEV Compact,Interior module,PL-02,2667.78,2328.97,12.7,952,mature
FG-03171,Chassis & suspension assembly 03171,C-SUV Gen4,Chassis & suspension,PL-17,1307.16,1111.09,15,328,ramp-up
FG-03172,Exterior module assembly 03172,BEV Compact,Interior module,PL-07,3816.48,3270.72,14.3,160,mature
FG-03173,Chassis & suspension assembly 03173,C-SUV Gen5,Thermal system,PL-19,1609.52,1326.24,17.6,3672,ramp-up
FG-03174,E-drive assembly 03174,E-Van Commercial,Thermal system,PL-14,2710.16,2552.97,5.8,2379,mature
FG-03175,Thermal system assembly 03175,C-SUV Gen4,Thermal system,PL-12,2350.9,1836.05,21.9,2239,mature
FG-03176,E-drive assembly 03176,BEV Compact,Interior module,PL-10,1613.54,1226.29,24,1831,mature
FG-03177,Electrical & electronics assembly 03177,D-Sedan,Powertrain,PL-08,3477.07,3146.75,9.5,1960,mature
FG-03178,Thermal system assembly 03178,Pickup Midsize,Thermal system,PL-02,2892.76,2496.45,13.7,1323,run-out
FG-03179,Body-in-white assembly 03179,B-Hatch Facelift,Body-in-white,PL-10,4126.38,3895.3,5.6,922,run-out
FG-03180,Thermal system assembly 03180,Hybrid D-Sedan,Powertrain,PL-09,3042.64,2726.21,10.4,2085,ramp-up
FG-03181,Electrical & electronics assembly 03181,D-Sedan,Thermal system,PL-14,811.86,654.36,19.4,1901,mature
FG-03182,Powertrain assembly 03182,Hybrid D-Sedan,Exterior module,PL-16,3333.76,2813.69,15.6,1169,mature
FG-03183,Thermal system assembly 03183,B-Hatch Facelift,Interior module,PL-03,2223.47,2056.71,7.5,2196,mature
FG-03184,Service kit assembly 03184,Pickup Midsize,Body-in-white,PL-15,3839.73,2875.96,25.1,199,run-out
FG-03185,Service kit assembly 03185,Hybrid D-Sedan,Powertrain,PL-01,2480.27,2167.76,12.6,2374,run-out
FG-03186,Electrical & electronics assembly 03186,D-Sedan,Chassis & suspension,PL-19,1619.37,1386.18,14.4,2762,run-out
FG-03187,Body-in-white assembly 03187,D-Sedan,Body-in-white,PL-13,87.6,73.5,16.1,3671,run-out
FG-03188,Electrical & electronics assembly 03188,C-SUV Gen4,Thermal system,PL-19,1363.83,1208.35,11.4,474,mature
FG-03189,Chassis & suspension assembly 03189,B-Hatch Facelift,Electrical & electronics,PL-19,274.27,243.28,11.3,1610,mature
FG-03190,Exterior module assembly 03190,D-Sedan,Interior module,PL-19,1113.86,946.78,15,624,run-out
FG-03191,Interior module assembly 03191,Hybrid D-Sedan,Interior module,PL-12,709.75,637.36,10.2,2308,run-out
FG-03192,Service kit assembly 03192,BEV Crossover,Thermal system,PL-12,2906.97,2197.67,24.4,889,ramp-up
FG-03193,Body-in-white assembly 03193,Pickup Midsize,Powertrain,PL-10,2151.35,2013.66,6.4,970,mature
FG-03194,Service kit assembly 03194,C-SUV Gen5,Thermal system,PL-19,2649.57,2021.62,23.7,1861,mature
FG-03195,Thermal system assembly 03195,B-Hatch Facelift,Service kit,PL-19,2471.42,1836.27,25.7,1978,ramp-up
FG-03196,Service kit assembly 03196,B-Hatch Facelift,E-drive,PL-02,764.24,681.7,10.8,663,mature
FG-03197,Chassis & suspension assembly 03197,BEV Compact,Interior module,PL-04,3149.54,2409.4,23.5,1166,mature
FG-03198,Body-in-white assembly 03198,Hybrid D-Sedan,Thermal system,PL-02,371.85,354.74,4.6,3477,run-out
FG-03199,Service kit assembly 03199,C-SUV Gen5,E-drive,PL-05,3299.69,2540.76,23,2123,mature
FG-03200,Powertrain assembly 03200,E-Van Commercial,Thermal system,PL-16,1318.78,1223.83,7.2,257,run-out
FG-03201,Exterior module assembly 03201,Pickup Midsize,Powertrain,PL-18,2007.44,1750.49,12.8,2257,mature
FG-03202,Interior module assembly 03202,C-SUV Gen5,Exterior module,PL-11,2514.11,2222.47,11.6,3718,mature
FG-03203,Electrical & electronics assembly 03203,Hybrid D-Sedan,Powertrain,PL-07,667.16,539.73,19.1,1533,mature
FG-03204,E-drive assembly 03204,B-Hatch Facelift,Thermal system,PL-02,111.79,103.07,7.8,1371,mature
FG-03205,Body-in-white assembly 03205,C-SUV Gen4,Thermal system,PL-02,1164.18,869.64,25.3,3656,run-out
FG-03206,Thermal system assembly 03206,BEV Crossover,Thermal system,PL-07,2312.82,2028.34,12.3,2069,ramp-up
FG-03207,Service kit assembly 03207,Pickup Midsize,Exterior module,PL-13,4056.99,3160.4,22.1,2131,mature
FG-03208,Electrical & electronics assembly 03208,Hybrid D-Sedan,E-drive,PL-05,2617.48,2397.61,8.4,3166,mature
FG-03209,Thermal system assembly 03209,C-SUV Gen5,Interior module,PL-11,2604.44,2216.38,14.9,344,ramp-up
FG-03210,Powertrain assembly 03210,Hybrid D-Sedan,Interior module,PL-11,2937.48,2352.92,19.9,3036,mature
FG-03211,Exterior module assembly 03211,C-SUV Gen5,E-drive,PL-20,1722.9,1576.45,8.5,1408,mature
FG-03212,Body-in-white assembly 03212,C-SUV Gen5,Service kit,PL-11,3468.15,3232.32,6.8,2261,mature
FG-03213,Thermal system assembly 03213,Hybrid D-Sedan,E-drive,PL-13,3703.46,3188.68,13.9,1776,ramp-up
FG-03214,Powertrain assembly 03214,C-SUV Gen5,E-drive,PL-02,870.64,822.75,5.5,1025,run-out
FG-03215,Powertrain assembly 03215,Pickup Midsize,Thermal system,PL-13,2239.12,1981.62,11.5,3768,ramp-up
FG-03216,Service kit assembly 03216,B-Hatch Facelift,Service kit,PL-04,3074.11,2324.03,24.4,299,mature
FG-03217,Thermal system assembly 03217,D-Sedan,Body-in-white,PL-02,1382,1055.85,23.6,1631,run-out
FG-03218,Chassis & suspension assembly 03218,BEV Compact,Chassis & suspension,PL-19,2527.91,2333.26,7.7,3024,run-out
FG-03219,Service kit assembly 03219,C-SUV Gen4,Exterior module,PL-06,1260.47,1118.04,11.3,1622,ramp-up
FG-03220,Thermal system assembly 03220,E-Van Commercial,E-drive,PL-07,3468.75,2840.91,18.1,162,run-out
FG-03221,Service kit assembly 03221,C-SUV Gen4,E-drive,PL-03,416.39,359.34,13.7,505,mature
FG-03222,Exterior module assembly 03222,B-Hatch Facelift,Electrical & electronics,PL-20,3482.93,2678.37,23.1,2137,mature
FG-03223,Electrical & electronics assembly 03223,B-Hatch Facelift,Chassis & suspension,PL-04,2297.28,1778.09,22.6,1855,mature
FG-03224,E-drive assembly 03224,Aftermarket Service,Chassis & suspension,PL-01,4153.48,3621.83,12.8,2192,mature
FG-03225,Electrical & electronics assembly 03225,BEV Crossover,Thermal system,PL-08,973.51,866.42,11,2120,mature
FG-03226,Exterior module assembly 03226,D-Sedan,Electrical & electronics,PL-01,932.39,877.38,5.9,272,ramp-up
FG-03227,Interior module assembly 03227,C-SUV Gen4,Thermal system,PL-19,95.46,88.97,6.8,3139,ramp-up
FG-03228,Body-in-white assembly 03228,Hybrid D-Sedan,Body-in-white,PL-09,2097.77,1825.06,13,410,run-out
FG-03229,Exterior module assembly 03229,BEV Compact,Chassis & suspension,PL-20,2765.76,2467.06,10.8,1988,mature
FG-03230,Chassis & suspension assembly 03230,BEV Compact,Exterior module,PL-18,2006.04,1568.72,21.8,577,mature
FG-03231,Thermal system assembly 03231,E-Van Commercial,Service kit,PL-13,1411.43,1352.15,4.2,3499,run-out
FG-03232,Electrical & electronics assembly 03232,B-Hatch Facelift,Exterior module,PL-11,49.13,36.8,25.1,1420,mature
FG-03233,Thermal system assembly 03233,Aftermarket Service,Electrical & electronics,PL-11,896.11,707.03,21.1,2536,run-out
FG-03234,Electrical & electronics assembly 03234,D-Sedan,Interior module,PL-06,2991.66,2797.2,6.5,3661,mature
FG-03235,Powertrain assembly 03235,B-Hatch Facelift,Thermal system,PL-17,82.19,62.79,23.6,306,mature
FG-03236,Thermal system assembly 03236,Aftermarket Service,E-drive,PL-06,2378.13,2071.35,12.9,1723,mature
FG-03237,Body-in-white assembly 03237,Pickup Midsize,Interior module,PL-20,2478.06,2014.66,18.7,1756,mature
FG-03238,Chassis & suspension assembly 03238,Hybrid D-Sedan,Exterior module,PL-19,1800.09,1668.68,7.3,29,ramp-up
FG-03239,Body-in-white assembly 03239,C-SUV Gen4,Exterior module,PL-11,1955.27,1548.57,20.8,1628,mature
FG-03240,Powertrain assembly 03240,BEV Crossover,Thermal system,PL-12,2613.36,2404.29,8,2843,mature
FG-03241,Thermal system assembly 03241,Pickup Midsize,Service kit,PL-18,1705.69,1449.84,15,772,mature
FG-03242,E-drive assembly 03242,Hybrid D-Sedan,Exterior module,PL-10,2120.2,1965.43,7.3,331,mature
FG-03243,Service kit assembly 03243,Aftermarket Service,Powertrain,PL-04,4113.75,3788.76,7.9,3539,run-out
FG-03244,Interior module assembly 03244,C-SUV Gen5,Chassis & suspension,PL-08,61.5,47.91,22.1,3765,run-out
FG-03245,E-drive assembly 03245,C-SUV Gen5,Electrical & electronics,PL-02,628.59,551.27,12.3,61,run-out
FG-03246,Chassis & suspension assembly 03246,Hybrid D-Sedan,Electrical & electronics,PL-11,953.94,828.02,13.2,1336,run-out
FG-03247,E-drive assembly 03247,Pickup Midsize,Body-in-white,PL-13,3186.26,2861.26,10.2,1461,mature
FG-03248,Powertrain assembly 03248,Pickup Midsize,E-drive,PL-09,3962.23,3011.29,24,929,mature
FG-03249,Interior module assembly 03249,Aftermarket Service,Chassis & suspension,PL-01,841.9,627.22,25.5,3227,mature
FG-03250,Chassis & suspension assembly 03250,C-SUV Gen5,Powertrain,PL-13,1081.26,956.92,11.5,1052,mature
FG-03251,Chassis & suspension assembly 03251,E-Van Commercial,Thermal system,PL-07,3656.96,2878.03,21.3,1513,mature
FG-03252,Powertrain assembly 03252,Pickup Midsize,Electrical & electronics,PL-12,248.31,231.67,6.7,3364,mature
FG-03253,E-drive assembly 03253,Pickup Midsize,E-drive,PL-10,3486.34,2921.55,16.2,1885,mature
FG-03254,E-drive assembly 03254,Pickup Midsize,Chassis & suspension,PL-07,2750.2,2411.93,12.3,2510,mature
FG-03255,Exterior module assembly 03255,C-SUV Gen4,Thermal system,PL-01,1245.6,924.24,25.8,1599,mature
FG-03256,Powertrain assembly 03256,Pickup Midsize,Electrical & electronics,PL-10,1405.53,1281.84,8.8,2430,mature
FG-03257,Thermal system assembly 03257,B-Hatch Facelift,Chassis & suspension,PL-17,938.14,704.54,24.9,2121,run-out
FG-03258,Exterior module assembly 03258,BEV Compact,Body-in-white,PL-01,3676.82,3467.24,5.7,2417,ramp-up
FG-03259,Interior module assembly 03259,BEV Crossover,Service kit,PL-01,3682.42,2912.79,20.9,2754,mature
FG-03260,Thermal system assembly 03260,BEV Crossover,Chassis & suspension,PL-19,767.73,733.18,4.5,2075,ramp-up
FG-03261,E-drive assembly 03261,D-Sedan,Electrical & electronics,PL-15,1739.09,1452.14,16.5,1812,mature
FG-03262,E-drive assembly 03262,E-Van Commercial,Exterior module,PL-04,3200.23,3033.82,5.2,2504,mature
FG-03263,Body-in-white assembly 03263,C-SUV Gen4,Body-in-white,PL-20,1623.25,1355.41,16.5,1586,mature
FG-03264,Service kit assembly 03264,C-SUV Gen5,E-drive,PL-10,1601.81,1380.76,13.8,3702,mature
FG-03265,Interior module assembly 03265,Pickup Midsize,Thermal system,PL-09,1511.54,1316.55,12.9,1963,mature
FG-03266,Chassis & suspension assembly 03266,Pickup Midsize,Chassis & suspension,PL-03,2282.61,2184.46,4.3,1962,mature
FG-03267,Electrical & electronics assembly 03267,BEV Compact,Powertrain,PL-03,1889.44,1636.26,13.4,1610,mature
FG-03268,E-drive assembly 03268,E-Van Commercial,Exterior module,PL-16,487.69,417.95,14.3,2397,run-out
FG-03269,Chassis & suspension assembly 03269,E-Van Commercial,Powertrain,PL-11,3733.37,3561.63,4.6,2932,mature
FG-03270,Chassis & suspension assembly 03270,D-Sedan,Interior module,PL-05,3509.16,2814.35,19.8,1220,mature
FG-03271,Interior module assembly 03271,D-Sedan,Interior module,PL-02,2537.91,1908.51,24.8,1913,mature
FG-03272,Chassis & suspension assembly 03272,C-SUV Gen4,Interior module,PL-07,3938.37,3635.12,7.7,2046,mature
FG-03273,Electrical & electronics assembly 03273,D-Sedan,E-drive,PL-03,3118,2594.18,16.8,644,ramp-up
FG-03274,E-drive assembly 03274,BEV Compact,Thermal system,PL-15,2778.13,2644.78,4.8,1951,run-out
FG-03275,E-drive assembly 03275,B-Hatch Facelift,Body-in-white,PL-17,1171.11,1044.63,10.8,933,ramp-up
FG-03276,Thermal system assembly 03276,E-Van Commercial,Service kit,PL-14,3469.87,2814.06,18.9,214,mature
FG-03277,Body-in-white assembly 03277,D-Sedan,Thermal system,PL-17,2234.43,1754.03,21.5,1718,mature
FG-03278,Electrical & electronics assembly 03278,D-Sedan,E-drive,PL-18,1765.83,1349.09,23.6,3284,mature
FG-03279,Interior module assembly 03279,Aftermarket Service,Chassis & suspension,PL-01,3247.05,2909.36,10.4,238,mature
FG-03280,Chassis & suspension assembly 03280,E-Van Commercial,Chassis & suspension,PL-06,531.26,483.98,8.9,3270,run-out
FG-03281,Chassis & suspension assembly 03281,B-Hatch Facelift,Exterior module,PL-12,3197.17,2388.29,25.3,781,mature
FG-03282,Thermal system assembly 03282,C-SUV Gen4,Service kit,PL-17,3771.61,3375.59,10.5,1811,run-out
FG-03283,Service kit assembly 03283,E-Van Commercial,Chassis & suspension,PL-12,1304.27,1186.89,9,744,mature
FG-03284,Service kit assembly 03284,Aftermarket Service,Chassis & suspension,PL-10,2349.68,2201.65,6.3,3697,mature
FG-03285,Electrical & electronics assembly 03285,B-Hatch Facelift,E-drive,PL-18,3511.3,2608.9,25.7,3152,ramp-up
FG-03286,Service kit assembly 03286,Pickup Midsize,Exterior module,PL-16,1252.86,1108.78,11.5,2924,mature
FG-03287,Body-in-white assembly 03287,Pickup Midsize,Thermal system,PL-19,4046.87,3852.62,4.8,2721,mature
FG-03288,Exterior module assembly 03288,D-Sedan,Electrical & electronics,PL-15,1155.29,932.32,19.3,2784,run-out
FG-03289,Interior module assembly 03289,BEV Compact,Body-in-white,PL-13,227.43,202.87,10.8,2158,ramp-up
FG-03290,Service kit assembly 03290,D-Sedan,E-drive,PL-15,755.03,693.87,8.1,1916,mature
FG-03291,Service kit assembly 03291,Hybrid D-Sedan,Body-in-white,PL-01,3104.49,2828.19,8.9,2005,mature
FG-03292,Powertrain assembly 03292,Hybrid D-Sedan,Exterior module,PL-06,3266.3,2809.02,14,3057,mature
FG-03293,Thermal system assembly 03293,Pickup Midsize,Powertrain,PL-04,2406.74,1795.43,25.4,1817,mature
FG-03294,Body-in-white assembly 03294,B-Hatch Facelift,Exterior module,PL-16,2136.62,2010.56,5.9,2878,mature
FG-03295,Electrical & electronics assembly 03295,BEV Compact,Interior module,PL-02,2117.32,1632.45,22.9,1346,mature
FG-03296,Service kit assembly 03296,Aftermarket Service,Service kit,PL-09,4158.99,3156.67,24.1,724,mature
FG-03297,Powertrain assembly 03297,E-Van Commercial,Service kit,PL-08,2035.94,1689.83,17,1720,mature
FG-03298,Interior module assembly 03298,BEV Compact,Electrical & electronics,PL-19,2724.15,2402.7,11.8,3583,ramp-up
FG-03299,Chassis & suspension assembly 03299,B-Hatch Facelift,Thermal system,PL-01,116.1,96.13,17.2,2844,mature
FG-03300,Chassis & suspension assembly 03300,BEV Crossover,Service kit,PL-08,932.67,753.6,19.2,794,run-out
FG-03301,Electrical & electronics assembly 03301,Hybrid D-Sedan,Electrical & electronics,PL-09,3112.28,2741.92,11.9,804,mature
FG-03302,Body-in-white assembly 03302,D-Sedan,Powertrain,PL-01,1467.21,1279.41,12.8,3044,mature
FG-03303,Thermal system assembly 03303,BEV Crossover,Thermal system,PL-01,3987.11,3229.56,19,387,mature
FG-03304,Powertrain assembly 03304,Pickup Midsize,Electrical & electronics,PL-06,619.68,531.07,14.3,1955,mature
FG-03305,Chassis & suspension assembly 03305,E-Van Commercial,Powertrain,PL-04,868.57,824.27,5.1,1140,mature
FG-03306,Interior module assembly 03306,Aftermarket Service,Service kit,PL-03,3093.43,2496.4,19.3,1515,mature
FG-03307,Electrical & electronics assembly 03307,C-SUV Gen5,Chassis & suspension,PL-17,3542.18,2688.51,24.1,2335,mature
FG-03308,Exterior module assembly 03308,Pickup Midsize,E-drive,PL-07,3565.44,3412.13,4.3,354,run-out
FG-03309,E-drive assembly 03309,C-SUV Gen5,Body-in-white,PL-14,2548.18,2438.61,4.3,367,mature
FG-03310,Interior module assembly 03310,Pickup Midsize,Chassis & suspension,PL-20,1488.5,1166.98,21.6,488,mature
FG-03311,Interior module assembly 03311,Aftermarket Service,Service kit,PL-12,603.7,489,19,1278,mature
FG-03312,Exterior module assembly 03312,Pickup Midsize,Exterior module,PL-11,3428.4,3154.13,8,940,mature
FG-03313,Chassis & suspension assembly 03313,C-SUV Gen4,E-drive,PL-13,2474.99,2279.47,7.9,3036,mature
FG-03314,Interior module assembly 03314,C-SUV Gen4,E-drive,PL-08,471.13,415.54,11.8,2700,mature
FG-03315,Powertrain assembly 03315,Pickup Midsize,Exterior module,PL-17,694.57,519.54,25.2,497,mature
FG-03316,Powertrain assembly 03316,BEV Crossover,Interior module,PL-19,3800.06,2903.25,23.6,2344,mature
FG-03317,Interior module assembly 03317,B-Hatch Facelift,Electrical & electronics,PL-02,2828.46,2684.21,5.1,1707,ramp-up
FG-03318,Interior module assembly 03318,B-Hatch Facelift,Service kit,PL-04,1328.1,1256.38,5.4,782,ramp-up
FG-03319,E-drive assembly 03319,BEV Compact,Body-in-white,PL-15,573.29,513.67,10.4,2622,mature
FG-03320,Interior module assembly 03320,C-SUV Gen4,Powertrain,PL-12,1584.95,1470.83,7.2,653,run-out
FG-03321,Interior module assembly 03321,D-Sedan,Electrical & electronics,PL-12,1178.57,946.39,19.7,3410,mature
FG-03322,Thermal system assembly 03322,Hybrid D-Sedan,Powertrain,PL-20,2814.23,2254.2,19.9,3731,run-out
FG-03323,Body-in-white assembly 03323,B-Hatch Facelift,Chassis & suspension,PL-15,698.85,547.9,21.6,2073,mature
FG-03324,E-drive assembly 03324,Pickup Midsize,E-drive,PL-08,3620.68,3457.75,4.5,758,run-out
FG-03325,E-drive assembly 03325,Hybrid D-Sedan,Chassis & suspension,PL-03,2950.88,2292.83,22.3,3186,mature
FG-03326,Service kit assembly 03326,Aftermarket Service,Service kit,PL-11,1152.38,1054.43,8.5,2880,ramp-up
FG-03327,Thermal system assembly 03327,Aftermarket Service,E-drive,PL-16,1075.84,989.77,8,181,mature
FG-03328,Thermal system assembly 03328,BEV Compact,Service kit,PL-04,1747.88,1414.03,19.1,1230,mature
FG-03329,Powertrain assembly 03329,BEV Compact,Chassis & suspension,PL-04,651.47,532.9,18.2,2988,mature
FG-03330,Thermal system assembly 03330,B-Hatch Facelift,Powertrain,PL-09,2498.46,2148.68,14,2145,mature
FG-03331,Service kit assembly 03331,D-Sedan,E-drive,PL-08,1254.35,1003.48,20,1410,mature
FG-03332,Service kit assembly 03332,D-Sedan,Powertrain,PL-18,1895.24,1664.02,12.2,1877,mature
FG-03333,Chassis & suspension assembly 03333,E-Van Commercial,Chassis & suspension,PL-13,2951.98,2202.18,25.4,336,mature
FG-03334,Service kit assembly 03334,BEV Compact,E-drive,PL-05,2166.44,1843.64,14.9,2901,mature
FG-03335,Chassis & suspension assembly 03335,Hybrid D-Sedan,Powertrain,PL-07,330.05,296.05,10.3,2011,ramp-up
FG-03336,Thermal system assembly 03336,Aftermarket Service,Powertrain,PL-05,3304.5,2888.13,12.6,3752,ramp-up
FG-03337,Chassis & suspension assembly 03337,Aftermarket Service,Body-in-white,PL-16,1449.58,1323.47,8.7,3443,mature
FG-03338,Exterior module assembly 03338,Hybrid D-Sedan,Interior module,PL-10,1248.31,1078.54,13.6,205,mature
FG-03339,Interior module assembly 03339,B-Hatch Facelift,Exterior module,PL-20,1099.14,983.73,10.5,1364,mature
FG-03340,Interior module assembly 03340,C-SUV Gen5,Interior module,PL-01,2685.42,2494.76,7.1,1583,run-out
FG-03341,Thermal system assembly 03341,B-Hatch Facelift,Service kit,PL-09,3907.01,3457.7,11.5,971,run-out
FG-03342,Thermal system assembly 03342,C-SUV Gen4,Powertrain,PL-13,2459.15,2112.41,14.1,1693,mature
FG-03343,Interior module assembly 03343,BEV Crossover,Thermal system,PL-02,1748.38,1381.22,21,1984,mature
FG-03344,Electrical & electronics assembly 03344,C-SUV Gen4,Exterior module,PL-20,2525.84,2371.76,6.1,2685,mature
FG-03345,Exterior module assembly 03345,B-Hatch Facelift,Interior module,PL-19,1012.54,769.53,24,3613,run-out
FG-03346,Powertrain assembly 03346,Pickup Midsize,Service kit,PL-02,1827.03,1423.26,22.1,1120,mature
FG-03347,E-drive assembly 03347,BEV Compact,Service kit,PL-19,4165.07,3715.24,10.8,1953,mature
FG-03348,Thermal system assembly 03348,Hybrid D-Sedan,Thermal system,PL-15,2781.63,2183.58,21.5,486,mature
FG-03349,Powertrain assembly 03349,BEV Crossover,Interior module,PL-18,3775,3582.47,5.1,2511,mature
FG-03350,Service kit assembly 03350,Hybrid D-Sedan,Electrical & electronics,PL-07,1158.11,891.74,23,1044,mature
FG-03351,E-drive assembly 03351,C-SUV Gen4,Body-in-white,PL-04,1472.04,1389.61,5.6,2483,mature
FG-03352,Body-in-white assembly 03352,Pickup Midsize,Electrical & electronics,PL-18,876.71,672.44,23.3,1001,run-out
FG-03353,Body-in-white assembly 03353,BEV Compact,E-drive,PL-11,1973.75,1689.53,14.4,3279,ramp-up
FG-03354,Interior module assembly 03354,E-Van Commercial,Powertrain,PL-13,3881.59,3726.33,4,1482,ramp-up
FG-03355,Service kit assembly 03355,Aftermarket Service,Body-in-white,PL-19,2957.7,2309.96,21.9,358,mature
FG-03356,Powertrain assembly 03356,Pickup Midsize,Chassis & suspension,PL-20,4168.05,3967.98,4.8,141,mature
FG-03357,Electrical & electronics assembly 03357,C-SUV Gen4,Exterior module,PL-09,1553.71,1334.64,14.1,3320,mature
FG-03358,Body-in-white assembly 03358,C-SUV Gen4,Exterior module,PL-06,2584.7,2067.76,20,3691,mature
FG-03359,Exterior module assembly 03359,C-SUV Gen4,Interior module,PL-17,835.99,643.71,23,3053,run-out
FG-03360,Chassis & suspension assembly 03360,BEV Crossover,Service kit,PL-12,860.66,813.32,5.5,2618,mature
FG-03361,Chassis & suspension assembly 03361,Pickup Midsize,Chassis & suspension,PL-14,3850.35,2945.52,23.5,3168,mature
FG-03362,E-drive assembly 03362,BEV Crossover,Electrical & electronics,PL-11,3942.74,3244.88,17.7,2609,mature
FG-03363,Chassis & suspension assembly 03363,BEV Compact,Powertrain,PL-19,3486.38,3256.28,6.6,2271,mature
FG-03364,Interior module assembly 03364,B-Hatch Facelift,Electrical & electronics,PL-03,1557.61,1211.82,22.2,3046,ramp-up
FG-03365,Powertrain assembly 03365,D-Sedan,E-drive,PL-16,1434.66,1317.02,8.2,2708,mature
FG-03366,Interior module assembly 03366,Hybrid D-Sedan,Exterior module,PL-11,3789.03,3364.66,11.2,1973,mature
FG-03367,Chassis & suspension assembly 03367,E-Van Commercial,E-drive,PL-14,2213.92,2092.15,5.5,405,ramp-up
FG-03368,Chassis & suspension assembly 03368,Aftermarket Service,Exterior module,PL-01,1865,1684.1,9.7,1056,run-out
FG-03369,Electrical & electronics assembly 03369,BEV Crossover,Exterior module,PL-15,3043.22,2656.73,12.7,1173,mature
FG-03370,Electrical & electronics assembly 03370,Hybrid D-Sedan,Electrical & electronics,PL-11,3734.95,3111.21,16.7,2983,mature
FG-03371,Powertrain assembly 03371,E-Van Commercial,Body-in-white,PL-01,334.18,264,21,2983,mature
FG-03372,Exterior module assembly 03372,C-SUV Gen5,Electrical & electronics,PL-15,3166.98,2780.61,12.2,1304,run-out
FG-03373,Service kit assembly 03373,BEV Compact,Powertrain,PL-20,338.13,317.17,6.2,929,mature
FG-03374,Service kit assembly 03374,BEV Crossover,Exterior module,PL-12,2859.95,2634.01,7.9,516,ramp-up
FG-03375,Exterior module assembly 03375,C-SUV Gen4,Chassis & suspension,PL-09,708.3,544.68,23.1,3537,ramp-up
FG-03376,E-drive assembly 03376,BEV Compact,Powertrain,PL-10,160.76,144.68,10,2123,mature
FG-03377,E-drive assembly 03377,BEV Crossover,Exterior module,PL-07,1147.03,978.42,14.7,3692,ramp-up
FG-03378,Interior module assembly 03378,E-Van Commercial,E-drive,PL-15,1866.48,1786.22,4.3,2033,ramp-up
FG-03379,Interior module assembly 03379,B-Hatch Facelift,Electrical & electronics,PL-14,1587.94,1322.75,16.7,2513,run-out
FG-03380,Powertrain assembly 03380,C-SUV Gen4,Exterior module,PL-13,1631.58,1519,6.9,3087,run-out
FG-03381,E-drive assembly 03381,C-SUV Gen4,Chassis & suspension,PL-04,378.12,337.66,10.7,2965,mature
FG-03382,Interior module assembly 03382,C-SUV Gen5,Body-in-white,PL-01,3080.08,2919.92,5.2,1111,run-out
FG-03383,Body-in-white assembly 03383,Aftermarket Service,Exterior module,PL-03,770.32,623.19,19.1,3487,ramp-up
FG-03384,E-drive assembly 03384,BEV Compact,Electrical & electronics,PL-08,1367.75,1251.49,8.5,1229,run-out
FG-03385,Interior module assembly 03385,Hybrid D-Sedan,Body-in-white,PL-06,795.15,606.7,23.7,2945,mature
FG-03386,Chassis & suspension assembly 03386,D-Sedan,Electrical & electronics,PL-08,2139.31,1897.57,11.3,131,run-out
FG-03387,Interior module assembly 03387,BEV Crossover,Powertrain,PL-11,3908.23,3251.65,16.8,1824,run-out
FG-03388,Service kit assembly 03388,E-Van Commercial,Thermal system,PL-19,3090.6,2413.76,21.9,2386,mature
FG-03389,E-drive assembly 03389,D-Sedan,Interior module,PL-18,552.41,509.32,7.8,3399,ramp-up
FG-03390,Exterior module assembly 03390,BEV Crossover,Electrical & electronics,PL-15,460.78,343.74,25.4,2713,mature
FG-03391,Electrical & electronics assembly 03391,BEV Compact,E-drive,PL-03,3734.96,3417.49,8.5,3582,mature
FG-03392,Interior module assembly 03392,C-SUV Gen4,E-drive,PL-08,3834.52,3362.87,12.3,2292,mature
FG-03393,Interior module assembly 03393,B-Hatch Facelift,E-drive,PL-14,1504.74,1238.4,17.7,3442,run-out
FG-03394,Chassis & suspension assembly 03394,Hybrid D-Sedan,Service kit,PL-19,1084.16,1000.68,7.7,2376,run-out
FG-03395,Thermal system assembly 03395,BEV Crossover,Body-in-white,PL-11,839.38,789.02,6,2826,mature
FG-03396,Service kit assembly 03396,B-Hatch Facelift,Powertrain,PL-18,2256.95,1981.6,12.2,1701,mature
FG-03397,Exterior module assembly 03397,D-Sedan,Exterior module,PL-17,897.52,799.69,10.9,1540,mature
FG-03398,E-drive assembly 03398,Hybrid D-Sedan,Body-in-white,PL-17,362.17,331.39,8.5,1441,mature
FG-03399,Body-in-white assembly 03399,BEV Compact,Interior module,PL-19,3665.91,3240.66,11.6,532,mature
FG-03400,Electrical & electronics assembly 03400,Hybrid D-Sedan,E-drive,PL-10,2793.37,2449.79,12.3,2612,mature
FG-03401,Service kit assembly 03401,E-Van Commercial,Body-in-white,PL-19,3831.68,2923.57,23.7,3072,ramp-up
FG-03402,E-drive assembly 03402,Aftermarket Service,Chassis & suspension,PL-05,425.54,368.52,13.4,3470,mature
FG-03403,Powertrain assembly 03403,BEV Compact,Body-in-white,PL-17,3584.49,2924.94,18.4,810,mature
FG-03404,Powertrain assembly 03404,Hybrid D-Sedan,Service kit,PL-03,3192.31,3048.66,4.5,698,mature
FG-03405,Chassis & suspension assembly 03405,Aftermarket Service,Powertrain,PL-01,2488.71,2063.14,17.1,1424,run-out
FG-03406,Service kit assembly 03406,BEV Crossover,Interior module,PL-16,873.1,785.79,10,1922,mature
FG-03407,Electrical & electronics assembly 03407,Hybrid D-Sedan,Service kit,PL-07,3975.62,3566.13,10.3,3337,mature
FG-03408,Exterior module assembly 03408,E-Van Commercial,Powertrain,PL-17,2825.35,2689.73,4.8,436,run-out
FG-03409,Service kit assembly 03409,C-SUV Gen4,Body-in-white,PL-13,1060.62,968.35,8.7,674,mature
FG-03410,Body-in-white assembly 03410,E-Van Commercial,Body-in-white,PL-04,2926.68,2651.57,9.4,2841,mature
FG-03411,Interior module assembly 03411,Hybrid D-Sedan,Powertrain,PL-18,3610.37,3404.58,5.7,3358,mature
FG-03412,Powertrain assembly 03412,B-Hatch Facelift,Electrical & electronics,PL-10,2687.1,2453.32,8.7,3764,mature
FG-03413,Electrical & electronics assembly 03413,BEV Compact,Body-in-white,PL-14,3285,3061.62,6.8,471,mature
FG-03414,Body-in-white assembly 03414,D-Sedan,Thermal system,PL-03,1121.19,843.13,24.8,2166,ramp-up
FG-03415,Thermal system assembly 03415,C-SUV Gen5,Thermal system,PL-08,805.32,692.58,14,3033,mature
FG-03416,Interior module assembly 03416,Aftermarket Service,Service kit,PL-19,1240.25,1070.34,13.7,2517,ramp-up
FG-03417,Interior module assembly 03417,Aftermarket Service,Thermal system,PL-13,4134.96,3692.52,10.7,3592,mature
FG-03418,Chassis & suspension assembly 03418,B-Hatch Facelift,Electrical & electronics,PL-03,4079.56,3891.9,4.6,860,mature
FG-03419,Electrical & electronics assembly 03419,C-SUV Gen5,Exterior module,PL-06,1732.61,1507.37,13,89,mature
FG-03420,Chassis & suspension assembly 03420,E-Van Commercial,Electrical & electronics,PL-20,2725.51,2218.57,18.6,1113,ramp-up
FG-03421,Service kit assembly 03421,BEV Crossover,Service kit,PL-06,2284.17,2051.18,10.2,824,run-out
FG-03422,E-drive assembly 03422,D-Sedan,Body-in-white,PL-16,1272.8,1154.43,9.3,1127,mature
FG-03423,Electrical & electronics assembly 03423,D-Sedan,Exterior module,PL-08,3799.94,3207.15,15.6,2948,ramp-up
FG-03424,E-drive assembly 03424,Hybrid D-Sedan,Electrical & electronics,PL-10,541.64,410.56,24.2,1430,mature
FG-03425,Electrical & electronics assembly 03425,BEV Compact,Powertrain,PL-20,106.83,98.6,7.7,1209,mature
FG-03426,Thermal system assembly 03426,B-Hatch Facelift,Powertrain,PL-12,414.93,360.57,13.1,2629,run-out
FG-03427,Exterior module assembly 03427,BEV Compact,Exterior module,PL-20,3960.54,2970.4,25,476,ramp-up
FG-03428,Chassis & suspension assembly 03428,C-SUV Gen5,Powertrain,PL-01,2175.45,1933.98,11.1,2806,mature
FG-03429,Electrical & electronics assembly 03429,C-SUV Gen5,Chassis & suspension,PL-11,3677.72,2993.66,18.6,1795,mature
FG-03430,Thermal system assembly 03430,E-Van Commercial,Thermal system,PL-19,2533.04,2188.55,13.6,2487,ramp-up
FG-03431,Thermal system assembly 03431,Pickup Midsize,Interior module,PL-18,2868.2,2483.86,13.4,3574,mature
FG-03432,Body-in-white assembly 03432,B-Hatch Facelift,Thermal system,PL-08,116.8,110.61,5.3,2038,run-out
FG-03433,Exterior module assembly 03433,C-SUV Gen4,Interior module,PL-03,1997.14,1901.28,4.8,2761,mature
FG-03434,Service kit assembly 03434,Aftermarket Service,Exterior module,PL-05,1967.26,1760.7,10.5,2847,mature
FG-03435,Exterior module assembly 03435,D-Sedan,Service kit,PL-05,722.24,652.18,9.7,3590,mature
FG-03436,Powertrain assembly 03436,BEV Crossover,Interior module,PL-03,943.6,822.82,12.8,945,mature
FG-03437,Service kit assembly 03437,C-SUV Gen4,Chassis & suspension,PL-10,230.94,214.54,7.1,3638,ramp-up
FG-03438,Thermal system assembly 03438,BEV Crossover,Powertrain,PL-18,2990.78,2838.25,5.1,3311,ramp-up
FG-03439,Body-in-white assembly 03439,BEV Compact,Interior module,PL-13,1422.55,1260.38,11.4,2565,run-out
FG-03440,E-drive assembly 03440,D-Sedan,Service kit,PL-17,391.79,316.57,19.2,2587,run-out
FG-03441,Chassis & suspension assembly 03441,C-SUV Gen5,Electrical & electronics,PL-13,3090.52,2691.84,12.9,3304,mature
FG-03442,Powertrain assembly 03442,Pickup Midsize,Electrical & electronics,PL-04,3189.81,2481.67,22.2,943,ramp-up
FG-03443,Chassis & suspension assembly 03443,Aftermarket Service,Thermal system,PL-07,104.55,97.44,6.8,1889,ramp-up
FG-03444,Thermal system assembly 03444,D-Sedan,E-drive,PL-02,4130.38,3643,11.8,3701,run-out
FG-03445,Exterior module assembly 03445,Hybrid D-Sedan,Interior module,PL-06,2367.83,1839.8,22.3,3771,mature
FG-03446,Thermal system assembly 03446,C-SUV Gen4,Interior module,PL-08,1773.63,1371.02,22.7,1608,ramp-up
FG-03447,Exterior module assembly 03447,BEV Compact,Electrical & electronics,PL-15,3914.21,3170.51,19,2303,run-out
FG-03448,Interior module assembly 03448,Aftermarket Service,Service kit,PL-07,2831.41,2160.37,23.7,2267,mature
FG-03449,Powertrain assembly 03449,Aftermarket Service,Body-in-white,PL-08,1865.37,1788.89,4.1,2619,mature
FG-03450,E-drive assembly 03450,Pickup Midsize,Interior module,PL-14,3729.55,3252.17,12.8,1070,mature
FG-03451,Service kit assembly 03451,C-SUV Gen5,Interior module,PL-20,2923.04,2411.51,17.5,118,ramp-up
FG-03452,E-drive assembly 03452,Hybrid D-Sedan,Thermal system,PL-02,1254.97,957.54,23.7,1286,ramp-up
FG-03453,Electrical & electronics assembly 03453,BEV Crossover,Chassis & suspension,PL-09,776.17,728.82,6.1,559,mature
FG-03454,Exterior module assembly 03454,C-SUV Gen5,Powertrain,PL-05,3202.94,2472.67,22.8,115,ramp-up
FG-03455,Interior module assembly 03455,B-Hatch Facelift,Chassis & suspension,PL-10,3368.11,3132.34,7,2335,ramp-up
FG-03456,Powertrain assembly 03456,D-Sedan,Thermal system,PL-12,1629.21,1559.15,4.3,1216,run-out
FG-03457,Chassis & suspension assembly 03457,E-Van Commercial,Body-in-white,PL-09,1993.83,1547.21,22.4,1434,run-out
FG-03458,Powertrain assembly 03458,Aftermarket Service,Powertrain,PL-04,117.22,95.53,18.5,767,run-out
FG-03459,Service kit assembly 03459,C-SUV Gen4,Service kit,PL-03,2722.04,2602.27,4.4,184,mature
FG-03460,Exterior module assembly 03460,Pickup Midsize,Powertrain,PL-07,3650.3,2715.82,25.6,3761,run-out
FG-03461,Service kit assembly 03461,BEV Crossover,Interior module,PL-15,3802.47,3194.07,16,873,mature
FG-03462,Body-in-white assembly 03462,BEV Crossover,Powertrain,PL-12,173.84,153.85,11.5,2512,mature
FG-03463,Powertrain assembly 03463,B-Hatch Facelift,Chassis & suspension,PL-08,2157.98,1773.86,17.8,3150,mature
FG-03464,Thermal system assembly 03464,B-Hatch Facelift,Body-in-white,PL-11,327.48,269.84,17.6,516,ramp-up
FG-03465,Interior module assembly 03465,B-Hatch Facelift,Service kit,PL-04,4031.79,3757.63,6.8,1421,run-out
FG-03466,Service kit assembly 03466,BEV Crossover,Service kit,PL-10,2387.31,2026.83,15.1,2295,mature
FG-03467,E-drive assembly 03467,BEV Crossover,Interior module,PL-19,2394.64,1829.5,23.6,1162,ramp-up
FG-03468,Electrical & electronics assembly 03468,Pickup Midsize,Service kit,PL-09,2913.03,2272.16,22,3228,mature
FG-03469,Service kit assembly 03469,Pickup Midsize,Service kit,PL-02,57.01,54.1,5.1,1188,mature
FG-03470,Chassis & suspension assembly 03470,BEV Compact,Exterior module,PL-17,3240.18,2520.86,22.2,2083,ramp-up
FG-03471,Thermal system assembly 03471,E-Van Commercial,Chassis & suspension,PL-04,3696.27,3278.59,11.3,2404,ramp-up
FG-03472,Chassis & suspension assembly 03472,C-SUV Gen5,Powertrain,PL-07,3507.28,2942.61,16.1,2194,mature
FG-03473,Interior module assembly 03473,Aftermarket Service,Powertrain,PL-04,1263.9,1109.7,12.2,1418,ramp-up
FG-03474,Service kit assembly 03474,D-Sedan,Thermal system,PL-12,838.06,791.13,5.6,1302,ramp-up
FG-03475,Thermal system assembly 03475,BEV Crossover,Exterior module,PL-17,1717.67,1635.22,4.8,3069,ramp-up
FG-03476,E-drive assembly 03476,C-SUV Gen4,Electrical & electronics,PL-06,4143.6,3190.57,23,297,mature
FG-03477,Thermal system assembly 03477,BEV Compact,Service kit,PL-15,4118.8,3299.16,19.9,2704,mature
FG-03478,Electrical & electronics assembly 03478,C-SUV Gen4,Exterior module,PL-13,3219.58,3032.84,5.8,619,ramp-up
FG-03479,E-drive assembly 03479,Aftermarket Service,Chassis & suspension,PL-01,4124.18,3340.59,19,2480,ramp-up
FG-03480,Powertrain assembly 03480,B-Hatch Facelift,Powertrain,PL-09,168.41,128.83,23.5,1660,ramp-up
FG-03481,Thermal system assembly 03481,E-Van Commercial,E-drive,PL-08,478.56,426.4,10.9,1207,mature
FG-03482,Service kit assembly 03482,C-SUV Gen4,Exterior module,PL-16,3426.45,2713.75,20.8,1942,ramp-up
FG-03483,Service kit assembly 03483,Hybrid D-Sedan,Chassis & suspension,PL-10,1506.7,1279.19,15.1,3090,ramp-up
FG-03484,Service kit assembly 03484,C-SUV Gen5,Chassis & suspension,PL-18,1016.18,790.59,22.2,303,mature
FG-03485,Electrical & electronics assembly 03485,C-SUV Gen5,Body-in-white,PL-04,2520.61,1905.58,24.4,3784,ramp-up
FG-03486,E-drive assembly 03486,BEV Crossover,Chassis & suspension,PL-18,278.4,259.75,6.7,857,mature
FG-03487,Thermal system assembly 03487,C-SUV Gen4,Powertrain,PL-04,621.67,549.56,11.6,2922,mature
FG-03488,E-drive assembly 03488,Pickup Midsize,Body-in-white,PL-13,1124.42,841.07,25.2,2832,mature
FG-03489,Body-in-white assembly 03489,Aftermarket Service,E-drive,PL-16,1192.9,899.45,24.6,1515,ramp-up
FG-03490,Chassis & suspension assembly 03490,Hybrid D-Sedan,Interior module,PL-12,2528.22,2300.68,9,1752,ramp-up
FG-03491,Service kit assembly 03491,Pickup Midsize,Powertrain,PL-16,3616.08,2994.11,17.2,3131,ramp-up
FG-03492,Electrical & electronics assembly 03492,C-SUV Gen4,Thermal system,PL-12,708.69,576.16,18.7,1965,ramp-up
FG-03493,Body-in-white assembly 03493,Hybrid D-Sedan,E-drive,PL-04,3608.95,3244.45,10.1,3738,mature
FG-03494,Body-in-white assembly 03494,C-SUV Gen4,Electrical & electronics,PL-13,3931.75,3577.89,9,2696,mature
FG-03495,Body-in-white assembly 03495,BEV Compact,Chassis & suspension,PL-04,3872.45,3500.69,9.6,441,mature
FG-03496,Body-in-white assembly 03496,D-Sedan,Powertrain,PL-15,1607.6,1413.08,12.1,3010,mature
FG-03497,Chassis & suspension assembly 03497,Aftermarket Service,E-drive,PL-17,3962.82,3388.21,14.5,233,mature
FG-03498,E-drive assembly 03498,Hybrid D-Sedan,Exterior module,PL-15,4022.86,3548.16,11.8,2996,mature
FG-03499,Interior module assembly 03499,D-Sedan,Thermal system,PL-18,2628.87,2018.97,23.2,2268,mature
FG-03500,Thermal system assembly 03500,Pickup Midsize,Thermal system,PL-20,3127.8,2596.07,17,1166,mature
FG-03501,Electrical & electronics assembly 03501,C-SUV Gen5,Thermal system,PL-14,149.11,122.27,18,2820,mature
FG-03502,Exterior module assembly 03502,C-SUV Gen5,Service kit,PL-08,3958.49,3004.49,24.1,3201,run-out
FG-03503,Thermal system assembly 03503,C-SUV Gen5,Service kit,PL-16,668.97,555.91,16.9,254,run-out
FG-03504,Electrical & electronics assembly 03504,BEV Crossover,E-drive,PL-02,2044.01,1545.27,24.4,440,ramp-up
FG-03505,E-drive assembly 03505,C-SUV Gen5,Electrical & electronics,PL-02,2072.96,1793.11,13.5,3762,ramp-up
FG-03506,Interior module assembly 03506,Hybrid D-Sedan,Body-in-white,PL-05,2363.61,2117.79,10.4,1319,mature
FG-03507,Interior module assembly 03507,BEV Crossover,Chassis & suspension,PL-06,2476.91,2313.43,6.6,517,mature
FG-03508,Chassis & suspension assembly 03508,C-SUV Gen5,Exterior module,PL-17,908.95,861.68,5.2,2296,mature
FG-03509,Chassis & suspension assembly 03509,Hybrid D-Sedan,Exterior module,PL-18,2565.09,2393.23,6.7,2232,mature
FG-03510,Body-in-white assembly 03510,D-Sedan,Exterior module,PL-15,3641.24,2734.57,24.9,381,mature
FG-03511,Body-in-white assembly 03511,C-SUV Gen4,Powertrain,PL-02,3772.43,2983.99,20.9,962,run-out
FG-03512,Service kit assembly 03512,Hybrid D-Sedan,Powertrain,PL-01,3898.44,3122.65,19.9,1877,ramp-up
FG-03513,Interior module assembly 03513,D-Sedan,Powertrain,PL-08,2311.72,1946.47,15.8,539,ramp-up
FG-03514,Interior module assembly 03514,BEV Crossover,Exterior module,PL-07,1352.45,1169.87,13.5,877,mature
FG-03515,Body-in-white assembly 03515,E-Van Commercial,Chassis & suspension,PL-11,3975.79,3466.89,12.8,2625,mature
FG-03516,Electrical & electronics assembly 03516,D-Sedan,Chassis & suspension,PL-07,191.31,151.33,20.9,3129,mature
FG-03517,Service kit assembly 03517,C-SUV Gen4,Electrical & electronics,PL-07,1544.66,1450.44,6.1,337,mature
FG-03518,Exterior module assembly 03518,Pickup Midsize,Service kit,PL-11,3146.36,2771.94,11.9,755,ramp-up
FG-03519,Powertrain assembly 03519,BEV Compact,Electrical & electronics,PL-08,2052.8,1757.2,14.4,2111,mature
FG-03520,Chassis & suspension assembly 03520,Aftermarket Service,Service kit,PL-07,1364.45,1281.22,6.1,3676,mature
FG-03521,Powertrain assembly 03521,Pickup Midsize,Exterior module,PL-18,4196.24,3306.64,21.2,2635,mature
FG-03522,E-drive assembly 03522,D-Sedan,Interior module,PL-13,1675.13,1450.66,13.4,2987,mature
FG-03523,Electrical & electronics assembly 03523,Pickup Midsize,Exterior module,PL-14,669.83,641.7,4.2,2938,mature
FG-03524,Interior module assembly 03524,BEV Compact,Chassis & suspension,PL-14,3997.8,3230.22,19.2,2383,mature
FG-03525,E-drive assembly 03525,C-SUV Gen4,Thermal system,PL-15,1279.35,1179.56,7.8,226,ramp-up
FG-03526,Thermal system assembly 03526,BEV Compact,Body-in-white,PL-19,3678.96,3200.7,13,441,ramp-up
FG-03527,Chassis & suspension assembly 03527,E-Van Commercial,Body-in-white,PL-03,2038.78,1675.88,17.8,410,mature
FG-03528,Electrical & electronics assembly 03528,BEV Crossover,Service kit,PL-18,2139.34,1762.82,17.6,3137,mature
FG-03529,Powertrain assembly 03529,Aftermarket Service,Body-in-white,PL-19,4127.42,3594.98,12.9,380,mature
FG-03530,Powertrain assembly 03530,B-Hatch Facelift,Thermal system,PL-16,901.12,832.63,7.6,2350,run-out
FG-03531,Body-in-white assembly 03531,C-SUV Gen5,Thermal system,PL-17,3762.11,3194.03,15.1,528,mature
FG-03532,Exterior module assembly 03532,Hybrid D-Sedan,Service kit,PL-10,3925.1,3744.55,4.6,3503,ramp-up
FG-03533,E-drive assembly 03533,BEV Crossover,Thermal system,PL-02,2844.42,2596.96,8.7,2153,mature
FG-03534,Interior module assembly 03534,D-Sedan,Body-in-white,PL-07,3327.9,2738.86,17.7,284,ramp-up
FG-03535,Powertrain assembly 03535,E-Van Commercial,Powertrain,PL-05,2987.82,2596.42,13.1,1078,mature
FG-03536,Chassis & suspension assembly 03536,Hybrid D-Sedan,Service kit,PL-19,2494.15,2322.05,6.9,2288,mature
FG-03537,Interior module assembly 03537,BEV Compact,Body-in-white,PL-03,3699.89,2823.02,23.7,173,ramp-up
FG-03538,Exterior module assembly 03538,C-SUV Gen4,Thermal system,PL-17,1793.66,1408.02,21.5,2176,run-out
FG-03539,Powertrain assembly 03539,BEV Crossover,Chassis & suspension,PL-08,564.47,456.66,19.1,2977,ramp-up
FG-03540,Electrical & electronics assembly 03540,E-Van Commercial,Powertrain,PL-13,918.63,834.12,9.2,3318,mature
FG-03541,Body-in-white assembly 03541,C-SUV Gen5,Exterior module,PL-11,4198.89,3720.22,11.4,3538,mature
FG-03542,Chassis & suspension assembly 03542,BEV Compact,Body-in-white,PL-09,1220.8,964.43,21,2076,mature
FG-03543,Body-in-white assembly 03543,Hybrid D-Sedan,Service kit,PL-14,1041.14,942.23,9.5,2714,mature
FG-03544,Thermal system assembly 03544,B-Hatch Facelift,Chassis & suspension,PL-19,3893.69,3122.74,19.8,320,mature
FG-03545,Service kit assembly 03545,E-Van Commercial,Powertrain,PL-06,1392.05,1031.51,25.9,1795,ramp-up
FG-03546,Thermal system assembly 03546,E-Van Commercial,Service kit,PL-03,3999.75,3207.8,19.8,2837,ramp-up
FG-03547,Body-in-white assembly 03547,B-Hatch Facelift,Body-in-white,PL-01,202.48,167.45,17.3,3687,ramp-up
FG-03548,Electrical & electronics assembly 03548,D-Sedan,Chassis & suspension,PL-03,1117.56,1065.03,4.7,3382,run-out
FG-03549,Chassis & suspension assembly 03549,C-SUV Gen5,Interior module,PL-14,185.53,141.19,23.9,2745,mature
FG-03550,E-drive assembly 03550,E-Van Commercial,Electrical & electronics,PL-20,1679.01,1289.48,23.2,990,mature
FG-03551,Interior module assembly 03551,BEV Crossover,Service kit,PL-16,1688.69,1315.49,22.1,1083,mature
FG-03552,E-drive assembly 03552,E-Van Commercial,Powertrain,PL-11,531.5,427.33,19.6,1150,run-out
FG-03553,Body-in-white assembly 03553,Hybrid D-Sedan,Interior module,PL-12,876.05,707.85,19.2,2194,ramp-up
FG-03554,Powertrain assembly 03554,BEV Compact,Thermal system,PL-02,4050.12,3381.85,16.5,1870,mature
FG-03555,E-drive assembly 03555,Aftermarket Service,Chassis & suspension,PL-15,375.49,313.91,16.4,784,mature
FG-03556,Interior module assembly 03556,B-Hatch Facelift,Powertrain,PL-07,3389.83,2983.05,12,2414,mature
FG-03557,Chassis & suspension assembly 03557,E-Van Commercial,Chassis & suspension,PL-04,3305.86,2783.53,15.8,2864,ramp-up
FG-03558,Exterior module assembly 03558,Aftermarket Service,Electrical & electronics,PL-05,1752.66,1605.44,8.4,708,mature
FG-03559,Electrical & electronics assembly 03559,Pickup Midsize,Exterior module,PL-02,3149.17,2985.41,5.2,459,mature
FG-03560,Service kit assembly 03560,Hybrid D-Sedan,Service kit,PL-15,104.89,84.86,19.1,2081,mature
FG-03561,Interior module assembly 03561,C-SUV Gen4,Electrical & electronics,PL-06,2707.77,2469.49,8.8,3042,mature
FG-03562,Exterior module assembly 03562,Pickup Midsize,Interior module,PL-10,3669.25,3320.67,9.5,1539,ramp-up
FG-03563,Interior module assembly 03563,Pickup Midsize,Body-in-white,PL-12,3976.56,3722.06,6.4,906,mature
FG-03564,Service kit assembly 03564,B-Hatch Facelift,Chassis & suspension,PL-17,3487.1,3005.88,13.8,78,mature
FG-03565,Electrical & electronics assembly 03565,C-SUV Gen5,Exterior module,PL-02,2170.14,2039.93,6,369,mature
FG-03566,Interior module assembly 03566,Pickup Midsize,Interior module,PL-11,3685.59,3317.03,10,2076,ramp-up
FG-03567,Body-in-white assembly 03567,C-SUV Gen5,Electrical & electronics,PL-07,525.04,490.39,6.6,2276,mature
FG-03568,E-drive assembly 03568,C-SUV Gen5,Chassis & suspension,PL-14,3039.9,2593.03,14.7,1356,mature
FG-03569,Thermal system assembly 03569,C-SUV Gen4,Electrical & electronics,PL-03,171.86,162.24,5.6,3176,ramp-up
FG-03570,Interior module assembly 03570,Pickup Midsize,Thermal system,PL-07,1465.39,1115.16,23.9,1272,mature
FG-03571,E-drive assembly 03571,BEV Crossover,E-drive,PL-01,2472.53,2346.43,5.1,288,ramp-up
FG-03572,Thermal system assembly 03572,Aftermarket Service,Exterior module,PL-08,2354.8,1881.49,20.1,764,ramp-up
FG-03573,Body-in-white assembly 03573,BEV Compact,Exterior module,PL-11,3047.39,2468.39,19,241,mature
FG-03574,Chassis & suspension assembly 03574,BEV Compact,Electrical & electronics,PL-11,2450.43,1889.28,22.9,3103,run-out
FG-03575,Powertrain assembly 03575,Hybrid D-Sedan,Exterior module,PL-13,2422.5,2088.2,13.8,1354,mature
FG-03576,Electrical & electronics assembly 03576,E-Van Commercial,Body-in-white,PL-18,2491.34,2289.54,8.1,1950,run-out
FG-03577,Exterior module assembly 03577,E-Van Commercial,Service kit,PL-17,56.72,42.03,25.9,2377,mature
FG-03578,E-drive assembly 03578,B-Hatch Facelift,Exterior module,PL-19,1240.53,937.84,24.4,1441,mature
FG-03579,E-drive assembly 03579,Aftermarket Service,Exterior module,PL-15,833.98,720.56,13.6,3675,mature
FG-03580,Thermal system assembly 03580,Pickup Midsize,Thermal system,PL-04,1977.11,1492.72,24.5,2245,ramp-up
FG-03581,Electrical & electronics assembly 03581,C-SUV Gen5,Interior module,PL-01,780.39,632.9,18.9,844,run-out
FG-03582,Thermal system assembly 03582,D-Sedan,Exterior module,PL-03,2368.54,1762.19,25.6,2744,mature
FG-03583,Chassis & suspension assembly 03583,C-SUV Gen4,E-drive,PL-06,1866.52,1498.82,19.7,1021,ramp-up
FG-03584,E-drive assembly 03584,C-SUV Gen5,E-drive,PL-01,962.75,898.25,6.7,218,mature
FG-03585,Electrical & electronics assembly 03585,Hybrid D-Sedan,E-drive,PL-12,1879.49,1403.98,25.3,1374,run-out
FG-03586,E-drive assembly 03586,D-Sedan,E-drive,PL-15,3680.39,2749.25,25.3,3365,ramp-up
FG-03587,Electrical & electronics assembly 03587,Hybrid D-Sedan,Powertrain,PL-14,915.24,764.23,16.5,1634,mature
FG-03588,Thermal system assembly 03588,Pickup Midsize,Body-in-white,PL-09,1221.95,1173.07,4,3240,mature
FG-03589,Powertrain assembly 03589,Pickup Midsize,E-drive,PL-08,3715.65,3005.96,19.1,1489,run-out
FG-03590,Body-in-white assembly 03590,C-SUV Gen4,Interior module,PL-08,490.03,372.42,24,900,mature
FG-03591,Electrical & electronics assembly 03591,BEV Compact,Exterior module,PL-16,1230.8,952.64,22.6,1767,ramp-up
FG-03592,Thermal system assembly 03592,BEV Crossover,Electrical & electronics,PL-02,1996.44,1529.27,23.4,1021,mature
FG-03593,Body-in-white assembly 03593,C-SUV Gen4,Service kit,PL-15,2041.06,1855.32,9.1,1839,ramp-up
FG-03594,Interior module assembly 03594,D-Sedan,Thermal system,PL-12,2199.46,1667.19,24.2,1745,mature
FG-03595,E-drive assembly 03595,D-Sedan,Service kit,PL-19,1454.39,1077.7,25.9,800,run-out
FG-03596,Powertrain assembly 03596,C-SUV Gen5,Interior module,PL-16,4151,3843.83,7.4,3414,ramp-up
FG-03597,Powertrain assembly 03597,BEV Crossover,E-drive,PL-10,463.45,386.05,16.7,2429,mature
FG-03598,Chassis & suspension assembly 03598,BEV Compact,Exterior module,PL-16,3213.75,2966.29,7.7,2197,mature
FG-03599,Interior module assembly 03599,C-SUV Gen5,Powertrain,PL-19,3927.79,3751.04,4.5,1248,mature
FG-03600,Thermal system assembly 03600,BEV Crossover,Service kit,PL-04,1863.45,1669.65,10.4,2608,run-out
FG-03601,Exterior module assembly 03601,D-Sedan,E-drive,PL-18,2136.08,1918.2,10.2,2609,mature
FG-03602,Body-in-white assembly 03602,Aftermarket Service,Exterior module,PL-09,3715.99,2813,24.3,3571,mature
FG-03603,Thermal system assembly 03603,D-Sedan,Service kit,PL-20,2228.27,1882.89,15.5,1192,ramp-up
FG-03604,Body-in-white assembly 03604,B-Hatch Facelift,Thermal system,PL-20,3399.67,2634.74,22.5,3376,ramp-up
FG-03605,Thermal system assembly 03605,Pickup Midsize,Body-in-white,PL-13,1447.78,1240.75,14.3,1084,run-out
FG-03606,Body-in-white assembly 03606,C-SUV Gen5,Body-in-white,PL-19,1357.33,1146.94,15.5,863,mature
FG-03607,Chassis & suspension assembly 03607,C-SUV Gen4,Interior module,PL-16,1943.7,1580.23,18.7,1845,run-out
FG-03608,Thermal system assembly 03608,D-Sedan,Service kit,PL-17,2028.58,1752.69,13.6,388,ramp-up
FG-03609,Powertrain assembly 03609,D-Sedan,Service kit,PL-18,642.93,496.98,22.7,3466,mature
FG-03610,Service kit assembly 03610,Aftermarket Service,Electrical & electronics,PL-12,3721.97,3264.17,12.3,1653,run-out
FG-03611,Chassis & suspension assembly 03611,B-Hatch Facelift,Interior module,PL-10,4052.45,3707.99,8.5,3772,mature
FG-03612,E-drive assembly 03612,BEV Crossover,Powertrain,PL-05,952.15,751.25,21.1,898,ramp-up
FG-03613,Powertrain assembly 03613,C-SUV Gen4,Interior module,PL-05,1511.44,1213.69,19.7,3380,ramp-up
FG-03614,Body-in-white assembly 03614,B-Hatch Facelift,Thermal system,PL-14,3397.13,2520.67,25.8,3417,ramp-up
FG-03615,Thermal system assembly 03615,BEV Compact,E-drive,PL-14,768.48,660.12,14.1,3104,mature
FG-03616,Chassis & suspension assembly 03616,Aftermarket Service,Electrical & electronics,PL-14,840.39,686.6,18.3,2059,run-out
FG-03617,E-drive assembly 03617,D-Sedan,Service kit,PL-17,1233.77,932.73,24.4,1357,run-out
FG-03618,Thermal system assembly 03618,E-Van Commercial,Powertrain,PL-10,2903.12,2191.86,24.5,1091,ramp-up
FG-03619,Body-in-white assembly 03619,B-Hatch Facelift,Exterior module,PL-07,471.27,417.55,11.4,2888,mature
FG-03620,Service kit assembly 03620,B-Hatch Facelift,Electrical & electronics,PL-15,3986.36,3025.65,24.1,2262,mature
FG-03621,Service kit assembly 03621,Aftermarket Service,E-drive,PL-03,690.93,520.96,24.6,1064,mature
FG-03622,Chassis & suspension assembly 03622,BEV Crossover,Interior module,PL-05,2228.26,1720.22,22.8,2196,mature
FG-03623,Exterior module assembly 03623,D-Sedan,Chassis & suspension,PL-02,2775.85,2467.73,11.1,1736,ramp-up
FG-03624,Interior module assembly 03624,Aftermarket Service,Electrical & electronics,PL-15,1841.17,1559.47,15.3,1141,mature
FG-03625,Exterior module assembly 03625,Pickup Midsize,E-drive,PL-02,309.48,245.42,20.7,1735,ramp-up
FG-03626,Service kit assembly 03626,BEV Crossover,Electrical & electronics,PL-20,2983.93,2548.28,14.6,368,mature
FG-03627,Thermal system assembly 03627,BEV Compact,E-drive,PL-15,2687.81,2300.77,14.4,1394,mature
FG-03628,Powertrain assembly 03628,D-Sedan,Body-in-white,PL-03,4098.98,3516.92,14.2,3351,mature
FG-03629,Chassis & suspension assembly 03629,Hybrid D-Sedan,Thermal system,PL-04,61.53,45.59,25.9,1954,ramp-up
FG-03630,Powertrain assembly 03630,B-Hatch Facelift,Service kit,PL-18,94.57,77.83,17.7,1827,ramp-up
FG-03631,E-drive assembly 03631,B-Hatch Facelift,Powertrain,PL-16,3068.26,2650.98,13.6,2957,mature
FG-03632,Interior module assembly 03632,C-SUV Gen5,Exterior module,PL-04,1301.98,1002.52,23,3444,mature
FG-03633,Chassis & suspension assembly 03633,D-Sedan,Interior module,PL-06,3619.72,2816.14,22.2,3436,ramp-up
FG-03634,Chassis & suspension assembly 03634,D-Sedan,Exterior module,PL-01,2572.65,2377.13,7.6,2692,mature
FG-03635,Electrical & electronics assembly 03635,BEV Compact,Interior module,PL-02,2168.89,1882.6,13.2,3090,run-out
FG-03636,E-drive assembly 03636,B-Hatch Facelift,Electrical & electronics,PL-05,2235.42,1710.1,23.5,993,mature
FG-03637,E-drive assembly 03637,Hybrid D-Sedan,Thermal system,PL-14,1737.25,1666.02,4.1,3468,mature
FG-03638,Service kit assembly 03638,B-Hatch Facelift,Electrical & electronics,PL-08,278.69,263.08,5.6,320,mature
FG-03639,Exterior module assembly 03639,D-Sedan,Body-in-white,PL-19,1941.92,1769.09,8.9,1588,run-out
FG-03640,Powertrain assembly 03640,BEV Crossover,Service kit,PL-10,687.61,541.84,21.2,595,run-out
FG-03641,Service kit assembly 03641,Pickup Midsize,Thermal system,PL-05,1332.86,1023.64,23.2,2463,mature
FG-03642,Chassis & suspension assembly 03642,B-Hatch Facelift,Body-in-white,PL-18,1316.26,1153.04,12.4,873,mature
FG-03643,Powertrain assembly 03643,C-SUV Gen4,E-drive,PL-02,3885.1,3539.33,8.9,1377,ramp-up
FG-03644,Powertrain assembly 03644,BEV Compact,Service kit,PL-03,379.87,290.98,23.4,523,run-out
FG-03645,E-drive assembly 03645,E-Van Commercial,Service kit,PL-02,560.86,496.92,11.4,189,ramp-up
FG-03646,Body-in-white assembly 03646,C-SUV Gen5,E-drive,PL-11,2946.98,2684.7,8.9,410,mature
FG-03647,Powertrain assembly 03647,C-SUV Gen4,Chassis & suspension,PL-15,731.77,643.23,12.1,954,ramp-up
FG-03648,Exterior module assembly 03648,BEV Compact,Powertrain,PL-06,2501.61,2071.33,17.2,294,mature
FG-03649,Electrical & electronics assembly 03649,BEV Crossover,Electrical & electronics,PL-01,1276.07,976.19,23.5,3324,ramp-up
FG-03650,Electrical & electronics assembly 03650,BEV Compact,Powertrain,PL-03,4055.5,3195.73,21.2,3793,mature
FG-03651,Interior module assembly 03651,C-SUV Gen5,Interior module,PL-12,1380.78,1268.94,8.1,1946,mature
FG-03652,Chassis & suspension assembly 03652,D-Sedan,Thermal system,PL-02,1555.25,1349.96,13.2,661,mature
FG-03653,Service kit assembly 03653,BEV Crossover,Powertrain,PL-04,723.88,600.1,17.1,2771,mature
FG-03654,E-drive assembly 03654,BEV Crossover,Interior module,PL-10,994.54,880.17,11.5,1999,run-out
FG-03655,Body-in-white assembly 03655,C-SUV Gen4,Interior module,PL-15,1811.53,1425.67,21.3,1548,ramp-up
FG-03656,Electrical & electronics assembly 03656,BEV Compact,Chassis & suspension,PL-12,1976.28,1505.93,23.8,3622,mature
FG-03657,Exterior module assembly 03657,C-SUV Gen4,Powertrain,PL-03,4005.22,3752.89,6.3,128,mature
FG-03658,Powertrain assembly 03658,BEV Compact,Exterior module,PL-09,49.85,45.06,9.6,2371,mature
FG-03659,Body-in-white assembly 03659,C-SUV Gen4,E-drive,PL-16,1703.99,1313.78,22.9,87,mature
FG-03660,Body-in-white assembly 03660,BEV Compact,Service kit,PL-15,1513.23,1221.18,19.3,1070,mature
FG-03661,Body-in-white assembly 03661,E-Van Commercial,Thermal system,PL-18,3301.58,2697.39,18.3,124,mature
FG-03662,Service kit assembly 03662,BEV Crossover,E-drive,PL-14,820.24,616,24.9,2149,mature
FG-03663,Thermal system assembly 03663,C-SUV Gen5,Powertrain,PL-16,283.65,230.61,18.7,1024,mature
FG-03664,Thermal system assembly 03664,E-Van Commercial,Thermal system,PL-12,3692.68,3124.01,15.4,1264,mature
FG-03665,Powertrain assembly 03665,Pickup Midsize,Interior module,PL-01,2804.97,2678.75,4.5,3057,run-out
FG-03666,Powertrain assembly 03666,Hybrid D-Sedan,Interior module,PL-18,372.55,280.16,24.8,3597,mature
FG-03667,E-drive assembly 03667,C-SUV Gen5,Body-in-white,PL-04,476.57,452.26,5.1,3383,mature
FG-03668,Electrical & electronics assembly 03668,Hybrid D-Sedan,Service kit,PL-19,1199.24,1105.7,7.8,2359,ramp-up
FG-03669,Electrical & electronics assembly 03669,C-SUV Gen5,Interior module,PL-10,2097.97,1730.83,17.5,1012,mature
FG-03670,Chassis & suspension assembly 03670,BEV Compact,Body-in-white,PL-14,1551.69,1208.77,22.1,2654,run-out
FG-03671,Chassis & suspension assembly 03671,E-Van Commercial,E-drive,PL-18,599.35,519.04,13.4,1764,ramp-up
FG-03672,Electrical & electronics assembly 03672,C-SUV Gen5,Chassis & suspension,PL-14,805.6,678.32,15.8,3753,mature
FG-03673,Service kit assembly 03673,Pickup Midsize,Powertrain,PL-13,308.71,270.74,12.3,549,mature
FG-03674,Chassis & suspension assembly 03674,C-SUV Gen4,E-drive,PL-14,515.6,466.1,9.6,282,run-out
FG-03675,Body-in-white assembly 03675,B-Hatch Facelift,Service kit,PL-06,2669.11,2089.91,21.7,1454,ramp-up
FG-03676,Interior module assembly 03676,E-Van Commercial,Thermal system,PL-13,2597.46,2171.48,16.4,2303,mature
FG-03677,Service kit assembly 03677,B-Hatch Facelift,Chassis & suspension,PL-08,265.84,205.49,22.7,3797,ramp-up
FG-03678,Service kit assembly 03678,BEV Crossover,Interior module,PL-09,3355.26,2499.67,25.5,2467,mature
FG-03679,Electrical & electronics assembly 03679,D-Sedan,Electrical & electronics,PL-07,4093.56,3254.38,20.5,3313,mature
FG-03680,Service kit assembly 03680,Aftermarket Service,Powertrain,PL-13,4128.59,3703.35,10.3,3666,mature
FG-03681,Body-in-white assembly 03681,D-Sedan,Exterior module,PL-02,188.57,174.62,7.4,894,mature
FG-03682,Powertrain assembly 03682,BEV Crossover,Electrical & electronics,PL-08,1164.72,907.32,22.1,1307,run-out
FG-03683,Thermal system assembly 03683,D-Sedan,E-drive,PL-04,1825.93,1581.26,13.4,3770,ramp-up
FG-03684,Body-in-white assembly 03684,Hybrid D-Sedan,Service kit,PL-06,420.8,328.22,22,3400,run-out
FG-03685,Interior module assembly 03685,BEV Crossover,Chassis & suspension,PL-09,1996.68,1487.53,25.5,229,mature
FG-03686,Body-in-white assembly 03686,Hybrid D-Sedan,Body-in-white,PL-01,3281.05,2654.37,19.1,1488,mature
FG-03687,Chassis & suspension assembly 03687,E-Van Commercial,Interior module,PL-13,675.01,564.98,16.3,2383,ramp-up
FG-03688,Thermal system assembly 03688,D-Sedan,Service kit,PL-08,583.95,515.63,11.7,2082,mature
FG-03689,E-drive assembly 03689,BEV Crossover,E-drive,PL-13,3000.47,2487.39,17.1,1983,ramp-up
FG-03690,Body-in-white assembly 03690,Hybrid D-Sedan,Thermal system,PL-16,4044.4,3393.25,16.1,1373,ramp-up
FG-03691,E-drive assembly 03691,Hybrid D-Sedan,Thermal system,PL-19,840.12,720.82,14.2,1843,run-out
FG-03692,Thermal system assembly 03692,BEV Crossover,Electrical & electronics,PL-09,2885.95,2675.28,7.3,1533,mature
FG-03693,Electrical & electronics assembly 03693,E-Van Commercial,Chassis & suspension,PL-10,55.78,43.06,22.8,1904,run-out
FG-03694,Powertrain assembly 03694,Hybrid D-Sedan,Body-in-white,PL-19,3572.94,3062.01,14.3,564,mature
FG-03695,Powertrain assembly 03695,Hybrid D-Sedan,Thermal system,PL-14,2066.15,1969.04,4.7,409,mature
FG-03696,Exterior module assembly 03696,B-Hatch Facelift,Interior module,PL-02,3062.74,2560.45,16.4,1031,ramp-up
FG-03697,E-drive assembly 03697,BEV Crossover,Body-in-white,PL-01,2029.03,1864.68,8.1,2653,ramp-up
FG-03698,Electrical & electronics assembly 03698,Aftermarket Service,Chassis & suspension,PL-16,3607.89,3005.37,16.7,3687,ramp-up
FG-03699,E-drive assembly 03699,Pickup Midsize,Chassis & suspension,PL-20,3643.51,2914.81,20,3253,mature
FG-03700,E-drive assembly 03700,BEV Compact,Thermal system,PL-17,2628.32,2512.67,4.4,1094,ramp-up
FG-03701,Service kit assembly 03701,Hybrid D-Sedan,Powertrain,PL-17,712.15,589.66,17.2,2460,run-out
FG-03702,Electrical & electronics assembly 03702,Pickup Midsize,Thermal system,PL-14,3358.52,3157.01,6,1485,mature
FG-03703,E-drive assembly 03703,C-SUV Gen5,Interior module,PL-09,253.17,209.88,17.1,3554,ramp-up
FG-03704,Chassis & suspension assembly 03704,BEV Crossover,Exterior module,PL-05,564.74,541.02,4.2,3483,mature
FG-03705,E-drive assembly 03705,C-SUV Gen4,Exterior module,PL-20,4062.65,3298.87,18.8,2686,mature
FG-03706,Thermal system assembly 03706,C-SUV Gen5,Chassis & suspension,PL-16,3657.16,3265.84,10.7,1063,mature
FG-03707,Powertrain assembly 03707,E-Van Commercial,Electrical & electronics,PL-01,2741.67,2475.73,9.7,1403,run-out
FG-03708,Body-in-white assembly 03708,C-SUV Gen5,Interior module,PL-14,1632.1,1521.12,6.8,3636,ramp-up
FG-03709,E-drive assembly 03709,D-Sedan,Service kit,PL-20,2963.56,2471.61,16.6,262,run-out
FG-03710,Electrical & electronics assembly 03710,BEV Crossover,Thermal system,PL-05,2804.17,2333.07,16.8,3206,mature
FG-03711,Exterior module assembly 03711,B-Hatch Facelift,E-drive,PL-05,726.05,548.89,24.4,21,run-out
FG-03712,Body-in-white assembly 03712,Hybrid D-Sedan,E-drive,PL-11,3903.52,3727.86,4.5,2014,ramp-up
FG-03713,Chassis & suspension assembly 03713,C-SUV Gen5,Exterior module,PL-15,308.47,293.35,4.9,2811,mature
FG-03714,Powertrain assembly 03714,E-Van Commercial,Exterior module,PL-04,722.96,634.76,12.2,2378,mature
FG-03715,E-drive assembly 03715,BEV Compact,Electrical & electronics,PL-19,4143.94,3642.52,12.1,1981,run-out
FG-03716,Body-in-white assembly 03716,D-Sedan,Chassis & suspension,PL-04,2920.2,2525.97,13.5,316,ramp-up
FG-03717,E-drive assembly 03717,Pickup Midsize,Powertrain,PL-13,2691.53,2349.71,12.7,2182,run-out
FG-03718,Service kit assembly 03718,Hybrid D-Sedan,Thermal system,PL-14,3115,2850.22,8.5,1847,run-out
FG-03719,Powertrain assembly 03719,E-Van Commercial,Body-in-white,PL-12,1703.48,1279.31,24.9,1643,mature
FG-03720,Thermal system assembly 03720,C-SUV Gen5,E-drive,PL-18,4156.37,3828.02,7.9,1486,run-out
FG-03721,Thermal system assembly 03721,E-Van Commercial,Powertrain,PL-11,3787.4,3196.57,15.6,918,ramp-up
FG-03722,Thermal system assembly 03722,C-SUV Gen5,E-drive,PL-16,684.78,555.36,18.9,2336,mature
FG-03723,E-drive assembly 03723,E-Van Commercial,Interior module,PL-19,2433.4,2012.42,17.3,280,mature
FG-03724,Chassis & suspension assembly 03724,D-Sedan,Service kit,PL-20,2244.31,2080.48,7.3,2142,run-out
FG-03725,Exterior module assembly 03725,BEV Compact,Thermal system,PL-15,971.32,735.29,24.3,911,ramp-up
FG-03726,Electrical & electronics assembly 03726,C-SUV Gen5,Service kit,PL-10,2379.86,2032.4,14.6,2033,mature
FG-03727,Powertrain assembly 03727,Pickup Midsize,Electrical & electronics,PL-06,2442.93,1890.83,22.6,2296,mature
FG-03728,E-drive assembly 03728,BEV Compact,Service kit,PL-12,1749.34,1556.91,11,145,run-out
FG-03729,Service kit assembly 03729,BEV Compact,Thermal system,PL-01,3629.07,2983.1,17.8,3406,run-out
FG-03730,Interior module assembly 03730,Hybrid D-Sedan,Thermal system,PL-13,2150.84,1890.59,12.1,364,ramp-up
FG-03731,Body-in-white assembly 03731,BEV Compact,Exterior module,PL-08,1541.88,1221.17,20.8,100,ramp-up
FG-03732,Powertrain assembly 03732,E-Van Commercial,Powertrain,PL-18,549.84,439.32,20.1,2160,mature
FG-03733,Powertrain assembly 03733,BEV Compact,Electrical & electronics,PL-12,4071.96,3660.69,10.1,1432,mature
FG-03734,Electrical & electronics assembly 03734,C-SUV Gen4,Exterior module,PL-04,3881.37,3566.98,8.1,1776,run-out
FG-03735,Exterior module assembly 03735,D-Sedan,Powertrain,PL-09,3240.59,3085.04,4.8,579,ramp-up
FG-03736,Service kit assembly 03736,C-SUV Gen4,Powertrain,PL-20,2302.23,1947.69,15.4,965,ramp-up
FG-03737,Service kit assembly 03737,D-Sedan,Interior module,PL-02,2466.87,2326.26,5.7,2495,mature
FG-03738,Interior module assembly 03738,D-Sedan,Service kit,PL-19,613.14,475.18,22.5,615,mature
FG-03739,Thermal system assembly 03739,BEV Crossover,E-drive,PL-20,2284.96,1738.85,23.9,2405,run-out
FG-03740,E-drive assembly 03740,D-Sedan,Powertrain,PL-19,3975.97,3041.62,23.5,1925,run-out
FG-03741,Interior module assembly 03741,E-Van Commercial,Chassis & suspension,PL-13,2681.22,2091.35,22,2108,mature
FG-03742,Exterior module assembly 03742,Aftermarket Service,Body-in-white,PL-15,3630.9,3216.98,11.4,29,ramp-up
FG-03743,Exterior module assembly 03743,E-Van Commercial,Electrical & electronics,PL-05,1276.42,1169.2,8.4,3601,mature
FG-03744,Electrical & electronics assembly 03744,Pickup Midsize,Body-in-white,PL-16,4163.59,3888.79,6.6,300,mature
FG-03745,Powertrain assembly 03745,C-SUV Gen4,Exterior module,PL-16,3972.96,3059.18,23,2695,ramp-up
FG-03746,Electrical & electronics assembly 03746,Hybrid D-Sedan,Powertrain,PL-06,912.42,728.11,20.2,626,mature
FG-03747,Service kit assembly 03747,Hybrid D-Sedan,Interior module,PL-14,2361.97,2097.43,11.2,1540,mature
FG-03748,Body-in-white assembly 03748,C-SUV Gen4,Interior module,PL-11,3080.64,2569.25,16.6,155,mature
FG-03749,Chassis & suspension assembly 03749,C-SUV Gen5,E-drive,PL-12,990.6,916.31,7.5,2249,run-out
FG-03750,Powertrain assembly 03750,BEV Compact,E-drive,PL-05,2833.55,2595.53,8.4,474,mature
FG-03751,Thermal system assembly 03751,Pickup Midsize,Powertrain,PL-07,3079.14,2774.31,9.9,509,mature
FG-03752,Electrical & electronics assembly 03752,BEV Crossover,Powertrain,PL-01,2565.72,2070.54,19.3,3013,run-out
FG-03753,E-drive assembly 03753,C-SUV Gen5,Interior module,PL-11,393.21,357.82,9,1895,mature
FG-03754,Exterior module assembly 03754,E-Van Commercial,E-drive,PL-07,618.16,463.62,25,2662,mature
FG-03755,Powertrain assembly 03755,C-SUV Gen4,Interior module,PL-12,511,425.15,16.8,362,run-out
FG-03756,Exterior module assembly 03756,BEV Compact,Powertrain,PL-04,1925.5,1848.48,4,296,mature
FG-03757,Chassis & suspension assembly 03757,BEV Compact,Powertrain,PL-10,75.39,69.58,7.7,2109,mature
FG-03758,Service kit assembly 03758,Pickup Midsize,Interior module,PL-03,3733.19,3333.74,10.7,177,run-out
FG-03759,Body-in-white assembly 03759,B-Hatch Facelift,E-drive,PL-09,3751.19,3259.78,13.1,303,mature
FG-03760,Powertrain assembly 03760,Aftermarket Service,Thermal system,PL-17,2089.67,1966.38,5.9,3570,ramp-up
FG-03761,E-drive assembly 03761,D-Sedan,Interior module,PL-18,1632.29,1330.32,18.5,2716,ramp-up
FG-03762,Powertrain assembly 03762,C-SUV Gen4,Electrical & electronics,PL-04,2493.6,2044.75,18,2369,run-out
FG-03763,Exterior module assembly 03763,C-SUV Gen4,E-drive,PL-04,663.87,568.27,14.4,2668,ramp-up
FG-03764,Interior module assembly 03764,D-Sedan,E-drive,PL-16,1455.99,1196.82,17.8,2957,mature
FG-03765,Interior module assembly 03765,C-SUV Gen5,Thermal system,PL-11,2049.6,1535.15,25.1,2890,ramp-up
FG-03766,Interior module assembly 03766,Aftermarket Service,Electrical & electronics,PL-20,1302.43,1130.51,13.2,927,mature
FG-03767,E-drive assembly 03767,Pickup Midsize,Body-in-white,PL-13,3588.78,3394.99,5.4,1582,mature
FG-03768,Electrical & electronics assembly 03768,C-SUV Gen4,Powertrain,PL-14,45.24,39.72,12.2,1162,mature
FG-03769,Service kit assembly 03769,E-Van Commercial,E-drive,PL-14,2013.57,1536.35,23.7,1157,run-out
FG-03770,Interior module assembly 03770,D-Sedan,Electrical & electronics,PL-01,2030.73,1868.27,8,120,run-out
FG-03771,Thermal system assembly 03771,BEV Compact,E-drive,PL-02,3636.17,3450.73,5.1,1861,ramp-up
FG-03772,Body-in-white assembly 03772,C-SUV Gen4,Electrical & electronics,PL-07,3656.28,3382.06,7.5,2131,mature
FG-03773,Powertrain assembly 03773,E-Van Commercial,Service kit,PL-04,1755.99,1341.58,23.6,2954,mature
FG-03774,E-drive assembly 03774,E-Van Commercial,Chassis & suspension,PL-15,4017.63,3366.77,16.2,1679,mature
FG-03775,Service kit assembly 03775,Aftermarket Service,Thermal system,PL-05,3926.87,3000.13,23.6,111,ramp-up
FG-03776,Powertrain assembly 03776,C-SUV Gen5,Body-in-white,PL-06,3090.99,2361.52,23.6,3487,run-out
FG-03777,Service kit assembly 03777,Hybrid D-Sedan,Service kit,PL-03,1054.21,795.93,24.5,1727,ramp-up
FG-03778,Body-in-white assembly 03778,E-Van Commercial,Body-in-white,PL-09,4070.28,3695.81,9.2,1013,mature
FG-03779,Service kit assembly 03779,BEV Compact,Electrical & electronics,PL-05,2972.23,2452.09,17.5,3630,mature
FG-03780,Thermal system assembly 03780,BEV Compact,Thermal system,PL-04,3239.3,2714.53,16.2,316,mature
FG-03781,Exterior module assembly 03781,C-SUV Gen5,Chassis & suspension,PL-04,3386.1,2813.85,16.9,1612,run-out
FG-03782,Chassis & suspension assembly 03782,Aftermarket Service,Body-in-white,PL-11,618.9,458.6,25.9,2334,run-out
FG-03783,Exterior module assembly 03783,D-Sedan,E-drive,PL-15,2984.16,2318.69,22.3,163,mature
FG-03784,Chassis & suspension assembly 03784,BEV Crossover,Powertrain,PL-11,2304.2,2101.43,8.8,285,mature
FG-03785,Electrical & electronics assembly 03785,BEV Crossover,Interior module,PL-10,3465.09,3326.49,4,2317,run-out
FG-03786,Powertrain assembly 03786,BEV Crossover,Chassis & suspension,PL-04,2026.74,1637.61,19.2,3532,mature
FG-03787,Powertrain assembly 03787,B-Hatch Facelift,Exterior module,PL-16,1565.12,1253.66,19.9,3269,mature
FG-03788,Chassis & suspension assembly 03788,C-SUV Gen4,Service kit,PL-19,111.72,106.69,4.5,959,run-out
FG-03789,Body-in-white assembly 03789,D-Sedan,Body-in-white,PL-11,3860.18,2941.46,23.8,2899,mature
FG-03790,Chassis & suspension assembly 03790,BEV Compact,Body-in-white,PL-14,1660.11,1500.74,9.6,3738,mature
FG-03791,Electrical & electronics assembly 03791,Hybrid D-Sedan,Powertrain,PL-19,4173.11,3956.11,5.2,3174,mature
FG-03792,Interior module assembly 03792,E-Van Commercial,Thermal system,PL-15,2265.93,2082.39,8.1,1144,mature
FG-03793,E-drive assembly 03793,Pickup Midsize,Powertrain,PL-08,2530.87,2100.62,17,1765,run-out
FG-03794,Powertrain assembly 03794,BEV Crossover,Chassis & suspension,PL-05,2818.36,2274.42,19.3,3323,mature
FG-03795,Chassis & suspension assembly 03795,C-SUV Gen5,Chassis & suspension,PL-04,3346.68,3088.99,7.7,795,mature
FG-03796,Service kit assembly 03796,Aftermarket Service,Service kit,PL-07,3528.96,3373.69,4.4,887,mature
FG-03797,Electrical & electronics assembly 03797,BEV Compact,Thermal system,PL-09,1137.25,852.94,25,453,mature
FG-03798,Service kit assembly 03798,D-Sedan,Service kit,PL-19,2113.87,1982.81,6.2,119,run-out
FG-03799,Electrical & electronics assembly 03799,D-Sedan,Chassis & suspension,PL-19,3634.93,2700.75,25.7,182,run-out
FG-03800,Body-in-white assembly 03800,BEV Compact,Body-in-white,PL-05,285.98,218.77,23.5,1475,ramp-up
FG-03801,Exterior module assembly 03801,D-Sedan,Service kit,PL-14,884.93,761.92,13.9,3634,run-out
FG-03802,Thermal system assembly 03802,C-SUV Gen5,Interior module,PL-17,1937.1,1586.48,18.1,759,mature
FG-03803,Exterior module assembly 03803,C-SUV Gen4,Body-in-white,PL-02,822.49,787.95,4.2,953,mature
FG-03804,Chassis & suspension assembly 03804,Pickup Midsize,Chassis & suspension,PL-12,3010.2,2721.22,9.6,1655,mature
FG-03805,Service kit assembly 03805,C-SUV Gen4,Electrical & electronics,PL-09,2525.08,2360.95,6.5,201,mature
FG-03806,Powertrain assembly 03806,Pickup Midsize,Powertrain,PL-02,2146.54,1796.65,16.3,1776,ramp-up
FG-03807,Thermal system assembly 03807,BEV Compact,Service kit,PL-19,2704.57,2412.48,10.8,2076,ramp-up
FG-03808,Interior module assembly 03808,B-Hatch Facelift,Service kit,PL-15,3022.9,2472.73,18.2,1414,mature
FG-03809,Service kit assembly 03809,C-SUV Gen5,Exterior module,PL-10,2199.42,1840.91,16.3,1088,mature
FG-03810,Body-in-white assembly 03810,D-Sedan,Thermal system,PL-12,68.73,63.3,7.9,940,ramp-up
FG-03811,Powertrain assembly 03811,Pickup Midsize,Interior module,PL-08,4156.89,3491.79,16,1871,ramp-up
FG-03812,Exterior module assembly 03812,Hybrid D-Sedan,Exterior module,PL-19,1578.37,1278.48,19,1981,mature
FG-03813,Body-in-white assembly 03813,Hybrid D-Sedan,Electrical & electronics,PL-04,3905.2,2905.47,25.6,1452,ramp-up
FG-03814,Exterior module assembly 03814,Hybrid D-Sedan,Chassis & suspension,PL-06,2963.24,2260.95,23.7,1046,run-out
FG-03815,Interior module assembly 03815,Pickup Midsize,Electrical & electronics,PL-12,3755.73,2824.31,24.8,1786,mature
FG-03816,Chassis & suspension assembly 03816,C-SUV Gen4,Thermal system,PL-06,1553.98,1474.73,5.1,2044,mature
FG-03817,Powertrain assembly 03817,Hybrid D-Sedan,Service kit,PL-04,2875.23,2659.59,7.5,3364,mature
FG-03818,Electrical & electronics assembly 03818,E-Van Commercial,Chassis & suspension,PL-04,3092.71,2832.92,8.4,2347,mature
FG-03819,Powertrain assembly 03819,Aftermarket Service,Interior module,PL-06,3777.94,3354.81,11.2,2622,mature
FG-03820,Thermal system assembly 03820,BEV Crossover,Thermal system,PL-19,3295.14,2787.69,15.4,1530,mature
FG-03821,Thermal system assembly 03821,Hybrid D-Sedan,Body-in-white,PL-14,2197.86,1898.95,13.6,680,mature
FG-03822,Body-in-white assembly 03822,C-SUV Gen4,Interior module,PL-20,2652.82,2175.31,18,2556,mature
FG-03823,Exterior module assembly 03823,B-Hatch Facelift,Thermal system,PL-13,1890.89,1783.11,5.7,747,mature
FG-03824,Service kit assembly 03824,Hybrid D-Sedan,E-drive,PL-20,460.29,347.52,24.5,1610,mature
FG-03825,Service kit assembly 03825,Aftermarket Service,Thermal system,PL-07,352,280.54,20.3,1735,mature
FG-03826,Exterior module assembly 03826,B-Hatch Facelift,Powertrain,PL-13,1307.29,1010.54,22.7,627,run-out
FG-03827,Electrical & electronics assembly 03827,BEV Crossover,Service kit,PL-04,3617.49,3346.18,7.5,3224,mature
FG-03828,Body-in-white assembly 03828,C-SUV Gen5,Exterior module,PL-10,795.93,726.68,8.7,911,mature
FG-03829,E-drive assembly 03829,D-Sedan,Interior module,PL-05,3672.1,3055.19,16.8,2866,mature
FG-03830,Interior module assembly 03830,Aftermarket Service,Electrical & electronics,PL-16,342.9,287.69,16.1,535,ramp-up
FG-03831,Service kit assembly 03831,Hybrid D-Sedan,Interior module,PL-02,1561.23,1456.63,6.7,1342,mature
FG-03832,Service kit assembly 03832,E-Van Commercial,Interior module,PL-07,1206.62,1059.41,12.2,3085,mature
FG-03833,Chassis & suspension assembly 03833,BEV Crossover,Electrical & electronics,PL-17,1418.14,1347.23,5,3546,mature
FG-03834,Thermal system assembly 03834,E-Van Commercial,Electrical & electronics,PL-04,2669.46,2253.02,15.6,3716,mature
FG-03835,Electrical & electronics assembly 03835,Pickup Midsize,E-drive,PL-16,336.11,315.94,6,862,run-out
FG-03836,Thermal system assembly 03836,BEV Crossover,Exterior module,PL-12,219.93,187.82,14.6,1678,mature
FG-03837,Exterior module assembly 03837,C-SUV Gen5,Interior module,PL-04,3170.67,2492.15,21.4,2593,mature
FG-03838,E-drive assembly 03838,Aftermarket Service,Powertrain,PL-11,354.84,289.9,18.3,1501,run-out
FG-03839,Body-in-white assembly 03839,Pickup Midsize,Chassis & suspension,PL-06,4101.71,3248.55,20.8,3116,mature
FG-03840,Exterior module assembly 03840,B-Hatch Facelift,Body-in-white,PL-01,2141.51,1723.92,19.5,2824,run-out
FG-03841,E-drive assembly 03841,Aftermarket Service,Chassis & suspension,PL-15,1435.77,1359.67,5.3,1961,run-out
FG-03842,Thermal system assembly 03842,C-SUV Gen5,Body-in-white,PL-09,3709.95,2849.24,23.2,1588,mature
FG-03843,Electrical & electronics assembly 03843,BEV Compact,Thermal system,PL-19,4098.14,3548.99,13.4,1223,mature
FG-03844,Powertrain assembly 03844,D-Sedan,Service kit,PL-12,435.05,391.11,10.1,2551,ramp-up
FG-03845,E-drive assembly 03845,Pickup Midsize,Body-in-white,PL-08,730.09,593.56,18.7,2952,mature
FG-03846,Electrical & electronics assembly 03846,Hybrid D-Sedan,Chassis & suspension,PL-09,3893.75,3551.1,8.8,1571,mature
FG-03847,Chassis & suspension assembly 03847,C-SUV Gen5,E-drive,PL-15,3576.05,2699.92,24.5,2778,mature
FG-03848,Electrical & electronics assembly 03848,Hybrid D-Sedan,Electrical & electronics,PL-01,2652.27,2246.47,15.3,1910,run-out
FG-03849,Chassis & suspension assembly 03849,D-Sedan,Exterior module,PL-10,960.8,918.52,4.4,2436,ramp-up
FG-03850,Interior module assembly 03850,Hybrid D-Sedan,Body-in-white,PL-02,1998.25,1570.62,21.4,287,mature
FG-03851,Interior module assembly 03851,Pickup Midsize,Interior module,PL-18,1176.65,944.85,19.7,3382,run-out
FG-03852,E-drive assembly 03852,C-SUV Gen5,Exterior module,PL-02,1347.96,1054.1,21.8,3192,mature
FG-03853,Body-in-white assembly 03853,BEV Compact,Electrical & electronics,PL-16,1580.64,1487.38,5.9,416,run-out
FG-03854,Body-in-white assembly 03854,B-Hatch Facelift,Body-in-white,PL-17,738.5,584.15,20.9,1593,mature
FG-03855,Powertrain assembly 03855,E-Van Commercial,Body-in-white,PL-05,3396.7,2666.41,21.5,1767,ramp-up
FG-03856,Thermal system assembly 03856,Hybrid D-Sedan,Service kit,PL-10,3164.95,2598.42,17.9,2369,mature
FG-03857,Chassis & suspension assembly 03857,E-Van Commercial,Thermal system,PL-12,1587.87,1378.27,13.2,26,mature
FG-03858,Body-in-white assembly 03858,Hybrid D-Sedan,Service kit,PL-03,297.6,258.32,13.2,3024,mature
FG-03859,Chassis & suspension assembly 03859,D-Sedan,Service kit,PL-01,3813.49,3024.1,20.7,3576,mature
FG-03860,Chassis & suspension assembly 03860,BEV Crossover,Electrical & electronics,PL-18,3904.1,3291.16,15.7,431,run-out
FG-03861,Service kit assembly 03861,BEV Compact,Service kit,PL-12,3681.33,3408.91,7.4,3748,mature
FG-03862,Electrical & electronics assembly 03862,Hybrid D-Sedan,Electrical & electronics,PL-08,2481.69,2342.72,5.6,3356,run-out
FG-03863,Thermal system assembly 03863,Pickup Midsize,Body-in-white,PL-18,3859.86,3041.57,21.2,2462,mature
FG-03864,Exterior module assembly 03864,D-Sedan,Electrical & electronics,PL-18,989.35,919.11,7.1,3392,run-out
FG-03865,Powertrain assembly 03865,B-Hatch Facelift,Interior module,PL-20,1795.38,1330.38,25.9,2074,mature
FG-03866,Exterior module assembly 03866,C-SUV Gen4,Powertrain,PL-18,2409.98,2234.05,7.3,2607,mature
FG-03867,Chassis & suspension assembly 03867,Pickup Midsize,Exterior module,PL-01,359.22,296.36,17.5,2769,run-out
FG-03868,Thermal system assembly 03868,D-Sedan,Electrical & electronics,PL-02,1777.64,1644.32,7.5,3383,mature
FG-03869,Powertrain assembly 03869,BEV Compact,Exterior module,PL-06,1874.93,1702.44,9.2,3749,mature
FG-03870,Chassis & suspension assembly 03870,BEV Crossover,Interior module,PL-20,979.7,908.18,7.3,2035,ramp-up
FG-03871,Service kit assembly 03871,Pickup Midsize,Chassis & suspension,PL-19,2145.49,1789.34,16.6,630,mature
FG-03872,Chassis & suspension assembly 03872,BEV Crossover,Body-in-white,PL-19,2784.01,2444.36,12.2,1337,run-out
FG-03873,Service kit assembly 03873,C-SUV Gen4,Service kit,PL-14,1100.46,877.07,20.3,1746,run-out
FG-03874,Exterior module assembly 03874,Hybrid D-Sedan,E-drive,PL-17,711.13,582.42,18.1,357,mature
FG-03875,Electrical & electronics assembly 03875,B-Hatch Facelift,Electrical & electronics,PL-16,978.18,815.8,16.6,2870,mature
FG-03876,Service kit assembly 03876,B-Hatch Facelift,Thermal system,PL-20,2146.51,1755.85,18.2,3206,mature
FG-03877,Powertrain assembly 03877,C-SUV Gen5,Interior module,PL-13,352.96,265.07,24.9,3511,ramp-up
FG-03878,Exterior module assembly 03878,Hybrid D-Sedan,Chassis & suspension,PL-15,1592.62,1433.36,10,1311,ramp-up
FG-03879,Body-in-white assembly 03879,C-SUV Gen4,Interior module,PL-19,627.3,589.03,6.1,541,mature
FG-03880,Body-in-white assembly 03880,D-Sedan,Interior module,PL-12,3781.24,2869.96,24.1,1064,mature
FG-03881,Powertrain assembly 03881,C-SUV Gen4,Chassis & suspension,PL-03,59.01,45.08,23.6,716,mature
FG-03882,Powertrain assembly 03882,B-Hatch Facelift,Interior module,PL-16,1080.55,852.55,21.1,2316,ramp-up
FG-03883,Electrical & electronics assembly 03883,Pickup Midsize,E-drive,PL-09,253.45,232.41,8.3,2951,mature
FG-03884,Body-in-white assembly 03884,E-Van Commercial,E-drive,PL-03,762.37,698.33,8.4,3345,mature
FG-03885,Electrical & electronics assembly 03885,BEV Compact,Electrical & electronics,PL-13,190.69,176.39,7.5,3288,run-out
FG-03886,Service kit assembly 03886,Aftermarket Service,Exterior module,PL-01,2409.33,1802.18,25.2,2030,mature
FG-03887,Service kit assembly 03887,B-Hatch Facelift,Powertrain,PL-14,2717.74,2299.21,15.4,3633,mature
FG-03888,E-drive assembly 03888,C-SUV Gen5,Interior module,PL-01,252.09,208.98,17.1,821,mature
FG-03889,Body-in-white assembly 03889,C-SUV Gen4,Thermal system,PL-19,265.67,200.32,24.6,1600,mature
FG-03890,Body-in-white assembly 03890,Aftermarket Service,Exterior module,PL-13,2126.46,1709.67,19.6,352,ramp-up
FG-03891,Exterior module assembly 03891,C-SUV Gen5,Body-in-white,PL-11,2116.86,1900.94,10.2,3032,mature
FG-03892,Electrical & electronics assembly 03892,D-Sedan,Body-in-white,PL-09,2725.65,2447.63,10.2,627,mature
FG-03893,Thermal system assembly 03893,Aftermarket Service,E-drive,PL-09,3502.14,2609.09,25.5,499,mature
FG-03894,Powertrain assembly 03894,E-Van Commercial,Exterior module,PL-12,2557.44,1900.18,25.7,2202,mature
FG-03895,Chassis & suspension assembly 03895,BEV Compact,Body-in-white,PL-05,403.02,362.31,10.1,944,ramp-up
FG-03896,Thermal system assembly 03896,C-SUV Gen5,Electrical & electronics,PL-14,1971.35,1673.68,15.1,3579,mature
FG-03897,Exterior module assembly 03897,C-SUV Gen4,Interior module,PL-18,198.84,164.04,17.5,400,run-out
FG-03898,Electrical & electronics assembly 03898,Pickup Midsize,E-drive,PL-16,3495.85,2716.28,22.3,2398,mature
FG-03899,Powertrain assembly 03899,Pickup Midsize,Interior module,PL-12,3228.99,2473.41,23.4,295,mature
FG-03900,Electrical & electronics assembly 03900,BEV Crossover,Body-in-white,PL-19,1710.54,1418.04,17.1,389,ramp-up
FG-03901,Electrical & electronics assembly 03901,C-SUV Gen4,Electrical & electronics,PL-11,975.07,771.28,20.9,1070,mature
FG-03902,Powertrain assembly 03902,Hybrid D-Sedan,Body-in-white,PL-04,2203.31,1938.91,12,780,mature
FG-03903,Interior module assembly 03903,D-Sedan,Interior module,PL-17,3328.09,3161.69,5,3363,mature
FG-03904,Chassis & suspension assembly 03904,BEV Compact,Chassis & suspension,PL-06,3132.59,2340.04,25.3,1914,ramp-up
FG-03905,Service kit assembly 03905,C-SUV Gen5,Service kit,PL-03,3530.66,2676.24,24.2,1625,mature
FG-03906,Body-in-white assembly 03906,C-SUV Gen4,Powertrain,PL-13,1719.47,1353.22,21.3,2211,ramp-up
FG-03907,Powertrain assembly 03907,Aftermarket Service,Chassis & suspension,PL-13,1289.18,1152.53,10.6,430,run-out
FG-03908,Electrical & electronics assembly 03908,B-Hatch Facelift,Exterior module,PL-18,739.94,694.06,6.2,1349,mature
FG-03909,Service kit assembly 03909,BEV Compact,Body-in-white,PL-15,956.01,887.18,7.2,531,run-out
FG-03910,Thermal system assembly 03910,BEV Crossover,Body-in-white,PL-20,2552.05,2240.7,12.2,1448,mature
FG-03911,Service kit assembly 03911,D-Sedan,Electrical & electronics,PL-02,1401.67,1114.33,20.5,37,mature
FG-03912,Chassis & suspension assembly 03912,Pickup Midsize,Exterior module,PL-16,3123.08,2607.77,16.5,688,mature
FG-03913,Body-in-white assembly 03913,Pickup Midsize,Thermal system,PL-01,2507.03,2359.12,5.9,3166,mature
FG-03914,Powertrain assembly 03914,Hybrid D-Sedan,Powertrain,PL-01,2676.79,2288.66,14.5,2054,mature
FG-03915,E-drive assembly 03915,Hybrid D-Sedan,Exterior module,PL-16,3345.5,3148.12,5.9,2511,mature
FG-03916,E-drive assembly 03916,B-Hatch Facelift,Service kit,PL-20,3875.54,3712.77,4.2,3170,run-out
FG-03917,Body-in-white assembly 03917,E-Van Commercial,Chassis & suspension,PL-20,365.21,272.45,25.4,2915,ramp-up
FG-03918,Exterior module assembly 03918,Aftermarket Service,Interior module,PL-09,1692.52,1428.49,15.6,1269,mature
FG-03919,Thermal system assembly 03919,D-Sedan,Thermal system,PL-15,2191.2,1829.65,16.5,3747,ramp-up
FG-03920,Powertrain assembly 03920,Pickup Midsize,Service kit,PL-08,2368.9,2198.34,7.2,1929,run-out
FG-03921,Exterior module assembly 03921,Hybrid D-Sedan,Interior module,PL-04,2877.58,2379.76,17.3,78,ramp-up
FG-03922,Exterior module assembly 03922,BEV Crossover,Exterior module,PL-19,821.07,780.84,4.9,1355,mature
FG-03923,Interior module assembly 03923,Hybrid D-Sedan,Service kit,PL-09,864.79,822.42,4.9,2774,ramp-up
FG-03924,Chassis & suspension assembly 03924,C-SUV Gen5,Powertrain,PL-19,3752.77,2964.69,21,2682,mature
FG-03925,Powertrain assembly 03925,B-Hatch Facelift,Thermal system,PL-10,1316.71,1157.39,12.1,1863,ramp-up
FG-03926,Electrical & electronics assembly 03926,Aftermarket Service,Chassis & suspension,PL-03,2907.33,2407.27,17.2,2034,run-out
FG-03927,E-drive assembly 03927,E-Van Commercial,Body-in-white,PL-17,1837.89,1391.28,24.3,1750,ramp-up
FG-03928,Thermal system assembly 03928,BEV Crossover,Thermal system,PL-11,2334.83,1842.18,21.1,1046,run-out
FG-03929,Exterior module assembly 03929,Hybrid D-Sedan,E-drive,PL-09,3120.72,2849.22,8.7,3488,mature
FG-03930,Electrical & electronics assembly 03930,BEV Crossover,Chassis & suspension,PL-13,4109.27,3151.81,23.3,487,ramp-up
FG-03931,Exterior module assembly 03931,BEV Crossover,E-drive,PL-07,2972.63,2711.04,8.8,2183,ramp-up
FG-03932,Interior module assembly 03932,E-Van Commercial,Service kit,PL-19,2355.79,2207.38,6.3,1439,run-out
FG-03933,Exterior module assembly 03933,E-Van Commercial,Exterior module,PL-16,2808.27,2269.08,19.2,3300,ramp-up
FG-03934,Powertrain assembly 03934,C-SUV Gen4,Body-in-white,PL-19,2207.86,1823.69,17.4,2698,ramp-up
FG-03935,Exterior module assembly 03935,C-SUV Gen5,Interior module,PL-15,1676.7,1426.87,14.9,1153,ramp-up
FG-03936,Chassis & suspension assembly 03936,BEV Compact,Powertrain,PL-18,1369.43,1075,21.5,1958,mature
FG-03937,Exterior module assembly 03937,B-Hatch Facelift,Interior module,PL-18,2753.58,2092.72,24,2779,mature
FG-03938,Chassis & suspension assembly 03938,BEV Crossover,Body-in-white,PL-12,762.14,626.48,17.8,768,mature
FG-03939,E-drive assembly 03939,E-Van Commercial,Service kit,PL-07,3213.34,2435.71,24.2,2648,mature
FG-03940,Thermal system assembly 03940,C-SUV Gen5,Electrical & electronics,PL-04,2707.54,2027.95,25.1,1940,mature
FG-03941,Exterior module assembly 03941,Hybrid D-Sedan,Electrical & electronics,PL-11,721.4,603.81,16.3,2754,mature
FG-03942,Thermal system assembly 03942,C-SUV Gen5,Chassis & suspension,PL-01,799.21,620.99,22.3,3162,mature
FG-03943,Powertrain assembly 03943,Pickup Midsize,Electrical & electronics,PL-18,4081.34,3726.26,8.7,2448,mature
FG-03944,Interior module assembly 03944,Aftermarket Service,Exterior module,PL-10,3014.99,2372.8,21.3,1964,ramp-up
FG-03945,Body-in-white assembly 03945,E-Van Commercial,Thermal system,PL-18,2332.05,1767.69,24.2,3405,mature
FG-03946,Interior module assembly 03946,C-SUV Gen5,Service kit,PL-13,814.18,746.6,8.3,681,ramp-up
FG-03947,Powertrain assembly 03947,E-Van Commercial,Chassis & suspension,PL-13,325.01,262.61,19.2,3242,mature
FG-03948,Thermal system assembly 03948,E-Van Commercial,Body-in-white,PL-07,559.68,470.13,16,69,run-out
FG-03949,Body-in-white assembly 03949,B-Hatch Facelift,Electrical & electronics,PL-15,286.38,222.23,22.4,480,mature
FG-03950,Body-in-white assembly 03950,Aftermarket Service,E-drive,PL-16,925.23,729.08,21.2,490,mature
FG-03951,Service kit assembly 03951,BEV Crossover,Electrical & electronics,PL-04,4154.25,3759.6,9.5,3290,mature
FG-03952,Chassis & suspension assembly 03952,BEV Crossover,Interior module,PL-09,3542.57,2943.88,16.9,3094,run-out
FG-03953,Service kit assembly 03953,C-SUV Gen5,Body-in-white,PL-03,3450.79,2750.28,20.3,422,mature
FG-03954,Exterior module assembly 03954,Hybrid D-Sedan,Interior module,PL-16,2873.6,2304.63,19.8,3434,mature
FG-03955,E-drive assembly 03955,C-SUV Gen4,Powertrain,PL-13,2394.48,2116.72,11.6,201,mature
FG-03956,Body-in-white assembly 03956,BEV Crossover,Interior module,PL-05,1012.65,900.25,11.1,215,mature
FG-03957,Thermal system assembly 03957,D-Sedan,Body-in-white,PL-13,3617.23,2966.13,18,1460,ramp-up
FG-03958,Interior module assembly 03958,Aftermarket Service,Exterior module,PL-17,1713.56,1559.34,9,254,mature
FG-03959,Service kit assembly 03959,BEV Compact,Exterior module,PL-12,2191.66,2088.65,4.7,2279,mature
FG-03960,Thermal system assembly 03960,Hybrid D-Sedan,Chassis & suspension,PL-05,261.96,236.03,9.9,755,mature
FG-03961,Interior module assembly 03961,B-Hatch Facelift,Chassis & suspension,PL-07,433.19,405.47,6.4,1174,mature
FG-03962,Exterior module assembly 03962,C-SUV Gen5,Electrical & electronics,PL-05,2432.41,2014.04,17.2,1838,mature
FG-03963,Electrical & electronics assembly 03963,C-SUV Gen4,Body-in-white,PL-01,1927.31,1457.05,24.4,2052,mature
FG-03964,Powertrain assembly 03964,E-Van Commercial,Body-in-white,PL-18,1895.61,1402.75,26,153,mature
FG-03965,Interior module assembly 03965,BEV Compact,Exterior module,PL-15,1401.71,1246.12,11.1,276,mature
FG-03966,Exterior module assembly 03966,D-Sedan,Electrical & electronics,PL-02,3330.54,3050.77,8.4,1409,mature
FG-03967,Interior module assembly 03967,Aftermarket Service,Interior module,PL-09,3683.5,3344.62,9.2,2743,ramp-up
FG-03968,Electrical & electronics assembly 03968,BEV Compact,Interior module,PL-12,3986.72,3675.76,7.8,2648,run-out
FG-03969,Chassis & suspension assembly 03969,Aftermarket Service,Chassis & suspension,PL-15,1106.38,1057.7,4.4,2608,run-out
FG-03970,E-drive assembly 03970,BEV Compact,Electrical & electronics,PL-11,176.34,150.77,14.5,992,mature
FG-03971,Service kit assembly 03971,E-Van Commercial,Interior module,PL-15,777.85,620.72,20.2,3143,ramp-up
FG-03972,Body-in-white assembly 03972,Pickup Midsize,Body-in-white,PL-13,2076.49,1750.48,15.7,2381,ramp-up
FG-03973,Body-in-white assembly 03973,BEV Crossover,Body-in-white,PL-15,1986.34,1684.42,15.2,3800,run-out
FG-03974,Exterior module assembly 03974,C-SUV Gen4,Electrical & electronics,PL-14,2826.29,2116.89,25.1,74,mature
FG-03975,Service kit assembly 03975,E-Van Commercial,Body-in-white,PL-05,2693.5,2117.09,21.4,1392,ramp-up
FG-03976,Chassis & suspension assembly 03976,E-Van Commercial,Body-in-white,PL-08,1639.14,1255.58,23.4,2293,ramp-up
FG-03977,Interior module assembly 03977,BEV Crossover,Body-in-white,PL-13,1871.27,1508.24,19.4,2615,ramp-up
FG-03978,Service kit assembly 03978,B-Hatch Facelift,Interior module,PL-10,1984.88,1796.32,9.5,3160,mature
FG-03979,Exterior module assembly 03979,BEV Compact,Powertrain,PL-18,1839.16,1631.33,11.3,2545,mature
FG-03980,Service kit assembly 03980,Hybrid D-Sedan,Service kit,PL-02,1461.96,1362.55,6.8,2784,ramp-up
FG-03981,Chassis & suspension assembly 03981,Hybrid D-Sedan,Service kit,PL-13,2291.4,2167.66,5.4,944,mature
FG-03982,Exterior module assembly 03982,Aftermarket Service,Electrical & electronics,PL-19,2444.67,2329.77,4.7,876,mature
FG-03983,E-drive assembly 03983,Aftermarket Service,Powertrain,PL-17,2634.1,2022.99,23.2,3442,ramp-up
FG-03984,Electrical & electronics assembly 03984,D-Sedan,Powertrain,PL-19,1955.28,1777.35,9.1,1715,run-out
FG-03985,Exterior module assembly 03985,C-SUV Gen5,E-drive,PL-12,167.49,136.84,18.3,32,mature
FG-03986,Body-in-white assembly 03986,Aftermarket Service,Electrical & electronics,PL-01,2311.26,2186.45,5.4,208,mature
FG-03987,Exterior module assembly 03987,Hybrid D-Sedan,E-drive,PL-19,733.1,621.67,15.2,277,run-out
FG-03988,Interior module assembly 03988,Pickup Midsize,Chassis & suspension,PL-02,997.46,903.7,9.4,1970,run-out
FG-03989,Body-in-white assembly 03989,C-SUV Gen4,Electrical & electronics,PL-14,275.89,259.06,6.1,470,mature
FG-03990,E-drive assembly 03990,B-Hatch Facelift,Thermal system,PL-12,1313.3,1208.24,8,1824,mature
FG-03991,Chassis & suspension assembly 03991,BEV Crossover,Body-in-white,PL-06,3801.51,2889.15,24,3715,mature
FG-03992,Chassis & suspension assembly 03992,B-Hatch Facelift,Electrical & electronics,PL-12,2244.93,2009.21,10.5,108,mature
FG-03993,Body-in-white assembly 03993,B-Hatch Facelift,Body-in-white,PL-11,2783.45,2299.13,17.4,2203,mature
FG-03994,Body-in-white assembly 03994,B-Hatch Facelift,E-drive,PL-10,802.47,715.8,10.8,70,run-out
FG-03995,Service kit assembly 03995,Pickup Midsize,Service kit,PL-11,2430.23,2160.47,11.1,1085,mature
FG-03996,Service kit assembly 03996,BEV Compact,Thermal system,PL-13,2667.16,2213.74,17,1493,ramp-up
FG-03997,Exterior module assembly 03997,B-Hatch Facelift,E-drive,PL-06,3247.59,2422.7,25.4,742,mature
FG-03998,Interior module assembly 03998,E-Van Commercial,Electrical & electronics,PL-09,3753.53,3239.3,13.7,1874,ramp-up
FG-03999,Body-in-white assembly 03999,Hybrid D-Sedan,Thermal system,PL-16,3375.69,2811.95,16.7,1754,mature
FG-04000,Body-in-white assembly 04000,D-Sedan,Electrical & electronics,PL-03,856.65,744.43,13.1,1387,mature
FG-04001,Interior module assembly 04001,B-Hatch Facelift,E-drive,PL-11,926.27,775.29,16.3,2294,mature
FG-04002,Service kit assembly 04002,E-Van Commercial,Electrical & electronics,PL-06,2299.26,1883.09,18.1,283,mature
FG-04003,E-drive assembly 04003,Pickup Midsize,Chassis & suspension,PL-12,474.88,448.29,5.6,3095,ramp-up
FG-04004,Chassis & suspension assembly 04004,Aftermarket Service,Service kit,PL-02,1183.97,1103.46,6.8,73,ramp-up
FG-04005,Chassis & suspension assembly 04005,C-SUV Gen4,Interior module,PL-06,2933.02,2616.25,10.8,1070,ramp-up
FG-04006,Thermal system assembly 04006,B-Hatch Facelift,Powertrain,PL-14,2660.48,2514.15,5.5,926,mature
FG-04007,E-drive assembly 04007,Aftermarket Service,Powertrain,PL-19,3730.34,2924.59,21.6,1833,mature
FG-04008,E-drive assembly 04008,B-Hatch Facelift,Chassis & suspension,PL-09,1332.73,1230.11,7.7,2855,mature
FG-04009,Body-in-white assembly 04009,E-Van Commercial,Body-in-white,PL-19,3461.87,2755.65,20.4,1977,run-out
FG-04010,Thermal system assembly 04010,Pickup Midsize,Service kit,PL-06,216.09,162.28,24.9,3112,ramp-up
FG-04011,E-drive assembly 04011,C-SUV Gen4,Thermal system,PL-06,1915.14,1706.39,10.9,1601,ramp-up
FG-04012,Electrical & electronics assembly 04012,C-SUV Gen5,Exterior module,PL-01,609.58,577.27,5.3,1154,ramp-up
FG-04013,Body-in-white assembly 04013,BEV Crossover,Chassis & suspension,PL-11,407.44,304.36,25.3,1709,mature
FG-04014,Body-in-white assembly 04014,BEV Crossover,Powertrain,PL-14,278.02,230.76,17,3607,ramp-up
FG-04015,Body-in-white assembly 04015,C-SUV Gen5,Service kit,PL-12,4122.92,3269.48,20.7,1606,mature
FG-04016,Exterior module assembly 04016,Hybrid D-Sedan,Service kit,PL-15,4099.23,3582.73,12.6,2757,mature
FG-04017,Powertrain assembly 04017,BEV Crossover,Thermal system,PL-09,3674.87,2998.69,18.4,90,mature
FG-04018,Powertrain assembly 04018,C-SUV Gen4,Body-in-white,PL-10,1471.23,1290.27,12.3,421,ramp-up
FG-04019,Electrical & electronics assembly 04019,Pickup Midsize,Thermal system,PL-02,2372.84,1836.58,22.6,402,mature
FG-04020,Exterior module assembly 04020,E-Van Commercial,Powertrain,PL-06,1889.41,1462.4,22.6,1565,mature
FG-04021,Electrical & electronics assembly 04021,C-SUV Gen5,E-drive,PL-08,1939.87,1835.12,5.4,76,mature
FG-04022,Interior module assembly 04022,Hybrid D-Sedan,Powertrain,PL-03,4043.74,3190.51,21.1,364,ramp-up
FG-04023,Interior module assembly 04023,E-Van Commercial,Powertrain,PL-14,694.64,532.79,23.3,3456,mature
FG-04024,Interior module assembly 04024,Pickup Midsize,Chassis & suspension,PL-10,2310.93,2132.99,7.7,284,run-out
FG-04025,Chassis & suspension assembly 04025,BEV Crossover,Powertrain,PL-15,4198.68,4005.54,4.6,194,mature
FG-04026,Chassis & suspension assembly 04026,Pickup Midsize,Electrical & electronics,PL-02,1556.64,1382.3,11.2,145,run-out
FG-04027,Service kit assembly 04027,Aftermarket Service,Electrical & electronics,PL-12,2663.57,2133.52,19.9,462,ramp-up
FG-04028,Thermal system assembly 04028,BEV Compact,Thermal system,PL-19,2852.64,2615.87,8.3,2860,mature
FG-04029,Service kit assembly 04029,B-Hatch Facelift,E-drive,PL-05,2373.09,1777.44,25.1,2100,mature
FG-04030,Electrical & electronics assembly 04030,C-SUV Gen5,Chassis & suspension,PL-17,1659.03,1355.43,18.3,1495,mature
FG-04031,Chassis & suspension assembly 04031,C-SUV Gen5,E-drive,PL-12,3090.44,2401.27,22.3,3147,run-out
FG-04032,Chassis & suspension assembly 04032,Hybrid D-Sedan,Thermal system,PL-07,2626.41,2043.35,22.2,3136,mature
FG-04033,Electrical & electronics assembly 04033,Pickup Midsize,Service kit,PL-02,395.43,305.67,22.7,3019,ramp-up
FG-04034,Thermal system assembly 04034,B-Hatch Facelift,Interior module,PL-14,1158.07,999.41,13.7,3604,mature
FG-04035,Interior module assembly 04035,BEV Compact,Service kit,PL-15,486.64,441.38,9.3,3688,mature
FG-04036,Chassis & suspension assembly 04036,E-Van Commercial,Body-in-white,PL-06,2367.18,2239.35,5.4,3758,ramp-up
FG-04037,Powertrain assembly 04037,Hybrid D-Sedan,Exterior module,PL-18,1743.6,1570.98,9.9,3308,mature
FG-04038,Body-in-white assembly 04038,BEV Compact,E-drive,PL-19,2638.98,2258.97,14.4,3120,run-out
FG-04039,Powertrain assembly 04039,C-SUV Gen4,Electrical & electronics,PL-16,1219.05,1022.78,16.1,1171,mature
FG-04040,Exterior module assembly 04040,C-SUV Gen5,Thermal system,PL-07,277.94,208.18,25.1,1051,mature
FG-04041,E-drive assembly 04041,E-Van Commercial,Exterior module,PL-15,1131.03,995.31,12,2674,mature
FG-04042,E-drive assembly 04042,Hybrid D-Sedan,Powertrain,PL-19,2000.01,1652.01,17.4,1716,mature
FG-04043,Exterior module assembly 04043,BEV Crossover,Powertrain,PL-15,2890.14,2167.61,25,1594,mature
FG-04044,Body-in-white assembly 04044,B-Hatch Facelift,Body-in-white,PL-19,339.72,276.87,18.5,142,mature
FG-04045,E-drive assembly 04045,Hybrid D-Sedan,Interior module,PL-05,1126.69,868.68,22.9,174,mature
FG-04046,Chassis & suspension assembly 04046,Pickup Midsize,Interior module,PL-18,917.46,723.88,21.1,2304,mature
FG-04047,Body-in-white assembly 04047,Pickup Midsize,Exterior module,PL-03,2647.91,2417.54,8.7,2744,mature
FG-04048,Body-in-white assembly 04048,BEV Crossover,Powertrain,PL-12,4001.59,3501.39,12.5,3618,run-out
FG-04049,Body-in-white assembly 04049,B-Hatch Facelift,Body-in-white,PL-08,3845.11,3641.32,5.3,1777,mature
FG-04050,Body-in-white assembly 04050,Aftermarket Service,Body-in-white,PL-19,2690.68,1999.18,25.7,1473,mature
FG-04051,Interior module assembly 04051,Aftermarket Service,Interior module,PL-19,1340.9,1090.15,18.7,1758,mature
FG-04052,Exterior module assembly 04052,B-Hatch Facelift,Chassis & suspension,PL-14,1870.68,1614.4,13.7,183,mature
FG-04053,Service kit assembly 04053,E-Van Commercial,E-drive,PL-12,2636.36,2040.54,22.6,1460,ramp-up
FG-04054,Thermal system assembly 04054,D-Sedan,Body-in-white,PL-06,3932.08,3495.62,11.1,836,mature
FG-04055,E-drive assembly 04055,Hybrid D-Sedan,Chassis & suspension,PL-13,3518.23,3191.03,9.3,2686,mature
FG-04056,Powertrain assembly 04056,D-Sedan,Service kit,PL-13,2797.15,2562.19,8.4,2467,mature
FG-04057,Body-in-white assembly 04057,B-Hatch Facelift,E-drive,PL-17,2861.07,2323.19,18.8,111,ramp-up
FG-04058,Body-in-white assembly 04058,BEV Compact,Chassis & suspension,PL-19,2877.09,2154.94,25.1,3246,mature
FG-04059,Powertrain assembly 04059,C-SUV Gen4,Thermal system,PL-02,809.51,700.23,13.5,1364,mature
FG-04060,Thermal system assembly 04060,B-Hatch Facelift,Thermal system,PL-13,634.23,592.37,6.6,1655,mature
FG-04061,Electrical & electronics assembly 04061,E-Van Commercial,Powertrain,PL-08,1115.39,926.89,16.9,1749,mature
FG-04062,Electrical & electronics assembly 04062,D-Sedan,Service kit,PL-01,3539.21,3291.47,7,1453,ramp-up
FG-04063,Service kit assembly 04063,C-SUV Gen5,E-drive,PL-13,1009.96,899.87,10.9,543,run-out
FG-04064,Exterior module assembly 04064,BEV Crossover,Powertrain,PL-02,3323.18,2655.22,20.1,1515,run-out
FG-04065,Thermal system assembly 04065,BEV Compact,Powertrain,PL-04,1851.05,1695.56,8.4,2183,mature
FG-04066,Body-in-white assembly 04066,Hybrid D-Sedan,Exterior module,PL-09,3244.97,2985.37,8,792,ramp-up
FG-04067,E-drive assembly 04067,C-SUV Gen5,Body-in-white,PL-01,3150.3,2646.25,16,2322,ramp-up
FG-04068,Service kit assembly 04068,C-SUV Gen5,Thermal system,PL-03,3808.3,3115.19,18.2,3276,mature
FG-04069,Service kit assembly 04069,BEV Crossover,Thermal system,PL-08,755.3,608.77,19.4,351,ramp-up
FG-04070,Body-in-white assembly 04070,Hybrid D-Sedan,Thermal system,PL-05,943.96,805.2,14.7,275,mature
FG-04071,Thermal system assembly 04071,BEV Crossover,E-drive,PL-12,1651.81,1455.24,11.9,587,mature
FG-04072,Powertrain assembly 04072,Pickup Midsize,Powertrain,PL-19,811.97,679.62,16.3,1845,mature
FG-04073,Service kit assembly 04073,BEV Compact,Thermal system,PL-16,1370.95,1054.26,23.1,2105,mature
FG-04074,Powertrain assembly 04074,Pickup Midsize,Electrical & electronics,PL-05,1363.8,1146.96,15.9,156,mature
FG-04075,E-drive assembly 04075,B-Hatch Facelift,Chassis & suspension,PL-20,2946.34,2463.14,16.4,3703,run-out
FG-04076,Body-in-white assembly 04076,Aftermarket Service,Powertrain,PL-14,2989.57,2714.53,9.2,930,mature
FG-04077,E-drive assembly 04077,Aftermarket Service,Thermal system,PL-12,2631.35,2494.52,5.2,1302,ramp-up
FG-04078,E-drive assembly 04078,E-Van Commercial,Electrical & electronics,PL-06,2545.18,1941.97,23.7,1928,mature
FG-04079,Chassis & suspension assembly 04079,C-SUV Gen4,Interior module,PL-08,546.25,458.3,16.1,474,mature
FG-04080,Exterior module assembly 04080,Pickup Midsize,Chassis & suspension,PL-08,3999.57,3379.64,15.5,1701,mature
FG-04081,Powertrain assembly 04081,C-SUV Gen4,Chassis & suspension,PL-07,3015.4,2777.18,7.9,2494,ramp-up
FG-04082,Electrical & electronics assembly 04082,D-Sedan,E-drive,PL-06,4151.83,3811.38,8.2,765,run-out
FG-04083,E-drive assembly 04083,Aftermarket Service,Exterior module,PL-07,4129.46,3704.13,10.3,1745,ramp-up
FG-04084,Exterior module assembly 04084,B-Hatch Facelift,Chassis & suspension,PL-03,3278.45,2898.15,11.6,2787,mature
FG-04085,Service kit assembly 04085,Hybrid D-Sedan,Interior module,PL-03,547.56,434.76,20.6,2021,ramp-up
FG-04086,Thermal system assembly 04086,BEV Crossover,Body-in-white,PL-18,3315.5,3086.73,6.9,641,mature
FG-04087,Interior module assembly 04087,BEV Compact,Electrical & electronics,PL-20,2144.46,1908.57,11,2585,run-out
FG-04088,Body-in-white assembly 04088,Hybrid D-Sedan,E-drive,PL-18,1885.78,1518.05,19.5,276,mature
FG-04089,Chassis & suspension assembly 04089,Pickup Midsize,E-drive,PL-12,1107.81,853.01,23,3133,ramp-up
FG-04090,Chassis & suspension assembly 04090,B-Hatch Facelift,Electrical & electronics,PL-17,2946.03,2492.34,15.4,2992,mature
FG-04091,Interior module assembly 04091,C-SUV Gen4,Service kit,PL-16,3360.26,2657.97,20.9,1194,mature
FG-04092,Powertrain assembly 04092,E-Van Commercial,Body-in-white,PL-12,2504.13,2030.85,18.9,2840,mature
FG-04093,Service kit assembly 04093,BEV Crossover,Exterior module,PL-12,1811.7,1670.39,7.8,871,ramp-up
FG-04094,Interior module assembly 04094,Hybrid D-Sedan,E-drive,PL-17,3421.27,3120.2,8.8,2930,mature
FG-04095,Interior module assembly 04095,BEV Compact,Exterior module,PL-15,3626.42,3213.01,11.4,2685,mature
FG-04096,Electrical & electronics assembly 04096,BEV Crossover,Interior module,PL-03,1129.15,976.71,13.5,1487,run-out
FG-04097,Electrical & electronics assembly 04097,B-Hatch Facelift,Exterior module,PL-13,3475.31,2634.28,24.2,968,mature
FG-04098,Exterior module assembly 04098,BEV Crossover,Chassis & suspension,PL-10,2587.15,2382.77,7.9,593,mature
FG-04099,Service kit assembly 04099,BEV Compact,Exterior module,PL-05,2493.05,2226.29,10.7,177,mature
FG-04100,Thermal system assembly 04100,Hybrid D-Sedan,Service kit,PL-08,3689.53,3383.3,8.3,3589,mature
FG-04101,Thermal system assembly 04101,D-Sedan,Body-in-white,PL-13,2305.29,1747.41,24.2,944,ramp-up
FG-04102,Body-in-white assembly 04102,BEV Crossover,Powertrain,PL-07,4067.61,3526.62,13.3,1135,run-out
FG-04103,Powertrain assembly 04103,BEV Compact,Interior module,PL-04,3210.82,2706.72,15.7,1264,run-out
FG-04104,Exterior module assembly 04104,B-Hatch Facelift,E-drive,PL-02,1116.99,1000.82,10.4,2635,run-out
FG-04105,Powertrain assembly 04105,BEV Compact,Electrical & electronics,PL-19,2363.81,1969.05,16.7,1453,mature
FG-04106,Exterior module assembly 04106,Hybrid D-Sedan,Body-in-white,PL-19,644.67,610.5,5.3,3393,mature
FG-04107,Electrical & electronics assembly 04107,BEV Compact,Electrical & electronics,PL-17,265.93,228.7,14,1548,run-out
FG-04108,Thermal system assembly 04108,C-SUV Gen5,Exterior module,PL-01,2586.31,2423.37,6.3,917,mature
FG-04109,Interior module assembly 04109,C-SUV Gen4,Interior module,PL-07,3103.59,2392.87,22.9,2495,mature
FG-04110,Powertrain assembly 04110,C-SUV Gen5,Service kit,PL-16,3343.38,3015.73,9.8,3662,ramp-up
FG-04111,Chassis & suspension assembly 04111,BEV Compact,E-drive,PL-02,155.12,146.12,5.8,3541,ramp-up
FG-04112,Thermal system assembly 04112,B-Hatch Facelift,Exterior module,PL-18,2275.33,2127.43,6.5,1967,mature
FG-04113,Chassis & suspension assembly 04113,BEV Crossover,Powertrain,PL-01,3522.93,3128.36,11.2,3424,ramp-up
FG-04114,E-drive assembly 04114,B-Hatch Facelift,Powertrain,PL-05,4036.84,3604.9,10.7,3259,mature
FG-04115,Chassis & suspension assembly 04115,Hybrid D-Sedan,Electrical & electronics,PL-01,610.71,584.45,4.3,1545,mature
FG-04116,Exterior module assembly 04116,Aftermarket Service,Electrical & electronics,PL-08,139.92,107.6,23.1,2995,mature
FG-04117,Exterior module assembly 04117,Aftermarket Service,Body-in-white,PL-16,2165.64,2027.04,6.4,2941,ramp-up
FG-04118,Powertrain assembly 04118,BEV Compact,Electrical & electronics,PL-15,376.19,318.26,15.4,960,mature
FG-04119,Electrical & electronics assembly 04119,BEV Compact,Powertrain,PL-10,3065.54,2660.89,13.2,554,run-out
FG-04120,Powertrain assembly 04120,BEV Crossover,Body-in-white,PL-02,1913.99,1422.09,25.7,2454,ramp-up
FG-04121,E-drive assembly 04121,B-Hatch Facelift,Exterior module,PL-16,1276.08,968.54,24.1,2882,mature
FG-04122,Powertrain assembly 04122,Pickup Midsize,E-drive,PL-12,4100.63,3649.56,11,564,mature
FG-04123,Thermal system assembly 04123,Hybrid D-Sedan,Chassis & suspension,PL-11,187.99,178.78,4.9,1132,mature
FG-04124,Electrical & electronics assembly 04124,C-SUV Gen4,Interior module,PL-11,2489.52,2287.87,8.1,35,run-out
FG-04125,Chassis & suspension assembly 04125,BEV Compact,Electrical & electronics,PL-12,2644.19,2522.56,4.6,648,mature
FG-04126,Electrical & electronics assembly 04126,B-Hatch Facelift,Powertrain,PL-03,3642.4,3332.8,8.5,3327,ramp-up
FG-04127,Thermal system assembly 04127,C-SUV Gen4,Interior module,PL-15,812.01,742.18,8.6,3192,ramp-up
FG-04128,Interior module assembly 04128,Pickup Midsize,Service kit,PL-06,2536.51,2300.61,9.3,452,ramp-up
FG-04129,Chassis & suspension assembly 04129,BEV Crossover,Chassis & suspension,PL-06,3450.41,3067.41,11.1,556,mature
FG-04130,E-drive assembly 04130,Pickup Midsize,E-drive,PL-12,1521.79,1212.87,20.3,405,run-out
FG-04131,Chassis & suspension assembly 04131,BEV Compact,Thermal system,PL-04,852.09,662.07,22.3,2217,mature
FG-04132,E-drive assembly 04132,C-SUV Gen5,Thermal system,PL-17,193.03,184.54,4.4,2098,mature
FG-04133,Service kit assembly 04133,Pickup Midsize,Chassis & suspension,PL-09,420.76,382.05,9.2,2488,run-out
FG-04134,Body-in-white assembly 04134,C-SUV Gen4,Body-in-white,PL-03,1882.13,1564.05,16.9,3100,mature
FG-04135,Interior module assembly 04135,BEV Compact,Chassis & suspension,PL-07,4078.26,3568.48,12.5,602,mature
FG-04136,Exterior module assembly 04136,B-Hatch Facelift,Electrical & electronics,PL-11,3530.19,3032.43,14.1,824,run-out
FG-04137,Service kit assembly 04137,D-Sedan,Chassis & suspension,PL-19,2291.79,1801.35,21.4,1898,ramp-up
FG-04138,Chassis & suspension assembly 04138,E-Van Commercial,Thermal system,PL-19,2179.8,1868.09,14.3,1267,mature
FG-04139,Thermal system assembly 04139,BEV Compact,Powertrain,PL-03,1341.1,1011.19,24.6,93,mature
FG-04140,Interior module assembly 04140,E-Van Commercial,Chassis & suspension,PL-16,1467.14,1220.66,16.8,1286,ramp-up
FG-04141,Interior module assembly 04141,Pickup Midsize,Thermal system,PL-06,725.62,601.54,17.1,1152,mature
FG-04142,E-drive assembly 04142,Pickup Midsize,Exterior module,PL-02,1494.23,1370.21,8.3,1126,mature
FG-04143,E-drive assembly 04143,Aftermarket Service,Chassis & suspension,PL-02,3811.73,3552.53,6.8,1784,mature
FG-04144,Body-in-white assembly 04144,BEV Crossover,Electrical & electronics,PL-19,1166.08,997,14.5,1816,ramp-up
FG-04145,Exterior module assembly 04145,Pickup Midsize,Body-in-white,PL-07,3549.89,2772.46,21.9,1965,mature
FG-04146,Chassis & suspension assembly 04146,B-Hatch Facelift,Interior module,PL-13,527.9,431.29,18.3,2576,mature
FG-04147,Interior module assembly 04147,C-SUV Gen4,Chassis & suspension,PL-19,1431.84,1323.02,7.6,2340,ramp-up
FG-04148,Chassis & suspension assembly 04148,E-Van Commercial,Interior module,PL-06,3102.27,2757.92,11.1,1990,ramp-up
FG-04149,Service kit assembly 04149,Hybrid D-Sedan,Thermal system,PL-08,1517.79,1385.74,8.7,1622,mature
FG-04150,Body-in-white assembly 04150,Pickup Midsize,Chassis & suspension,PL-13,1606.33,1260.97,21.5,2976,mature
FG-04151,Exterior module assembly 04151,BEV Compact,Exterior module,PL-20,308.63,238.26,22.8,1556,mature
FG-04152,Interior module assembly 04152,C-SUV Gen4,Service kit,PL-01,1063.99,935.25,12.1,2620,ramp-up
FG-04153,Body-in-white assembly 04153,B-Hatch Facelift,Exterior module,PL-06,1548.08,1442.81,6.8,538,run-out
FG-04154,Service kit assembly 04154,C-SUV Gen5,Powertrain,PL-01,368.08,298.88,18.8,924,mature
FG-04155,Interior module assembly 04155,Aftermarket Service,E-drive,PL-02,1939.89,1621.75,16.4,2359,mature
FG-04156,Chassis & suspension assembly 04156,Hybrid D-Sedan,Powertrain,PL-07,2927.58,2195.68,25,1983,ramp-up
FG-04157,Electrical & electronics assembly 04157,C-SUV Gen5,Chassis & suspension,PL-05,1795.04,1538.35,14.3,2262,mature
FG-04158,Service kit assembly 04158,BEV Crossover,Powertrain,PL-14,2384.78,2077.14,12.9,43,ramp-up
FG-04159,Interior module assembly 04159,E-Van Commercial,Exterior module,PL-09,3213.93,2911.82,9.4,3246,mature
FG-04160,Exterior module assembly 04160,Pickup Midsize,Chassis & suspension,PL-09,1572.45,1344.44,14.5,3372,mature
FG-04161,E-drive assembly 04161,Hybrid D-Sedan,Thermal system,PL-19,4113.52,3294.93,19.9,2127,ramp-up
FG-04162,Exterior module assembly 04162,C-SUV Gen5,Service kit,PL-11,2386.08,2190.42,8.2,1411,ramp-up
FG-04163,E-drive assembly 04163,C-SUV Gen4,Electrical & electronics,PL-13,564.6,487.81,13.6,2061,mature
FG-04164,E-drive assembly 04164,C-SUV Gen5,E-drive,PL-07,3966.02,3430.61,13.5,3764,ramp-up
FG-04165,Interior module assembly 04165,Aftermarket Service,Body-in-white,PL-12,1593.89,1192.23,25.2,2382,mature
FG-04166,Body-in-white assembly 04166,Hybrid D-Sedan,Service kit,PL-08,879.69,786.44,10.6,3571,run-out
FG-04167,Exterior module assembly 04167,E-Van Commercial,Interior module,PL-18,2436.31,2214.61,9.1,3563,mature
FG-04168,E-drive assembly 04168,E-Van Commercial,Service kit,PL-03,2078.77,1821,12.4,1373,mature
FG-04169,Exterior module assembly 04169,BEV Compact,E-drive,PL-14,3492.1,2709.87,22.4,842,run-out
FG-04170,Interior module assembly 04170,Hybrid D-Sedan,Chassis & suspension,PL-20,4151.38,3902.3,6,2520,mature
FG-04171,Electrical & electronics assembly 04171,Pickup Midsize,Exterior module,PL-14,199.03,176.74,11.2,518,mature
FG-04172,Thermal system assembly 04172,Aftermarket Service,Body-in-white,PL-17,1969.24,1471.02,25.3,3218,mature
FG-04173,Exterior module assembly 04173,C-SUV Gen5,Exterior module,PL-07,1989.61,1663.31,16.4,2236,mature
FG-04174,Thermal system assembly 04174,D-Sedan,Thermal system,PL-02,3489.93,2582.55,26,3061,run-out
FG-04175,Exterior module assembly 04175,D-Sedan,Service kit,PL-04,1388.25,1031.47,25.7,164,ramp-up
FG-04176,E-drive assembly 04176,Hybrid D-Sedan,Chassis & suspension,PL-07,3009.01,2283.84,24.1,2432,mature
FG-04177,Thermal system assembly 04177,BEV Crossover,Body-in-white,PL-01,1278.46,958.85,25,3081,run-out
FG-04178,Service kit assembly 04178,D-Sedan,Interior module,PL-07,117.21,98.93,15.6,3677,mature
FG-04179,Electrical & electronics assembly 04179,Hybrid D-Sedan,Thermal system,PL-15,620.02,588.4,5.1,1529,mature
FG-04180,Thermal system assembly 04180,E-Van Commercial,Interior module,PL-13,2037.68,1948.02,4.4,952,ramp-up
FG-04181,Powertrain assembly 04181,Aftermarket Service,Interior module,PL-16,941.21,822.62,12.6,3024,ramp-up
FG-04182,Exterior module assembly 04182,E-Van Commercial,Interior module,PL-09,1033.11,930.83,9.9,306,ramp-up
FG-04183,Chassis & suspension assembly 04183,D-Sedan,Powertrain,PL-07,365.94,275.92,24.6,2991,mature
FG-04184,Service kit assembly 04184,BEV Crossover,Exterior module,PL-10,1672.95,1547.48,7.5,1957,run-out
FG-04185,Powertrain assembly 04185,Hybrid D-Sedan,Body-in-white,PL-19,105.99,82.46,22.2,1065,run-out
FG-04186,Service kit assembly 04186,Pickup Midsize,Electrical & electronics,PL-18,2395.58,1830.22,23.6,1475,ramp-up
FG-04187,E-drive assembly 04187,D-Sedan,Chassis & suspension,PL-07,2643.15,2159.45,18.3,2277,ramp-up
FG-04188,Service kit assembly 04188,D-Sedan,Powertrain,PL-16,2000.52,1792.47,10.4,2303,mature
FG-04189,Chassis & suspension assembly 04189,C-SUV Gen5,Chassis & suspension,PL-08,1601.46,1255.54,21.6,3112,mature
FG-04190,Service kit assembly 04190,BEV Crossover,Service kit,PL-07,1985.6,1846.61,7,1822,mature
FG-04191,Body-in-white assembly 04191,BEV Crossover,Exterior module,PL-13,704.35,557.85,20.8,247,ramp-up
FG-04192,Powertrain assembly 04192,BEV Compact,Electrical & electronics,PL-06,574.15,494.34,13.9,87,mature
FG-04193,Service kit assembly 04193,C-SUV Gen5,Service kit,PL-09,3646.84,3154.52,13.5,3083,mature
FG-04194,Powertrain assembly 04194,E-Van Commercial,Powertrain,PL-03,3362.21,2615.8,22.2,1012,run-out
FG-04195,Body-in-white assembly 04195,Pickup Midsize,Chassis & suspension,PL-10,3967.76,3436.08,13.4,891,mature
FG-04196,Service kit assembly 04196,BEV Compact,Chassis & suspension,PL-14,725.66,577.63,20.4,2209,mature
FG-04197,Powertrain assembly 04197,D-Sedan,Body-in-white,PL-17,4006.89,3481.99,13.1,1808,mature
FG-04198,E-drive assembly 04198,BEV Crossover,Interior module,PL-18,3397.49,2612.67,23.1,3728,mature
FG-04199,Exterior module assembly 04199,C-SUV Gen4,Exterior module,PL-13,622.17,544.4,12.5,3767,run-out
FG-04200,Service kit assembly 04200,Pickup Midsize,Chassis & suspension,PL-14,3254.91,2861.07,12.1,1684,run-out
FG-04201,Thermal system assembly 04201,B-Hatch Facelift,Body-in-white,PL-18,4146.91,3968.59,4.3,3246,run-out
FG-04202,Thermal system assembly 04202,D-Sedan,Thermal system,PL-18,586.59,532.62,9.2,772,run-out
FG-04203,Exterior module assembly 04203,E-Van Commercial,E-drive,PL-07,3331.92,2508.94,24.7,224,mature
FG-04204,E-drive assembly 04204,B-Hatch Facelift,Interior module,PL-18,2274.8,1890.36,16.9,332,run-out
FG-04205,Thermal system assembly 04205,Hybrid D-Sedan,Body-in-white,PL-05,922.75,868.31,5.9,3147,mature
FG-04206,Chassis & suspension assembly 04206,E-Van Commercial,Thermal system,PL-11,3357.67,2494.75,25.7,3090,ramp-up
FG-04207,Exterior module assembly 04207,E-Van Commercial,Service kit,PL-04,3531.87,2627.71,25.6,3644,mature
FG-04208,Chassis & suspension assembly 04208,E-Van Commercial,Thermal system,PL-18,1831.28,1455.87,20.5,1213,mature
FG-04209,Chassis & suspension assembly 04209,BEV Crossover,Chassis & suspension,PL-19,3200.83,3027.99,5.4,391,mature
FG-04210,E-drive assembly 04210,C-SUV Gen5,Thermal system,PL-02,986.96,891.22,9.7,182,run-out
FG-04211,Chassis & suspension assembly 04211,BEV Compact,Electrical & electronics,PL-06,512.46,381.27,25.6,295,run-out
FG-04212,E-drive assembly 04212,Hybrid D-Sedan,Body-in-white,PL-04,3438.36,3091.09,10.1,1064,mature
FG-04213,E-drive assembly 04213,BEV Compact,E-drive,PL-14,2773.07,2088.12,24.7,769,mature
FG-04214,Chassis & suspension assembly 04214,C-SUV Gen5,Exterior module,PL-18,993.73,897.34,9.7,1696,ramp-up
FG-04215,E-drive assembly 04215,Hybrid D-Sedan,Service kit,PL-05,1419.65,1054.8,25.7,2260,mature
FG-04216,Thermal system assembly 04216,D-Sedan,E-drive,PL-07,1923.07,1561.53,18.8,1646,mature
FG-04217,Interior module assembly 04217,E-Van Commercial,Exterior module,PL-09,3441.99,3066.81,10.9,1862,ramp-up
FG-04218,Powertrain assembly 04218,Pickup Midsize,Chassis & suspension,PL-02,55.3,49.6,10.3,3396,mature
FG-04219,Chassis & suspension assembly 04219,Aftermarket Service,Powertrain,PL-01,479.96,395.97,17.5,2067,run-out
FG-04220,Electrical & electronics assembly 04220,Hybrid D-Sedan,Electrical & electronics,PL-14,2045.5,1730.49,15.4,2178,mature
FG-04221,Body-in-white assembly 04221,D-Sedan,Powertrain,PL-15,245.63,217.38,11.5,599,mature
FG-04222,Service kit assembly 04222,B-Hatch Facelift,Service kit,PL-17,627.04,504.14,19.6,2285,ramp-up
FG-04223,Body-in-white assembly 04223,BEV Compact,Service kit,PL-03,3930.46,3718.22,5.4,2940,mature
FG-04224,Interior module assembly 04224,Hybrid D-Sedan,Service kit,PL-15,1878.8,1608.25,14.4,3121,ramp-up
FG-04225,Electrical & electronics assembly 04225,Hybrid D-Sedan,Interior module,PL-10,232.56,184.19,20.8,824,run-out
FG-04226,Exterior module assembly 04226,D-Sedan,Electrical & electronics,PL-06,2632.36,1961.11,25.5,389,mature
FG-04227,Thermal system assembly 04227,BEV Crossover,Body-in-white,PL-10,933.76,870.26,6.8,3669,mature
FG-04228,Interior module assembly 04228,C-SUV Gen5,Exterior module,PL-15,1119.16,1007.24,10,2393,mature
FG-04229,Interior module assembly 04229,Aftermarket Service,Body-in-white,PL-03,1686.92,1287.12,23.7,1948,ramp-up
FG-04230,Chassis & suspension assembly 04230,BEV Compact,Service kit,PL-10,3462.72,2860.21,17.4,974,mature
FG-04231,Exterior module assembly 04231,B-Hatch Facelift,Interior module,PL-09,973.02,901.02,7.4,2396,mature
FG-04232,Interior module assembly 04232,B-Hatch Facelift,Interior module,PL-01,1085.8,867.55,20.1,2937,run-out
FG-04233,Service kit assembly 04233,Aftermarket Service,Chassis & suspension,PL-09,2438.4,1997.05,18.1,2731,mature
FG-04234,Powertrain assembly 04234,C-SUV Gen5,E-drive,PL-11,2132.62,1947.08,8.7,986,mature
FG-04235,Body-in-white assembly 04235,Aftermarket Service,Body-in-white,PL-17,611.94,576.45,5.8,393,mature
FG-04236,Electrical & electronics assembly 04236,C-SUV Gen5,Body-in-white,PL-17,566.01,450.54,20.4,1373,mature
FG-04237,E-drive assembly 04237,E-Van Commercial,Powertrain,PL-16,4017.23,3438.75,14.4,1287,mature
FG-04238,Service kit assembly 04238,Aftermarket Service,Electrical & electronics,PL-06,3434.62,2940.03,14.4,2391,mature
FG-04239,Powertrain assembly 04239,Aftermarket Service,Powertrain,PL-18,114.78,99.51,13.3,2064,ramp-up
FG-04240,Body-in-white assembly 04240,BEV Compact,Body-in-white,PL-08,4125.11,3700.22,10.3,3123,ramp-up
FG-04241,Body-in-white assembly 04241,Pickup Midsize,Interior module,PL-18,3344.18,2882.68,13.8,2639,ramp-up
FG-04242,Electrical & electronics assembly 04242,Hybrid D-Sedan,E-drive,PL-16,1319.32,1223.01,7.3,835,ramp-up
FG-04243,Body-in-white assembly 04243,B-Hatch Facelift,Body-in-white,PL-09,3446.33,3098.25,10.1,3600,mature
FG-04244,Body-in-white assembly 04244,C-SUV Gen5,Body-in-white,PL-18,1331.47,1161.04,12.8,3507,ramp-up
FG-04245,Interior module assembly 04245,C-SUV Gen5,Service kit,PL-20,1040.58,956.29,8.1,3600,mature
FG-04246,Interior module assembly 04246,BEV Crossover,Exterior module,PL-17,3825.36,3607.31,5.7,765,mature
FG-04247,Interior module assembly 04247,BEV Crossover,E-drive,PL-12,1651.94,1475.18,10.7,544,mature
FG-04248,Powertrain assembly 04248,Pickup Midsize,Thermal system,PL-07,4151.52,3786.19,8.8,2869,mature
FG-04249,Body-in-white assembly 04249,B-Hatch Facelift,Exterior module,PL-15,1428.29,1085.5,24,330,run-out
FG-04250,Thermal system assembly 04250,Aftermarket Service,E-drive,PL-07,3994.44,3678.88,7.9,308,mature
FG-04251,E-drive assembly 04251,E-Van Commercial,Exterior module,PL-01,1942.51,1540.41,20.7,2911,run-out
FG-04252,Body-in-white assembly 04252,Hybrid D-Sedan,Exterior module,PL-18,1244.73,937.28,24.7,2789,mature
FG-04253,E-drive assembly 04253,BEV Compact,Body-in-white,PL-04,64.72,56.44,12.8,3468,ramp-up
FG-04254,Thermal system assembly 04254,C-SUV Gen5,Electrical & electronics,PL-01,646.3,557.76,13.7,2612,ramp-up
FG-04255,E-drive assembly 04255,Hybrid D-Sedan,E-drive,PL-16,2764.46,2366.38,14.4,1163,mature
FG-04256,E-drive assembly 04256,B-Hatch Facelift,Service kit,PL-11,3668.6,2832.16,22.8,2312,run-out
FG-04257,Exterior module assembly 04257,D-Sedan,Thermal system,PL-01,362.85,346.16,4.6,313,mature
FG-04258,E-drive assembly 04258,Pickup Midsize,Body-in-white,PL-14,2533.73,1907.9,24.7,723,mature
FG-04259,Thermal system assembly 04259,D-Sedan,Chassis & suspension,PL-10,2109.8,1635.1,22.5,234,mature
FG-04260,Electrical & electronics assembly 04260,Pickup Midsize,Chassis & suspension,PL-05,3328.69,2959.21,11.1,1719,mature
FG-04261,Powertrain assembly 04261,BEV Compact,Thermal system,PL-04,1126.19,900.95,20,202,mature
FG-04262,Powertrain assembly 04262,C-SUV Gen5,E-drive,PL-01,3412.56,2651.56,22.3,270,run-out
FG-04263,Exterior module assembly 04263,Pickup Midsize,Chassis & suspension,PL-02,1671.05,1290.05,22.8,631,run-out
FG-04264,Electrical & electronics assembly 04264,D-Sedan,Chassis & suspension,PL-19,2063.63,1624.08,21.3,2534,mature
FG-04265,Thermal system assembly 04265,Hybrid D-Sedan,Interior module,PL-03,703.78,670.7,4.7,478,mature
FG-04266,Interior module assembly 04266,Aftermarket Service,E-drive,PL-13,2816.66,2492.74,11.5,563,mature
FG-04267,Exterior module assembly 04267,D-Sedan,E-drive,PL-20,2686.3,2538.55,5.5,2206,mature
FG-04268,Powertrain assembly 04268,BEV Crossover,Thermal system,PL-10,3335.05,2644.69,20.7,3740,mature
FG-04269,Service kit assembly 04269,C-SUV Gen5,E-drive,PL-17,1145.24,1090.27,4.8,1618,ramp-up
FG-04270,Electrical & electronics assembly 04270,BEV Crossover,E-drive,PL-04,1902.98,1503.35,21,2148,mature
FG-04271,Electrical & electronics assembly 04271,Pickup Midsize,Body-in-white,PL-04,1784.17,1468.37,17.7,384,mature
FG-04272,Electrical & electronics assembly 04272,Pickup Midsize,Chassis & suspension,PL-14,3917.67,3032.28,22.6,1781,mature
FG-04273,Body-in-white assembly 04273,Aftermarket Service,Thermal system,PL-14,4045.72,3511.68,13.2,3445,ramp-up
FG-04274,E-drive assembly 04274,BEV Crossover,E-drive,PL-03,3451.49,2923.41,15.3,3036,run-out
FG-04275,Interior module assembly 04275,Pickup Midsize,Interior module,PL-20,3448.83,3128.09,9.3,1282,ramp-up
FG-04276,Body-in-white assembly 04276,E-Van Commercial,Service kit,PL-09,2209.22,1776.21,19.6,1901,mature
FG-04277,Exterior module assembly 04277,BEV Crossover,Service kit,PL-10,2235.9,1931.82,13.6,1354,ramp-up
FG-04278,Body-in-white assembly 04278,Hybrid D-Sedan,Service kit,PL-03,3555.2,3388.11,4.7,2475,mature
FG-04279,Powertrain assembly 04279,Pickup Midsize,Thermal system,PL-04,3400.01,3107.61,8.6,2805,mature
FG-04280,Thermal system assembly 04280,Aftermarket Service,Electrical & electronics,PL-07,2385.51,2232.84,6.4,3025,mature
FG-04281,Powertrain assembly 04281,Aftermarket Service,Chassis & suspension,PL-11,557.05,421.69,24.3,1433,ramp-up
FG-04282,Thermal system assembly 04282,Aftermarket Service,Exterior module,PL-11,4085.19,3141.51,23.1,954,mature
FG-04283,Interior module assembly 04283,BEV Crossover,Body-in-white,PL-02,1057.97,920.43,13,2208,run-out
FG-04284,Service kit assembly 04284,C-SUV Gen4,Body-in-white,PL-04,1935.38,1486.37,23.2,1537,mature
FG-04285,Powertrain assembly 04285,BEV Crossover,Electrical & electronics,PL-12,3395.94,3039.37,10.5,1556,run-out
FG-04286,Thermal system assembly 04286,C-SUV Gen5,Thermal system,PL-16,225.56,184.96,18,204,ramp-up
FG-04287,Service kit assembly 04287,C-SUV Gen5,Powertrain,PL-08,3698.53,3313.88,10.4,3658,run-out
FG-04288,Service kit assembly 04288,Pickup Midsize,Body-in-white,PL-11,4125.71,3131.41,24.1,2623,run-out
FG-04289,Exterior module assembly 04289,Pickup Midsize,Chassis & suspension,PL-16,2219.92,1869.17,15.8,2731,mature
FG-04290,Thermal system assembly 04290,Hybrid D-Sedan,Chassis & suspension,PL-05,1248.5,1188.57,4.8,3196,run-out
FG-04291,Body-in-white assembly 04291,Hybrid D-Sedan,Service kit,PL-06,1523.06,1166.66,23.4,3111,mature
FG-04292,Thermal system assembly 04292,D-Sedan,E-drive,PL-01,1381.45,1261.26,8.7,1366,mature
FG-04293,Interior module assembly 04293,Aftermarket Service,Chassis & suspension,PL-16,506.87,461.76,8.9,1533,mature
FG-04294,Body-in-white assembly 04294,D-Sedan,Thermal system,PL-05,1429.19,1104.76,22.7,2799,ramp-up
FG-04295,Chassis & suspension assembly 04295,BEV Compact,Electrical & electronics,PL-07,898.45,705.28,21.5,3434,mature
FG-04296,Powertrain assembly 04296,Aftermarket Service,Service kit,PL-05,215.57,167.07,22.5,1655,mature
FG-04297,Thermal system assembly 04297,B-Hatch Facelift,Powertrain,PL-16,1280.23,1089.48,14.9,1450,run-out
FG-04298,Exterior module assembly 04298,BEV Compact,Exterior module,PL-02,820.91,621.43,24.3,683,mature
FG-04299,Body-in-white assembly 04299,D-Sedan,Chassis & suspension,PL-14,3582.17,3274.1,8.6,3064,mature
FG-04300,Thermal system assembly 04300,D-Sedan,Powertrain,PL-12,454.11,341.94,24.7,1054,ramp-up
FG-04301,Service kit assembly 04301,BEV Crossover,Thermal system,PL-04,2953.97,2779.69,5.9,1540,ramp-up
FG-04302,Powertrain assembly 04302,D-Sedan,Service kit,PL-19,1099.94,1008.64,8.3,3542,run-out
FG-04303,Powertrain assembly 04303,Pickup Midsize,E-drive,PL-17,2567.22,1961.36,23.6,3569,mature
FG-04304,Electrical & electronics assembly 04304,B-Hatch Facelift,Powertrain,PL-12,3546.14,2833.37,20.1,2149,run-out
FG-04305,Thermal system assembly 04305,Hybrid D-Sedan,Exterior module,PL-03,3487.61,3121.41,10.5,209,mature
FG-04306,Body-in-white assembly 04306,Pickup Midsize,Interior module,PL-01,1410.65,1146.86,18.7,405,mature
FG-04307,Interior module assembly 04307,C-SUV Gen4,Powertrain,PL-15,2857.14,2625.71,8.1,2086,ramp-up
FG-04308,Exterior module assembly 04308,BEV Compact,Interior module,PL-14,98.79,83.77,15.2,1208,mature
FG-04309,Electrical & electronics assembly 04309,Aftermarket Service,Body-in-white,PL-20,386.24,370.79,4,2776,mature
FG-04310,Exterior module assembly 04310,E-Van Commercial,Exterior module,PL-11,2520.43,2175.13,13.7,445,mature
FG-04311,Exterior module assembly 04311,C-SUV Gen4,Service kit,PL-17,691.04,661.33,4.3,2665,mature
FG-04312,Powertrain assembly 04312,BEV Compact,Exterior module,PL-03,3117.22,2540.53,18.5,3297,mature
FG-04313,Electrical & electronics assembly 04313,B-Hatch Facelift,Interior module,PL-14,3165.47,2573.53,18.7,2569,run-out
FG-04314,Interior module assembly 04314,BEV Crossover,Electrical & electronics,PL-09,2664.72,2163.75,18.8,2734,mature
FG-04315,Body-in-white assembly 04315,E-Van Commercial,Chassis & suspension,PL-02,163.55,125.61,23.2,1141,mature
FG-04316,Exterior module assembly 04316,BEV Crossover,Service kit,PL-07,2299.65,1890.31,17.8,3383,run-out
FG-04317,Body-in-white assembly 04317,E-Van Commercial,Thermal system,PL-13,111.47,98.87,11.3,3607,mature
FG-04318,Thermal system assembly 04318,C-SUV Gen4,Service kit,PL-17,1702.02,1405.87,17.4,24,mature
FG-04319,Service kit assembly 04319,BEV Crossover,Powertrain,PL-16,759.86,588.89,22.5,266,run-out
FG-04320,Exterior module assembly 04320,D-Sedan,Service kit,PL-11,1432.35,1072.83,25.1,1454,mature
FG-04321,Electrical & electronics assembly 04321,Aftermarket Service,Chassis & suspension,PL-12,3985.95,3296.38,17.3,1697,mature
FG-04322,Powertrain assembly 04322,Hybrid D-Sedan,Body-in-white,PL-14,1113.85,927.84,16.7,1428,run-out
FG-04323,Chassis & suspension assembly 04323,BEV Crossover,Chassis & suspension,PL-14,1510.72,1261.45,16.5,2137,ramp-up
FG-04324,Thermal system assembly 04324,E-Van Commercial,Powertrain,PL-19,1769.62,1599.74,9.6,2518,run-out
FG-04325,Interior module assembly 04325,C-SUV Gen4,E-drive,PL-18,2166.16,1750.26,19.2,3341,ramp-up
FG-04326,Interior module assembly 04326,Aftermarket Service,E-drive,PL-01,4004.81,2987.59,25.4,2178,run-out
FG-04327,Body-in-white assembly 04327,B-Hatch Facelift,E-drive,PL-02,992.41,889.2,10.4,645,mature
FG-04328,Chassis & suspension assembly 04328,C-SUV Gen4,Body-in-white,PL-15,2033.83,1856.89,8.7,1483,run-out
FG-04329,Electrical & electronics assembly 04329,D-Sedan,Interior module,PL-04,2349.93,2074.99,11.7,3047,ramp-up
FG-04330,Chassis & suspension assembly 04330,Hybrid D-Sedan,Exterior module,PL-13,2637.53,2371.14,10.1,2529,ramp-up
FG-04331,Chassis & suspension assembly 04331,Pickup Midsize,Electrical & electronics,PL-14,1481.75,1155.77,22,368,run-out
FG-04332,Chassis & suspension assembly 04332,C-SUV Gen5,Exterior module,PL-01,2570.38,2128.27,17.2,2057,mature
FG-04333,Interior module assembly 04333,BEV Crossover,Electrical & electronics,PL-14,3470.59,2613.35,24.7,2234,ramp-up
FG-04334,Powertrain assembly 04334,Aftermarket Service,Interior module,PL-10,3362.68,3191.18,5.1,193,mature
FG-04335,Exterior module assembly 04335,Hybrid D-Sedan,Interior module,PL-12,646.12,542.74,16,1457,mature
FG-04336,Service kit assembly 04336,D-Sedan,E-drive,PL-18,1192.73,1077.04,9.7,1629,mature
FG-04337,E-drive assembly 04337,C-SUV Gen4,Body-in-white,PL-01,4007.06,3506.18,12.5,1674,mature
FG-04338,Powertrain assembly 04338,C-SUV Gen5,Powertrain,PL-06,1689,1278.57,24.3,1685,mature
FG-04339,Powertrain assembly 04339,BEV Crossover,Service kit,PL-10,4008.45,3463.3,13.6,3412,ramp-up
FG-04340,Interior module assembly 04340,B-Hatch Facelift,Electrical & electronics,PL-09,1492.36,1393.86,6.6,2609,run-out
FG-04341,Body-in-white assembly 04341,BEV Crossover,Chassis & suspension,PL-06,1983.78,1819.13,8.3,1486,run-out
FG-04342,Thermal system assembly 04342,E-Van Commercial,Chassis & suspension,PL-17,3058.24,2523.05,17.5,3420,mature
FG-04343,Chassis & suspension assembly 04343,C-SUV Gen5,Interior module,PL-08,4172.21,3976.12,4.7,1303,mature
FG-04344,Body-in-white assembly 04344,E-Van Commercial,Electrical & electronics,PL-11,373.83,344.3,7.9,1086,run-out
FG-04345,Electrical & electronics assembly 04345,C-SUV Gen4,Interior module,PL-01,3280.74,2821.44,14,1141,mature
FG-04346,Interior module assembly 04346,Pickup Midsize,Interior module,PL-18,2070.23,1575.45,23.9,3050,ramp-up
FG-04347,E-drive assembly 04347,BEV Crossover,Chassis & suspension,PL-16,1596.42,1369.73,14.2,891,run-out
FG-04348,Thermal system assembly 04348,B-Hatch Facelift,Thermal system,PL-05,519.72,439.68,15.4,1949,mature
FG-04349,Thermal system assembly 04349,BEV Crossover,Electrical & electronics,PL-04,858.49,667.91,22.2,3241,run-out
FG-04350,Body-in-white assembly 04350,Hybrid D-Sedan,Chassis & suspension,PL-01,3257.84,2642.11,18.9,3253,mature
FG-04351,Interior module assembly 04351,Aftermarket Service,Electrical & electronics,PL-14,440.64,381.59,13.4,3509,mature
FG-04352,Electrical & electronics assembly 04352,BEV Crossover,E-drive,PL-07,2080.68,1860.13,10.6,3769,mature
FG-04353,E-drive assembly 04353,BEV Compact,Powertrain,PL-06,3843.12,3224.38,16.1,2176,run-out
FG-04354,E-drive assembly 04354,Hybrid D-Sedan,Body-in-white,PL-18,311.98,239.6,23.2,381,run-out
FG-04355,Exterior module assembly 04355,Pickup Midsize,Body-in-white,PL-10,254.98,233.31,8.5,2277,run-out
FG-04356,Thermal system assembly 04356,C-SUV Gen4,Service kit,PL-15,2675.39,2121.58,20.7,2575,ramp-up
FG-04357,Service kit assembly 04357,E-Van Commercial,Powertrain,PL-03,131.25,113.27,13.7,3028,run-out
FG-04358,Body-in-white assembly 04358,Hybrid D-Sedan,Body-in-white,PL-03,1011.61,855.82,15.4,3372,mature
FG-04359,Chassis & suspension assembly 04359,Hybrid D-Sedan,Service kit,PL-02,135.1,110.24,18.4,1006,mature
FG-04360,Powertrain assembly 04360,B-Hatch Facelift,Interior module,PL-05,1545.59,1411.12,8.7,3198,mature
FG-04361,Electrical & electronics assembly 04361,Aftermarket Service,Chassis & suspension,PL-03,2095.07,1596.44,23.8,2670,run-out
FG-04362,Thermal system assembly 04362,E-Van Commercial,Thermal system,PL-04,2293.73,1839.57,19.8,3501,ramp-up
FG-04363,Interior module assembly 04363,BEV Crossover,Service kit,PL-16,2877.21,2626.89,8.7,2860,mature
FG-04364,Electrical & electronics assembly 04364,Aftermarket Service,Chassis & suspension,PL-12,3711.05,3521.79,5.1,370,mature
FG-04365,Powertrain assembly 04365,C-SUV Gen4,Powertrain,PL-02,877.31,667.63,23.9,1102,mature
FG-04366,Thermal system assembly 04366,B-Hatch Facelift,Body-in-white,PL-11,2718.4,2218.21,18.4,843,ramp-up
FG-04367,Service kit assembly 04367,D-Sedan,Thermal system,PL-08,2513.06,1917.46,23.7,2790,ramp-up
FG-04368,Chassis & suspension assembly 04368,B-Hatch Facelift,Chassis & suspension,PL-09,3349.61,2666.29,20.4,1402,ramp-up
FG-04369,Chassis & suspension assembly 04369,Pickup Midsize,Body-in-white,PL-04,3786.25,3631.01,4.1,1460,mature
FG-04370,Exterior module assembly 04370,D-Sedan,Powertrain,PL-14,2468.71,2049.03,17,497,mature
FG-04371,Service kit assembly 04371,E-Van Commercial,Interior module,PL-02,929.95,833.24,10.4,2660,mature
FG-04372,Thermal system assembly 04372,B-Hatch Facelift,Electrical & electronics,PL-10,417.12,322.85,22.6,3506,mature
FG-04373,Electrical & electronics assembly 04373,Hybrid D-Sedan,E-drive,PL-05,1055.71,936.41,11.3,2445,mature
FG-04374,Powertrain assembly 04374,E-Van Commercial,Service kit,PL-19,3350.82,2583.48,22.9,1238,run-out
FG-04375,Exterior module assembly 04375,Aftermarket Service,Chassis & suspension,PL-12,3715.72,3098.91,16.6,3682,mature
FG-04376,Chassis & suspension assembly 04376,BEV Compact,Service kit,PL-08,647.53,481.76,25.6,1353,mature
FG-04377,Interior module assembly 04377,B-Hatch Facelift,Powertrain,PL-07,3240.05,2682.76,17.2,2110,mature
FG-04378,Body-in-white assembly 04378,D-Sedan,E-drive,PL-13,483.91,370.68,23.4,3083,ramp-up
FG-04379,E-drive assembly 04379,Aftermarket Service,Chassis & suspension,PL-01,3538.78,3018.58,14.7,2640,mature
FG-04380,Service kit assembly 04380,BEV Crossover,Body-in-white,PL-13,3087.78,2380.68,22.9,2195,ramp-up
FG-04381,Exterior module assembly 04381,B-Hatch Facelift,Powertrain,PL-03,3819.2,3590.05,6,1639,ramp-up
FG-04382,Chassis & suspension assembly 04382,C-SUV Gen4,E-drive,PL-03,3075.24,2850.75,7.3,3510,mature
FG-04383,Exterior module assembly 04383,Aftermarket Service,Exterior module,PL-20,923.04,812.28,12,3228,run-out
FG-04384,Body-in-white assembly 04384,E-Van Commercial,Interior module,PL-16,97.9,88.5,9.6,3186,run-out
FG-04385,E-drive assembly 04385,D-Sedan,Service kit,PL-13,4128.62,3352.44,18.8,1565,run-out
FG-04386,Powertrain assembly 04386,BEV Crossover,Service kit,PL-14,1180.08,1071.51,9.2,1236,run-out
FG-04387,Thermal system assembly 04387,B-Hatch Facelift,Service kit,PL-11,93.02,87.16,6.3,929,run-out
FG-04388,Service kit assembly 04388,Aftermarket Service,Body-in-white,PL-06,2280.95,2169.18,4.9,2717,ramp-up
FG-04389,E-drive assembly 04389,C-SUV Gen5,Body-in-white,PL-09,894.31,702.93,21.4,1774,mature
FG-04390,E-drive assembly 04390,BEV Compact,Thermal system,PL-08,3096.77,2430.96,21.5,3781,mature
FG-04391,Exterior module assembly 04391,Pickup Midsize,Powertrain,PL-04,663.73,607.98,8.4,1918,mature
FG-04392,Service kit assembly 04392,E-Van Commercial,Exterior module,PL-12,1088.03,1008.6,7.3,422,run-out
FG-04393,Electrical & electronics assembly 04393,BEV Crossover,Interior module,PL-10,2852.84,2447.74,14.2,1500,mature
FG-04394,Powertrain assembly 04394,D-Sedan,Powertrain,PL-09,2126.69,1782.17,16.2,1000,mature
FG-04395,E-drive assembly 04395,E-Van Commercial,Body-in-white,PL-17,1795.76,1447.38,19.4,380,mature
FG-04396,Body-in-white assembly 04396,E-Van Commercial,Body-in-white,PL-01,2058.3,1702.21,17.3,955,mature
FG-04397,Chassis & suspension assembly 04397,BEV Crossover,Service kit,PL-04,1666.31,1491.35,10.5,3107,mature
FG-04398,Interior module assembly 04398,Aftermarket Service,Chassis & suspension,PL-20,1504.27,1337.3,11.1,2894,ramp-up
FG-04399,Interior module assembly 04399,BEV Compact,Interior module,PL-19,2195.23,1986.68,9.5,1190,run-out
FG-04400,Electrical & electronics assembly 04400,E-Van Commercial,Chassis & suspension,PL-20,4043.97,3441.42,14.9,2650,ramp-up
FG-04401,Service kit assembly 04401,Hybrid D-Sedan,Service kit,PL-10,1007.36,864.31,14.2,749,run-out
FG-04402,E-drive assembly 04402,B-Hatch Facelift,Service kit,PL-20,1931.98,1437.39,25.6,1802,run-out
FG-04403,Chassis & suspension assembly 04403,B-Hatch Facelift,Body-in-white,PL-06,113.83,107.57,5.5,1012,mature
FG-04404,Thermal system assembly 04404,E-Van Commercial,Thermal system,PL-15,3365.27,3227.29,4.1,1299,mature
FG-04405,Exterior module assembly 04405,C-SUV Gen4,Chassis & suspension,PL-13,4094.21,3279.46,19.9,3055,mature
FG-04406,Exterior module assembly 04406,E-Van Commercial,Body-in-white,PL-12,1580.35,1344.88,14.9,2642,mature
FG-04407,Powertrain assembly 04407,D-Sedan,E-drive,PL-06,1658.76,1247.39,24.8,3423,mature
FG-04408,Thermal system assembly 04408,E-Van Commercial,Thermal system,PL-09,2120.51,1857.57,12.4,1499,mature
FG-04409,Electrical & electronics assembly 04409,BEV Compact,E-drive,PL-09,1225.58,1065.03,13.1,2877,mature
FG-04410,E-drive assembly 04410,C-SUV Gen4,Thermal system,PL-13,242.95,184.64,24,234,mature
FG-04411,Service kit assembly 04411,B-Hatch Facelift,Powertrain,PL-12,4172.8,3763.87,9.8,3788,ramp-up
FG-04412,Thermal system assembly 04412,BEV Crossover,Interior module,PL-08,4031.02,3023.26,25,1523,ramp-up
FG-04413,E-drive assembly 04413,Pickup Midsize,Electrical & electronics,PL-04,3020.78,2609.95,13.6,3763,mature
FG-04414,E-drive assembly 04414,BEV Crossover,Chassis & suspension,PL-02,3491.38,3089.87,11.5,1979,ramp-up
FG-04415,Powertrain assembly 04415,D-Sedan,Powertrain,PL-10,389.27,290.78,25.3,603,run-out
FG-04416,E-drive assembly 04416,BEV Crossover,Body-in-white,PL-14,1976.2,1837.87,7,887,run-out
FG-04417,Exterior module assembly 04417,D-Sedan,Interior module,PL-11,3024.64,2707.05,10.5,1049,run-out
FG-04418,Body-in-white assembly 04418,C-SUV Gen4,Exterior module,PL-16,1900.32,1413.84,25.6,1395,run-out
FG-04419,Chassis & suspension assembly 04419,BEV Compact,Electrical & electronics,PL-13,3362.02,2793.84,16.9,3057,mature
FG-04420,Powertrain assembly 04420,Aftermarket Service,Body-in-white,PL-08,2923.48,2543.43,13,346,run-out
FG-04421,Interior module assembly 04421,Aftermarket Service,E-drive,PL-13,2637.54,2503.03,5.1,762,run-out
FG-04422,Service kit assembly 04422,C-SUV Gen5,Powertrain,PL-12,132.47,123.59,6.7,805,mature
FG-04423,Thermal system assembly 04423,D-Sedan,Chassis & suspension,PL-04,760.47,690.51,9.2,783,mature
FG-04424,Service kit assembly 04424,BEV Compact,Service kit,PL-12,2998.35,2653.54,11.5,1896,mature
FG-04425,Body-in-white assembly 04425,E-Van Commercial,E-drive,PL-01,2805.43,2474.39,11.8,718,run-out
FG-04426,Chassis & suspension assembly 04426,D-Sedan,Thermal system,PL-06,318.59,298.52,6.3,3768,mature
FG-04427,Exterior module assembly 04427,B-Hatch Facelift,Exterior module,PL-13,574.57,476.89,17,1671,mature
FG-04428,Thermal system assembly 04428,E-Van Commercial,Powertrain,PL-06,4104.33,3423.01,16.6,1212,ramp-up
FG-04429,Exterior module assembly 04429,B-Hatch Facelift,Chassis & suspension,PL-18,4019.77,3481.12,13.4,1866,mature
FG-04430,Chassis & suspension assembly 04430,Aftermarket Service,Chassis & suspension,PL-11,2057.49,1810.59,12,3746,mature
FG-04431,Service kit assembly 04431,C-SUV Gen5,Exterior module,PL-02,2029.81,1534.54,24.4,1617,mature
FG-04432,E-drive assembly 04432,C-SUV Gen4,Thermal system,PL-08,1458,1132.87,22.3,2772,mature
FG-04433,Body-in-white assembly 04433,BEV Crossover,Interior module,PL-13,2162.59,2039.32,5.7,722,mature
FG-04434,Exterior module assembly 04434,BEV Crossover,Body-in-white,PL-03,2416,2101.92,13,3000,run-out
FG-04435,E-drive assembly 04435,Aftermarket Service,Exterior module,PL-20,3897.26,3671.22,5.8,3430,mature
FG-04436,Exterior module assembly 04436,BEV Crossover,Chassis & suspension,PL-18,208.99,158.83,24,950,mature
FG-04437,Electrical & electronics assembly 04437,B-Hatch Facelift,Powertrain,PL-06,971.47,786.89,19,715,ramp-up
FG-04438,Thermal system assembly 04438,B-Hatch Facelift,Interior module,PL-12,84.03,65.21,22.4,1252,mature
FG-04439,Thermal system assembly 04439,Aftermarket Service,Thermal system,PL-06,338.51,289.76,14.4,1707,mature
FG-04440,Thermal system assembly 04440,C-SUV Gen4,Thermal system,PL-12,2974.95,2403.76,19.2,2706,mature
FG-04441,Electrical & electronics assembly 04441,Hybrid D-Sedan,Interior module,PL-03,3729.52,3412.51,8.5,843,mature
FG-04442,E-drive assembly 04442,Hybrid D-Sedan,Chassis & suspension,PL-11,3684.52,3293.96,10.6,3245,run-out
FG-04443,Interior module assembly 04443,D-Sedan,Thermal system,PL-07,1680.69,1576.49,6.2,1737,run-out
FG-04444,Electrical & electronics assembly 04444,C-SUV Gen5,E-drive,PL-06,1531.63,1427.48,6.8,1115,mature
FG-04445,Powertrain assembly 04445,E-Van Commercial,Thermal system,PL-04,800.42,737.19,7.9,3234,mature
FG-04446,Interior module assembly 04446,E-Van Commercial,Powertrain,PL-11,2688.47,2250.25,16.3,3620,mature
FG-04447,Interior module assembly 04447,C-SUV Gen4,Body-in-white,PL-01,1176.51,988.27,16,598,mature
FG-04448,Exterior module assembly 04448,Aftermarket Service,Thermal system,PL-16,1742.76,1577.2,9.5,1835,mature
FG-04449,Interior module assembly 04449,C-SUV Gen5,Powertrain,PL-14,2868.37,2297.56,19.9,1807,mature
FG-04450,Service kit assembly 04450,Pickup Midsize,Powertrain,PL-02,654.91,567.81,13.3,2039,ramp-up
FG-04451,Service kit assembly 04451,BEV Compact,Body-in-white,PL-13,4089.19,3062.8,25.1,2280,mature
FG-04452,Exterior module assembly 04452,Pickup Midsize,Exterior module,PL-17,2785.18,2565.15,7.9,424,mature
FG-04453,Interior module assembly 04453,BEV Compact,Exterior module,PL-09,3543.13,2986.86,15.7,1172,mature
FG-04454,Interior module assembly 04454,E-Van Commercial,Exterior module,PL-12,2765.92,2168.48,21.6,3187,mature
FG-04455,Exterior module assembly 04455,C-SUV Gen5,Electrical & electronics,PL-18,2762.52,2605.06,5.7,2562,run-out
FG-04456,E-drive assembly 04456,B-Hatch Facelift,E-drive,PL-01,1303.72,1224.19,6.1,1241,ramp-up
FG-04457,Chassis & suspension assembly 04457,C-SUV Gen4,Service kit,PL-13,135.02,103.56,23.3,1508,mature
FG-04458,Interior module assembly 04458,C-SUV Gen5,Chassis & suspension,PL-10,3361.63,2729.64,18.8,1646,mature
FG-04459,Service kit assembly 04459,BEV Crossover,Thermal system,PL-20,1550.83,1419.01,8.5,352,mature
FG-04460,Body-in-white assembly 04460,Aftermarket Service,Electrical & electronics,PL-01,3876.31,3488.68,10,2324,ramp-up
FG-04461,Body-in-white assembly 04461,Hybrid D-Sedan,Chassis & suspension,PL-19,1964.88,1622.99,17.4,2344,mature
FG-04462,Thermal system assembly 04462,C-SUV Gen4,Chassis & suspension,PL-03,2560.24,2409.19,5.9,800,mature
FG-04463,Thermal system assembly 04463,Aftermarket Service,Chassis & suspension,PL-13,199,180.69,9.2,1473,run-out
FG-04464,Exterior module assembly 04464,BEV Crossover,Service kit,PL-10,2083.89,1973.44,5.3,2951,run-out
FG-04465,E-drive assembly 04465,B-Hatch Facelift,Service kit,PL-11,1279.12,1184.47,7.4,2561,mature
FG-04466,E-drive assembly 04466,D-Sedan,Powertrain,PL-16,2102.95,1930.51,8.2,1494,run-out
FG-04467,Body-in-white assembly 04467,B-Hatch Facelift,Powertrain,PL-19,2152.45,1762.86,18.1,3535,mature
FG-04468,Thermal system assembly 04468,Hybrid D-Sedan,Electrical & electronics,PL-16,1595.46,1225.31,23.2,3641,mature
FG-04469,E-drive assembly 04469,B-Hatch Facelift,Exterior module,PL-20,2334.68,1975.14,15.4,389,mature
FG-04470,Exterior module assembly 04470,BEV Compact,Electrical & electronics,PL-16,1199.04,1101.92,8.1,2031,ramp-up
FG-04471,Interior module assembly 04471,Hybrid D-Sedan,Service kit,PL-08,2092.15,1797.16,14.1,3495,mature
FG-04472,Electrical & electronics assembly 04472,B-Hatch Facelift,Exterior module,PL-11,1393.06,1270.47,8.8,2375,mature
FG-04473,Exterior module assembly 04473,Hybrid D-Sedan,Service kit,PL-06,624.06,559.16,10.4,970,ramp-up
FG-04474,Body-in-white assembly 04474,B-Hatch Facelift,Powertrain,PL-05,680.83,597.77,12.2,1956,mature
FG-04475,Chassis & suspension assembly 04475,C-SUV Gen5,E-drive,PL-01,2554.63,2273.62,11,1447,ramp-up
FG-04476,Chassis & suspension assembly 04476,Aftermarket Service,Interior module,PL-03,2081.78,1686.24,19,2151,mature
FG-04477,Powertrain assembly 04477,BEV Crossover,Body-in-white,PL-20,3650.3,3000.55,17.8,1233,ramp-up
FG-04478,Service kit assembly 04478,D-Sedan,Interior module,PL-09,3003.68,2805.44,6.6,2053,mature
FG-04479,Exterior module assembly 04479,Pickup Midsize,Thermal system,PL-07,1466.94,1274.77,13.1,611,mature
FG-04480,Thermal system assembly 04480,D-Sedan,Powertrain,PL-20,1734.78,1316.7,24.1,3431,mature
FG-04481,Electrical & electronics assembly 04481,BEV Crossover,Thermal system,PL-20,1841.99,1655.95,10.1,1241,mature
FG-04482,Thermal system assembly 04482,Pickup Midsize,Exterior module,PL-08,3936.02,3026.8,23.1,568,mature
FG-04483,Service kit assembly 04483,C-SUV Gen5,Exterior module,PL-05,456.7,384.54,15.8,3561,ramp-up
FG-04484,Powertrain assembly 04484,E-Van Commercial,Body-in-white,PL-09,48.22,39.3,18.5,352,mature
FG-04485,E-drive assembly 04485,Pickup Midsize,E-drive,PL-15,1793.26,1504.55,16.1,405,mature
FG-04486,Interior module assembly 04486,C-SUV Gen5,Exterior module,PL-04,869.28,804.95,7.4,767,mature
FG-04487,Electrical & electronics assembly 04487,Pickup Midsize,Powertrain,PL-02,697.06,663.6,4.8,875,run-out
FG-04488,Service kit assembly 04488,E-Van Commercial,Powertrain,PL-15,2496.35,1997.08,20,3419,ramp-up
FG-04489,Interior module assembly 04489,D-Sedan,Electrical & electronics,PL-01,1333.8,1176.41,11.8,1268,mature
FG-04490,Exterior module assembly 04490,BEV Crossover,Service kit,PL-19,1128,940.75,16.6,3376,run-out
FG-04491,Thermal system assembly 04491,BEV Crossover,Electrical & electronics,PL-15,2906.73,2246.9,22.7,1387,run-out
FG-04492,Thermal system assembly 04492,E-Van Commercial,Powertrain,PL-04,3711.44,3551.85,4.3,1690,mature
FG-04493,E-drive assembly 04493,Hybrid D-Sedan,Exterior module,PL-04,1993.83,1846.29,7.4,1941,ramp-up
FG-04494,Service kit assembly 04494,C-SUV Gen4,Body-in-white,PL-10,1194.71,933.07,21.9,2799,mature
FG-04495,Thermal system assembly 04495,Hybrid D-Sedan,Exterior module,PL-09,3194.97,2718.92,14.9,1940,mature
FG-04496,E-drive assembly 04496,B-Hatch Facelift,Interior module,PL-20,4103.82,3496.45,14.8,587,run-out
FG-04497,Chassis & suspension assembly 04497,BEV Compact,Powertrain,PL-19,694.13,664.98,4.2,3667,mature
FG-04498,Chassis & suspension assembly 04498,C-SUV Gen5,Electrical & electronics,PL-18,3330.01,2733.94,17.9,2245,ramp-up
FG-04499,Body-in-white assembly 04499,C-SUV Gen5,Electrical & electronics,PL-19,1371.57,1298.88,5.3,2507,run-out
FG-04500,Body-in-white assembly 04500,D-Sedan,Chassis & suspension,PL-06,1551.87,1419.96,8.5,2992,mature
FG-04501,E-drive assembly 04501,Pickup Midsize,Powertrain,PL-11,2211.03,1857.27,16,3258,run-out
FG-04502,E-drive assembly 04502,C-SUV Gen5,Interior module,PL-20,3107.56,2392.82,23,2379,run-out
FG-04503,Service kit assembly 04503,BEV Compact,Body-in-white,PL-09,946.88,863.55,8.8,2409,mature
FG-04504,Exterior module assembly 04504,Pickup Midsize,Exterior module,PL-04,3867,3472.57,10.2,1686,mature
FG-04505,Powertrain assembly 04505,B-Hatch Facelift,Exterior module,PL-13,2556.38,1901.95,25.6,658,run-out
FG-04506,Electrical & electronics assembly 04506,B-Hatch Facelift,Powertrain,PL-12,1879.05,1623.5,13.6,1328,mature
FG-04507,Thermal system assembly 04507,B-Hatch Facelift,Service kit,PL-11,821.8,749.48,8.8,321,ramp-up
FG-04508,Exterior module assembly 04508,Hybrid D-Sedan,Powertrain,PL-16,3863.68,2913.21,24.6,2033,mature
FG-04509,Interior module assembly 04509,E-Van Commercial,Body-in-white,PL-07,1442.62,1354.62,6.1,2723,run-out
FG-04510,Service kit assembly 04510,Aftermarket Service,Service kit,PL-10,2619.21,2323.24,11.3,2242,mature
FG-04511,E-drive assembly 04511,BEV Compact,Powertrain,PL-07,3597.75,2752.28,23.5,1827,ramp-up
FG-04512,Interior module assembly 04512,BEV Compact,Chassis & suspension,PL-02,134.43,116.01,13.7,3074,run-out
FG-04513,Electrical & electronics assembly 04513,BEV Crossover,Service kit,PL-05,2282.7,2059,9.8,533,ramp-up
FG-04514,Thermal system assembly 04514,Aftermarket Service,Powertrain,PL-10,1615.84,1326.6,17.9,1945,ramp-up
FG-04515,Chassis & suspension assembly 04515,C-SUV Gen5,Chassis & suspension,PL-08,3111.73,2557.84,17.8,519,mature
FG-04516,Body-in-white assembly 04516,BEV Crossover,Powertrain,PL-20,1204.8,1112.03,7.7,1311,run-out
FG-04517,Powertrain assembly 04517,BEV Crossover,E-drive,PL-06,3880.12,3367.94,13.2,3424,mature
FG-04518,Powertrain assembly 04518,C-SUV Gen5,Electrical & electronics,PL-04,934.76,797.35,14.7,2288,mature
FG-04519,Exterior module assembly 04519,BEV Compact,Interior module,PL-14,1056.28,915.79,13.3,684,mature
FG-04520,Body-in-white assembly 04520,Hybrid D-Sedan,Powertrain,PL-11,603.41,506.26,16.1,2050,mature
FG-04521,Chassis & suspension assembly 04521,C-SUV Gen4,Exterior module,PL-01,428.96,403.22,6,1180,mature
FG-04522,Service kit assembly 04522,BEV Crossover,Interior module,PL-07,109.87,102.51,6.7,2578,mature
FG-04523,Body-in-white assembly 04523,Aftermarket Service,Chassis & suspension,PL-14,2824.47,2191.79,22.4,2176,ramp-up
FG-04524,Body-in-white assembly 04524,C-SUV Gen4,Powertrain,PL-11,1791.91,1677.23,6.4,492,mature
FG-04525,Interior module assembly 04525,B-Hatch Facelift,Service kit,PL-08,2288.81,2009.58,12.2,1837,ramp-up
FG-04526,Body-in-white assembly 04526,Hybrid D-Sedan,Chassis & suspension,PL-10,298.09,230.72,22.6,3363,mature
FG-04527,E-drive assembly 04527,D-Sedan,Chassis & suspension,PL-06,889.92,852.54,4.2,418,mature
FG-04528,Thermal system assembly 04528,E-Van Commercial,Electrical & electronics,PL-16,1544.99,1334.87,13.6,642,mature
FG-04529,Service kit assembly 04529,B-Hatch Facelift,Exterior module,PL-14,2744.83,2058.62,25,1439,run-out
FG-04530,Chassis & suspension assembly 04530,Aftermarket Service,E-drive,PL-04,124.39,118.17,5,2653,mature
FG-04531,Powertrain assembly 04531,B-Hatch Facelift,Thermal system,PL-18,3891.82,3179.62,18.3,1528,run-out
FG-04532,Service kit assembly 04532,E-Van Commercial,Thermal system,PL-04,2415.42,2205.28,8.7,184,mature
FG-04533,Thermal system assembly 04533,Hybrid D-Sedan,Thermal system,PL-17,2937.7,2767.31,5.8,2942,mature
FG-04534,E-drive assembly 04534,Aftermarket Service,Body-in-white,PL-20,3991.79,3672.45,8,3478,mature
FG-04535,Chassis & suspension assembly 04535,C-SUV Gen4,Thermal system,PL-04,3394.89,3211.57,5.4,3410,run-out
FG-04536,E-drive assembly 04536,BEV Compact,E-drive,PL-07,268.97,246.91,8.2,1823,mature
FG-04537,Electrical & electronics assembly 04537,C-SUV Gen5,Electrical & electronics,PL-01,3553.68,2949.55,17,1091,mature
FG-04538,E-drive assembly 04538,BEV Crossover,Body-in-white,PL-06,1306.37,1024.19,21.6,2545,run-out
FG-04539,Service kit assembly 04539,BEV Crossover,Interior module,PL-12,2974.39,2775.11,6.7,3320,mature
FG-04540,Interior module assembly 04540,E-Van Commercial,E-drive,PL-01,904.51,829.44,8.3,1942,mature
FG-04541,Service kit assembly 04541,BEV Crossover,Interior module,PL-03,669.56,510.2,23.8,1322,ramp-up
FG-04542,Exterior module assembly 04542,B-Hatch Facelift,Interior module,PL-12,3872.24,3275.92,15.4,1586,mature
FG-04543,Body-in-white assembly 04543,Aftermarket Service,Exterior module,PL-15,1596.14,1436.53,10,1643,mature
FG-04544,Powertrain assembly 04544,B-Hatch Facelift,Thermal system,PL-17,3433.91,3190.1,7.1,1947,mature
FG-04545,E-drive assembly 04545,Aftermarket Service,Body-in-white,PL-04,2372.67,1758.15,25.9,862,run-out
FG-04546,Service kit assembly 04546,Aftermarket Service,Chassis & suspension,PL-04,186.56,177.79,4.7,3571,ramp-up
FG-04547,Body-in-white assembly 04547,D-Sedan,Service kit,PL-16,1926.49,1618.25,16,1898,mature
FG-04548,Interior module assembly 04548,C-SUV Gen4,Exterior module,PL-08,282.11,269.98,4.3,703,mature
FG-04549,Powertrain assembly 04549,Hybrid D-Sedan,Service kit,PL-20,3830.9,3302.24,13.8,68,mature
FG-04550,Electrical & electronics assembly 04550,B-Hatch Facelift,Electrical & electronics,PL-09,1144.54,1069,6.6,1369,mature
FG-04551,Thermal system assembly 04551,Pickup Midsize,Body-in-white,PL-08,2022.37,1694.75,16.2,3172,run-out
FG-04552,Electrical & electronics assembly 04552,B-Hatch Facelift,Electrical & electronics,PL-05,2117.09,1625.93,23.2,2096,run-out
FG-04553,E-drive assembly 04553,C-SUV Gen5,Exterior module,PL-11,3912.69,3411.87,12.8,2427,run-out
FG-04554,Thermal system assembly 04554,C-SUV Gen4,Chassis & suspension,PL-12,2644.44,2171.09,17.9,433,mature
FG-04555,Service kit assembly 04555,E-Van Commercial,Body-in-white,PL-12,3641.21,3109.59,14.6,119,ramp-up
FG-04556,Body-in-white assembly 04556,D-Sedan,E-drive,PL-17,454.89,349.81,23.1,3693,mature
FG-04557,Powertrain assembly 04557,C-SUV Gen4,Exterior module,PL-08,1032.01,857.6,16.9,3216,mature
FG-04558,E-drive assembly 04558,C-SUV Gen4,Thermal system,PL-18,2207.56,1874.22,15.1,3674,mature
FG-04559,Body-in-white assembly 04559,BEV Compact,Exterior module,PL-20,3931.04,3695.18,6,1869,run-out
FG-04560,Powertrain assembly 04560,B-Hatch Facelift,Chassis & suspension,PL-15,899.58,820.42,8.8,518,ramp-up
FG-04561,Chassis & suspension assembly 04561,B-Hatch Facelift,Electrical & electronics,PL-12,1458.38,1303.79,10.6,841,ramp-up
FG-04562,E-drive assembly 04562,BEV Compact,Exterior module,PL-10,3133.25,2490.93,20.5,120,mature
FG-04563,Chassis & suspension assembly 04563,E-Van Commercial,Thermal system,PL-10,3740.39,2992.31,20,1779,mature
FG-04564,Thermal system assembly 04564,Hybrid D-Sedan,Powertrain,PL-05,2368.28,2157.5,8.9,179,mature
FG-04565,Body-in-white assembly 04565,Aftermarket Service,Thermal system,PL-12,2696.88,2332.8,13.5,622,run-out
FG-04566,Electrical & electronics assembly 04566,Hybrid D-Sedan,Powertrain,PL-12,2033.91,1751.2,13.9,2727,mature
FG-04567,Exterior module assembly 04567,C-SUV Gen4,Thermal system,PL-11,3463.36,3089.32,10.8,118,ramp-up
FG-04568,Body-in-white assembly 04568,B-Hatch Facelift,Exterior module,PL-16,1246.17,1125.29,9.7,184,mature
FG-04569,E-drive assembly 04569,B-Hatch Facelift,Body-in-white,PL-06,1798.14,1555.39,13.5,3447,mature
FG-04570,Thermal system assembly 04570,D-Sedan,Exterior module,PL-05,1299.98,1024.38,21.2,3006,ramp-up
FG-04571,Powertrain assembly 04571,C-SUV Gen5,E-drive,PL-02,3039.59,2693.08,11.4,283,run-out
FG-04572,Exterior module assembly 04572,Aftermarket Service,Powertrain,PL-13,3851.45,3034.94,21.2,3059,ramp-up
FG-04573,Thermal system assembly 04573,Aftermarket Service,Chassis & suspension,PL-02,3668.31,3242.79,11.6,1994,ramp-up
FG-04574,Chassis & suspension assembly 04574,Aftermarket Service,E-drive,PL-10,789.96,588.52,25.5,1267,mature
FG-04575,Chassis & suspension assembly 04575,Aftermarket Service,Interior module,PL-08,1954.28,1496.98,23.4,1243,mature
FG-04576,E-drive assembly 04576,E-Van Commercial,E-drive,PL-02,1505.4,1336.8,11.2,1230,mature
FG-04577,Electrical & electronics assembly 04577,E-Van Commercial,Electrical & electronics,PL-15,294.1,231.46,21.3,3413,mature
FG-04578,Interior module assembly 04578,BEV Compact,Interior module,PL-06,1985.37,1745.14,12.1,2846,mature
FG-04579,Powertrain assembly 04579,BEV Compact,Body-in-white,PL-06,3393.16,2802.75,17.4,1318,run-out
FG-04580,Body-in-white assembly 04580,Hybrid D-Sedan,Chassis & suspension,PL-07,3772.33,3198.94,15.2,3488,mature
FG-04581,E-drive assembly 04581,Aftermarket Service,Thermal system,PL-11,3982.79,2995.06,24.8,2861,mature
FG-04582,E-drive assembly 04582,B-Hatch Facelift,Body-in-white,PL-13,3835.81,3383.18,11.8,2974,mature
FG-04583,Service kit assembly 04583,BEV Crossover,Electrical & electronics,PL-01,1777.51,1416.68,20.3,1957,ramp-up
FG-04584,Service kit assembly 04584,BEV Crossover,Exterior module,PL-13,1064.59,1018.81,4.3,959,mature
FG-04585,Exterior module assembly 04585,B-Hatch Facelift,Chassis & suspension,PL-05,1657.17,1372.14,17.2,2409,ramp-up
FG-04586,E-drive assembly 04586,E-Van Commercial,Powertrain,PL-09,2758.9,2397.48,13.1,1904,mature
FG-04587,E-drive assembly 04587,Pickup Midsize,Electrical & electronics,PL-07,3539.17,3323.28,6.1,178,mature
FG-04588,Chassis & suspension assembly 04588,D-Sedan,Service kit,PL-20,2037.59,1683.05,17.4,1132,run-out
FG-04589,Service kit assembly 04589,Aftermarket Service,Electrical & electronics,PL-01,560.6,526.4,6.1,3477,ramp-up
FG-04590,Electrical & electronics assembly 04590,BEV Crossover,E-drive,PL-10,950.32,891.4,6.2,1131,mature
FG-04591,E-drive assembly 04591,C-SUV Gen5,Electrical & electronics,PL-07,2190.5,2074.4,5.3,3695,mature
FG-04592,E-drive assembly 04592,D-Sedan,Chassis & suspension,PL-11,349.77,324.94,7.1,1396,mature
FG-04593,Exterior module assembly 04593,B-Hatch Facelift,Powertrain,PL-10,3326.99,2927.75,12,3054,mature
FG-04594,Electrical & electronics assembly 04594,BEV Crossover,Thermal system,PL-14,2228.8,2112.9,5.2,3389,run-out
FG-04595,E-drive assembly 04595,BEV Compact,Interior module,PL-13,3254.45,2694.68,17.2,663,ramp-up
FG-04596,Electrical & electronics assembly 04596,C-SUV Gen5,Service kit,PL-07,3747.65,3155.52,15.8,379,mature
FG-04597,Thermal system assembly 04597,C-SUV Gen5,Service kit,PL-14,3825.77,2907.59,24,1261,run-out
FG-04598,Exterior module assembly 04598,D-Sedan,Exterior module,PL-14,3726.12,2768.51,25.7,1310,mature
FG-04599,Chassis & suspension assembly 04599,BEV Compact,Exterior module,PL-05,3489.47,3147.5,9.8,1276,ramp-up
FG-04600,Service kit assembly 04600,BEV Crossover,Chassis & suspension,PL-07,825.76,648.22,21.5,1733,run-out
FG-04601,Thermal system assembly 04601,E-Van Commercial,Powertrain,PL-05,3781.94,2949.91,22,1349,mature
FG-04602,Interior module assembly 04602,C-SUV Gen4,Service kit,PL-05,4197.08,3395.44,19.1,111,mature
FG-04603,Exterior module assembly 04603,E-Van Commercial,Powertrain,PL-16,3354.59,3089.58,7.9,3735,run-out
FG-04604,Service kit assembly 04604,Pickup Midsize,Exterior module,PL-10,2576.7,2471.06,4.1,2785,mature
FG-04605,Powertrain assembly 04605,B-Hatch Facelift,Powertrain,PL-02,311.05,247.28,20.5,2139,mature
FG-04606,Exterior module assembly 04606,Aftermarket Service,E-drive,PL-01,4019.55,3830.63,4.7,2467,run-out
FG-04607,Powertrain assembly 04607,B-Hatch Facelift,Interior module,PL-03,2854.37,2717.36,4.8,1808,mature
FG-04608,Electrical & electronics assembly 04608,Aftermarket Service,Chassis & suspension,PL-14,841.1,749.42,10.9,2107,mature
FG-04609,Thermal system assembly 04609,Aftermarket Service,Interior module,PL-13,2539.18,1909.46,24.8,1803,mature
FG-04610,Powertrain assembly 04610,BEV Crossover,Powertrain,PL-14,1039.46,777.52,25.2,951,ramp-up
FG-04611,E-drive assembly 04611,BEV Compact,Exterior module,PL-15,1538.92,1435.81,6.7,3741,ramp-up
FG-04612,E-drive assembly 04612,D-Sedan,Service kit,PL-15,1547.65,1156.09,25.3,3288,mature
FG-04613,Exterior module assembly 04613,C-SUV Gen5,Exterior module,PL-18,2517.97,2288.83,9.1,1641,mature
FG-04614,Chassis & suspension assembly 04614,Aftermarket Service,E-drive,PL-15,3035.74,2574.31,15.2,721,ramp-up
FG-04615,Electrical & electronics assembly 04615,Hybrid D-Sedan,Service kit,PL-10,2658.89,2379.71,10.5,2003,run-out
FG-04616,Electrical & electronics assembly 04616,BEV Crossover,Service kit,PL-11,3938.08,3540.33,10.1,3599,mature
FG-04617,Powertrain assembly 04617,B-Hatch Facelift,Powertrain,PL-02,154.6,114.56,25.9,2306,mature
FG-04618,Powertrain assembly 04618,Pickup Midsize,Exterior module,PL-15,2790.43,2201.65,21.1,611,mature
FG-04619,E-drive assembly 04619,Aftermarket Service,Powertrain,PL-15,700.51,519.78,25.8,3537,ramp-up
FG-04620,Body-in-white assembly 04620,Hybrid D-Sedan,Thermal system,PL-15,567.18,465.09,18,1551,mature
FG-04621,Chassis & suspension assembly 04621,BEV Crossover,Powertrain,PL-02,3211.79,2929.15,8.8,20,run-out
FG-04622,Powertrain assembly 04622,E-Van Commercial,Chassis & suspension,PL-04,3018.55,2272.97,24.7,697,mature
FG-04623,Service kit assembly 04623,C-SUV Gen4,Service kit,PL-03,2160.51,1968.22,8.9,3295,mature
FG-04624,E-drive assembly 04624,BEV Compact,E-drive,PL-02,2232.76,1888.91,15.4,676,ramp-up
FG-04625,Electrical & electronics assembly 04625,C-SUV Gen4,Chassis & suspension,PL-03,2377.83,2044.93,14,1697,ramp-up
FG-04626,Service kit assembly 04626,C-SUV Gen5,Service kit,PL-10,3903.22,3516.8,9.9,2298,mature
FG-04627,Exterior module assembly 04627,D-Sedan,Body-in-white,PL-02,616.2,512.06,16.9,3140,mature
FG-04628,Exterior module assembly 04628,E-Van Commercial,Electrical & electronics,PL-05,580.71,497.67,14.3,1965,run-out
FG-04629,E-drive assembly 04629,B-Hatch Facelift,Chassis & suspension,PL-19,351.54,273.5,22.2,2259,mature
FG-04630,Electrical & electronics assembly 04630,BEV Crossover,Exterior module,PL-20,3095.59,2906.76,6.1,407,mature
FG-04631,Service kit assembly 04631,B-Hatch Facelift,Chassis & suspension,PL-03,1655.42,1499.81,9.4,504,run-out
FG-04632,Service kit assembly 04632,Hybrid D-Sedan,Interior module,PL-16,1344.95,1256.18,6.6,89,mature
FG-04633,Exterior module assembly 04633,D-Sedan,Chassis & suspension,PL-13,3532.28,3348.6,5.2,3538,mature
FG-04634,Service kit assembly 04634,BEV Compact,Body-in-white,PL-02,4024.84,3123.28,22.4,2605,mature
FG-04635,Service kit assembly 04635,E-Van Commercial,Exterior module,PL-10,2101.57,1576.18,25,3514,run-out
FG-04636,Chassis & suspension assembly 04636,C-SUV Gen5,Thermal system,PL-07,3572.43,3293.78,7.8,2303,mature
FG-04637,Service kit assembly 04637,D-Sedan,Thermal system,PL-18,1244.98,1079.4,13.3,2939,run-out
FG-04638,Body-in-white assembly 04638,Aftermarket Service,Electrical & electronics,PL-01,3433.21,2547.44,25.8,2586,mature
FG-04639,Thermal system assembly 04639,BEV Crossover,Powertrain,PL-15,2478.59,2359.62,4.8,739,run-out
FG-04640,Exterior module assembly 04640,E-Van Commercial,Interior module,PL-08,3778.18,3283.24,13.1,1976,run-out
FG-04641,Service kit assembly 04641,C-SUV Gen5,Thermal system,PL-15,3135.09,2461.05,21.5,995,run-out
FG-04642,E-drive assembly 04642,C-SUV Gen4,Exterior module,PL-02,3841.01,3579.82,6.8,2850,mature
FG-04643,E-drive assembly 04643,C-SUV Gen5,Thermal system,PL-19,2855.95,2487.53,12.9,2787,mature
FG-04644,Body-in-white assembly 04644,Hybrid D-Sedan,Powertrain,PL-08,100.25,80.7,19.5,1283,ramp-up
FG-04645,Body-in-white assembly 04645,Aftermarket Service,Chassis & suspension,PL-14,1773.63,1463.24,17.5,1371,mature
FG-04646,Body-in-white assembly 04646,C-SUV Gen5,Service kit,PL-10,1081.54,824.13,23.8,3354,mature
FG-04647,Interior module assembly 04647,Aftermarket Service,Powertrain,PL-11,2848.71,2404.31,15.6,709,mature
FG-04648,Powertrain assembly 04648,B-Hatch Facelift,Electrical & electronics,PL-15,609.76,453.05,25.7,3638,ramp-up
FG-04649,Chassis & suspension assembly 04649,C-SUV Gen4,Electrical & electronics,PL-16,1742.15,1325.78,23.9,3302,mature
FG-04650,Thermal system assembly 04650,Aftermarket Service,Powertrain,PL-07,921.21,876.99,4.8,1515,mature
FG-04651,Service kit assembly 04651,Hybrid D-Sedan,Thermal system,PL-11,1617.43,1381.29,14.6,32,mature
FG-04652,Powertrain assembly 04652,D-Sedan,Interior module,PL-18,2535.85,2282.26,10,2352,mature
FG-04653,E-drive assembly 04653,C-SUV Gen4,E-drive,PL-08,3012.76,2714.5,9.9,1591,mature
FG-04654,Body-in-white assembly 04654,C-SUV Gen5,Powertrain,PL-15,2439.44,2156.46,11.6,3555,run-out
FG-04655,E-drive assembly 04655,Aftermarket Service,Chassis & suspension,PL-06,2023.24,1543.73,23.7,1851,mature
FG-04656,Powertrain assembly 04656,Hybrid D-Sedan,Body-in-white,PL-03,575.74,468.65,18.6,3320,mature
FG-04657,E-drive assembly 04657,BEV Crossover,Exterior module,PL-07,948.1,726.24,23.4,1734,run-out
FG-04658,Body-in-white assembly 04658,Pickup Midsize,E-drive,PL-15,2183.7,1755.69,19.6,1810,run-out
FG-04659,Body-in-white assembly 04659,Hybrid D-Sedan,Exterior module,PL-14,2317.83,1719.83,25.8,2830,mature
FG-04660,Exterior module assembly 04660,D-Sedan,E-drive,PL-16,3514.66,3113.99,11.4,2337,mature
FG-04661,Chassis & suspension assembly 04661,Aftermarket Service,Exterior module,PL-02,2921.38,2480.25,15.1,1017,run-out
FG-04662,Exterior module assembly 04662,B-Hatch Facelift,Electrical & electronics,PL-07,2479.51,2328.26,6.1,1200,mature
FG-04663,Chassis & suspension assembly 04663,Aftermarket Service,Exterior module,PL-01,298.4,249.76,16.3,2765,mature
FG-04664,Powertrain assembly 04664,B-Hatch Facelift,Powertrain,PL-20,985.91,830.14,15.8,215,ramp-up
FG-04665,E-drive assembly 04665,Pickup Midsize,Thermal system,PL-07,3386.34,2905.48,14.2,3635,run-out
FG-04666,Thermal system assembly 04666,Hybrid D-Sedan,E-drive,PL-12,3120.45,2624.3,15.9,326,run-out
FG-04667,Chassis & suspension assembly 04667,Aftermarket Service,Service kit,PL-02,1617.73,1203.59,25.6,801,mature
FG-04668,Exterior module assembly 04668,BEV Compact,Chassis & suspension,PL-01,865.84,716.92,17.2,2792,ramp-up
FG-04669,E-drive assembly 04669,C-SUV Gen4,Service kit,PL-07,497.28,403.29,18.9,1794,ramp-up
FG-04670,Interior module assembly 04670,Pickup Midsize,E-drive,PL-06,1368.13,1262.78,7.7,2807,mature
FG-04671,Chassis & suspension assembly 04671,C-SUV Gen4,Powertrain,PL-02,3164.13,2895.18,8.5,2997,mature
FG-04672,Thermal system assembly 04672,Pickup Midsize,Powertrain,PL-01,188.84,142.39,24.6,2020,mature
FG-04673,Thermal system assembly 04673,Aftermarket Service,Chassis & suspension,PL-17,264.02,216.5,18,2171,mature
FG-04674,Electrical & electronics assembly 04674,BEV Compact,Thermal system,PL-08,262.2,241.75,7.8,2162,mature
FG-04675,E-drive assembly 04675,B-Hatch Facelift,Chassis & suspension,PL-13,1371.46,1087.57,20.7,3417,mature
FG-04676,Interior module assembly 04676,Hybrid D-Sedan,Thermal system,PL-01,1767.33,1686.03,4.6,2437,mature
FG-04677,Thermal system assembly 04677,E-Van Commercial,Chassis & suspension,PL-18,4086.95,3555.65,13,3233,mature
FG-04678,Exterior module assembly 04678,BEV Crossover,Chassis & suspension,PL-14,310.39,240.86,22.4,712,mature
FG-04679,Thermal system assembly 04679,C-SUV Gen4,Powertrain,PL-20,529.14,420.14,20.6,3039,mature
FG-04680,Exterior module assembly 04680,C-SUV Gen4,Interior module,PL-03,1726.81,1490.24,13.7,2256,mature
FG-04681,Chassis & suspension assembly 04681,D-Sedan,Service kit,PL-04,447.02,366.11,18.1,2796,mature
FG-04682,Body-in-white assembly 04682,BEV Crossover,Thermal system,PL-19,3643.45,3089.65,15.2,2019,mature
FG-04683,Interior module assembly 04683,Aftermarket Service,Interior module,PL-12,317.12,243.23,23.3,2189,mature
FG-04684,E-drive assembly 04684,C-SUV Gen4,Interior module,PL-07,1970.8,1535.25,22.1,935,mature
FG-04685,Service kit assembly 04685,Aftermarket Service,Thermal system,PL-14,2300.69,1925.68,16.3,1807,ramp-up
FG-04686,Powertrain assembly 04686,Hybrid D-Sedan,Chassis & suspension,PL-19,1550.17,1275.79,17.7,3324,mature
FG-04687,Powertrain assembly 04687,Pickup Midsize,Interior module,PL-10,4115.89,3601.4,12.5,545,mature
FG-04688,Powertrain assembly 04688,Hybrid D-Sedan,Chassis & suspension,PL-12,1870.88,1429.35,23.6,2950,mature
FG-04689,Interior module assembly 04689,BEV Crossover,Interior module,PL-20,1374.99,1027.12,25.3,564,ramp-up
FG-04690,E-drive assembly 04690,BEV Crossover,Exterior module,PL-05,3562.42,2882,19.1,3107,run-out
FG-04691,Powertrain assembly 04691,E-Van Commercial,Body-in-white,PL-05,2386.51,2221.84,6.9,915,mature
FG-04692,Exterior module assembly 04692,Pickup Midsize,Service kit,PL-16,2421.67,2087.48,13.8,2676,run-out
FG-04693,Electrical & electronics assembly 04693,C-SUV Gen4,Body-in-white,PL-20,1407.49,1275.19,9.4,2497,ramp-up
FG-04694,Service kit assembly 04694,C-SUV Gen5,Thermal system,PL-12,60.08,53.77,10.5,1090,ramp-up
FG-04695,Chassis & suspension assembly 04695,E-Van Commercial,Thermal system,PL-14,1755.58,1481.71,15.6,1678,mature
FG-04696,Electrical & electronics assembly 04696,Aftermarket Service,Chassis & suspension,PL-16,2085.85,1835.55,12,3292,mature
FG-04697,E-drive assembly 04697,Pickup Midsize,Exterior module,PL-03,1526.32,1346.21,11.8,2821,mature
FG-04698,Thermal system assembly 04698,D-Sedan,E-drive,PL-11,3821.11,3576.56,6.4,2017,mature
FG-04699,Chassis & suspension assembly 04699,Hybrid D-Sedan,Service kit,PL-07,85.24,71.09,16.6,561,mature
FG-04700,Service kit assembly 04700,Aftermarket Service,Exterior module,PL-08,949.12,784.92,17.3,1654,mature
FG-04701,Powertrain assembly 04701,B-Hatch Facelift,Powertrain,PL-06,405.13,315.19,22.2,3667,ramp-up
FG-04702,Exterior module assembly 04702,E-Van Commercial,Chassis & suspension,PL-13,161.48,124.02,23.2,528,run-out
FG-04703,Exterior module assembly 04703,B-Hatch Facelift,Service kit,PL-18,3093.18,2391.03,22.7,2203,ramp-up
FG-04704,Electrical & electronics assembly 04704,Pickup Midsize,Interior module,PL-09,720.26,660.48,8.3,3421,mature
FG-04705,Thermal system assembly 04705,C-SUV Gen5,Body-in-white,PL-15,418.15,329.08,21.3,2732,mature
FG-04706,Electrical & electronics assembly 04706,Aftermarket Service,Thermal system,PL-08,950.24,825.76,13.1,67,run-out
FG-04707,E-drive assembly 04707,BEV Compact,Exterior module,PL-15,3577.63,3033.83,15.2,3034,mature
FG-04708,Exterior module assembly 04708,C-SUV Gen4,Exterior module,PL-11,576.08,521.35,9.5,368,mature
FG-04709,Body-in-white assembly 04709,B-Hatch Facelift,Powertrain,PL-05,3485.14,2634.77,24.4,846,ramp-up
FG-04710,Body-in-white assembly 04710,D-Sedan,Thermal system,PL-04,3059.48,2514.89,17.8,1538,run-out
FG-04711,E-drive assembly 04711,Aftermarket Service,E-drive,PL-12,2192.38,1966.56,10.3,2611,ramp-up
FG-04712,Exterior module assembly 04712,C-SUV Gen4,Exterior module,PL-10,1316.42,984.68,25.2,636,run-out
FG-04713,Interior module assembly 04713,Aftermarket Service,Interior module,PL-02,2761.39,2338.9,15.3,1969,ramp-up
FG-04714,Powertrain assembly 04714,BEV Crossover,Body-in-white,PL-10,829.32,704.92,15,3303,mature
FG-04715,Electrical & electronics assembly 04715,B-Hatch Facelift,Interior module,PL-14,3291.76,2804.58,14.8,3627,ramp-up
FG-04716,E-drive assembly 04716,BEV Compact,Powertrain,PL-17,1209.21,1000.02,17.3,2262,ramp-up
FG-04717,Thermal system assembly 04717,B-Hatch Facelift,Powertrain,PL-18,3412.77,2975.94,12.8,1851,mature
FG-04718,Chassis & suspension assembly 04718,Pickup Midsize,Chassis & suspension,PL-12,2687.94,2532.04,5.8,1184,mature
FG-04719,Thermal system assembly 04719,D-Sedan,Electrical & electronics,PL-13,2465.64,2359.62,4.3,558,mature
FG-04720,E-drive assembly 04720,D-Sedan,Exterior module,PL-03,145.38,123.28,15.2,745,ramp-up
FG-04721,Service kit assembly 04721,Aftermarket Service,Thermal system,PL-17,1840.67,1761.52,4.3,3151,mature
FG-04722,Interior module assembly 04722,C-SUV Gen5,Powertrain,PL-18,2066.57,1750.38,15.3,3589,mature
FG-04723,Thermal system assembly 04723,D-Sedan,Exterior module,PL-11,3159.45,2811.91,11,2358,run-out
FG-04724,Thermal system assembly 04724,BEV Crossover,Interior module,PL-20,3793.94,3547.33,6.5,385,mature
FG-04725,Electrical & electronics assembly 04725,E-Van Commercial,Service kit,PL-10,2302.05,2025.8,12,319,mature
FG-04726,Service kit assembly 04726,C-SUV Gen4,Powertrain,PL-11,2329.48,2231.64,4.2,1258,mature
FG-04727,Powertrain assembly 04727,BEV Compact,E-drive,PL-20,54.17,46.64,13.9,2206,ramp-up
FG-04728,Exterior module assembly 04728,BEV Crossover,Powertrain,PL-18,2826.94,2145.65,24.1,2941,ramp-up
FG-04729,Chassis & suspension assembly 04729,C-SUV Gen4,Body-in-white,PL-17,289.39,275.5,4.8,2278,run-out
FG-04730,Powertrain assembly 04730,B-Hatch Facelift,Chassis & suspension,PL-17,153.99,118.88,22.8,1298,run-out
FG-04731,Service kit assembly 04731,BEV Crossover,E-drive,PL-01,3996.3,3800.48,4.9,192,mature
FG-04732,Thermal system assembly 04732,C-SUV Gen4,Body-in-white,PL-04,2004.45,1707.79,14.8,71,mature
FG-04733,Thermal system assembly 04733,BEV Compact,Body-in-white,PL-10,3305.74,3037.98,8.1,2177,run-out
FG-04734,Chassis & suspension assembly 04734,BEV Compact,Powertrain,PL-18,2150.46,1866.6,13.2,714,mature
FG-04735,Chassis & suspension assembly 04735,C-SUV Gen4,E-drive,PL-01,447.92,401.78,10.3,3319,mature
FG-04736,E-drive assembly 04736,E-Van Commercial,Thermal system,PL-08,3554.64,3017.89,15.1,3578,run-out
FG-04737,Electrical & electronics assembly 04737,BEV Compact,Service kit,PL-05,1779.69,1489.6,16.3,78,mature
FG-04738,E-drive assembly 04738,C-SUV Gen4,Body-in-white,PL-17,4087.31,3780.76,7.5,1530,ramp-up
FG-04739,Interior module assembly 04739,Aftermarket Service,Service kit,PL-20,3501.64,2619.23,25.2,2817,run-out
FG-04740,E-drive assembly 04740,BEV Crossover,Chassis & suspension,PL-15,3018.67,2439.09,19.2,39,mature
FG-04741,Chassis & suspension assembly 04741,B-Hatch Facelift,Electrical & electronics,PL-12,2305.36,1971.08,14.5,2954,mature
FG-04742,Thermal system assembly 04742,C-SUV Gen4,E-drive,PL-15,3355.99,2785.47,17,3233,mature
FG-04743,Electrical & electronics assembly 04743,D-Sedan,E-drive,PL-06,1865.61,1611.89,13.6,609,mature
FG-04744,Interior module assembly 04744,C-SUV Gen4,Chassis & suspension,PL-12,1715.78,1321.15,23,3739,mature
FG-04745,Service kit assembly 04745,Hybrid D-Sedan,Chassis & suspension,PL-07,2712.46,2107.58,22.3,2005,run-out
FG-04746,Service kit assembly 04746,Pickup Midsize,Interior module,PL-14,3126.01,2775.9,11.2,2767,ramp-up
FG-04747,Thermal system assembly 04747,BEV Crossover,E-drive,PL-14,413.54,339.1,18,1746,mature
FG-04748,E-drive assembly 04748,Hybrid D-Sedan,Interior module,PL-04,2588.26,1959.31,24.3,3735,mature
FG-04749,Service kit assembly 04749,BEV Crossover,Body-in-white,PL-16,376.19,352.49,6.3,2904,run-out
FG-04750,Chassis & suspension assembly 04750,D-Sedan,Chassis & suspension,PL-12,4034.93,3833.18,5,2100,run-out
FG-04751,E-drive assembly 04751,D-Sedan,E-drive,PL-10,3564.68,3357.93,5.8,3072,run-out
FG-04752,Interior module assembly 04752,B-Hatch Facelift,E-drive,PL-14,1891.43,1467.75,22.4,1669,ramp-up
FG-04753,Powertrain assembly 04753,D-Sedan,Exterior module,PL-15,527.34,466.7,11.5,3114,mature
FG-04754,Chassis & suspension assembly 04754,D-Sedan,Thermal system,PL-08,4188.34,3555.9,15.1,656,mature
FG-04755,Powertrain assembly 04755,B-Hatch Facelift,Interior module,PL-09,2818.83,2170.5,23,778,ramp-up
FG-04756,Interior module assembly 04756,BEV Compact,Powertrain,PL-07,1658.65,1355.12,18.3,424,mature
FG-04757,Electrical & electronics assembly 04757,C-SUV Gen4,Chassis & suspension,PL-07,3787.24,3488.05,7.9,3227,mature
FG-04758,Electrical & electronics assembly 04758,Pickup Midsize,Exterior module,PL-19,3314.9,2781.2,16.1,2885,mature
FG-04759,E-drive assembly 04759,C-SUV Gen5,Powertrain,PL-15,1686.34,1377.74,18.3,1749,mature
FG-04760,Thermal system assembly 04760,B-Hatch Facelift,Chassis & suspension,PL-04,1391.37,1185.45,14.8,342,mature
FG-04761,E-drive assembly 04761,D-Sedan,E-drive,PL-07,2012.74,1567.92,22.1,3187,mature
FG-04762,Electrical & electronics assembly 04762,B-Hatch Facelift,Thermal system,PL-04,2766.29,2600.31,6,3132,mature
FG-04763,Electrical & electronics assembly 04763,E-Van Commercial,E-drive,PL-20,3223.1,2601.04,19.3,876,ramp-up
FG-04764,E-drive assembly 04764,Hybrid D-Sedan,Service kit,PL-06,2214.03,1846.5,16.6,3004,run-out
FG-04765,Powertrain assembly 04765,Aftermarket Service,E-drive,PL-15,3226.28,3052.06,5.4,2288,mature
FG-04766,Electrical & electronics assembly 04766,Aftermarket Service,Exterior module,PL-16,1362.25,1270.98,6.7,764,run-out
FG-04767,Body-in-white assembly 04767,C-SUV Gen5,Interior module,PL-07,1720.55,1342.03,22,3746,mature
FG-04768,Interior module assembly 04768,B-Hatch Facelift,Thermal system,PL-15,2719.15,2507.06,7.8,3674,mature
FG-04769,Thermal system assembly 04769,Aftermarket Service,Electrical & electronics,PL-04,2530.8,2280.25,9.9,2953,mature
FG-04770,Interior module assembly 04770,Hybrid D-Sedan,Body-in-white,PL-12,3700.58,2964.16,19.9,169,ramp-up
FG-04771,Electrical & electronics assembly 04771,B-Hatch Facelift,Exterior module,PL-05,3480.68,3010.79,13.5,169,mature
FG-04772,Thermal system assembly 04772,D-Sedan,Service kit,PL-08,3122.3,2547.8,18.4,2632,mature
FG-04773,Electrical & electronics assembly 04773,B-Hatch Facelift,Service kit,PL-14,2884.82,2529.99,12.3,3176,ramp-up
FG-04774,Electrical & electronics assembly 04774,E-Van Commercial,Interior module,PL-05,3537.11,3367.33,4.8,3198,ramp-up
FG-04775,Powertrain assembly 04775,C-SUV Gen4,Chassis & suspension,PL-16,1886.02,1597.46,15.3,1993,mature
FG-04776,E-drive assembly 04776,Hybrid D-Sedan,E-drive,PL-06,1107.08,952.09,14,1404,mature
FG-04777,Exterior module assembly 04777,E-Van Commercial,Powertrain,PL-14,2637.4,1999.15,24.2,302,mature
FG-04778,Electrical & electronics assembly 04778,C-SUV Gen5,Interior module,PL-08,405.71,362.7,10.6,1594,run-out
FG-04779,Service kit assembly 04779,Pickup Midsize,Thermal system,PL-07,2329.65,1914.97,17.8,1510,run-out
FG-04780,Interior module assembly 04780,D-Sedan,Chassis & suspension,PL-04,135.15,126.77,6.2,2753,mature
FG-04781,E-drive assembly 04781,Aftermarket Service,Service kit,PL-03,3838.14,2855.58,25.6,2367,mature
FG-04782,Body-in-white assembly 04782,C-SUV Gen5,E-drive,PL-13,3773.33,2943.2,22,3470,ramp-up
FG-04783,Exterior module assembly 04783,BEV Crossover,Exterior module,PL-18,1440.19,1093.1,24.1,1707,ramp-up
FG-04784,Thermal system assembly 04784,E-Van Commercial,Exterior module,PL-01,1136.2,1046.44,7.9,3122,mature
FG-04785,Service kit assembly 04785,Hybrid D-Sedan,Thermal system,PL-09,3927.19,3550.18,9.6,1634,ramp-up
FG-04786,Service kit assembly 04786,Aftermarket Service,Body-in-white,PL-12,3954.92,2950.37,25.4,3053,run-out
FG-04787,E-drive assembly 04787,Pickup Midsize,Powertrain,PL-15,3701.83,3487.12,5.8,1138,mature
FG-04788,E-drive assembly 04788,D-Sedan,Thermal system,PL-11,2508,2204.53,12.1,195,run-out
FG-04789,Electrical & electronics assembly 04789,E-Van Commercial,Electrical & electronics,PL-08,4045.26,2997.54,25.9,1059,mature
FG-04790,Powertrain assembly 04790,D-Sedan,Interior module,PL-14,1198.52,1090.65,9,3373,mature
FG-04791,Service kit assembly 04791,C-SUV Gen4,E-drive,PL-14,679.28,586.9,13.6,1489,mature
FG-04792,Exterior module assembly 04792,BEV Compact,Interior module,PL-09,116.32,100.97,13.2,457,run-out
FG-04793,Interior module assembly 04793,BEV Compact,Exterior module,PL-06,723.57,690.29,4.6,2949,mature
FG-04794,Thermal system assembly 04794,C-SUV Gen5,Exterior module,PL-09,1530.19,1426.14,6.8,1138,run-out
FG-04795,Thermal system assembly 04795,Aftermarket Service,Chassis & suspension,PL-02,102.82,79.48,22.7,3796,ramp-up
FG-04796,E-drive assembly 04796,Pickup Midsize,Exterior module,PL-10,3915.03,3613.57,7.7,293,mature
FG-04797,E-drive assembly 04797,C-SUV Gen5,E-drive,PL-18,2503.94,1978.11,21,1398,mature
FG-04798,Thermal system assembly 04798,BEV Compact,E-drive,PL-05,134.05,120.11,10.4,1860,mature
FG-04799,Thermal system assembly 04799,BEV Compact,Powertrain,PL-11,938.25,741.22,21,884,ramp-up
FG-04800,E-drive assembly 04800,B-Hatch Facelift,Body-in-white,PL-05,550.99,466.69,15.3,1108,run-out
FG-04801,Powertrain assembly 04801,C-SUV Gen5,Body-in-white,PL-08,853.68,777.7,8.9,1195,mature
FG-04802,E-drive assembly 04802,Hybrid D-Sedan,E-drive,PL-10,2127.26,1846.46,13.2,948,mature
FG-04803,E-drive assembly 04803,C-SUV Gen5,Thermal system,PL-06,1696.94,1542.52,9.1,51,mature
FG-04804,E-drive assembly 04804,Hybrid D-Sedan,Thermal system,PL-07,3224.15,2772.77,14,1767,run-out
FG-04805,Interior module assembly 04805,C-SUV Gen4,Interior module,PL-08,3405.7,2567.9,24.6,2694,run-out
FG-04806,Body-in-white assembly 04806,D-Sedan,Thermal system,PL-09,1785.03,1604.74,10.1,2613,ramp-up
FG-04807,Thermal system assembly 04807,Aftermarket Service,Thermal system,PL-19,435.79,338.17,22.4,384,mature
FG-04808,Powertrain assembly 04808,Aftermarket Service,Service kit,PL-07,1827.5,1734.3,5.1,2375,run-out
FG-04809,Thermal system assembly 04809,C-SUV Gen4,Chassis & suspension,PL-01,718.41,678.18,5.6,1824,mature
FG-04810,Interior module assembly 04810,C-SUV Gen5,Exterior module,PL-09,3315.61,2649.17,20.1,965,run-out
FG-04811,Service kit assembly 04811,Hybrid D-Sedan,Interior module,PL-11,3067.27,2423.14,21,319,mature
FG-04812,Chassis & suspension assembly 04812,D-Sedan,Interior module,PL-15,342.06,295.2,13.7,499,mature
FG-04813,Service kit assembly 04813,C-SUV Gen4,Interior module,PL-17,3670.81,3241.33,11.7,1421,mature
FG-04814,Powertrain assembly 04814,Aftermarket Service,Body-in-white,PL-14,85.32,68.51,19.7,2697,mature
FG-04815,Chassis & suspension assembly 04815,C-SUV Gen4,Body-in-white,PL-13,2584.37,2020.98,21.8,1425,mature
FG-04816,Exterior module assembly 04816,BEV Crossover,Electrical & electronics,PL-19,216.9,167.66,22.7,2505,run-out
FG-04817,Interior module assembly 04817,Hybrid D-Sedan,Exterior module,PL-17,1912.41,1803.4,5.7,3674,mature
FG-04818,Exterior module assembly 04818,Pickup Midsize,E-drive,PL-07,3703.49,3373.88,8.9,618,run-out
FG-04819,Body-in-white assembly 04819,C-SUV Gen5,Interior module,PL-05,3990.65,3579.61,10.3,838,ramp-up
FG-04820,Chassis & suspension assembly 04820,Aftermarket Service,Service kit,PL-09,369.16,307.14,16.8,879,ramp-up
FG-04821,Electrical & electronics assembly 04821,BEV Compact,Thermal system,PL-09,1258.29,1172.73,6.8,2559,mature
FG-04822,Exterior module assembly 04822,B-Hatch Facelift,Powertrain,PL-12,2472.53,2178.3,11.9,121,mature
FG-04823,E-drive assembly 04823,Aftermarket Service,Body-in-white,PL-15,3525.19,3289,6.7,2607,run-out
FG-04824,Thermal system assembly 04824,B-Hatch Facelift,Body-in-white,PL-11,1339,1284.1,4.1,689,ramp-up
FG-04825,Thermal system assembly 04825,D-Sedan,Exterior module,PL-13,2914.06,2179.72,25.2,2745,mature
FG-04826,Interior module assembly 04826,Hybrid D-Sedan,Body-in-white,PL-09,2937.89,2638.23,10.2,279,mature
FG-04827,Chassis & suspension assembly 04827,C-SUV Gen5,Thermal system,PL-01,1127.65,879.57,22,2570,mature
FG-04828,Service kit assembly 04828,C-SUV Gen5,Interior module,PL-11,1134.64,944.02,16.8,681,mature
FG-04829,Powertrain assembly 04829,C-SUV Gen4,Exterior module,PL-16,3475.9,2857.19,17.8,691,mature
FG-04830,Body-in-white assembly 04830,C-SUV Gen4,Service kit,PL-01,803.04,728.36,9.3,1403,mature
FG-04831,Body-in-white assembly 04831,Aftermarket Service,Service kit,PL-11,438.21,377.74,13.8,3477,ramp-up
FG-04832,Service kit assembly 04832,C-SUV Gen4,Powertrain,PL-16,3542.34,2741.77,22.6,844,ramp-up
FG-04833,Chassis & suspension assembly 04833,C-SUV Gen4,Interior module,PL-13,3240.52,2589.18,20.1,3547,mature
FG-04834,Thermal system assembly 04834,Aftermarket Service,Exterior module,PL-06,1704.52,1428.39,16.2,1266,mature
FG-04835,Body-in-white assembly 04835,BEV Crossover,Interior module,PL-19,487.6,396.42,18.7,3645,mature
FG-04836,Electrical & electronics assembly 04836,Aftermarket Service,Body-in-white,PL-08,1506.42,1312.09,12.9,2405,ramp-up
FG-04837,Electrical & electronics assembly 04837,E-Van Commercial,Exterior module,PL-10,2050.18,1754.95,14.4,2690,mature
FG-04838,Electrical & electronics assembly 04838,Hybrid D-Sedan,Body-in-white,PL-04,436.94,359.16,17.8,2661,mature
FG-04839,Chassis & suspension assembly 04839,Pickup Midsize,Exterior module,PL-11,4007.12,3217.72,19.7,744,run-out
FG-04840,Body-in-white assembly 04840,BEV Crossover,Interior module,PL-13,2059.23,1544.42,25,272,ramp-up
FG-04841,E-drive assembly 04841,C-SUV Gen5,Interior module,PL-02,3447.68,2840.89,17.6,190,run-out
FG-04842,Body-in-white assembly 04842,Hybrid D-Sedan,Exterior module,PL-12,1727.9,1302.84,24.6,2062,mature
FG-04843,Powertrain assembly 04843,C-SUV Gen4,Electrical & electronics,PL-20,808.6,706.72,12.6,3135,mature
FG-04844,Body-in-white assembly 04844,E-Van Commercial,Interior module,PL-11,1391.17,1256.23,9.7,1934,run-out
FG-04845,Service kit assembly 04845,Hybrid D-Sedan,Service kit,PL-12,2211.37,1868.61,15.5,1248,ramp-up
FG-04846,Thermal system assembly 04846,BEV Compact,Exterior module,PL-08,3618.1,3440.81,4.9,961,ramp-up
FG-04847,Electrical & electronics assembly 04847,E-Van Commercial,Exterior module,PL-11,1024.4,961.91,6.1,3407,mature
FG-04848,Interior module assembly 04848,BEV Crossover,Exterior module,PL-06,1470.71,1357.47,7.7,999,run-out
FG-04849,Electrical & electronics assembly 04849,E-Van Commercial,Service kit,PL-13,975.17,912.76,6.4,2853,run-out
FG-04850,E-drive assembly 04850,Pickup Midsize,E-drive,PL-08,1616.25,1346.34,16.7,2094,mature
FG-04851,Electrical & electronics assembly 04851,Hybrid D-Sedan,Electrical & electronics,PL-15,1867.46,1469.69,21.3,1059,run-out
FG-04852,E-drive assembly 04852,C-SUV Gen4,Body-in-white,PL-17,1734.33,1436.03,17.2,3658,run-out
FG-04853,Service kit assembly 04853,B-Hatch Facelift,Exterior module,PL-07,1918.52,1465.75,23.6,1346,run-out
FG-04854,Thermal system assembly 04854,BEV Compact,Electrical & electronics,PL-07,1164.13,1052.37,9.6,1874,mature
FG-04855,E-drive assembly 04855,Hybrid D-Sedan,Body-in-white,PL-13,96.24,92.01,4.4,2504,mature
FG-04856,Chassis & suspension assembly 04856,B-Hatch Facelift,Powertrain,PL-05,3241.58,2709.96,16.4,2218,ramp-up
FG-04857,Service kit assembly 04857,Hybrid D-Sedan,Chassis & suspension,PL-04,2611.4,1963.77,24.8,3758,mature
FG-04858,Interior module assembly 04858,Aftermarket Service,E-drive,PL-20,1016.56,782.75,23,1736,mature
FG-04859,Service kit assembly 04859,BEV Compact,Chassis & suspension,PL-15,324.77,246.83,24,2162,run-out
FG-04860,Interior module assembly 04860,E-Van Commercial,E-drive,PL-07,365.06,339.51,7,1569,mature
FG-04861,Body-in-white assembly 04861,E-Van Commercial,Thermal system,PL-04,169.37,127.54,24.7,1348,mature
FG-04862,Exterior module assembly 04862,B-Hatch Facelift,Powertrain,PL-19,1551.4,1393.16,10.2,574,ramp-up
FG-04863,Electrical & electronics assembly 04863,B-Hatch Facelift,Interior module,PL-02,2557.61,2363.23,7.6,1363,mature
FG-04864,Exterior module assembly 04864,Hybrid D-Sedan,Chassis & suspension,PL-02,1565.4,1338.42,14.5,282,mature
FG-04865,Interior module assembly 04865,D-Sedan,Interior module,PL-15,3718.51,3473.09,6.6,3630,run-out
FG-04866,Powertrain assembly 04866,C-SUV Gen5,Powertrain,PL-17,614.57,529.14,13.9,2305,ramp-up
FG-04867,E-drive assembly 04867,E-Van Commercial,Thermal system,PL-20,2189.86,2073.8,5.3,790,mature
FG-04868,Body-in-white assembly 04868,BEV Compact,Body-in-white,PL-08,306.29,238.6,22.1,1948,ramp-up
FG-04869,Chassis & suspension assembly 04869,B-Hatch Facelift,Service kit,PL-17,1155.45,1035.28,10.4,564,mature
FG-04870,Thermal system assembly 04870,D-Sedan,Chassis & suspension,PL-05,1830.02,1597.61,12.7,742,run-out
FG-04871,Chassis & suspension assembly 04871,BEV Compact,E-drive,PL-08,2472.2,2126.09,14,474,mature
FG-04872,Powertrain assembly 04872,E-Van Commercial,Powertrain,PL-19,4139.46,3526.82,14.8,57,mature
FG-04873,Electrical & electronics assembly 04873,BEV Crossover,E-drive,PL-15,697.38,536.98,23,363,ramp-up
FG-04874,Electrical & electronics assembly 04874,Pickup Midsize,Thermal system,PL-14,2134.76,1942.63,9,2284,mature
FG-04875,Interior module assembly 04875,BEV Crossover,Powertrain,PL-13,2045.82,1608.01,21.4,3578,mature
FG-04876,Electrical & electronics assembly 04876,E-Van Commercial,Service kit,PL-10,1464.69,1124.88,23.2,679,mature
FG-04877,Interior module assembly 04877,Hybrid D-Sedan,E-drive,PL-06,1797.03,1407.07,21.7,3029,run-out
FG-04878,Powertrain assembly 04878,Pickup Midsize,E-drive,PL-14,88.84,82.89,6.7,3225,run-out
FG-04879,Electrical & electronics assembly 04879,BEV Compact,Interior module,PL-09,3252.47,3070.33,5.6,1273,mature
FG-04880,Thermal system assembly 04880,D-Sedan,Interior module,PL-17,3079.81,2660.96,13.6,3567,mature
FG-04881,Electrical & electronics assembly 04881,D-Sedan,Thermal system,PL-16,3452.67,2807.02,18.7,354,mature
FG-04882,Exterior module assembly 04882,BEV Crossover,Exterior module,PL-13,4185.37,3704.05,11.5,1101,mature
FG-04883,E-drive assembly 04883,BEV Crossover,Chassis & suspension,PL-02,3824.46,2914.24,23.8,2984,ramp-up
FG-04884,Chassis & suspension assembly 04884,BEV Compact,Thermal system,PL-12,630.69,503.29,20.2,2151,mature
FG-04885,Interior module assembly 04885,C-SUV Gen5,Powertrain,PL-17,53.13,44.1,17,2383,mature
FG-04886,Body-in-white assembly 04886,Aftermarket Service,Interior module,PL-18,3765.49,3430.36,8.9,2250,mature
FG-04887,Body-in-white assembly 04887,B-Hatch Facelift,Service kit,PL-04,1039.63,898.24,13.6,2362,run-out
FG-04888,Powertrain assembly 04888,E-Van Commercial,E-drive,PL-07,4006.25,3493.45,12.8,2444,mature
FG-04889,Chassis & suspension assembly 04889,E-Van Commercial,Chassis & suspension,PL-14,2152.77,1933.19,10.2,3386,run-out
FG-04890,Body-in-white assembly 04890,D-Sedan,Chassis & suspension,PL-17,2258.4,2075.47,8.1,2909,mature
FG-04891,Service kit assembly 04891,B-Hatch Facelift,E-drive,PL-20,4186.38,3612.85,13.7,3752,mature
FG-04892,Chassis & suspension assembly 04892,BEV Compact,Exterior module,PL-13,3943.47,3671.37,6.9,357,mature
FG-04893,Service kit assembly 04893,C-SUV Gen5,Exterior module,PL-18,3231.52,3086.1,4.5,769,run-out
FG-04894,Body-in-white assembly 04894,C-SUV Gen4,Interior module,PL-16,561.33,449.06,20,555,mature
FG-04895,Service kit assembly 04895,C-SUV Gen5,Body-in-white,PL-20,1323.64,1203.19,9.1,3286,mature
FG-04896,Service kit assembly 04896,Pickup Midsize,Service kit,PL-02,1112.34,892.1,19.8,604,mature
FG-04897,Chassis & suspension assembly 04897,Aftermarket Service,Exterior module,PL-11,469.82,380.55,19,2625,mature
FG-04898,Interior module assembly 04898,C-SUV Gen5,Electrical & electronics,PL-19,1194.57,1038.08,13.1,1466,mature
FG-04899,Service kit assembly 04899,D-Sedan,Electrical & electronics,PL-06,830.9,666.38,19.8,228,mature
FG-04900,Exterior module assembly 04900,D-Sedan,Interior module,PL-02,1960.94,1876.62,4.3,1578,run-out
FG-04901,E-drive assembly 04901,D-Sedan,E-drive,PL-04,3058.71,2459.2,19.6,1278,mature
FG-04902,Interior module assembly 04902,Aftermarket Service,E-drive,PL-09,4146.46,3159.6,23.8,1819,run-out
FG-04903,Service kit assembly 04903,Pickup Midsize,Chassis & suspension,PL-08,2323.2,2035.12,12.4,755,mature
FG-04904,Interior module assembly 04904,D-Sedan,Chassis & suspension,PL-01,2095.37,1567.34,25.2,2911,run-out
FG-04905,Interior module assembly 04905,E-Van Commercial,Electrical & electronics,PL-16,3114.72,2909.15,6.6,3524,ramp-up
FG-04906,Chassis & suspension assembly 04906,C-SUV Gen5,Body-in-white,PL-12,2718.38,2063.25,24.1,2814,run-out
FG-04907,Service kit assembly 04907,D-Sedan,Exterior module,PL-04,806.11,723.89,10.2,2830,ramp-up
FG-04908,Chassis & suspension assembly 04908,C-SUV Gen5,Thermal system,PL-08,2899.79,2409.73,16.9,1696,mature
FG-04909,Interior module assembly 04909,C-SUV Gen4,Thermal system,PL-15,609.97,516.64,15.3,385,mature
FG-04910,E-drive assembly 04910,BEV Crossover,Service kit,PL-07,144.75,130.56,9.8,3108,run-out
FG-04911,Service kit assembly 04911,C-SUV Gen5,E-drive,PL-03,3295.77,3121.09,5.3,3767,mature
FG-04912,Chassis & suspension assembly 04912,BEV Compact,Body-in-white,PL-09,3226.39,2403.66,25.5,48,mature
FG-04913,Electrical & electronics assembly 04913,BEV Compact,Electrical & electronics,PL-20,3372.1,3183.26,5.6,1138,mature
FG-04914,Body-in-white assembly 04914,B-Hatch Facelift,Exterior module,PL-16,1283.05,996.93,22.3,2601,mature
FG-04915,Electrical & electronics assembly 04915,BEV Compact,Electrical & electronics,PL-01,3888.84,2936.07,24.5,232,mature
FG-04916,Exterior module assembly 04916,B-Hatch Facelift,Electrical & electronics,PL-09,3550.43,3166.98,10.8,1321,run-out
FG-04917,Powertrain assembly 04917,D-Sedan,Chassis & suspension,PL-16,2154.32,1807.47,16.1,3070,ramp-up
FG-04918,E-drive assembly 04918,B-Hatch Facelift,Electrical & electronics,PL-20,148.81,123.66,16.9,2432,run-out
FG-04919,Electrical & electronics assembly 04919,D-Sedan,Powertrain,PL-06,382.55,308.72,19.3,3362,ramp-up
FG-04920,Interior module assembly 04920,E-Van Commercial,Body-in-white,PL-14,1815.21,1408.6,22.4,2550,mature
FG-04921,Service kit assembly 04921,B-Hatch Facelift,Service kit,PL-20,3875.37,3476.21,10.3,2813,mature
FG-04922,Interior module assembly 04922,C-SUV Gen4,Chassis & suspension,PL-18,690.59,577.33,16.4,1201,mature
FG-04923,Chassis & suspension assembly 04923,Pickup Midsize,Chassis & suspension,PL-11,2584.66,2070.31,19.9,960,ramp-up
FG-04924,Chassis & suspension assembly 04924,D-Sedan,Thermal system,PL-06,1742.05,1330.93,23.6,2008,ramp-up
FG-04925,Thermal system assembly 04925,Pickup Midsize,E-drive,PL-15,2534.54,2329.24,8.1,135,mature
FG-04926,Body-in-white assembly 04926,B-Hatch Facelift,E-drive,PL-08,170.01,129.89,23.6,2527,mature
FG-04927,Thermal system assembly 04927,BEV Compact,Exterior module,PL-03,3228.5,2414.92,25.2,2865,mature
FG-04928,Interior module assembly 04928,E-Van Commercial,Electrical & electronics,PL-10,365.36,279.87,23.4,2991,mature
FG-04929,Powertrain assembly 04929,BEV Crossover,Interior module,PL-18,4141.66,3292.62,20.5,1713,mature
FG-04930,Exterior module assembly 04930,BEV Crossover,Service kit,PL-08,1626.72,1289.99,20.7,3711,mature
FG-04931,Body-in-white assembly 04931,B-Hatch Facelift,Exterior module,PL-13,2902.91,2177.18,25,3143,mature
FG-04932,Body-in-white assembly 04932,D-Sedan,Chassis & suspension,PL-06,497.57,445.82,10.4,2474,mature
FG-04933,Thermal system assembly 04933,BEV Compact,Body-in-white,PL-09,1787.13,1701.35,4.8,2233,run-out
FG-04934,Chassis & suspension assembly 04934,D-Sedan,Interior module,PL-13,1413.45,1218.39,13.8,3292,mature
FG-04935,Electrical & electronics assembly 04935,BEV Compact,Body-in-white,PL-05,1742.32,1367.72,21.5,2769,mature
FG-04936,Thermal system assembly 04936,C-SUV Gen4,Exterior module,PL-17,2419.16,1954.68,19.2,2454,mature
FG-04937,Powertrain assembly 04937,B-Hatch Facelift,E-drive,PL-01,571.87,460.93,19.4,3293,run-out
FG-04938,Chassis & suspension assembly 04938,BEV Compact,Electrical & electronics,PL-20,1660.94,1481.56,10.8,1052,run-out
FG-04939,Chassis & suspension assembly 04939,Pickup Midsize,Powertrain,PL-10,3581.68,3298.73,7.9,2072,ramp-up
FG-04940,Body-in-white assembly 04940,E-Van Commercial,Exterior module,PL-01,3878.66,3110.69,19.8,2385,ramp-up
FG-04941,Service kit assembly 04941,B-Hatch Facelift,Powertrain,PL-15,987.37,739.54,25.1,2058,ramp-up
FG-04942,E-drive assembly 04942,BEV Crossover,Service kit,PL-03,1968,1552.75,21.1,1793,mature
FG-04943,Powertrain assembly 04943,B-Hatch Facelift,Chassis & suspension,PL-08,3491.48,3072.5,12,728,mature
FG-04944,Service kit assembly 04944,Aftermarket Service,Service kit,PL-17,92.65,87,6.1,2965,mature
FG-04945,Electrical & electronics assembly 04945,Hybrid D-Sedan,Body-in-white,PL-02,3070.64,2524.07,17.8,2607,mature
FG-04946,Body-in-white assembly 04946,B-Hatch Facelift,Thermal system,PL-15,3556.48,3133.26,11.9,215,mature
FG-04947,E-drive assembly 04947,D-Sedan,Chassis & suspension,PL-10,242.78,222.39,8.4,1546,mature
FG-04948,Service kit assembly 04948,Aftermarket Service,E-drive,PL-05,365.75,300.65,17.8,2350,ramp-up
FG-04949,Powertrain assembly 04949,E-Van Commercial,Powertrain,PL-20,2249.27,2121.06,5.7,808,mature
FG-04950,Chassis & suspension assembly 04950,B-Hatch Facelift,Exterior module,PL-10,961.27,786.32,18.2,3601,run-out
FG-04951,E-drive assembly 04951,BEV Crossover,E-drive,PL-13,462.17,433.52,6.2,2905,mature
FG-04952,Interior module assembly 04952,B-Hatch Facelift,Service kit,PL-02,3160.63,2907.78,8,3716,mature
FG-04953,Service kit assembly 04953,Aftermarket Service,Powertrain,PL-17,1806.37,1627.54,9.9,3220,mature
FG-04954,Interior module assembly 04954,BEV Crossover,Thermal system,PL-19,2805.32,2505.15,10.7,1572,mature
FG-04955,Powertrain assembly 04955,D-Sedan,Body-in-white,PL-06,2011.8,1903.16,5.4,2531,run-out
FG-04956,Chassis & suspension assembly 04956,BEV Compact,Thermal system,PL-02,253.01,202.66,19.9,141,run-out
FG-04957,Thermal system assembly 04957,BEV Compact,Electrical & electronics,PL-12,415.61,330.83,20.4,629,mature
FG-04958,E-drive assembly 04958,BEV Crossover,Interior module,PL-12,2714.63,2557.18,5.8,110,mature
FG-04959,Interior module assembly 04959,B-Hatch Facelift,E-drive,PL-05,2299.36,1867.08,18.8,1283,run-out
FG-04960,Service kit assembly 04960,C-SUV Gen5,Exterior module,PL-03,1661.65,1492.16,10.2,1063,mature
FG-04961,Powertrain assembly 04961,B-Hatch Facelift,Chassis & suspension,PL-10,451.2,371.34,17.7,2077,mature
FG-04962,Electrical & electronics assembly 04962,BEV Crossover,Interior module,PL-01,93.22,73.18,21.5,2660,mature
FG-04963,Electrical & electronics assembly 04963,Pickup Midsize,Thermal system,PL-17,2433.08,2291.96,5.8,3152,mature
FG-04964,Thermal system assembly 04964,B-Hatch Facelift,Interior module,PL-18,2408.36,1796.64,25.4,2039,run-out
FG-04965,Powertrain assembly 04965,BEV Compact,Service kit,PL-06,3832.91,3185.15,16.9,831,mature
FG-04966,Interior module assembly 04966,E-Van Commercial,Exterior module,PL-13,123.18,108.77,11.7,2562,mature
FG-04967,Thermal system assembly 04967,BEV Compact,Interior module,PL-17,3066.75,2931.81,4.4,135,mature
FG-04968,Chassis & suspension assembly 04968,D-Sedan,E-drive,PL-01,3293.01,2450,25.6,3649,run-out
FG-04969,Powertrain assembly 04969,Pickup Midsize,Chassis & suspension,PL-06,3716.03,2820.47,24.1,851,mature
FG-04970,Service kit assembly 04970,Pickup Midsize,Interior module,PL-16,1299.64,1041.01,19.9,1961,mature
FG-04971,Electrical & electronics assembly 04971,C-SUV Gen5,Electrical & electronics,PL-07,244.69,192.08,21.5,2485,mature
FG-04972,Thermal system assembly 04972,C-SUV Gen4,Chassis & suspension,PL-04,2583.49,2152.05,16.7,148,ramp-up
FG-04973,Powertrain assembly 04973,D-Sedan,Body-in-white,PL-02,1111.42,954.71,14.1,1668,mature
FG-04974,Powertrain assembly 04974,Pickup Midsize,Service kit,PL-19,3740.78,2790.62,25.4,461,ramp-up
FG-04975,Electrical & electronics assembly 04975,E-Van Commercial,Powertrain,PL-02,2021.79,1805.46,10.7,898,run-out
FG-04976,Thermal system assembly 04976,E-Van Commercial,Chassis & suspension,PL-19,170.76,159.83,6.4,2158,mature
FG-04977,Chassis & suspension assembly 04977,BEV Crossover,Exterior module,PL-18,730.49,597.54,18.2,2161,mature
FG-04978,Chassis & suspension assembly 04978,BEV Crossover,Body-in-white,PL-06,877.83,797.07,9.2,2685,mature
FG-04979,Thermal system assembly 04979,Hybrid D-Sedan,Thermal system,PL-03,3533.47,3381.53,4.3,547,ramp-up
FG-04980,Powertrain assembly 04980,E-Van Commercial,Body-in-white,PL-17,1723.81,1277.34,25.9,2637,mature
FG-04981,Chassis & suspension assembly 04981,B-Hatch Facelift,Exterior module,PL-05,2675.17,2284.6,14.6,559,mature
FG-04982,Body-in-white assembly 04982,Pickup Midsize,Body-in-white,PL-03,230.06,184.28,19.9,3158,run-out
FG-04983,Thermal system assembly 04983,C-SUV Gen5,Service kit,PL-03,3615.7,2704.54,25.2,2171,mature
FG-04984,Powertrain assembly 04984,BEV Compact,Exterior module,PL-07,2069.7,1645.41,20.5,3344,ramp-up
FG-04985,Electrical & electronics assembly 04985,E-Van Commercial,Thermal system,PL-04,2437.98,2045.47,16.1,2006,ramp-up
FG-04986,E-drive assembly 04986,Aftermarket Service,Thermal system,PL-15,2629.79,2103.83,20,1423,mature
FG-04987,Exterior module assembly 04987,D-Sedan,Powertrain,PL-20,649.99,511.54,21.3,2082,ramp-up
FG-04988,Exterior module assembly 04988,C-SUV Gen4,Thermal system,PL-18,1813.51,1365.57,24.7,3499,mature
FG-04989,Service kit assembly 04989,Aftermarket Service,E-drive,PL-04,3366.94,3222.16,4.3,3432,mature
FG-04990,Service kit assembly 04990,Aftermarket Service,Powertrain,PL-04,2222.37,1831.23,17.6,2048,run-out
FG-04991,Chassis & suspension assembly 04991,Aftermarket Service,Service kit,PL-05,873.42,709.22,18.8,3501,ramp-up
FG-04992,Exterior module assembly 04992,Pickup Midsize,Service kit,PL-18,3183.38,2890.51,9.2,3563,mature
FG-04993,Thermal system assembly 04993,E-Van Commercial,Electrical & electronics,PL-04,45.64,37.65,17.5,1116,ramp-up
FG-04994,Thermal system assembly 04994,Pickup Midsize,Interior module,PL-13,3086.23,2391.83,22.5,3275,mature
FG-04995,Body-in-white assembly 04995,C-SUV Gen4,E-drive,PL-15,1758.59,1529.97,13,1439,mature
FG-04996,Electrical & electronics assembly 04996,Pickup Midsize,Powertrain,PL-13,1720.5,1514.04,12,1454,ramp-up
FG-04997,Exterior module assembly 04997,B-Hatch Facelift,E-drive,PL-13,3223.23,2617.26,18.8,2032,run-out
FG-04998,Thermal system assembly 04998,C-SUV Gen4,Interior module,PL-04,2612.83,1975.3,24.4,810,mature
FG-04999,Exterior module assembly 04999,BEV Compact,Thermal system,PL-19,323.67,285.48,11.8,1598,run-out
FG-05000,Thermal system assembly 05000,C-SUV Gen4,Exterior module,PL-11,2899.1,2687.47,7.3,115,mature
FG-05001,Exterior module assembly 05001,C-SUV Gen5,Powertrain,PL-08,2419.37,2279.05,5.8,1161,ramp-up
FG-05002,Exterior module assembly 05002,Hybrid D-Sedan,Chassis & suspension,PL-16,3971.66,3395.77,14.5,2942,ramp-up
FG-05003,Body-in-white assembly 05003,Aftermarket Service,Thermal system,PL-12,1442.35,1243.31,13.8,1470,mature
FG-05004,Powertrain assembly 05004,Pickup Midsize,Chassis & suspension,PL-15,1351.47,1155.51,14.5,3727,mature
FG-05005,Body-in-white assembly 05005,C-SUV Gen4,Electrical & electronics,PL-13,3319.31,2950.87,11.1,397,mature
FG-05006,Service kit assembly 05006,Pickup Midsize,Exterior module,PL-10,3645.29,3360.96,7.8,292,mature
FG-05007,Interior module assembly 05007,BEV Crossover,Interior module,PL-20,1223.89,1123.53,8.2,1679,run-out
FG-05008,Interior module assembly 05008,Pickup Midsize,Electrical & electronics,PL-10,1642.92,1458.91,11.2,2589,mature
FG-05009,Electrical & electronics assembly 05009,B-Hatch Facelift,Chassis & suspension,PL-05,2843.82,2454.22,13.7,980,mature
FG-05010,Electrical & electronics assembly 05010,C-SUV Gen5,Thermal system,PL-05,3894.31,3072.61,21.1,3632,mature
FG-05011,Chassis & suspension assembly 05011,BEV Crossover,Thermal system,PL-19,3633.1,2939.18,19.1,2196,mature
FG-05012,Powertrain assembly 05012,BEV Compact,Electrical & electronics,PL-20,1651.83,1316.51,20.3,3365,mature
FG-05013,Chassis & suspension assembly 05013,Hybrid D-Sedan,E-drive,PL-08,1614.21,1522.2,5.7,3506,mature
FG-05014,Electrical & electronics assembly 05014,Hybrid D-Sedan,Body-in-white,PL-17,292.37,272.49,6.8,2284,run-out
FG-05015,Interior module assembly 05015,BEV Compact,Electrical & electronics,PL-11,3870.31,3200.75,17.3,2344,mature
FG-05016,Service kit assembly 05016,C-SUV Gen5,Interior module,PL-05,879.62,680.83,22.6,2615,mature
FG-05017,Interior module assembly 05017,BEV Compact,Chassis & suspension,PL-15,3952.37,3418.8,13.5,355,mature
FG-05018,Service kit assembly 05018,Aftermarket Service,E-drive,PL-03,2501.17,2326.09,7,1937,mature
FG-05019,Thermal system assembly 05019,Pickup Midsize,Exterior module,PL-10,836.42,767.83,8.2,797,run-out
FG-05020,Exterior module assembly 05020,BEV Crossover,Electrical & electronics,PL-09,450.76,347.99,22.8,1923,ramp-up
FG-05021,E-drive assembly 05021,Aftermarket Service,Chassis & suspension,PL-07,1260.7,1127.07,10.6,2163,mature
FG-05022,Body-in-white assembly 05022,C-SUV Gen5,Interior module,PL-20,1030.43,806.83,21.7,1959,mature
FG-05023,Chassis & suspension assembly 05023,BEV Crossover,Powertrain,PL-16,1287.86,1159.07,10,3140,mature
FG-05024,E-drive assembly 05024,E-Van Commercial,Chassis & suspension,PL-10,3112.76,2957.12,5,330,ramp-up
FG-05025,Body-in-white assembly 05025,B-Hatch Facelift,E-drive,PL-18,1107.16,1052.91,4.9,3793,run-out
FG-05026,Powertrain assembly 05026,C-SUV Gen5,Electrical & electronics,PL-02,477.96,437.33,8.5,2957,mature
FG-05027,Body-in-white assembly 05027,BEV Crossover,Interior module,PL-02,3216.63,2904.62,9.7,2965,run-out
FG-05028,Body-in-white assembly 05028,Aftermarket Service,Chassis & suspension,PL-08,771.18,607.69,21.2,1900,mature
FG-05029,Thermal system assembly 05029,D-Sedan,Electrical & electronics,PL-06,2295.28,1898.2,17.3,3238,mature
FG-05030,Body-in-white assembly 05030,Pickup Midsize,Interior module,PL-03,2909.59,2484.79,14.6,3000,run-out
FG-05031,Electrical & electronics assembly 05031,D-Sedan,Powertrain,PL-07,4160.27,3877.37,6.8,776,run-out
FG-05032,Interior module assembly 05032,C-SUV Gen4,Thermal system,PL-02,3574.64,3031.29,15.2,596,run-out
FG-05033,E-drive assembly 05033,Aftermarket Service,Exterior module,PL-02,3174.1,2688.46,15.3,1624,mature
FG-05034,Exterior module assembly 05034,C-SUV Gen5,Body-in-white,PL-17,3704.19,2844.82,23.2,1394,ramp-up
FG-05035,Service kit assembly 05035,C-SUV Gen4,Service kit,PL-20,1201.84,1038.39,13.6,210,mature
FG-05036,Body-in-white assembly 05036,BEV Crossover,Body-in-white,PL-10,2519.78,2013.3,20.1,2961,mature
FG-05037,Electrical & electronics assembly 05037,C-SUV Gen5,Body-in-white,PL-04,1638.23,1263.08,22.9,3207,mature
FG-05038,Electrical & electronics assembly 05038,BEV Crossover,Powertrain,PL-14,4018.7,3255.15,19,2470,ramp-up
FG-05039,Exterior module assembly 05039,Hybrid D-Sedan,Thermal system,PL-20,3434.97,3043.38,11.4,470,mature
FG-05040,Chassis & suspension assembly 05040,Aftermarket Service,Electrical & electronics,PL-07,2691.3,2548.66,5.3,1659,mature
FG-05041,Thermal system assembly 05041,C-SUV Gen5,Thermal system,PL-19,3437.83,3049.36,11.3,248,ramp-up
FG-05042,Interior module assembly 05042,BEV Crossover,Chassis & suspension,PL-07,2478.09,2220.37,10.4,455,run-out
FG-05043,Chassis & suspension assembly 05043,Pickup Midsize,Interior module,PL-12,2878.85,2423.99,15.8,113,run-out
FG-05044,Service kit assembly 05044,C-SUV Gen5,Thermal system,PL-10,2486.97,2297.96,7.6,1934,mature
FG-05045,Body-in-white assembly 05045,BEV Crossover,Service kit,PL-05,1403.58,1292.7,7.9,3267,ramp-up
FG-05046,Electrical & electronics assembly 05046,Pickup Midsize,Service kit,PL-06,3485.39,3217.01,7.7,2160,run-out
FG-05047,Service kit assembly 05047,Hybrid D-Sedan,Body-in-white,PL-14,3563.19,3160.55,11.3,823,run-out
FG-05048,Electrical & electronics assembly 05048,Aftermarket Service,Body-in-white,PL-14,1927.56,1515.06,21.4,2711,mature
FG-05049,Service kit assembly 05049,Aftermarket Service,Service kit,PL-06,376.73,342.07,9.2,3227,ramp-up
FG-05050,Exterior module assembly 05050,B-Hatch Facelift,Chassis & suspension,PL-19,601.65,465.08,22.7,514,mature
FG-05051,Body-in-white assembly 05051,BEV Crossover,Electrical & electronics,PL-11,753.26,623.7,17.2,3637,mature
FG-05052,Exterior module assembly 05052,C-SUV Gen5,Electrical & electronics,PL-11,2656.93,2096.32,21.1,373,mature
FG-05053,Service kit assembly 05053,B-Hatch Facelift,Powertrain,PL-19,589.08,446.52,24.2,1785,run-out
FG-05054,Thermal system assembly 05054,Aftermarket Service,Interior module,PL-16,1476,1104.05,25.2,1026,ramp-up
FG-05055,Exterior module assembly 05055,Aftermarket Service,E-drive,PL-17,1724.87,1355.75,21.4,1380,ramp-up
FG-05056,E-drive assembly 05056,BEV Compact,Service kit,PL-15,3786.96,3608.97,4.7,107,mature
FG-05057,Service kit assembly 05057,D-Sedan,Electrical & electronics,PL-06,1817.95,1657.97,8.8,3728,run-out
FG-05058,Chassis & suspension assembly 05058,B-Hatch Facelift,Thermal system,PL-03,2915.6,2670.69,8.4,2888,mature
FG-05059,Electrical & electronics assembly 05059,D-Sedan,Chassis & suspension,PL-15,834.39,629.96,24.5,1349,run-out
FG-05060,Chassis & suspension assembly 05060,E-Van Commercial,Powertrain,PL-19,1897.58,1595.86,15.9,778,ramp-up
FG-05061,Powertrain assembly 05061,Pickup Midsize,Service kit,PL-01,3386.25,2729.32,19.4,1850,run-out
FG-05062,Body-in-white assembly 05062,BEV Crossover,Powertrain,PL-07,3350.65,2968.68,11.4,2749,mature
FG-05063,Exterior module assembly 05063,Pickup Midsize,Service kit,PL-19,293.73,240.86,18,2632,mature
FG-05064,Exterior module assembly 05064,C-SUV Gen5,Thermal system,PL-12,3501.79,3078.07,12.1,2492,mature
FG-05065,Interior module assembly 05065,Aftermarket Service,E-drive,PL-05,4162.4,3525.55,15.3,3421,mature
FG-05066,Service kit assembly 05066,Aftermarket Service,E-drive,PL-13,2834.42,2576.49,9.1,2280,mature
FG-05067,E-drive assembly 05067,D-Sedan,Electrical & electronics,PL-09,1860.34,1750.58,5.9,3665,mature
FG-05068,Exterior module assembly 05068,B-Hatch Facelift,Chassis & suspension,PL-04,115.61,94.34,18.4,2813,mature
FG-05069,Powertrain assembly 05069,BEV Compact,Interior module,PL-10,2560.37,2240.32,12.5,3717,mature
FG-05070,Chassis & suspension assembly 05070,Aftermarket Service,Exterior module,PL-07,3043.21,2376.75,21.9,613,mature
FG-05071,Service kit assembly 05071,D-Sedan,Body-in-white,PL-16,2682.22,2545.43,5.1,2235,mature
FG-05072,Electrical & electronics assembly 05072,BEV Compact,E-drive,PL-06,1498.11,1231.45,17.8,549,ramp-up
FG-05073,Powertrain assembly 05073,D-Sedan,Service kit,PL-16,694.7,572.43,17.6,1145,ramp-up
FG-05074,Service kit assembly 05074,Pickup Midsize,Service kit,PL-11,3121.37,2934.09,6,1898,run-out
FG-05075,Thermal system assembly 05075,C-SUV Gen5,Thermal system,PL-19,3607.92,2778.1,23,3041,mature
FG-05076,Electrical & electronics assembly 05076,Aftermarket Service,Thermal system,PL-05,2411.43,2006.31,16.8,3307,run-out
FG-05077,Body-in-white assembly 05077,BEV Crossover,Body-in-white,PL-11,225.45,211.92,6,1025,ramp-up
FG-05078,Body-in-white assembly 05078,Aftermarket Service,Exterior module,PL-08,3836.29,3548.57,7.5,188,run-out
FG-05079,Electrical & electronics assembly 05079,BEV Compact,Chassis & suspension,PL-08,876.53,753.82,14,2571,run-out
FG-05080,Interior module assembly 05080,Hybrid D-Sedan,Powertrain,PL-08,3395.72,2590.93,23.7,1031,ramp-up
FG-05081,Exterior module assembly 05081,BEV Compact,Exterior module,PL-15,2358.25,2124.78,9.9,463,run-out
FG-05082,Body-in-white assembly 05082,Pickup Midsize,Exterior module,PL-20,3423.42,3152.97,7.9,2115,mature
FG-05083,E-drive assembly 05083,D-Sedan,Interior module,PL-01,2737.71,2436.56,11,442,mature
FG-05084,Electrical & electronics assembly 05084,B-Hatch Facelift,Electrical & electronics,PL-02,2459.22,2346.1,4.6,32,mature
FG-05085,Body-in-white assembly 05085,Hybrid D-Sedan,Electrical & electronics,PL-14,3689.26,3394.12,8,3480,run-out
FG-05086,Powertrain assembly 05086,B-Hatch Facelift,Thermal system,PL-08,1741.25,1520.11,12.7,431,ramp-up
FG-05087,E-drive assembly 05087,Pickup Midsize,Body-in-white,PL-03,366.64,309.08,15.7,3184,mature
FG-05088,Exterior module assembly 05088,C-SUV Gen5,Chassis & suspension,PL-11,3388.17,2876.56,15.1,296,run-out
FG-05089,Chassis & suspension assembly 05089,BEV Crossover,Thermal system,PL-05,360.2,310.13,13.9,2102,mature
FG-05090,Interior module assembly 05090,C-SUV Gen4,Interior module,PL-12,271.32,252.33,7,468,mature
FG-05091,Powertrain assembly 05091,C-SUV Gen5,Electrical & electronics,PL-11,1104.06,877.73,20.5,1556,mature
FG-05092,Electrical & electronics assembly 05092,C-SUV Gen4,Exterior module,PL-01,3281.9,2464.71,24.9,3051,mature
FG-05093,Chassis & suspension assembly 05093,E-Van Commercial,Interior module,PL-14,523.33,471.52,9.9,2830,mature
FG-05094,Thermal system assembly 05094,E-Van Commercial,Interior module,PL-11,2118.2,1662.79,21.5,1241,mature
FG-05095,Body-in-white assembly 05095,Pickup Midsize,Electrical & electronics,PL-10,3526.25,3226.52,8.5,786,ramp-up
FG-05096,Powertrain assembly 05096,C-SUV Gen4,Service kit,PL-15,862.76,820.48,4.9,3204,ramp-up
FG-05097,Body-in-white assembly 05097,C-SUV Gen5,Service kit,PL-14,3566.44,3106.37,12.9,172,ramp-up
FG-05098,Service kit assembly 05098,Hybrid D-Sedan,Electrical & electronics,PL-02,3699.54,2852.35,22.9,3002,ramp-up
FG-05099,E-drive assembly 05099,BEV Crossover,Chassis & suspension,PL-14,1600.04,1288.03,19.5,1676,run-out
FG-05100,Electrical & electronics assembly 05100,E-Van Commercial,Thermal system,PL-15,631.15,528.9,16.2,684,mature
FG-05101,Exterior module assembly 05101,C-SUV Gen4,Interior module,PL-09,112.91,103.09,8.7,3110,mature
FG-05102,Chassis & suspension assembly 05102,BEV Crossover,Body-in-white,PL-04,3056.01,2340.9,23.4,3464,mature
FG-05103,Thermal system assembly 05103,E-Van Commercial,Electrical & electronics,PL-05,1302.81,1065.7,18.2,594,mature
FG-05104,Exterior module assembly 05104,E-Van Commercial,Thermal system,PL-03,400.53,354.87,11.4,440,mature
FG-05105,Thermal system assembly 05105,BEV Crossover,Interior module,PL-12,1106.62,910.75,17.7,1073,ramp-up
FG-05106,Powertrain assembly 05106,BEV Crossover,Exterior module,PL-10,4006.33,3409.39,14.9,1582,mature
FG-05107,Interior module assembly 05107,D-Sedan,Service kit,PL-17,4002.48,2965.84,25.9,821,mature
FG-05108,Interior module assembly 05108,Pickup Midsize,E-drive,PL-20,3762.4,3359.82,10.7,1103,mature
FG-05109,Electrical & electronics assembly 05109,Hybrid D-Sedan,Powertrain,PL-04,417.02,387.41,7.1,1741,run-out
FG-05110,Electrical & electronics assembly 05110,Pickup Midsize,Powertrain,PL-18,3682.28,3196.22,13.2,1330,mature
FG-05111,Electrical & electronics assembly 05111,Hybrid D-Sedan,Service kit,PL-10,2302.53,2063.07,10.4,1207,mature
FG-05112,E-drive assembly 05112,D-Sedan,Powertrain,PL-05,3466.29,2967.14,14.4,2540,run-out
FG-05113,Body-in-white assembly 05113,C-SUV Gen5,Electrical & electronics,PL-17,3924.12,3037.27,22.6,805,mature
FG-05114,Chassis & suspension assembly 05114,E-Van Commercial,Interior module,PL-02,838.67,724.61,13.6,362,run-out
FG-05115,Chassis & suspension assembly 05115,C-SUV Gen4,Service kit,PL-15,816.97,665.01,18.6,3735,mature
FG-05116,Powertrain assembly 05116,Aftermarket Service,Body-in-white,PL-17,2194.81,1668.06,24,2081,ramp-up
FG-05117,Exterior module assembly 05117,C-SUV Gen5,Chassis & suspension,PL-10,433.45,377.53,12.9,867,mature
FG-05118,Body-in-white assembly 05118,Hybrid D-Sedan,Interior module,PL-14,4163.38,3605.49,13.4,1354,mature
FG-05119,Body-in-white assembly 05119,C-SUV Gen5,Service kit,PL-10,3705.36,2893.89,21.9,2173,ramp-up
FG-05120,Powertrain assembly 05120,Aftermarket Service,Body-in-white,PL-13,98.59,77.79,21.1,2076,mature
FG-05121,Service kit assembly 05121,Pickup Midsize,Service kit,PL-12,3226.09,3058.33,5.2,97,run-out
FG-05122,Interior module assembly 05122,D-Sedan,Thermal system,PL-07,3192.31,2831.58,11.3,660,mature
FG-05123,Chassis & suspension assembly 05123,BEV Crossover,Powertrain,PL-05,2207.82,2110.68,4.4,984,mature
FG-05124,E-drive assembly 05124,BEV Crossover,Powertrain,PL-12,3106.31,2764.62,11,2337,mature
FG-05125,E-drive assembly 05125,C-SUV Gen4,Chassis & suspension,PL-01,198.69,163.52,17.7,3578,mature
FG-05126,Electrical & electronics assembly 05126,Aftermarket Service,Interior module,PL-12,1549.42,1427.02,7.9,3437,run-out
FG-05127,E-drive assembly 05127,C-SUV Gen5,Body-in-white,PL-16,3730.01,3468.91,7,200,mature
FG-05128,Interior module assembly 05128,Hybrid D-Sedan,Thermal system,PL-09,2149.72,1663.88,22.6,132,mature
FG-05129,E-drive assembly 05129,C-SUV Gen5,Powertrain,PL-04,3723.43,3168.64,14.9,620,run-out
FG-05130,Interior module assembly 05130,BEV Compact,Service kit,PL-20,326.73,308.43,5.6,959,ramp-up
FG-05131,Thermal system assembly 05131,BEV Crossover,Powertrain,PL-11,2758.14,2280.98,17.3,2985,mature
FG-05132,Electrical & electronics assembly 05132,C-SUV Gen4,Powertrain,PL-18,2248.59,1787.63,20.5,1535,mature
FG-05133,Electrical & electronics assembly 05133,E-Van Commercial,Exterior module,PL-16,788.03,642.24,18.5,2568,mature
FG-05134,Thermal system assembly 05134,E-Van Commercial,E-drive,PL-01,2239.27,2053.41,8.3,864,mature
FG-05135,E-drive assembly 05135,Hybrid D-Sedan,E-drive,PL-04,1633.94,1410.09,13.7,507,mature
FG-05136,E-drive assembly 05136,BEV Compact,Body-in-white,PL-14,1735.74,1475.38,15,2516,mature
FG-05137,Thermal system assembly 05137,Hybrid D-Sedan,Electrical & electronics,PL-03,2855.78,2327.46,18.5,1212,mature
FG-05138,Powertrain assembly 05138,Pickup Midsize,Thermal system,PL-03,3315.16,2592.46,21.8,687,mature
FG-05139,E-drive assembly 05139,B-Hatch Facelift,Body-in-white,PL-01,2244.74,2040.47,9.1,2194,mature
FG-05140,Body-in-white assembly 05140,BEV Crossover,Service kit,PL-11,567.06,463.29,18.3,284,ramp-up
FG-05141,Body-in-white assembly 05141,Hybrid D-Sedan,Thermal system,PL-20,160.49,131.92,17.8,2817,mature
FG-05142,Service kit assembly 05142,D-Sedan,Exterior module,PL-14,1205.53,1091,9.5,2986,run-out
FG-05143,Body-in-white assembly 05143,C-SUV Gen5,Chassis & suspension,PL-15,1868.36,1731.97,7.3,1694,mature
FG-05144,E-drive assembly 05144,BEV Compact,Electrical & electronics,PL-20,321.45,250.09,22.2,855,ramp-up
FG-05145,Electrical & electronics assembly 05145,BEV Compact,E-drive,PL-09,3256.53,2927.62,10.1,1654,mature
FG-05146,E-drive assembly 05146,Pickup Midsize,Service kit,PL-20,3494.59,2638.42,24.5,216,mature
FG-05147,Powertrain assembly 05147,D-Sedan,Body-in-white,PL-09,1483.2,1115.37,24.8,3355,mature
FG-05148,Service kit assembly 05148,Aftermarket Service,E-drive,PL-12,45.89,36.62,20.2,140,mature
FG-05149,Interior module assembly 05149,D-Sedan,Interior module,PL-03,1468.82,1120.71,23.7,2689,run-out
FG-05150,Thermal system assembly 05150,D-Sedan,Interior module,PL-08,2769.58,2440,11.9,1196,ramp-up
FG-05151,Service kit assembly 05151,E-Van Commercial,Exterior module,PL-15,1613.21,1213.13,24.8,3307,run-out
FG-05152,E-drive assembly 05152,Hybrid D-Sedan,Service kit,PL-18,410.39,379.2,7.6,2851,mature
FG-05153,E-drive assembly 05153,Pickup Midsize,Thermal system,PL-03,287.82,254.43,11.6,2675,mature
FG-05154,Electrical & electronics assembly 05154,Pickup Midsize,Thermal system,PL-02,1550.77,1456.17,6.1,864,mature
FG-05155,Thermal system assembly 05155,Aftermarket Service,Exterior module,PL-13,2327.87,2206.82,5.2,816,mature
FG-05156,Interior module assembly 05156,Aftermarket Service,Chassis & suspension,PL-08,3708.02,2769.89,25.3,3600,mature
FG-05157,Powertrain assembly 05157,D-Sedan,Powertrain,PL-19,594.54,561.25,5.6,1495,mature
FG-05158,Exterior module assembly 05158,Aftermarket Service,Thermal system,PL-06,3981.51,3129.47,21.4,2958,mature
FG-05159,Interior module assembly 05159,BEV Compact,Interior module,PL-14,3242.21,2577.56,20.5,2056,mature
FG-05160,Interior module assembly 05160,Pickup Midsize,Service kit,PL-09,1389.87,1307.87,5.9,2021,ramp-up
FG-05161,Powertrain assembly 05161,Aftermarket Service,Interior module,PL-11,2815.55,2640.99,6.2,2165,ramp-up
FG-05162,Exterior module assembly 05162,C-SUV Gen5,Chassis & suspension,PL-04,3363.17,3094.12,8,1114,run-out
FG-05163,Body-in-white assembly 05163,C-SUV Gen5,Powertrain,PL-17,3516.81,3298.77,6.2,1212,mature
FG-05164,Exterior module assembly 05164,Pickup Midsize,E-drive,PL-10,3150.11,2646.09,16,2768,ramp-up
FG-05165,Body-in-white assembly 05165,BEV Compact,Exterior module,PL-08,2767.94,2640.61,4.6,3270,run-out
FG-05166,E-drive assembly 05166,B-Hatch Facelift,Service kit,PL-16,2930.19,2766.1,5.6,1554,run-out
FG-05167,E-drive assembly 05167,C-SUV Gen5,E-drive,PL-09,1857.8,1480.67,20.3,3158,ramp-up
FG-05168,Service kit assembly 05168,BEV Crossover,Exterior module,PL-16,3685.94,3188.34,13.5,394,run-out
FG-05169,Powertrain assembly 05169,BEV Compact,Exterior module,PL-07,4124.36,3930.52,4.7,2744,run-out
FG-05170,Powertrain assembly 05170,B-Hatch Facelift,Interior module,PL-05,3385.04,2988.99,11.7,395,run-out
FG-05171,Electrical & electronics assembly 05171,BEV Crossover,Service kit,PL-08,671.86,513.3,23.6,780,mature
FG-05172,Thermal system assembly 05172,C-SUV Gen4,Powertrain,PL-15,3472.6,2625.29,24.4,2034,run-out
FG-05173,E-drive assembly 05173,B-Hatch Facelift,Thermal system,PL-15,1793.02,1378.83,23.1,1652,mature
FG-05174,Chassis & suspension assembly 05174,D-Sedan,Body-in-white,PL-11,2898.24,2162.09,25.4,2557,mature
FG-05175,Chassis & suspension assembly 05175,E-Van Commercial,Powertrain,PL-20,1911.21,1689.51,11.6,1433,run-out
FG-05176,Exterior module assembly 05176,C-SUV Gen4,Interior module,PL-09,453.39,407.14,10.2,941,run-out
FG-05177,Exterior module assembly 05177,BEV Crossover,Electrical & electronics,PL-07,2692.65,2065.26,23.3,411,ramp-up
FG-05178,Powertrain assembly 05178,Aftermarket Service,Chassis & suspension,PL-12,1263.37,938.68,25.7,2858,mature
FG-05179,Service kit assembly 05179,C-SUV Gen5,Powertrain,PL-01,2918.61,2492.49,14.6,484,mature
FG-05180,Body-in-white assembly 05180,C-SUV Gen4,Powertrain,PL-04,2504.65,1948.62,22.2,2951,run-out
FG-05181,Thermal system assembly 05181,B-Hatch Facelift,Thermal system,PL-08,822.56,614.45,25.3,2567,run-out
FG-05182,E-drive assembly 05182,Hybrid D-Sedan,Chassis & suspension,PL-08,4052.02,3436.11,15.2,1139,mature
FG-05183,Thermal system assembly 05183,Pickup Midsize,Interior module,PL-14,582.38,528.22,9.3,208,mature
FG-05184,Thermal system assembly 05184,E-Van Commercial,Thermal system,PL-02,2505.77,1869.3,25.4,3799,ramp-up
FG-05185,Exterior module assembly 05185,D-Sedan,Service kit,PL-13,2192.56,1802.28,17.8,3456,run-out
FG-05186,Exterior module assembly 05186,BEV Compact,Service kit,PL-15,1838.88,1467.43,20.2,2262,mature
FG-05187,Powertrain assembly 05187,BEV Compact,E-drive,PL-13,3801.38,3512.48,7.6,2233,ramp-up
FG-05188,Body-in-white assembly 05188,Aftermarket Service,Exterior module,PL-04,3269.19,2994.58,8.4,459,run-out
FG-05189,E-drive assembly 05189,C-SUV Gen5,Thermal system,PL-04,4048.06,3056.29,24.5,1544,mature
FG-05190,Interior module assembly 05190,B-Hatch Facelift,Interior module,PL-10,3441.64,2584.67,24.9,984,ramp-up
FG-05191,E-drive assembly 05191,Pickup Midsize,Exterior module,PL-20,245.02,216.11,11.8,3755,mature
FG-05192,Body-in-white assembly 05192,D-Sedan,Body-in-white,PL-12,920.39,867.01,5.8,2489,mature
FG-05193,Electrical & electronics assembly 05193,B-Hatch Facelift,Interior module,PL-13,3179.99,2683.91,15.6,2209,mature
FG-05194,E-drive assembly 05194,B-Hatch Facelift,E-drive,PL-08,2681.07,2276.23,15.1,868,run-out
FG-05195,Body-in-white assembly 05195,C-SUV Gen5,Service kit,PL-08,2058.25,1749.51,15,1319,mature
FG-05196,Powertrain assembly 05196,Hybrid D-Sedan,Electrical & electronics,PL-06,1517.9,1372.18,9.6,1783,mature
FG-05197,Exterior module assembly 05197,C-SUV Gen4,Thermal system,PL-01,79.81,65.52,17.9,2619,run-out
FG-05198,Body-in-white assembly 05198,Hybrid D-Sedan,Chassis & suspension,PL-05,3310.96,2579.24,22.1,2936,mature
FG-05199,Service kit assembly 05199,E-Van Commercial,Interior module,PL-16,156.58,120.57,23,2166,mature
FG-05200,Chassis & suspension assembly 05200,E-Van Commercial,Electrical & electronics,PL-05,278.3,239.89,13.8,2818,mature
FG-05201,Service kit assembly 05201,Pickup Midsize,E-drive,PL-18,3094.56,2933.64,5.2,3070,mature
FG-05202,Body-in-white assembly 05202,BEV Compact,Thermal system,PL-13,2398.17,2079.21,13.3,1887,ramp-up
FG-05203,Chassis & suspension assembly 05203,E-Van Commercial,Body-in-white,PL-14,1621.06,1454.09,10.3,1542,mature
FG-05204,Electrical & electronics assembly 05204,Aftermarket Service,Chassis & suspension,PL-08,2351.21,2024.39,13.9,3751,mature
FG-05205,Powertrain assembly 05205,D-Sedan,Interior module,PL-04,3496.82,3220.57,7.9,3210,mature
FG-05206,Thermal system assembly 05206,BEV Compact,Interior module,PL-05,2787.6,2126.94,23.7,1224,run-out
FG-05207,Electrical & electronics assembly 05207,Hybrid D-Sedan,Powertrain,PL-01,613.27,562.98,8.2,1606,mature
FG-05208,Service kit assembly 05208,Aftermarket Service,Electrical & electronics,PL-10,2044.29,1897.1,7.2,197,mature
FG-05209,Exterior module assembly 05209,C-SUV Gen5,Exterior module,PL-07,414.69,310.6,25.1,2038,mature
FG-05210,Powertrain assembly 05210,BEV Compact,Body-in-white,PL-14,637.18,485.53,23.8,1909,ramp-up
FG-05211,Service kit assembly 05211,B-Hatch Facelift,Service kit,PL-05,3305.38,2753.38,16.7,84,ramp-up
FG-05212,Exterior module assembly 05212,C-SUV Gen5,Body-in-white,PL-09,3598.27,3065.73,14.8,355,ramp-up
FG-05213,Thermal system assembly 05213,E-Van Commercial,Interior module,PL-03,831.85,627.21,24.6,1682,run-out
FG-05214,Chassis & suspension assembly 05214,Aftermarket Service,Interior module,PL-09,2037.91,1872.84,8.1,2365,mature
FG-05215,Service kit assembly 05215,Aftermarket Service,Body-in-white,PL-03,2950.06,2820.26,4.4,1618,ramp-up
FG-05216,Service kit assembly 05216,Pickup Midsize,Powertrain,PL-20,411.92,348.48,15.4,2323,mature
FG-05217,Chassis & suspension assembly 05217,D-Sedan,Thermal system,PL-20,2967.51,2703.4,8.9,3622,run-out
FG-05218,Thermal system assembly 05218,C-SUV Gen5,Chassis & suspension,PL-01,2238.83,1864.95,16.7,2254,mature
FG-05219,Exterior module assembly 05219,E-Van Commercial,Body-in-white,PL-19,655.55,532.96,18.7,2636,mature
FG-05220,Exterior module assembly 05220,D-Sedan,Interior module,PL-17,4127.03,3656.55,11.4,1658,mature
FG-05221,Thermal system assembly 05221,D-Sedan,Thermal system,PL-12,431.44,365,15.4,1125,mature
FG-05222,E-drive assembly 05222,Hybrid D-Sedan,Exterior module,PL-19,2267.01,1693.46,25.3,2479,mature
FG-05223,Powertrain assembly 05223,Aftermarket Service,Electrical & electronics,PL-10,1230.63,1108.8,9.9,2696,mature
FG-05224,Chassis & suspension assembly 05224,Aftermarket Service,Exterior module,PL-15,3078.48,2859.91,7.1,2718,mature
FG-05225,Service kit assembly 05225,Pickup Midsize,Exterior module,PL-05,2998.92,2818.98,6,1933,mature
FG-05226,Service kit assembly 05226,BEV Crossover,Exterior module,PL-10,617.6,545.96,11.6,1403,ramp-up
FG-05227,Service kit assembly 05227,D-Sedan,Body-in-white,PL-20,719.64,671.42,6.7,708,ramp-up
FG-05228,Thermal system assembly 05228,BEV Compact,Body-in-white,PL-04,3844.16,3525.09,8.3,3542,run-out
FG-05229,Service kit assembly 05229,Aftermarket Service,Service kit,PL-11,3370.83,2649.47,21.4,1795,run-out
FG-05230,Powertrain assembly 05230,Aftermarket Service,Chassis & suspension,PL-03,1563.76,1240.06,20.7,2410,mature
FG-05231,E-drive assembly 05231,E-Van Commercial,Body-in-white,PL-01,3022.46,2822.98,6.6,2493,mature
FG-05232,Interior module assembly 05232,Aftermarket Service,E-drive,PL-18,2160.02,1669.7,22.7,3409,mature
FG-05233,E-drive assembly 05233,E-Van Commercial,Electrical & electronics,PL-14,2103.56,1998.38,5,3371,run-out
FG-05234,Service kit assembly 05234,Pickup Midsize,Electrical & electronics,PL-02,2691.73,2376.8,11.7,2565,run-out
FG-05235,Powertrain assembly 05235,E-Van Commercial,Service kit,PL-15,3274.5,2619.6,20,1881,ramp-up
FG-05236,Service kit assembly 05236,B-Hatch Facelift,Thermal system,PL-06,3695.07,3118.64,15.6,2836,ramp-up
FG-05237,Body-in-white assembly 05237,BEV Crossover,E-drive,PL-05,3454.06,2659.63,23,1110,mature
FG-05238,Thermal system assembly 05238,Hybrid D-Sedan,Powertrain,PL-13,3210.78,2847.96,11.3,170,mature
FG-05239,Powertrain assembly 05239,BEV Compact,Body-in-white,PL-15,311.74,230.69,26,3392,run-out
FG-05240,Electrical & electronics assembly 05240,Hybrid D-Sedan,E-drive,PL-18,3276.35,2621.08,20,3585,mature
FG-05241,Thermal system assembly 05241,Pickup Midsize,E-drive,PL-05,2914.83,2264.82,22.3,154,mature
FG-05242,Exterior module assembly 05242,D-Sedan,Thermal system,PL-01,3953.22,2929.34,25.9,2332,ramp-up
FG-05243,Interior module assembly 05243,E-Van Commercial,Service kit,PL-19,825.69,692.75,16.1,3338,mature
FG-05244,Exterior module assembly 05244,C-SUV Gen4,Electrical & electronics,PL-03,1508.95,1436.52,4.8,1094,ramp-up
FG-05245,Chassis & suspension assembly 05245,Aftermarket Service,Chassis & suspension,PL-03,3833.9,3588.53,6.4,1215,mature
FG-05246,Thermal system assembly 05246,BEV Compact,Exterior module,PL-08,3219.42,2588.41,19.6,2274,mature
FG-05247,E-drive assembly 05247,Hybrid D-Sedan,Powertrain,PL-18,2743.43,2282.53,16.8,1158,run-out
FG-05248,Chassis & suspension assembly 05248,Hybrid D-Sedan,Electrical & electronics,PL-10,621.01,581.27,6.4,3385,mature
FG-05249,Thermal system assembly 05249,E-Van Commercial,Powertrain,PL-19,794.86,686.76,13.6,573,mature
FG-05250,Chassis & suspension assembly 05250,E-Van Commercial,Exterior module,PL-17,932.8,707.06,24.2,2022,mature
FG-05251,Service kit assembly 05251,E-Van Commercial,Exterior module,PL-09,3537.56,2713.31,23.3,3206,run-out
FG-05252,Chassis & suspension assembly 05252,Aftermarket Service,Thermal system,PL-04,308.72,249.75,19.1,816,ramp-up
FG-05253,Thermal system assembly 05253,Hybrid D-Sedan,Service kit,PL-20,391.85,364.42,7,1420,mature
FG-05254,Exterior module assembly 05254,C-SUV Gen5,Electrical & electronics,PL-10,2794.8,2587.98,7.4,1061,run-out
FG-05255,Body-in-white assembly 05255,BEV Compact,Thermal system,PL-01,226.24,177.6,21.5,62,mature
FG-05256,Body-in-white assembly 05256,BEV Compact,Service kit,PL-12,1891.31,1575.46,16.7,109,mature
FG-05257,Body-in-white assembly 05257,BEV Crossover,E-drive,PL-03,454.55,426.37,6.2,2519,mature
FG-05258,E-drive assembly 05258,D-Sedan,Electrical & electronics,PL-06,3664.95,3503.69,4.4,118,mature
FG-05259,Chassis & suspension assembly 05259,BEV Compact,E-drive,PL-10,1838.18,1654.36,10,559,mature
FG-05260,Interior module assembly 05260,Aftermarket Service,Thermal system,PL-19,4156.06,3370.56,18.9,1666,mature
FG-05261,Chassis & suspension assembly 05261,Aftermarket Service,Chassis & suspension,PL-15,2513.2,1965.32,21.8,1980,mature
FG-05262,Thermal system assembly 05262,BEV Compact,Electrical & electronics,PL-06,4180.79,3833.78,8.3,1158,ramp-up
FG-05263,E-drive assembly 05263,Pickup Midsize,Service kit,PL-01,327.62,255.54,22,1541,ramp-up
FG-05264,E-drive assembly 05264,Hybrid D-Sedan,Chassis & suspension,PL-09,3358.29,2515.36,25.1,3347,mature
FG-05265,E-drive assembly 05265,C-SUV Gen4,E-drive,PL-10,3488.55,3108.3,10.9,1048,mature
FG-05266,Service kit assembly 05266,BEV Crossover,Exterior module,PL-09,2447.91,2112.55,13.7,3609,mature
FG-05267,E-drive assembly 05267,D-Sedan,E-drive,PL-08,3814.38,3215.52,15.7,2978,ramp-up
FG-05268,E-drive assembly 05268,BEV Compact,Interior module,PL-05,1531.38,1310.86,14.4,472,mature
FG-05269,Service kit assembly 05269,C-SUV Gen4,Body-in-white,PL-13,4001.95,3625.77,9.4,314,ramp-up
FG-05270,Exterior module assembly 05270,Pickup Midsize,Electrical & electronics,PL-11,2349.98,1948.13,17.1,575,mature
FG-05271,Powertrain assembly 05271,Pickup Midsize,Chassis & suspension,PL-17,3343.79,3153.19,5.7,414,mature
FG-05272,Body-in-white assembly 05272,E-Van Commercial,Chassis & suspension,PL-09,2331.75,2061.27,11.6,945,mature
FG-05273,Exterior module assembly 05273,BEV Crossover,Chassis & suspension,PL-17,65.25,50.96,21.9,3504,mature
FG-05274,E-drive assembly 05274,B-Hatch Facelift,Exterior module,PL-10,1083.68,901.62,16.8,1525,mature
FG-05275,Powertrain assembly 05275,BEV Crossover,Electrical & electronics,PL-19,1971.74,1585.28,19.6,83,mature
FG-05276,Body-in-white assembly 05276,E-Van Commercial,Exterior module,PL-03,2728.87,2150.35,21.2,2569,ramp-up
FG-05277,Body-in-white assembly 05277,E-Van Commercial,Body-in-white,PL-05,3855.88,3019.15,21.7,2348,mature
FG-05278,Powertrain assembly 05278,BEV Compact,Exterior module,PL-01,1623.75,1422.4,12.4,2047,mature
FG-05279,Thermal system assembly 05279,Pickup Midsize,Powertrain,PL-16,2299.68,2083.51,9.4,3789,mature
FG-05280,Body-in-white assembly 05280,Aftermarket Service,Service kit,PL-07,1315.25,1242.91,5.5,605,mature
FG-05281,E-drive assembly 05281,BEV Crossover,Interior module,PL-06,2166.79,1800.6,16.9,3052,mature
FG-05282,Body-in-white assembly 05282,B-Hatch Facelift,Powertrain,PL-19,257.98,243.02,5.8,2747,run-out
FG-05283,Chassis & suspension assembly 05283,B-Hatch Facelift,Body-in-white,PL-19,2319.6,2175.78,6.2,1344,mature
FG-05284,Chassis & suspension assembly 05284,BEV Compact,Interior module,PL-20,2461.45,2060.23,16.3,2896,run-out
FG-05285,E-drive assembly 05285,C-SUV Gen5,Electrical & electronics,PL-03,2111.5,1978.48,6.3,3611,mature
FG-05286,Thermal system assembly 05286,D-Sedan,Electrical & electronics,PL-19,3207.21,2498.42,22.1,1694,ramp-up
FG-05287,Service kit assembly 05287,E-Van Commercial,E-drive,PL-09,3724.03,3366.52,9.6,815,mature
FG-05288,Interior module assembly 05288,Pickup Midsize,Body-in-white,PL-01,3851.08,3100.12,19.5,3406,mature
FG-05289,Body-in-white assembly 05289,E-Van Commercial,Exterior module,PL-04,2039.06,1563.96,23.3,1366,mature
FG-05290,Exterior module assembly 05290,Aftermarket Service,Chassis & suspension,PL-12,1695.31,1313.87,22.5,1976,ramp-up
FG-05291,E-drive assembly 05291,BEV Crossover,Service kit,PL-13,3596.04,3240.03,9.9,2055,mature
FG-05292,Body-in-white assembly 05292,Pickup Midsize,Chassis & suspension,PL-08,635.79,608.45,4.3,1116,mature
FG-05293,Chassis & suspension assembly 05293,Aftermarket Service,E-drive,PL-09,3999.09,3831.13,4.2,575,mature
FG-05294,Service kit assembly 05294,D-Sedan,Interior module,PL-12,1034.22,892.53,13.7,361,mature
FG-05295,E-drive assembly 05295,BEV Crossover,Chassis & suspension,PL-11,2719.26,2444.61,10.1,489,run-out
FG-05296,Interior module assembly 05296,Hybrid D-Sedan,Exterior module,PL-16,2055.29,1931.97,6,33,ramp-up
FG-05297,Electrical & electronics assembly 05297,BEV Crossover,Chassis & suspension,PL-04,1276.72,1177.14,7.8,1063,mature
FG-05298,Body-in-white assembly 05298,Aftermarket Service,Service kit,PL-10,4003.9,3839.74,4.1,2420,mature
FG-05299,Powertrain assembly 05299,C-SUV Gen5,Exterior module,PL-09,1422.88,1364.54,4.1,2234,ramp-up
FG-05300,Body-in-white assembly 05300,Aftermarket Service,Thermal system,PL-02,2352.32,1945.37,17.3,1620,ramp-up
FG-05301,Thermal system assembly 05301,D-Sedan,Powertrain,PL-06,3322.66,2731.23,17.8,2005,run-out
FG-05302,Thermal system assembly 05302,BEV Compact,Service kit,PL-15,2542.39,2440.69,4,3621,mature
FG-05303,Electrical & electronics assembly 05303,D-Sedan,E-drive,PL-04,3736.61,2974.34,20.4,1413,mature
FG-05304,Electrical & electronics assembly 05304,Pickup Midsize,Powertrain,PL-20,1547.68,1380.53,10.8,1021,ramp-up
FG-05305,Chassis & suspension assembly 05305,D-Sedan,Body-in-white,PL-01,2513.15,2297.02,8.6,1925,mature
FG-05306,E-drive assembly 05306,C-SUV Gen4,Exterior module,PL-17,2675.74,1998.78,25.3,672,ramp-up
FG-05307,Interior module assembly 05307,BEV Compact,Thermal system,PL-20,770.71,677.45,12.1,2843,mature
FG-05308,Powertrain assembly 05308,D-Sedan,Body-in-white,PL-05,1285.22,1223.53,4.8,2181,mature
FG-05309,E-drive assembly 05309,Pickup Midsize,E-drive,PL-04,3234.98,2869.43,11.3,2482,mature
FG-05310,Interior module assembly 05310,BEV Crossover,Thermal system,PL-04,3743.08,3159.16,15.6,2866,mature
FG-05311,Thermal system assembly 05311,C-SUV Gen5,Thermal system,PL-13,3956.01,3512.94,11.2,3131,mature
FG-05312,Body-in-white assembly 05312,B-Hatch Facelift,E-drive,PL-08,676.81,546.19,19.3,2725,mature
FG-05313,Electrical & electronics assembly 05313,BEV Crossover,Body-in-white,PL-19,1110.49,826.2,25.6,899,mature
FG-05314,Powertrain assembly 05314,E-Van Commercial,Powertrain,PL-03,2551.57,2240.28,12.2,1831,mature
FG-05315,Interior module assembly 05315,Pickup Midsize,Interior module,PL-05,3493.86,2850.99,18.4,2013,ramp-up
FG-05316,Interior module assembly 05316,Aftermarket Service,Chassis & suspension,PL-02,457.4,411.66,10,1517,ramp-up
FG-05317,Interior module assembly 05317,B-Hatch Facelift,Electrical & electronics,PL-18,3772.57,3014.28,20.1,1316,ramp-up
FG-05318,Chassis & suspension assembly 05318,C-SUV Gen5,Thermal system,PL-02,1686.41,1511.02,10.4,1778,mature
FG-05319,Body-in-white assembly 05319,BEV Compact,Chassis & suspension,PL-09,1596.18,1197.13,25,2355,run-out
FG-05320,Electrical & electronics assembly 05320,Hybrid D-Sedan,Powertrain,PL-18,2984.97,2319.32,22.3,2446,ramp-up
FG-05321,Service kit assembly 05321,Aftermarket Service,Chassis & suspension,PL-04,1779.64,1423.71,20,3438,run-out
FG-05322,Electrical & electronics assembly 05322,E-Van Commercial,Electrical & electronics,PL-05,1200.87,1120.41,6.7,597,ramp-up
FG-05323,Service kit assembly 05323,B-Hatch Facelift,Thermal system,PL-07,4175.42,3624.26,13.2,2596,mature
FG-05324,Thermal system assembly 05324,C-SUV Gen4,Thermal system,PL-06,3930.55,3325.25,15.4,3075,ramp-up
FG-05325,Thermal system assembly 05325,BEV Crossover,Exterior module,PL-08,1855.69,1499.4,19.2,2543,mature
FG-05326,Chassis & suspension assembly 05326,C-SUV Gen5,Powertrain,PL-17,2771.24,2167.11,21.8,1202,mature
FG-05327,Body-in-white assembly 05327,E-Van Commercial,Exterior module,PL-08,69.57,54.4,21.8,521,run-out
FG-05328,Electrical & electronics assembly 05328,Pickup Midsize,Interior module,PL-15,588.21,493.51,16.1,2211,run-out
FG-05329,Body-in-white assembly 05329,C-SUV Gen4,Body-in-white,PL-10,1960.25,1479.99,24.5,818,mature
FG-05330,Interior module assembly 05330,BEV Compact,Interior module,PL-02,1386.88,1223.23,11.8,181,mature
FG-05331,Thermal system assembly 05331,E-Van Commercial,E-drive,PL-14,2592.2,2224.11,14.2,829,mature
FG-05332,Powertrain assembly 05332,Aftermarket Service,Electrical & electronics,PL-13,185.08,168.42,9,3681,mature
FG-05333,Thermal system assembly 05333,D-Sedan,E-drive,PL-18,3753.38,3333,11.2,3582,run-out
FG-05334,Powertrain assembly 05334,Pickup Midsize,Body-in-white,PL-02,1970.19,1520.99,22.8,2928,mature
FG-05335,Body-in-white assembly 05335,C-SUV Gen4,Electrical & electronics,PL-12,3827.39,3414.03,10.8,3790,ramp-up
FG-05336,Service kit assembly 05336,BEV Crossover,Electrical & electronics,PL-08,3261.33,2462.3,24.5,1212,mature
FG-05337,Body-in-white assembly 05337,Hybrid D-Sedan,Powertrain,PL-12,130.7,115.67,11.5,381,run-out
FG-05338,Thermal system assembly 05338,BEV Crossover,Chassis & suspension,PL-19,2756.6,2359.65,14.4,954,run-out
FG-05339,Powertrain assembly 05339,Aftermarket Service,Thermal system,PL-20,3714.79,2878.96,22.5,1459,run-out
FG-05340,Service kit assembly 05340,D-Sedan,Service kit,PL-04,3670.18,3431.62,6.5,1110,mature
FG-05341,Interior module assembly 05341,Aftermarket Service,Service kit,PL-18,153.38,147.09,4.1,2797,mature
FG-05342,Thermal system assembly 05342,BEV Crossover,Body-in-white,PL-14,3604.6,3103.56,13.9,2132,run-out
FG-05343,E-drive assembly 05343,BEV Compact,Exterior module,PL-05,1739.6,1619.57,6.9,366,mature
FG-05344,Body-in-white assembly 05344,BEV Compact,Exterior module,PL-09,1042.89,929.21,10.9,3365,mature
FG-05345,Exterior module assembly 05345,D-Sedan,Thermal system,PL-13,4118.14,3105.08,24.6,2857,mature
FG-05346,Service kit assembly 05346,Pickup Midsize,Body-in-white,PL-06,1840.74,1721.09,6.5,454,run-out
FG-05347,Chassis & suspension assembly 05347,Pickup Midsize,Service kit,PL-03,1087.53,841.75,22.6,2612,run-out
FG-05348,Body-in-white assembly 05348,C-SUV Gen4,Body-in-white,PL-07,788.76,733.55,7,1643,ramp-up
FG-05349,Body-in-white assembly 05349,C-SUV Gen4,Interior module,PL-02,3557.24,3155.27,11.3,3279,ramp-up
FG-05350,Chassis & suspension assembly 05350,D-Sedan,Service kit,PL-16,569.6,439.16,22.9,2494,ramp-up
FG-05351,E-drive assembly 05351,BEV Crossover,Interior module,PL-19,334.89,305.75,8.7,2084,mature
FG-05352,Body-in-white assembly 05352,Aftermarket Service,Service kit,PL-20,1630.17,1467.15,10,2192,mature
FG-05353,Thermal system assembly 05353,C-SUV Gen5,Powertrain,PL-20,2013.47,1506.08,25.2,2355,mature
FG-05354,Service kit assembly 05354,E-Van Commercial,Chassis & suspension,PL-20,363.82,335.08,7.9,944,mature
FG-05355,Chassis & suspension assembly 05355,E-Van Commercial,Interior module,PL-06,1758.5,1672.33,4.9,3362,ramp-up
FG-05356,Service kit assembly 05356,D-Sedan,E-drive,PL-11,3912.51,3329.55,14.9,1161,mature
FG-05357,Exterior module assembly 05357,Aftermarket Service,Thermal system,PL-10,2575.2,2369.18,8,1502,mature
FG-05358,Service kit assembly 05358,Pickup Midsize,Thermal system,PL-16,3419.05,2820.72,17.5,1079,mature
FG-05359,Thermal system assembly 05359,D-Sedan,E-drive,PL-09,3025.73,2426.64,19.8,2817,mature
FG-05360,Exterior module assembly 05360,Hybrid D-Sedan,Electrical & electronics,PL-02,1294.24,1057.39,18.3,3500,run-out
FG-05361,Body-in-white assembly 05361,Aftermarket Service,Exterior module,PL-05,3721.33,2828.21,24,1493,mature
FG-05362,Body-in-white assembly 05362,C-SUV Gen5,Chassis & suspension,PL-20,1089.05,851.64,21.8,1852,run-out
FG-05363,E-drive assembly 05363,C-SUV Gen5,Body-in-white,PL-19,1349.52,1230.76,8.8,3728,run-out
FG-05364,Electrical & electronics assembly 05364,BEV Compact,Chassis & suspension,PL-15,1521.85,1240.31,18.5,275,mature
FG-05365,Service kit assembly 05365,Aftermarket Service,Service kit,PL-07,3476.3,2833.18,18.5,2446,run-out
FG-05366,E-drive assembly 05366,D-Sedan,Service kit,PL-07,2970.57,2542.81,14.4,3459,mature
FG-05367,Body-in-white assembly 05367,BEV Compact,Interior module,PL-17,1798.32,1694.02,5.8,1165,mature
FG-05368,Electrical & electronics assembly 05368,Hybrid D-Sedan,Electrical & electronics,PL-07,1499.89,1267.41,15.5,2700,ramp-up
FG-05369,Powertrain assembly 05369,BEV Crossover,Exterior module,PL-06,3565.1,3019.64,15.3,53,mature
FG-05370,Service kit assembly 05370,BEV Crossover,E-drive,PL-11,3663.43,3194.51,12.8,3552,mature
FG-05371,Chassis & suspension assembly 05371,Hybrid D-Sedan,Powertrain,PL-14,676.17,584.21,13.6,892,mature
FG-05372,Interior module assembly 05372,D-Sedan,Thermal system,PL-18,3910.94,3472.91,11.2,540,ramp-up
FG-05373,Interior module assembly 05373,E-Van Commercial,Exterior module,PL-02,1103.29,1027.16,6.9,696,mature
FG-05374,Interior module assembly 05374,E-Van Commercial,Thermal system,PL-06,3545.5,3042.04,14.2,1026,mature
FG-05375,Powertrain assembly 05375,Hybrid D-Sedan,Electrical & electronics,PL-08,2142.63,1594.12,25.6,457,ramp-up
FG-05376,Electrical & electronics assembly 05376,BEV Compact,Body-in-white,PL-07,595.66,542.05,9,3708,mature
FG-05377,Exterior module assembly 05377,D-Sedan,E-drive,PL-04,1061.94,841.06,20.8,2545,mature
FG-05378,Chassis & suspension assembly 05378,C-SUV Gen5,Interior module,PL-04,462.69,382.64,17.3,3579,ramp-up
FG-05379,Powertrain assembly 05379,B-Hatch Facelift,E-drive,PL-09,1592.8,1180.26,25.9,543,ramp-up
FG-05380,Thermal system assembly 05380,BEV Crossover,E-drive,PL-09,1637.73,1405.17,14.2,673,run-out
FG-05381,Interior module assembly 05381,D-Sedan,Interior module,PL-10,3802.7,3468.06,8.8,3121,mature
FG-05382,Powertrain assembly 05382,Hybrid D-Sedan,Interior module,PL-17,2193.97,1693.74,22.8,1244,ramp-up
FG-05383,Electrical & electronics assembly 05383,BEV Compact,E-drive,PL-14,2277.34,2017.72,11.4,1182,mature
FG-05384,Chassis & suspension assembly 05384,E-Van Commercial,Body-in-white,PL-01,2123.87,1877.5,11.6,46,mature
FG-05385,Thermal system assembly 05385,BEV Crossover,Electrical & electronics,PL-07,922.74,703.13,23.8,3077,mature
FG-05386,Powertrain assembly 05386,Aftermarket Service,Service kit,PL-14,1521.33,1355.51,10.9,417,mature
FG-05387,Exterior module assembly 05387,Pickup Midsize,Body-in-white,PL-09,2837.47,2448.74,13.7,1756,mature
FG-05388,Powertrain assembly 05388,BEV Compact,Exterior module,PL-18,2918.87,2629.9,9.9,338,mature
FG-05389,Chassis & suspension assembly 05389,BEV Crossover,Service kit,PL-10,184.8,145.62,21.2,2416,mature
FG-05390,Body-in-white assembly 05390,C-SUV Gen5,Chassis & suspension,PL-06,1159.84,1071.69,7.6,1176,mature
FG-05391,Chassis & suspension assembly 05391,Pickup Midsize,Exterior module,PL-09,1459.93,1296.42,11.2,997,run-out
FG-05392,Exterior module assembly 05392,B-Hatch Facelift,E-drive,PL-14,2355.56,1893.87,19.6,1301,mature
FG-05393,Thermal system assembly 05393,C-SUV Gen5,E-drive,PL-06,587.14,510.22,13.1,489,mature
FG-05394,Service kit assembly 05394,BEV Crossover,Service kit,PL-01,1292.58,1049.57,18.8,1055,run-out
FG-05395,Chassis & suspension assembly 05395,C-SUV Gen5,Exterior module,PL-20,4187.02,3479.41,16.9,768,run-out
FG-05396,Thermal system assembly 05396,BEV Compact,Body-in-white,PL-02,389.81,356.29,8.6,146,mature
FG-05397,Powertrain assembly 05397,Hybrid D-Sedan,Electrical & electronics,PL-08,673.6,508.57,24.5,3561,mature
FG-05398,Interior module assembly 05398,C-SUV Gen4,Thermal system,PL-07,3725.71,3438.83,7.7,2613,mature
FG-05399,Electrical & electronics assembly 05399,Hybrid D-Sedan,Thermal system,PL-16,4141.59,3628.03,12.4,2282,run-out
FG-05400,E-drive assembly 05400,C-SUV Gen4,Electrical & electronics,PL-15,2755.53,2402.82,12.8,2885,mature
FG-05401,Thermal system assembly 05401,Pickup Midsize,Electrical & electronics,PL-19,2688.54,2556.8,4.9,2123,mature
FG-05402,Chassis & suspension assembly 05402,C-SUV Gen4,Body-in-white,PL-11,3578.43,3378.04,5.6,2086,ramp-up
FG-05403,Chassis & suspension assembly 05403,Hybrid D-Sedan,Chassis & suspension,PL-18,2302.03,1970.54,14.4,2323,ramp-up
FG-05404,Electrical & electronics assembly 05404,B-Hatch Facelift,Powertrain,PL-03,189.7,140.95,25.7,1650,mature
FG-05405,E-drive assembly 05405,B-Hatch Facelift,Exterior module,PL-12,111.88,106.62,4.7,1139,run-out
FG-05406,Powertrain assembly 05406,Hybrid D-Sedan,Chassis & suspension,PL-18,1747.96,1338.94,23.4,730,ramp-up
FG-05407,Exterior module assembly 05407,BEV Crossover,E-drive,PL-19,3347.29,3082.85,7.9,803,run-out
FG-05408,Exterior module assembly 05408,C-SUV Gen4,Exterior module,PL-17,1672.33,1327.83,20.6,1154,ramp-up
FG-05409,Service kit assembly 05409,Hybrid D-Sedan,Thermal system,PL-09,2589.08,2045.37,21,1144,run-out
FG-05410,Powertrain assembly 05410,D-Sedan,Electrical & electronics,PL-13,754.61,696.51,7.7,1045,mature
FG-05411,Body-in-white assembly 05411,Hybrid D-Sedan,Powertrain,PL-20,3191.84,2780.09,12.9,768,mature
FG-05412,Chassis & suspension assembly 05412,BEV Compact,Service kit,PL-06,1186.48,991.9,16.4,3569,mature
FG-05413,Interior module assembly 05413,Hybrid D-Sedan,E-drive,PL-18,2691.15,2166.38,19.5,2022,mature
FG-05414,Powertrain assembly 05414,C-SUV Gen5,Thermal system,PL-20,586.7,488.13,16.8,2989,run-out
FG-05415,Exterior module assembly 05415,C-SUV Gen4,Electrical & electronics,PL-10,1450.72,1188.14,18.1,832,mature
FG-05416,E-drive assembly 05416,Pickup Midsize,Service kit,PL-19,2648.26,2335.77,11.8,969,mature
FG-05417,Service kit assembly 05417,E-Van Commercial,Thermal system,PL-01,844.64,652.91,22.7,3008,mature
FG-05418,Chassis & suspension assembly 05418,Hybrid D-Sedan,Body-in-white,PL-03,2855.61,2210.24,22.6,198,run-out
FG-05419,Exterior module assembly 05419,D-Sedan,Chassis & suspension,PL-10,1439.52,1083.96,24.7,2740,run-out
FG-05420,Electrical & electronics assembly 05420,BEV Compact,Thermal system,PL-04,3286.82,3050.17,7.2,1787,mature
FG-05421,E-drive assembly 05421,BEV Compact,E-drive,PL-05,1176.67,920.16,21.8,2685,ramp-up
FG-05422,Thermal system assembly 05422,Aftermarket Service,E-drive,PL-03,2485.78,1961.28,21.1,2673,mature
FG-05423,Interior module assembly 05423,Aftermarket Service,Electrical & electronics,PL-05,1864.35,1401.99,24.8,24,mature
FG-05424,Body-in-white assembly 05424,B-Hatch Facelift,Chassis & suspension,PL-06,1954.37,1862.51,4.7,577,run-out
FG-05425,Chassis & suspension assembly 05425,BEV Crossover,Body-in-white,PL-09,3204.89,2541.48,20.7,2769,mature
FG-05426,E-drive assembly 05426,Pickup Midsize,Powertrain,PL-01,179.67,162.24,9.7,2751,run-out
FG-05427,Service kit assembly 05427,C-SUV Gen4,Body-in-white,PL-15,976.9,750.26,23.2,693,ramp-up
FG-05428,Chassis & suspension assembly 05428,Hybrid D-Sedan,Electrical & electronics,PL-13,3281.15,3012.1,8.2,693,ramp-up
FG-05429,Thermal system assembly 05429,Pickup Midsize,Powertrain,PL-18,1837.48,1580.23,14,544,mature
FG-05430,Exterior module assembly 05430,BEV Crossover,Chassis & suspension,PL-18,2417.82,2188.13,9.5,1573,mature
FG-05431,E-drive assembly 05431,E-Van Commercial,Chassis & suspension,PL-05,729.38,617.06,15.4,760,run-out
FG-05432,Interior module assembly 05432,C-SUV Gen5,Interior module,PL-07,1055.45,810.59,23.2,2951,ramp-up
FG-05433,Powertrain assembly 05433,C-SUV Gen5,Powertrain,PL-09,3993.2,3625.83,9.2,209,ramp-up
FG-05434,Body-in-white assembly 05434,BEV Crossover,Interior module,PL-13,683.78,536.08,21.6,1518,mature
FG-05435,Interior module assembly 05435,Hybrid D-Sedan,Chassis & suspension,PL-10,2619.57,2365.47,9.7,3154,mature
FG-05436,Thermal system assembly 05436,Hybrid D-Sedan,Exterior module,PL-14,3153.63,2743.66,13,1842,mature
FG-05437,E-drive assembly 05437,C-SUV Gen5,Chassis & suspension,PL-06,3671.34,3513.47,4.3,1528,mature
FG-05438,Powertrain assembly 05438,BEV Compact,Powertrain,PL-04,549.18,525.02,4.4,2425,ramp-up
FG-05439,Chassis & suspension assembly 05439,Aftermarket Service,Chassis & suspension,PL-14,3535.77,3362.52,4.9,2587,ramp-up
FG-05440,Powertrain assembly 05440,Aftermarket Service,Exterior module,PL-15,2455.07,2246.39,8.5,664,mature
FG-05441,Thermal system assembly 05441,C-SUV Gen5,Powertrain,PL-03,2726.73,2451.33,10.1,3619,ramp-up
FG-05442,Chassis & suspension assembly 05442,C-SUV Gen4,Chassis & suspension,PL-09,898.67,841.16,6.4,1595,run-out
FG-05443,Exterior module assembly 05443,C-SUV Gen5,Service kit,PL-12,4066.85,3550.36,12.7,688,mature
FG-05444,Exterior module assembly 05444,E-Van Commercial,Interior module,PL-14,1772.2,1407.13,20.6,172,mature
FG-05445,E-drive assembly 05445,D-Sedan,Chassis & suspension,PL-04,2559.76,2401.05,6.2,1165,mature
FG-05446,Electrical & electronics assembly 05446,D-Sedan,Electrical & electronics,PL-03,2239.97,1977.89,11.7,1349,mature
FG-05447,Chassis & suspension assembly 05447,Aftermarket Service,E-drive,PL-05,192.22,166.08,13.6,2215,mature
FG-05448,E-drive assembly 05448,C-SUV Gen5,Powertrain,PL-10,1385.52,1141.67,17.6,2362,ramp-up
FG-05449,E-drive assembly 05449,B-Hatch Facelift,Body-in-white,PL-20,4116.36,3840.56,6.7,3327,run-out
FG-05450,Powertrain assembly 05450,BEV Compact,Chassis & suspension,PL-03,2548.83,2395.9,6,1467,run-out
FG-05451,Thermal system assembly 05451,Hybrid D-Sedan,Exterior module,PL-05,4056.83,3144.04,22.5,3713,mature
FG-05452,Electrical & electronics assembly 05452,C-SUV Gen4,Body-in-white,PL-04,3198.54,2763.54,13.6,2908,run-out
FG-05453,Interior module assembly 05453,E-Van Commercial,Exterior module,PL-11,3733.02,3113.34,16.6,3490,run-out
FG-05454,Interior module assembly 05454,C-SUV Gen4,Interior module,PL-04,1424.06,1126.43,20.9,2971,mature
FG-05455,Interior module assembly 05455,E-Van Commercial,Exterior module,PL-13,2421.19,1854.63,23.4,1079,mature
FG-05456,Powertrain assembly 05456,E-Van Commercial,Body-in-white,PL-16,2427.84,1830.59,24.6,2508,mature
FG-05457,E-drive assembly 05457,C-SUV Gen4,E-drive,PL-10,1446.75,1307.86,9.6,1952,mature
FG-05458,Body-in-white assembly 05458,BEV Crossover,Electrical & electronics,PL-17,87.5,66.94,23.5,561,ramp-up
FG-05459,E-drive assembly 05459,Aftermarket Service,Interior module,PL-18,2366.34,2065.81,12.7,903,mature
FG-05460,Service kit assembly 05460,Aftermarket Service,Body-in-white,PL-02,68.05,51.58,24.2,3099,mature
FG-05461,Electrical & electronics assembly 05461,Pickup Midsize,Thermal system,PL-13,995.12,834.91,16.1,2141,mature
FG-05462,Thermal system assembly 05462,Aftermarket Service,Chassis & suspension,PL-17,1384.06,1317.63,4.8,1520,ramp-up
FG-05463,Thermal system assembly 05463,BEV Compact,Interior module,PL-19,2208.89,1729.56,21.7,1562,mature
FG-05464,Interior module assembly 05464,C-SUV Gen4,Powertrain,PL-01,2891.84,2614.22,9.6,295,mature
FG-05465,Powertrain assembly 05465,D-Sedan,Chassis & suspension,PL-10,1506.27,1308.95,13.1,3056,mature
FG-05466,Body-in-white assembly 05466,C-SUV Gen5,Powertrain,PL-16,1471.67,1124.36,23.6,3030,mature
FG-05467,Body-in-white assembly 05467,E-Van Commercial,Thermal system,PL-04,3965.96,3712.14,6.4,784,ramp-up
FG-05468,Service kit assembly 05468,Hybrid D-Sedan,Interior module,PL-08,2674.93,2038.3,23.8,2298,ramp-up
FG-05469,Exterior module assembly 05469,Aftermarket Service,E-drive,PL-19,1653.86,1445.47,12.6,3045,mature
FG-05470,Chassis & suspension assembly 05470,E-Van Commercial,Electrical & electronics,PL-03,2286.33,2101.14,8.1,3513,mature
FG-05471,E-drive assembly 05471,BEV Compact,Powertrain,PL-09,890.26,681.94,23.4,3209,mature
FG-05472,Thermal system assembly 05472,C-SUV Gen4,Interior module,PL-19,1126.08,859.2,23.7,3422,mature
FG-05473,Body-in-white assembly 05473,BEV Compact,Electrical & electronics,PL-04,3812.09,3160.22,17.1,3587,ramp-up
FG-05474,Service kit assembly 05474,B-Hatch Facelift,Electrical & electronics,PL-09,3232.07,2569.5,20.5,2631,mature
FG-05475,Exterior module assembly 05475,D-Sedan,Powertrain,PL-01,2400.02,2157.62,10.1,1484,ramp-up
FG-05476,Exterior module assembly 05476,D-Sedan,Interior module,PL-09,1577.09,1394.15,11.6,3005,mature
FG-05477,Body-in-white assembly 05477,Hybrid D-Sedan,Service kit,PL-03,1590.73,1275.77,19.8,1730,mature
FG-05478,Service kit assembly 05478,B-Hatch Facelift,Electrical & electronics,PL-02,1180.98,1009.74,14.5,1287,ramp-up
FG-05479,E-drive assembly 05479,C-SUV Gen5,Chassis & suspension,PL-14,839.03,798.76,4.8,2731,mature
FG-05480,Exterior module assembly 05480,C-SUV Gen4,E-drive,PL-10,672.84,579.99,13.8,1626,mature
FG-05481,Electrical & electronics assembly 05481,Aftermarket Service,Service kit,PL-18,610.08,581.41,4.7,1435,run-out
FG-05482,Service kit assembly 05482,B-Hatch Facelift,E-drive,PL-11,2938.19,2591.48,11.8,1627,mature
FG-05483,Interior module assembly 05483,Pickup Midsize,E-drive,PL-13,561.6,481.85,14.2,2077,mature
FG-05484,Body-in-white assembly 05484,Aftermarket Service,Chassis & suspension,PL-16,836.21,718.3,14.1,1103,mature
FG-05485,E-drive assembly 05485,C-SUV Gen5,Body-in-white,PL-05,1881.01,1645.88,12.5,2232,ramp-up
FG-05486,Service kit assembly 05486,B-Hatch Facelift,Exterior module,PL-04,311.88,269.15,13.7,3252,mature
FG-05487,Chassis & suspension assembly 05487,C-SUV Gen5,Interior module,PL-10,1312.63,1130.17,13.9,1563,ramp-up
FG-05488,Electrical & electronics assembly 05488,Pickup Midsize,Interior module,PL-18,1958.17,1562.62,20.2,715,ramp-up
FG-05489,Body-in-white assembly 05489,B-Hatch Facelift,Chassis & suspension,PL-05,1804.9,1647.87,8.7,3000,mature
FG-05490,Interior module assembly 05490,BEV Crossover,Powertrain,PL-05,3353.27,2582.02,23,3227,mature
FG-05491,Electrical & electronics assembly 05491,E-Van Commercial,Body-in-white,PL-07,2382.54,2044.22,14.2,2580,ramp-up
FG-05492,Service kit assembly 05492,Aftermarket Service,Chassis & suspension,PL-07,1397.72,1126.56,19.4,983,run-out
FG-05493,Body-in-white assembly 05493,BEV Compact,Powertrain,PL-10,483.72,409.23,15.4,1970,run-out
FG-05494,Powertrain assembly 05494,Pickup Midsize,Exterior module,PL-20,2961.64,2298.23,22.4,3635,mature
FG-05495,E-drive assembly 05495,Hybrid D-Sedan,Chassis & suspension,PL-17,2607.29,2187.52,16.1,2088,mature
FG-05496,Powertrain assembly 05496,E-Van Commercial,Chassis & suspension,PL-11,2291.89,1769.34,22.8,3664,mature
FG-05497,Service kit assembly 05497,D-Sedan,Interior module,PL-20,1719.94,1315.75,23.5,502,ramp-up
FG-05498,Service kit assembly 05498,E-Van Commercial,Chassis & suspension,PL-13,4124.29,3361.3,18.5,241,mature
FG-05499,Interior module assembly 05499,Pickup Midsize,Electrical & electronics,PL-18,368.4,326.77,11.3,177,mature
FG-05500,Service kit assembly 05500,Aftermarket Service,Exterior module,PL-01,1090.78,860.63,21.1,417,run-out
FG-05501,Electrical & electronics assembly 05501,BEV Compact,Powertrain,PL-07,551.62,471.64,14.5,3090,run-out
FG-05502,Exterior module assembly 05502,D-Sedan,Powertrain,PL-09,986.61,797.18,19.2,1392,mature
FG-05503,Electrical & electronics assembly 05503,B-Hatch Facelift,Electrical & electronics,PL-01,1902.95,1823.03,4.2,70,run-out
FG-05504,Chassis & suspension assembly 05504,C-SUV Gen5,Body-in-white,PL-04,4177.53,3889.28,6.9,3045,mature
FG-05505,Service kit assembly 05505,BEV Compact,E-drive,PL-08,4027.34,3838.06,4.7,2231,ramp-up
FG-05506,Exterior module assembly 05506,BEV Crossover,Interior module,PL-08,1782,1557.47,12.6,1551,ramp-up
FG-05507,Powertrain assembly 05507,C-SUV Gen5,Chassis & suspension,PL-04,528.54,465.12,12,557,ramp-up
FG-05508,Thermal system assembly 05508,Aftermarket Service,Exterior module,PL-07,2938.33,2400.62,18.3,1906,run-out
FG-05509,Electrical & electronics assembly 05509,Hybrid D-Sedan,Thermal system,PL-11,2121.24,1631.23,23.1,1119,run-out
FG-05510,Electrical & electronics assembly 05510,BEV Compact,Interior module,PL-13,3901.92,3507.83,10.1,204,mature
FG-05511,E-drive assembly 05511,D-Sedan,E-drive,PL-14,1573.32,1249.22,20.6,3562,mature
FG-05512,Powertrain assembly 05512,E-Van Commercial,Service kit,PL-16,2847.4,2639.54,7.3,3722,ramp-up
FG-05513,Chassis & suspension assembly 05513,B-Hatch Facelift,Powertrain,PL-14,973,743.37,23.6,2296,run-out
FG-05514,Powertrain assembly 05514,BEV Compact,Exterior module,PL-03,2205.87,1654.4,25,1857,mature
FG-05515,Interior module assembly 05515,E-Van Commercial,Chassis & suspension,PL-07,1601.01,1495.34,6.6,2794,mature
FG-05516,Body-in-white assembly 05516,Aftermarket Service,Body-in-white,PL-15,2692.04,2274.77,15.5,1333,ramp-up
FG-05517,Electrical & electronics assembly 05517,E-Van Commercial,Chassis & suspension,PL-02,2112.84,1764.22,16.5,93,mature
FG-05518,Interior module assembly 05518,D-Sedan,Powertrain,PL-20,1486.42,1391.29,6.4,916,run-out
FG-05519,Service kit assembly 05519,Pickup Midsize,Service kit,PL-10,875.86,654.27,25.3,2658,mature
FG-05520,Body-in-white assembly 05520,C-SUV Gen4,Powertrain,PL-10,2882.55,2297.39,20.3,161,ramp-up
FG-05521,Thermal system assembly 05521,C-SUV Gen4,Electrical & electronics,PL-10,2461.55,1846.16,25,3316,mature
FG-05522,E-drive assembly 05522,Pickup Midsize,Body-in-white,PL-20,4004.16,3403.54,15,588,ramp-up
FG-05523,E-drive assembly 05523,E-Van Commercial,Chassis & suspension,PL-18,3362.67,2935.61,12.7,3125,mature
FG-05524,Thermal system assembly 05524,BEV Compact,Body-in-white,PL-02,1297.33,1001.54,22.8,3088,mature
FG-05525,Thermal system assembly 05525,Aftermarket Service,Service kit,PL-04,2640.45,2138.76,19,1213,mature
FG-05526,Electrical & electronics assembly 05526,C-SUV Gen4,Thermal system,PL-02,1177.73,880.94,25.2,1539,mature
FG-05527,Electrical & electronics assembly 05527,Pickup Midsize,Body-in-white,PL-12,106.78,100.91,5.5,3520,run-out
FG-05528,Service kit assembly 05528,C-SUV Gen5,Interior module,PL-16,1592.78,1181.84,25.8,2894,mature
FG-05529,Chassis & suspension assembly 05529,Aftermarket Service,Interior module,PL-15,2816.4,2106.67,25.2,1292,mature
FG-05530,Chassis & suspension assembly 05530,D-Sedan,Exterior module,PL-03,2668.83,2316.54,13.2,1896,run-out
FG-05531,Electrical & electronics assembly 05531,BEV Crossover,Thermal system,PL-08,2474.08,2243.99,9.3,2514,ramp-up
FG-05532,Service kit assembly 05532,B-Hatch Facelift,E-drive,PL-10,738.37,651.24,11.8,1163,ramp-up
FG-05533,E-drive assembly 05533,BEV Compact,Electrical & electronics,PL-07,2701.82,2250.62,16.7,2843,mature
FG-05534,Electrical & electronics assembly 05534,C-SUV Gen4,Service kit,PL-19,3142.21,2425.79,22.8,1027,mature
FG-05535,Service kit assembly 05535,Pickup Midsize,Electrical & electronics,PL-05,601.02,479.01,20.3,1913,mature
FG-05536,Chassis & suspension assembly 05536,Aftermarket Service,Electrical & electronics,PL-07,1481.63,1346.8,9.1,717,ramp-up
FG-05537,Interior module assembly 05537,C-SUV Gen5,Powertrain,PL-10,1554.68,1184.67,23.8,732,ramp-up
FG-05538,Body-in-white assembly 05538,C-SUV Gen4,Exterior module,PL-03,3040.64,2681.84,11.8,3320,ramp-up
FG-05539,Interior module assembly 05539,B-Hatch Facelift,Electrical & electronics,PL-16,789.58,589.82,25.3,2870,mature
FG-05540,Exterior module assembly 05540,C-SUV Gen4,Powertrain,PL-05,4038.11,3004.35,25.6,1839,run-out
FG-05541,Interior module assembly 05541,D-Sedan,Thermal system,PL-05,2333.48,1792.11,23.2,512,run-out
FG-05542,Interior module assembly 05542,C-SUV Gen5,E-drive,PL-11,274.97,260.4,5.3,3061,mature
FG-05543,Service kit assembly 05543,D-Sedan,Electrical & electronics,PL-20,577.3,439.33,23.9,2109,mature
FG-05544,Powertrain assembly 05544,C-SUV Gen4,Electrical & electronics,PL-03,1936.41,1841.53,4.9,2272,ramp-up
FG-05545,Thermal system assembly 05545,Aftermarket Service,Powertrain,PL-02,3387.29,3241.64,4.3,3309,run-out
FG-05546,Chassis & suspension assembly 05546,E-Van Commercial,Service kit,PL-15,2689.07,2460.5,8.5,3341,run-out
FG-05547,Thermal system assembly 05547,E-Van Commercial,Service kit,PL-06,1202.25,1122.9,6.6,3265,run-out
FG-05548,Exterior module assembly 05548,Aftermarket Service,Body-in-white,PL-18,2793.19,2106.07,24.6,999,run-out
FG-05549,Body-in-white assembly 05549,B-Hatch Facelift,Chassis & suspension,PL-18,2610.7,2263.48,13.3,2035,mature
FG-05550,Thermal system assembly 05550,C-SUV Gen5,Thermal system,PL-08,3129.87,2942.08,6,926,mature
FG-05551,Electrical & electronics assembly 05551,D-Sedan,Electrical & electronics,PL-12,3448.07,2748.11,20.3,1763,mature
FG-05552,Body-in-white assembly 05552,C-SUV Gen4,Thermal system,PL-07,3383.16,3051.61,9.8,2026,ramp-up
FG-05553,Electrical & electronics assembly 05553,B-Hatch Facelift,Service kit,PL-03,1598.87,1258.31,21.3,298,mature
FG-05554,Thermal system assembly 05554,Aftermarket Service,Body-in-white,PL-20,222.35,207.9,6.5,1388,ramp-up
FG-05555,Service kit assembly 05555,BEV Crossover,Chassis & suspension,PL-06,3488.92,2969.07,14.9,3719,mature
FG-05556,Exterior module assembly 05556,BEV Compact,Thermal system,PL-06,2104.07,1700.09,19.2,3034,mature
FG-05557,Powertrain assembly 05557,BEV Crossover,Chassis & suspension,PL-12,1492.5,1317.88,11.7,1052,run-out
FG-05558,Chassis & suspension assembly 05558,E-Van Commercial,Body-in-white,PL-01,2524.53,2019.62,20,193,run-out
FG-05559,E-drive assembly 05559,Hybrid D-Sedan,Service kit,PL-03,1199.54,972.83,18.9,3258,run-out
FG-05560,Chassis & suspension assembly 05560,C-SUV Gen5,Service kit,PL-09,3131.69,2336.24,25.4,2949,run-out
FG-05561,Powertrain assembly 05561,Pickup Midsize,Thermal system,PL-10,2977.82,2233.37,25,2824,ramp-up
FG-05562,E-drive assembly 05562,BEV Compact,E-drive,PL-02,3597.47,3075.84,14.5,1614,ramp-up
FG-05563,Body-in-white assembly 05563,Hybrid D-Sedan,Electrical & electronics,PL-09,155.18,143.7,7.4,1415,mature
FG-05564,Powertrain assembly 05564,E-Van Commercial,Interior module,PL-11,3954.89,2978.03,24.7,1936,ramp-up
FG-05565,Body-in-white assembly 05565,C-SUV Gen4,Chassis & suspension,PL-14,2131.64,2039.98,4.3,3488,ramp-up
FG-05566,Chassis & suspension assembly 05566,E-Van Commercial,Exterior module,PL-09,2780.3,2065.76,25.7,3598,mature
FG-05567,Service kit assembly 05567,C-SUV Gen5,Electrical & electronics,PL-18,3476.66,3042.08,12.5,2357,ramp-up
FG-05568,Thermal system assembly 05568,E-Van Commercial,E-drive,PL-03,3685.55,3129.03,15.1,1399,ramp-up
FG-05569,Chassis & suspension assembly 05569,Aftermarket Service,Body-in-white,PL-07,2886.28,2441.79,15.4,271,ramp-up
FG-05570,Thermal system assembly 05570,D-Sedan,E-drive,PL-11,1035.18,778.46,24.8,1556,mature
FG-05571,Interior module assembly 05571,BEV Compact,Service kit,PL-14,1365.34,1191.94,12.7,2041,run-out
FG-05572,Exterior module assembly 05572,E-Van Commercial,Body-in-white,PL-18,3058.61,2501.94,18.2,204,ramp-up
FG-05573,Body-in-white assembly 05573,B-Hatch Facelift,Chassis & suspension,PL-01,409.64,390.39,4.7,1092,mature
FG-05574,Electrical & electronics assembly 05574,Pickup Midsize,Thermal system,PL-14,947.31,881,7,3479,run-out
FG-05575,E-drive assembly 05575,C-SUV Gen4,Chassis & suspension,PL-09,188.14,147.69,21.5,3333,mature
FG-05576,Electrical & electronics assembly 05576,BEV Crossover,Body-in-white,PL-08,277.04,239.09,13.7,2237,mature
FG-05577,Exterior module assembly 05577,C-SUV Gen4,Chassis & suspension,PL-19,1880.15,1511.64,19.6,1875,run-out
FG-05578,Chassis & suspension assembly 05578,BEV Compact,Body-in-white,PL-04,2569.95,2235.86,13,3478,run-out
FG-05579,Electrical & electronics assembly 05579,BEV Compact,Service kit,PL-04,1702.51,1344.98,21,891,mature
FG-05580,Chassis & suspension assembly 05580,Hybrid D-Sedan,Powertrain,PL-01,3476.87,3320.41,4.5,1284,mature
FG-05581,Powertrain assembly 05581,D-Sedan,Thermal system,PL-11,1556.78,1402.66,9.9,1679,mature
FG-05582,Interior module assembly 05582,BEV Compact,E-drive,PL-04,3424.41,2760.07,19.4,683,mature
FG-05583,Service kit assembly 05583,E-Van Commercial,Interior module,PL-11,3056.44,2876.11,5.9,61,mature
FG-05584,Electrical & electronics assembly 05584,BEV Compact,Service kit,PL-07,1642.19,1354.81,17.5,3711,run-out
FG-05585,Thermal system assembly 05585,Hybrid D-Sedan,Service kit,PL-18,1554.06,1485.68,4.4,2691,mature
FG-05586,Body-in-white assembly 05586,Pickup Midsize,Chassis & suspension,PL-20,2655.03,2540.86,4.3,3027,mature
FG-05587,Body-in-white assembly 05587,C-SUV Gen4,Exterior module,PL-08,943.49,888.77,5.8,1763,mature
FG-05588,Body-in-white assembly 05588,Pickup Midsize,Chassis & suspension,PL-14,2000.12,1692.1,15.4,2003,mature
FG-05589,Body-in-white assembly 05589,BEV Crossover,Thermal system,PL-10,3532.06,2740.88,22.4,2668,mature
FG-05590,Thermal system assembly 05590,Pickup Midsize,Service kit,PL-12,1029.22,887.19,13.8,780,mature
FG-05591,Body-in-white assembly 05591,B-Hatch Facelift,Powertrain,PL-05,4067.76,3294.89,19,2484,run-out
FG-05592,E-drive assembly 05592,C-SUV Gen4,Service kit,PL-09,935.83,875.94,6.4,1229,mature
FG-05593,Electrical & electronics assembly 05593,Aftermarket Service,Chassis & suspension,PL-03,386.41,355.5,8,2500,mature
FG-05594,Thermal system assembly 05594,C-SUV Gen4,Chassis & suspension,PL-04,937.41,868.04,7.4,575,mature
FG-05595,Interior module assembly 05595,Pickup Midsize,Body-in-white,PL-19,4058.88,3559.64,12.3,1841,mature
FG-05596,Exterior module assembly 05596,D-Sedan,Interior module,PL-19,612.53,473.49,22.7,136,mature
FG-05597,Powertrain assembly 05597,BEV Crossover,Interior module,PL-06,1178.27,1106.4,6.1,2425,run-out
FG-05598,Body-in-white assembly 05598,B-Hatch Facelift,Exterior module,PL-16,2238.09,1953.85,12.7,2726,ramp-up
FG-05599,Service kit assembly 05599,C-SUV Gen4,E-drive,PL-17,402.06,363.46,9.6,2585,mature
FG-05600,Interior module assembly 05600,E-Van Commercial,Service kit,PL-10,661.49,596.66,9.8,2492,ramp-up
FG-05601,Interior module assembly 05601,C-SUV Gen4,Exterior module,PL-15,2049.35,1879.25,8.3,2031,ramp-up
FG-05602,Thermal system assembly 05602,B-Hatch Facelift,Exterior module,PL-07,2257.81,1928.17,14.6,1222,ramp-up
FG-05603,E-drive assembly 05603,Aftermarket Service,Body-in-white,PL-14,438.01,327.19,25.3,3034,run-out
FG-05604,Thermal system assembly 05604,C-SUV Gen4,Chassis & suspension,PL-04,2337.02,1745.75,25.3,1963,mature
FG-05605,Service kit assembly 05605,B-Hatch Facelift,Exterior module,PL-15,2841.91,2310.47,18.7,258,mature
FG-05606,Body-in-white assembly 05606,D-Sedan,Thermal system,PL-18,4101.14,3198.89,22,2640,mature
FG-05607,Powertrain assembly 05607,B-Hatch Facelift,Interior module,PL-17,2743.04,2186.2,20.3,856,mature
FG-05608,Service kit assembly 05608,B-Hatch Facelift,Exterior module,PL-07,206.47,168.69,18.3,1018,ramp-up
FG-05609,Chassis & suspension assembly 05609,B-Hatch Facelift,Service kit,PL-01,2943.76,2637.61,10.4,2957,ramp-up
FG-05610,Body-in-white assembly 05610,Pickup Midsize,Interior module,PL-05,4185.73,3202.08,23.5,3450,mature
FG-05611,E-drive assembly 05611,BEV Compact,Body-in-white,PL-19,1283.96,1120.9,12.7,633,mature
FG-05612,Interior module assembly 05612,B-Hatch Facelift,Thermal system,PL-19,2925.26,2755.59,5.8,3367,mature
FG-05613,Body-in-white assembly 05613,E-Van Commercial,Chassis & suspension,PL-16,1288.26,1119.5,13.1,204,mature
FG-05614,Body-in-white assembly 05614,B-Hatch Facelift,Thermal system,PL-06,552.24,500.88,9.3,1367,mature
FG-05615,Exterior module assembly 05615,Aftermarket Service,E-drive,PL-03,2038.16,1816,10.9,2514,ramp-up
FG-05616,E-drive assembly 05616,D-Sedan,Powertrain,PL-04,4151.83,3886.11,6.4,2616,mature
FG-05617,E-drive assembly 05617,B-Hatch Facelift,E-drive,PL-13,509.3,380.96,25.2,332,run-out
FG-05618,Body-in-white assembly 05618,D-Sedan,Interior module,PL-16,1174.4,994.72,15.3,2906,run-out
FG-05619,Interior module assembly 05619,B-Hatch Facelift,Body-in-white,PL-20,2218.56,1903.52,14.2,2219,mature
FG-05620,Exterior module assembly 05620,B-Hatch Facelift,Service kit,PL-02,3322.69,2711.32,18.4,1176,run-out
FG-05621,Chassis & suspension assembly 05621,BEV Compact,Service kit,PL-14,2786.33,2399.03,13.9,3462,ramp-up
FG-05622,Exterior module assembly 05622,C-SUV Gen4,Service kit,PL-12,3183.99,2760.52,13.3,699,run-out
FG-05623,Service kit assembly 05623,C-SUV Gen5,Body-in-white,PL-14,2738.63,2390.82,12.7,2379,mature
FG-05624,Powertrain assembly 05624,BEV Crossover,Thermal system,PL-11,1497.37,1199.39,19.9,2697,mature
FG-05625,E-drive assembly 05625,C-SUV Gen5,Service kit,PL-09,1534.35,1152.3,24.9,1502,mature
FG-05626,Interior module assembly 05626,BEV Compact,Service kit,PL-08,1180.82,935.21,20.8,3744,mature
FG-05627,Thermal system assembly 05627,Hybrid D-Sedan,Interior module,PL-12,4057.39,3692.22,9,1194,mature
FG-05628,Body-in-white assembly 05628,Hybrid D-Sedan,Electrical & electronics,PL-12,1358.47,1187.3,12.6,726,mature
FG-05629,Electrical & electronics assembly 05629,B-Hatch Facelift,Chassis & suspension,PL-18,2178.89,2026.37,7,835,mature
FG-05630,Powertrain assembly 05630,B-Hatch Facelift,Chassis & suspension,PL-16,3852.76,3363.46,12.7,3372,mature
FG-05631,Service kit assembly 05631,B-Hatch Facelift,Body-in-white,PL-16,2024.4,1645.84,18.7,3778,mature
FG-05632,Powertrain assembly 05632,BEV Compact,Chassis & suspension,PL-02,3056.63,2381.11,22.1,1396,ramp-up
FG-05633,Body-in-white assembly 05633,Aftermarket Service,Powertrain,PL-10,1381.06,1252.62,9.3,3412,mature
FG-05634,Body-in-white assembly 05634,Hybrid D-Sedan,Electrical & electronics,PL-09,735.71,662.14,10,3500,ramp-up
FG-05635,Service kit assembly 05635,C-SUV Gen4,Interior module,PL-13,344.78,255.83,25.8,3248,mature
FG-05636,Electrical & electronics assembly 05636,BEV Crossover,Exterior module,PL-18,55.53,50.25,9.5,736,ramp-up
FG-05637,Service kit assembly 05637,C-SUV Gen5,E-drive,PL-03,3657.47,3441.68,5.9,2975,mature
FG-05638,E-drive assembly 05638,BEV Crossover,Electrical & electronics,PL-18,3763.65,3263.08,13.3,1723,mature
FG-05639,Thermal system assembly 05639,Hybrid D-Sedan,Thermal system,PL-01,2269.18,2151.18,5.2,3420,run-out
FG-05640,Chassis & suspension assembly 05640,BEV Compact,Thermal system,PL-16,4061.91,3013.94,25.8,3578,ramp-up
FG-05641,Interior module assembly 05641,B-Hatch Facelift,Thermal system,PL-04,605.32,571.42,5.6,174,mature
FG-05642,Body-in-white assembly 05642,C-SUV Gen4,Chassis & suspension,PL-15,1563.57,1174.24,24.9,658,mature
FG-05643,Interior module assembly 05643,E-Van Commercial,Thermal system,PL-06,2283.81,2041.73,10.6,3674,mature
FG-05644,Service kit assembly 05644,C-SUV Gen4,Electrical & electronics,PL-10,3475.55,3002.88,13.6,869,mature
FG-05645,Body-in-white assembly 05645,E-Van Commercial,Chassis & suspension,PL-09,4142.32,3819.22,7.8,2574,mature
FG-05646,Thermal system assembly 05646,C-SUV Gen5,E-drive,PL-08,1005.54,959.29,4.6,380,ramp-up
FG-05647,Chassis & suspension assembly 05647,Hybrid D-Sedan,E-drive,PL-04,2730.42,2178.88,20.2,2742,mature
FG-05648,Electrical & electronics assembly 05648,D-Sedan,Body-in-white,PL-16,784.27,742.7,5.3,3706,mature
FG-05649,Service kit assembly 05649,BEV Crossover,Exterior module,PL-03,801.77,603.73,24.7,1967,mature
FG-05650,Service kit assembly 05650,C-SUV Gen5,Thermal system,PL-06,2272.64,1718.12,24.4,2207,ramp-up
FG-05651,Powertrain assembly 05651,B-Hatch Facelift,Electrical & electronics,PL-20,1341.32,1004.65,25.1,2488,run-out
FG-05652,Body-in-white assembly 05652,E-Van Commercial,E-drive,PL-06,98.94,86.08,13,1735,run-out
FG-05653,Thermal system assembly 05653,E-Van Commercial,Electrical & electronics,PL-01,1592.48,1352.02,15.1,834,mature
FG-05654,Exterior module assembly 05654,Pickup Midsize,Exterior module,PL-17,3016.03,2243.93,25.6,1133,mature
FG-05655,Powertrain assembly 05655,B-Hatch Facelift,Interior module,PL-06,3704.34,3445.04,7,345,run-out
FG-05656,Body-in-white assembly 05656,Aftermarket Service,E-drive,PL-12,2998.5,2800.6,6.6,972,mature
FG-05657,Service kit assembly 05657,C-SUV Gen4,Electrical & electronics,PL-04,448.82,373.87,16.7,1011,mature
FG-05658,Powertrain assembly 05658,Aftermarket Service,Service kit,PL-08,2509.9,2073.18,17.4,957,mature
FG-05659,Interior module assembly 05659,E-Van Commercial,Powertrain,PL-07,2487.88,2378.41,4.4,656,mature
FG-05660,Thermal system assembly 05660,E-Van Commercial,Service kit,PL-06,219.9,168.44,23.4,1108,mature
FG-05661,Electrical & electronics assembly 05661,BEV Crossover,Electrical & electronics,PL-07,3315.7,2861.45,13.7,3680,run-out
FG-05662,Body-in-white assembly 05662,E-Van Commercial,Powertrain,PL-04,1651.48,1474.77,10.7,2937,mature
FG-05663,Service kit assembly 05663,BEV Compact,Exterior module,PL-13,2370.88,1790.01,24.5,3336,ramp-up
FG-05664,Exterior module assembly 05664,Hybrid D-Sedan,Chassis & suspension,PL-18,743.15,633.16,14.8,3075,ramp-up
FG-05665,Chassis & suspension assembly 05665,Hybrid D-Sedan,Interior module,PL-09,3218.6,2401.08,25.4,1814,run-out
FG-05666,Electrical & electronics assembly 05666,E-Van Commercial,Interior module,PL-11,2961.08,2428.09,18,2009,mature
FG-05667,Exterior module assembly 05667,Pickup Midsize,Electrical & electronics,PL-07,3422.82,2697.18,21.2,86,mature
FG-05668,Powertrain assembly 05668,Aftermarket Service,Powertrain,PL-17,2706.33,2119.06,21.7,1486,run-out
FG-05669,Powertrain assembly 05669,Pickup Midsize,Exterior module,PL-03,1038.51,858.85,17.3,2860,run-out
FG-05670,Exterior module assembly 05670,E-Van Commercial,Service kit,PL-12,2272.02,2049.36,9.8,1912,run-out
FG-05671,Interior module assembly 05671,D-Sedan,E-drive,PL-17,1103.75,1047.46,5.1,863,mature
FG-05672,Body-in-white assembly 05672,B-Hatch Facelift,Interior module,PL-12,1715.53,1356.98,20.9,3535,run-out
FG-05673,Electrical & electronics assembly 05673,C-SUV Gen4,Thermal system,PL-06,1357,1192.8,12.1,2270,run-out
FG-05674,Electrical & electronics assembly 05674,C-SUV Gen4,E-drive,PL-10,1195.68,908.72,24,63,mature
FG-05675,Powertrain assembly 05675,Pickup Midsize,Body-in-white,PL-02,2884.24,2261.24,21.6,3632,run-out
FG-05676,Interior module assembly 05676,C-SUV Gen5,Interior module,PL-10,3309.92,2892.87,12.6,2534,run-out
FG-05677,Service kit assembly 05677,C-SUV Gen5,E-drive,PL-08,4146.17,3196.7,22.9,2409,mature
FG-05678,Service kit assembly 05678,Aftermarket Service,Service kit,PL-07,2966.49,2598.65,12.4,2684,run-out
FG-05679,E-drive assembly 05679,BEV Compact,Chassis & suspension,PL-11,3315.41,2695.43,18.7,1926,mature
FG-05680,Powertrain assembly 05680,B-Hatch Facelift,Powertrain,PL-19,2186.68,1725.29,21.1,598,ramp-up
FG-05681,Body-in-white assembly 05681,BEV Crossover,Powertrain,PL-05,613.67,554.76,9.6,1213,run-out
FG-05682,Chassis & suspension assembly 05682,B-Hatch Facelift,Chassis & suspension,PL-05,4131.93,3454.29,16.4,2110,mature
FG-05683,Interior module assembly 05683,Pickup Midsize,Body-in-white,PL-01,648.95,498.39,23.2,3751,mature
FG-05684,Electrical & electronics assembly 05684,D-Sedan,E-drive,PL-03,2976.08,2791.56,6.2,1081,ramp-up
FG-05685,Service kit assembly 05685,Pickup Midsize,Electrical & electronics,PL-06,2287.71,2038.35,10.9,3528,ramp-up
FG-05686,Powertrain assembly 05686,C-SUV Gen5,Interior module,PL-03,2862.52,2478.94,13.4,3263,run-out
FG-05687,Electrical & electronics assembly 05687,B-Hatch Facelift,Exterior module,PL-19,992.07,906.75,8.6,1343,mature
FG-05688,E-drive assembly 05688,BEV Crossover,Thermal system,PL-07,3621.41,2994.91,17.3,1017,mature
FG-05689,Electrical & electronics assembly 05689,BEV Crossover,E-drive,PL-06,3622.01,3183.75,12.1,2208,mature
FG-05690,Body-in-white assembly 05690,Aftermarket Service,Body-in-white,PL-02,3106.83,2976.34,4.2,960,mature
FG-05691,Powertrain assembly 05691,BEV Compact,Body-in-white,PL-18,1687.54,1599.79,5.2,1407,mature
FG-05692,Body-in-white assembly 05692,D-Sedan,Thermal system,PL-16,3689,3028.67,17.9,2461,mature
FG-05693,Interior module assembly 05693,BEV Compact,Exterior module,PL-08,2770.88,2457.77,11.3,800,ramp-up
FG-05694,Electrical & electronics assembly 05694,E-Van Commercial,Service kit,PL-18,2126.47,1841.52,13.4,2603,ramp-up
FG-05695,Body-in-white assembly 05695,Pickup Midsize,E-drive,PL-05,3778.68,3329.02,11.9,2441,run-out
FG-05696,E-drive assembly 05696,Pickup Midsize,Chassis & suspension,PL-12,213.26,177.22,16.9,1148,ramp-up
FG-05697,Body-in-white assembly 05697,C-SUV Gen4,Service kit,PL-09,1589.16,1280.86,19.4,2201,mature
FG-05698,Thermal system assembly 05698,B-Hatch Facelift,Powertrain,PL-10,2961.1,2271.16,23.3,1712,ramp-up
FG-05699,Powertrain assembly 05699,C-SUV Gen4,Exterior module,PL-11,3699.34,3022.36,18.3,2289,run-out
FG-05700,E-drive assembly 05700,Aftermarket Service,Interior module,PL-16,161.6,121.36,24.9,1613,ramp-up
FG-05701,Thermal system assembly 05701,C-SUV Gen4,Chassis & suspension,PL-09,1477.22,1243.82,15.8,1096,ramp-up
FG-05702,Electrical & electronics assembly 05702,BEV Compact,E-drive,PL-14,1963.44,1606.09,18.2,607,mature
FG-05703,Electrical & electronics assembly 05703,Aftermarket Service,Exterior module,PL-20,1583.94,1507.91,4.8,1930,mature
FG-05704,E-drive assembly 05704,D-Sedan,Thermal system,PL-11,3814.53,3410.19,10.6,2072,ramp-up
FG-05705,Electrical & electronics assembly 05705,D-Sedan,Interior module,PL-01,3381,2883.99,14.7,2864,run-out
FG-05706,Body-in-white assembly 05706,BEV Compact,Thermal system,PL-06,1264.23,1193.43,5.6,2849,mature
FG-05707,Thermal system assembly 05707,BEV Crossover,Body-in-white,PL-03,1267.43,1159.7,8.5,1691,ramp-up
FG-05708,Chassis & suspension assembly 05708,B-Hatch Facelift,E-drive,PL-15,610.56,550.73,9.8,1981,mature
FG-05709,Service kit assembly 05709,D-Sedan,Interior module,PL-07,3636.98,2865.94,21.2,890,run-out
FG-05710,Interior module assembly 05710,BEV Compact,Chassis & suspension,PL-20,462.3,382.32,17.3,1898,mature
FG-05711,Chassis & suspension assembly 05711,D-Sedan,Body-in-white,PL-01,1975.32,1714.58,13.2,1247,run-out
FG-05712,Chassis & suspension assembly 05712,Aftermarket Service,Service kit,PL-08,2386.27,1987.76,16.7,2036,run-out
FG-05713,Chassis & suspension assembly 05713,B-Hatch Facelift,Service kit,PL-16,2282.19,2079.08,8.9,3034,mature
FG-05714,E-drive assembly 05714,B-Hatch Facelift,E-drive,PL-09,779.47,621.24,20.3,3798,run-out
FG-05715,Powertrain assembly 05715,BEV Crossover,Chassis & suspension,PL-02,2478.64,2094.45,15.5,3410,ramp-up
FG-05716,Exterior module assembly 05716,Hybrid D-Sedan,Exterior module,PL-09,1826.29,1740.45,4.7,394,mature
FG-05717,Electrical & electronics assembly 05717,Pickup Midsize,Interior module,PL-07,3054.19,2806.8,8.1,1382,run-out
FG-05718,Interior module assembly 05718,BEV Compact,Powertrain,PL-07,905.66,854.94,5.6,708,mature
FG-05719,Electrical & electronics assembly 05719,C-SUV Gen5,Body-in-white,PL-07,1094.01,824.88,24.6,2774,mature
FG-05720,Electrical & electronics assembly 05720,BEV Compact,Body-in-white,PL-14,1548.28,1314.49,15.1,232,mature
FG-05721,Electrical & electronics assembly 05721,BEV Crossover,E-drive,PL-09,926.11,758.48,18.1,2494,ramp-up
FG-05722,Body-in-white assembly 05722,E-Van Commercial,Service kit,PL-05,1153.8,1038.42,10,1152,run-out
FG-05723,E-drive assembly 05723,Aftermarket Service,Chassis & suspension,PL-03,3993.56,3258.74,18.4,849,run-out
FG-05724,Chassis & suspension assembly 05724,C-SUV Gen5,Electrical & electronics,PL-19,1637.97,1228.48,25,2187,ramp-up
FG-05725,Exterior module assembly 05725,Aftermarket Service,E-drive,PL-19,2881.62,2691.43,6.6,937,ramp-up
FG-05726,E-drive assembly 05726,C-SUV Gen4,Interior module,PL-14,3459.89,3262.68,5.7,3552,mature
FG-05727,Interior module assembly 05727,Aftermarket Service,Thermal system,PL-06,274.98,248.03,9.8,2274,mature
FG-05728,Chassis & suspension assembly 05728,BEV Crossover,Powertrain,PL-01,3804.12,3301.98,13.2,576,mature
FG-05729,Exterior module assembly 05729,Hybrid D-Sedan,E-drive,PL-04,2984.92,2381.97,20.2,1971,run-out
FG-05730,Interior module assembly 05730,C-SUV Gen4,Exterior module,PL-03,3072.95,2738,10.9,3790,run-out
FG-05731,Electrical & electronics assembly 05731,BEV Compact,E-drive,PL-03,3511.51,2668.75,24,3479,mature
FG-05732,Body-in-white assembly 05732,B-Hatch Facelift,Exterior module,PL-13,3068.54,2270.72,26,2298,mature
FG-05733,Electrical & electronics assembly 05733,BEV Crossover,Powertrain,PL-18,3155.78,2900.16,8.1,2645,mature
FG-05734,Body-in-white assembly 05734,Pickup Midsize,E-drive,PL-03,1020.09,780.37,23.5,2769,mature
FG-05735,Body-in-white assembly 05735,C-SUV Gen5,Thermal system,PL-08,1891.93,1680.03,11.2,240,run-out
FG-05736,E-drive assembly 05736,BEV Compact,Chassis & suspension,PL-08,231.08,176.55,23.6,370,run-out
FG-05737,Chassis & suspension assembly 05737,C-SUV Gen4,Powertrain,PL-07,704.5,560.78,20.4,3138,ramp-up
FG-05738,Powertrain assembly 05738,E-Van Commercial,Service kit,PL-20,4106.42,3252.28,20.8,2634,mature
FG-05739,Powertrain assembly 05739,BEV Crossover,Exterior module,PL-05,3925.58,3054.1,22.2,2811,mature
FG-05740,Thermal system assembly 05740,B-Hatch Facelift,Powertrain,PL-01,1869.66,1643.43,12.1,392,mature
FG-05741,Body-in-white assembly 05741,Pickup Midsize,Interior module,PL-03,796.95,719.65,9.7,2980,mature
FG-05742,E-drive assembly 05742,Hybrid D-Sedan,Electrical & electronics,PL-02,4140.13,3962.1,4.3,2986,mature
FG-05743,Chassis & suspension assembly 05743,Hybrid D-Sedan,Powertrain,PL-08,1047.32,935.26,10.7,1888,mature
FG-05744,Body-in-white assembly 05744,C-SUV Gen5,Powertrain,PL-01,3720.21,2942.69,20.9,1641,run-out
FG-05745,Electrical & electronics assembly 05745,C-SUV Gen4,E-drive,PL-10,3989.5,3694.28,7.4,1050,mature
FG-05746,Body-in-white assembly 05746,C-SUV Gen5,Interior module,PL-15,2862.44,2264.19,20.9,891,run-out
FG-05747,Exterior module assembly 05747,Hybrid D-Sedan,Body-in-white,PL-19,857.59,782.12,8.8,2645,mature
FG-05748,Exterior module assembly 05748,BEV Compact,Interior module,PL-20,3141.75,2657.92,15.4,857,mature
FG-05749,Exterior module assembly 05749,C-SUV Gen4,E-drive,PL-19,2074.13,1787.9,13.8,3141,mature
FG-05750,Powertrain assembly 05750,C-SUV Gen4,Powertrain,PL-04,3637.63,3302.97,9.2,2212,mature
FG-05751,Powertrain assembly 05751,Hybrid D-Sedan,Chassis & suspension,PL-08,2192.35,1804.3,17.7,2039,ramp-up
FG-05752,Exterior module assembly 05752,BEV Compact,Exterior module,PL-07,3271.32,3048.87,6.8,3580,mature
FG-05753,Body-in-white assembly 05753,Aftermarket Service,Powertrain,PL-11,3008.32,2418.69,19.6,3052,ramp-up
FG-05754,Exterior module assembly 05754,C-SUV Gen5,Powertrain,PL-14,3143,2523.83,19.7,2715,mature
FG-05755,Electrical & electronics assembly 05755,BEV Compact,E-drive,PL-17,3433.13,3196.24,6.9,162,mature
FG-05756,Electrical & electronics assembly 05756,Hybrid D-Sedan,Interior module,PL-11,559,516.52,7.6,1468,mature
FG-05757,Interior module assembly 05757,BEV Compact,Thermal system,PL-15,1830.11,1712.98,6.4,1493,run-out
FG-05758,Chassis & suspension assembly 05758,B-Hatch Facelift,Body-in-white,PL-07,3833.93,3197.5,16.6,3184,mature
FG-05759,Thermal system assembly 05759,BEV Crossover,Electrical & electronics,PL-14,2506.98,1880.24,25,237,mature
FG-05760,Exterior module assembly 05760,Pickup Midsize,Thermal system,PL-01,1387.94,1242.21,10.5,2543,mature
FG-05761,Body-in-white assembly 05761,BEV Crossover,Service kit,PL-12,1433.08,1251.08,12.7,2308,mature
FG-05762,Exterior module assembly 05762,E-Van Commercial,Powertrain,PL-06,1478.84,1335.39,9.7,1863,mature
FG-05763,Exterior module assembly 05763,C-SUV Gen5,Electrical & electronics,PL-18,1041.53,799.9,23.2,1055,ramp-up
FG-05764,Exterior module assembly 05764,Pickup Midsize,Powertrain,PL-02,1299.32,1173.29,9.7,943,mature
FG-05765,Body-in-white assembly 05765,E-Van Commercial,Thermal system,PL-07,101.39,77.87,23.2,1127,mature
FG-05766,Electrical & electronics assembly 05766,C-SUV Gen4,E-drive,PL-13,1779.17,1592.36,10.5,2020,mature
FG-05767,Interior module assembly 05767,Aftermarket Service,Body-in-white,PL-16,209.92,190.61,9.2,756,mature
FG-05768,Powertrain assembly 05768,Hybrid D-Sedan,Exterior module,PL-02,1612.39,1241.54,23,3392,mature
FG-05769,Powertrain assembly 05769,Pickup Midsize,Electrical & electronics,PL-19,3974.7,3422.22,13.9,492,mature
FG-05770,Body-in-white assembly 05770,E-Van Commercial,Powertrain,PL-08,3749.43,3363.24,10.3,599,mature
FG-05771,Interior module assembly 05771,BEV Crossover,Thermal system,PL-05,730.86,543.03,25.7,613,mature
FG-05772,Body-in-white assembly 05772,Pickup Midsize,Interior module,PL-04,1114.4,1067.6,4.2,2728,run-out
FG-05773,Interior module assembly 05773,BEV Compact,Thermal system,PL-13,2118.25,1756.03,17.1,2297,mature
FG-05774,Exterior module assembly 05774,D-Sedan,Thermal system,PL-10,3872.19,2931.25,24.3,3348,run-out
FG-05775,Interior module assembly 05775,BEV Crossover,Interior module,PL-10,2868.61,2352.26,18,1249,mature
FG-05776,Electrical & electronics assembly 05776,Pickup Midsize,Powertrain,PL-13,215.7,175.58,18.6,593,ramp-up
FG-05777,Interior module assembly 05777,C-SUV Gen4,Electrical & electronics,PL-05,3917.81,3447.67,12,222,mature
FG-05778,Thermal system assembly 05778,BEV Crossover,Interior module,PL-19,253.03,189.77,25,2131,mature
FG-05779,Interior module assembly 05779,Hybrid D-Sedan,Thermal system,PL-07,2277.97,2047.9,10.1,2637,mature
FG-05780,Electrical & electronics assembly 05780,D-Sedan,Electrical & electronics,PL-12,949.66,728.39,23.3,3651,ramp-up
FG-05781,E-drive assembly 05781,D-Sedan,Body-in-white,PL-19,1684.7,1472.43,12.6,2423,ramp-up
FG-05782,Electrical & electronics assembly 05782,E-Van Commercial,Powertrain,PL-11,930.61,847.79,8.9,1395,mature
FG-05783,Body-in-white assembly 05783,Hybrid D-Sedan,Electrical & electronics,PL-18,2469.28,2054.44,16.8,319,mature
FG-05784,Electrical & electronics assembly 05784,D-Sedan,Electrical & electronics,PL-04,2817.69,2223.16,21.1,900,ramp-up
FG-05785,Electrical & electronics assembly 05785,B-Hatch Facelift,Electrical & electronics,PL-07,3895.8,2984.18,23.4,1280,mature
FG-05786,Powertrain assembly 05786,C-SUV Gen4,E-drive,PL-04,3101.62,2534.02,18.3,3050,run-out
FG-05787,Chassis & suspension assembly 05787,C-SUV Gen4,Thermal system,PL-16,2343.43,1839.59,21.5,529,mature
FG-05788,E-drive assembly 05788,Aftermarket Service,Powertrain,PL-09,2789.26,2329.03,16.5,1484,ramp-up
FG-05789,Service kit assembly 05789,B-Hatch Facelift,Exterior module,PL-13,1953.52,1607.75,17.7,3649,mature
FG-05790,Body-in-white assembly 05790,Hybrid D-Sedan,Chassis & suspension,PL-14,1430.8,1303.46,8.9,2680,run-out
FG-05791,Electrical & electronics assembly 05791,BEV Crossover,Chassis & suspension,PL-04,346.87,275.76,20.5,1292,ramp-up
FG-05792,Powertrain assembly 05792,E-Van Commercial,Powertrain,PL-09,3611.9,3041.22,15.8,667,mature
FG-05793,Chassis & suspension assembly 05793,BEV Crossover,Chassis & suspension,PL-08,3425.83,2545.39,25.7,612,mature
FG-05794,Powertrain assembly 05794,BEV Compact,Exterior module,PL-15,515.93,493.23,4.4,894,mature
FG-05795,Exterior module assembly 05795,BEV Compact,Powertrain,PL-12,2781.57,2150.15,22.7,3760,mature
FG-05796,Electrical & electronics assembly 05796,E-Van Commercial,Service kit,PL-02,1346.15,1278.84,5,2510,ramp-up
FG-05797,Service kit assembly 05797,C-SUV Gen5,Powertrain,PL-11,2961.23,2250.53,24,1504,mature
FG-05798,Exterior module assembly 05798,C-SUV Gen4,Body-in-white,PL-01,2422.86,2226.61,8.1,3321,mature
FG-05799,Electrical & electronics assembly 05799,C-SUV Gen4,Exterior module,PL-01,3030.08,2860.4,5.6,877,run-out
FG-05800,Service kit assembly 05800,BEV Crossover,Service kit,PL-06,1985.62,1675.86,15.6,976,run-out
FG-05801,Chassis & suspension assembly 05801,BEV Compact,Exterior module,PL-14,3063.78,2322.35,24.2,3671,run-out
FG-05802,Thermal system assembly 05802,BEV Compact,Body-in-white,PL-06,2530.46,1895.31,25.1,1708,mature
FG-05803,Chassis & suspension assembly 05803,BEV Compact,Thermal system,PL-18,2330.48,1731.55,25.7,59,run-out
FG-05804,E-drive assembly 05804,C-SUV Gen4,Chassis & suspension,PL-20,681.98,578.32,15.2,2611,mature
FG-05805,Service kit assembly 05805,C-SUV Gen5,E-drive,PL-13,1628.08,1523.88,6.4,25,ramp-up
FG-05806,E-drive assembly 05806,B-Hatch Facelift,Chassis & suspension,PL-01,1995.65,1634.44,18.1,384,mature
FG-05807,Body-in-white assembly 05807,Pickup Midsize,E-drive,PL-03,1466.38,1174.57,19.9,512,run-out
FG-05808,Exterior module assembly 05808,Hybrid D-Sedan,Chassis & suspension,PL-01,2519.92,2096.57,16.8,75,mature
FG-05809,Chassis & suspension assembly 05809,Pickup Midsize,Service kit,PL-17,249.29,230.09,7.7,1733,mature
FG-05810,Electrical & electronics assembly 05810,BEV Crossover,Service kit,PL-17,3598.43,2965.11,17.6,1138,ramp-up
FG-05811,Body-in-white assembly 05811,BEV Compact,Exterior module,PL-02,766.98,735.53,4.1,789,ramp-up
FG-05812,E-drive assembly 05812,C-SUV Gen5,Service kit,PL-02,1742.19,1512.22,13.2,2395,ramp-up
FG-05813,Body-in-white assembly 05813,BEV Compact,E-drive,PL-02,68.1,60.27,11.5,410,mature
FG-05814,Body-in-white assembly 05814,BEV Compact,Chassis & suspension,PL-05,3431.8,3030.28,11.7,3220,mature
FG-05815,Chassis & suspension assembly 05815,Aftermarket Service,Body-in-white,PL-12,106.98,99.71,6.8,2577,ramp-up
FG-05816,Interior module assembly 05816,Pickup Midsize,Powertrain,PL-01,2524.59,1991.9,21.1,934,ramp-up
FG-05817,Thermal system assembly 05817,E-Van Commercial,E-drive,PL-15,1770.76,1515.77,14.4,2142,mature
FG-05818,E-drive assembly 05818,Hybrid D-Sedan,Thermal system,PL-14,3366.84,2945.99,12.5,3338,run-out
FG-05819,Service kit assembly 05819,B-Hatch Facelift,Chassis & suspension,PL-18,3061.65,2290.11,25.2,3132,mature
FG-05820,Exterior module assembly 05820,E-Van Commercial,Thermal system,PL-09,2355.96,2009.63,14.7,3418,mature
FG-05821,E-drive assembly 05821,Hybrid D-Sedan,Body-in-white,PL-09,1434.06,1071.24,25.3,1024,mature
FG-05822,Exterior module assembly 05822,E-Van Commercial,Exterior module,PL-12,2742.66,2427.25,11.5,3222,mature
FG-05823,Thermal system assembly 05823,Aftermarket Service,Body-in-white,PL-14,286.82,214.54,25.2,2838,ramp-up
FG-05824,Exterior module assembly 05824,C-SUV Gen4,Chassis & suspension,PL-20,348.18,299.43,14,3691,ramp-up
FG-05825,Interior module assembly 05825,D-Sedan,Electrical & electronics,PL-09,2990.34,2329.47,22.1,1844,ramp-up
FG-05826,Chassis & suspension assembly 05826,Pickup Midsize,Powertrain,PL-06,2521.43,1916.29,24,2064,run-out
FG-05827,Chassis & suspension assembly 05827,BEV Crossover,Exterior module,PL-03,2758.84,2554.69,7.4,1434,mature
FG-05828,Service kit assembly 05828,Pickup Midsize,Exterior module,PL-07,1391.2,1131.05,18.7,618,ramp-up
FG-05829,Interior module assembly 05829,Hybrid D-Sedan,Chassis & suspension,PL-08,1607.48,1329.39,17.3,1178,mature
FG-05830,Chassis & suspension assembly 05830,BEV Crossover,Body-in-white,PL-04,1133.35,869.28,23.3,292,ramp-up
FG-05831,Powertrain assembly 05831,E-Van Commercial,Service kit,PL-19,224.61,207.99,7.4,1786,mature
FG-05832,Electrical & electronics assembly 05832,C-SUV Gen5,Interior module,PL-19,3687.99,3385.57,8.2,1866,ramp-up
FG-05833,Body-in-white assembly 05833,C-SUV Gen5,E-drive,PL-07,308.92,265.36,14.1,2512,mature
FG-05834,Chassis & suspension assembly 05834,D-Sedan,Body-in-white,PL-10,2786.67,2619.47,6,3361,ramp-up
FG-05835,Thermal system assembly 05835,C-SUV Gen4,Thermal system,PL-02,2751.61,2556.25,7.1,2332,mature
FG-05836,Electrical & electronics assembly 05836,E-Van Commercial,Exterior module,PL-07,2909.59,2682.64,7.8,1220,mature
FG-05837,Thermal system assembly 05837,BEV Compact,E-drive,PL-19,1663.63,1555.49,6.5,1124,mature
FG-05838,Electrical & electronics assembly 05838,C-SUV Gen5,Exterior module,PL-09,847.72,723.95,14.6,2837,run-out
FG-05839,Exterior module assembly 05839,C-SUV Gen5,Chassis & suspension,PL-03,3332.82,2552.94,23.4,857,mature
FG-05840,Chassis & suspension assembly 05840,BEV Crossover,Powertrain,PL-20,505.07,392.94,22.2,1267,mature
FG-05841,Chassis & suspension assembly 05841,E-Van Commercial,Interior module,PL-02,3631.13,2792.34,23.1,2983,mature
FG-05842,Thermal system assembly 05842,Pickup Midsize,Chassis & suspension,PL-05,2770.82,2618.42,5.5,2875,mature
FG-05843,Exterior module assembly 05843,Aftermarket Service,Electrical & electronics,PL-02,2816.8,2259.07,19.8,2062,ramp-up
FG-05844,E-drive assembly 05844,Hybrid D-Sedan,Chassis & suspension,PL-07,3701.55,3183.33,14,2053,run-out
FG-05845,Thermal system assembly 05845,E-Van Commercial,Exterior module,PL-06,3716.51,3069.84,17.4,2065,mature
FG-05846,E-drive assembly 05846,C-SUV Gen4,Body-in-white,PL-01,1013.39,766.12,24.4,1305,mature
FG-05847,Thermal system assembly 05847,D-Sedan,Body-in-white,PL-07,1597.64,1332.43,16.6,2433,run-out
FG-05848,Chassis & suspension assembly 05848,Hybrid D-Sedan,Chassis & suspension,PL-13,574.21,496.12,13.6,1084,run-out
FG-05849,E-drive assembly 05849,D-Sedan,Chassis & suspension,PL-09,3125.38,2453.42,21.5,3039,run-out
FG-05850,Service kit assembly 05850,C-SUV Gen5,E-drive,PL-17,2120.85,1925.73,9.2,979,mature
FG-05851,Thermal system assembly 05851,Aftermarket Service,E-drive,PL-17,3769.99,2838.8,24.7,1588,mature
FG-05852,Interior module assembly 05852,B-Hatch Facelift,Electrical & electronics,PL-07,1596.27,1452.61,9,890,mature
FG-05853,Exterior module assembly 05853,Aftermarket Service,Service kit,PL-19,2608.91,2241.05,14.1,2363,mature
FG-05854,Body-in-white assembly 05854,Aftermarket Service,E-drive,PL-16,1796.72,1631.42,9.2,2211,mature
FG-05855,Interior module assembly 05855,D-Sedan,Chassis & suspension,PL-18,509.03,387.88,23.8,2278,mature
FG-05856,Chassis & suspension assembly 05856,BEV Crossover,Service kit,PL-12,2243.98,1979.19,11.8,1456,mature
FG-05857,Interior module assembly 05857,Hybrid D-Sedan,Service kit,PL-12,2463.81,2246.99,8.8,3407,mature
FG-05858,Electrical & electronics assembly 05858,E-Van Commercial,Electrical & electronics,PL-16,1522.51,1379.39,9.4,2773,run-out
FG-05859,Powertrain assembly 05859,B-Hatch Facelift,Body-in-white,PL-06,3310.51,3101.95,6.3,2820,mature
FG-05860,Service kit assembly 05860,Aftermarket Service,Powertrain,PL-14,3771.66,3254.94,13.7,230,run-out
FG-05861,Interior module assembly 05861,Aftermarket Service,Thermal system,PL-13,2532.34,2279.11,10,1328,ramp-up
FG-05862,Body-in-white assembly 05862,BEV Compact,Service kit,PL-17,247.82,201.23,18.8,1677,mature
FG-05863,Thermal system assembly 05863,Hybrid D-Sedan,Service kit,PL-06,2440.7,1918.39,21.4,884,mature
FG-05864,Chassis & suspension assembly 05864,Aftermarket Service,Chassis & suspension,PL-16,746.66,688.42,7.8,3463,mature
FG-05865,Exterior module assembly 05865,D-Sedan,Exterior module,PL-16,2202.31,1927.02,12.5,1979,run-out
FG-05866,Interior module assembly 05866,Pickup Midsize,Service kit,PL-17,2700.28,2003.61,25.8,2958,mature
FG-05867,Powertrain assembly 05867,C-SUV Gen4,Chassis & suspension,PL-11,176.44,139.56,20.9,1049,ramp-up
FG-05868,E-drive assembly 05868,C-SUV Gen4,Interior module,PL-20,1824.4,1625.54,10.9,3520,mature
FG-05869,Powertrain assembly 05869,E-Van Commercial,Interior module,PL-07,407.07,308.56,24.2,2997,ramp-up
FG-05870,Chassis & suspension assembly 05870,Pickup Midsize,Powertrain,PL-13,2765.56,2193.09,20.7,547,mature
FG-05871,Service kit assembly 05871,E-Van Commercial,Electrical & electronics,PL-06,2495.11,2163.26,13.3,3467,mature
FG-05872,Body-in-white assembly 05872,E-Van Commercial,Powertrain,PL-08,663.31,532.64,19.7,1570,mature
FG-05873,Interior module assembly 05873,BEV Crossover,Chassis & suspension,PL-16,3935.53,3097.26,21.3,1373,mature
FG-05874,E-drive assembly 05874,C-SUV Gen5,Service kit,PL-20,107.39,88.49,17.6,961,mature
FG-05875,Thermal system assembly 05875,Hybrid D-Sedan,Body-in-white,PL-02,2454.62,1963.7,20,75,mature
FG-05876,Electrical & electronics assembly 05876,Pickup Midsize,E-drive,PL-01,854.91,765.14,10.5,24,ramp-up
FG-05877,Thermal system assembly 05877,Pickup Midsize,Powertrain,PL-06,2502.12,2121.8,15.2,1007,mature
FG-05878,E-drive assembly 05878,Aftermarket Service,Powertrain,PL-15,167.55,150.8,10,613,mature
FG-05879,Electrical & electronics assembly 05879,BEV Compact,E-drive,PL-20,968.45,881.29,9,1067,run-out
FG-05880,Interior module assembly 05880,C-SUV Gen4,Exterior module,PL-18,3458.74,3271.97,5.4,2532,mature
FG-05881,Interior module assembly 05881,BEV Crossover,Body-in-white,PL-07,1986.85,1837.84,7.5,1370,ramp-up
FG-05882,Body-in-white assembly 05882,C-SUV Gen5,Interior module,PL-11,1700.85,1438.92,15.4,937,ramp-up
FG-05883,E-drive assembly 05883,C-SUV Gen5,Exterior module,PL-11,2650.62,2520.74,4.9,862,run-out
FG-05884,Service kit assembly 05884,C-SUV Gen4,Chassis & suspension,PL-19,2847.38,2670.84,6.2,2641,mature
FG-05885,Chassis & suspension assembly 05885,BEV Compact,Thermal system,PL-19,3660.26,3188.09,12.9,1284,mature
FG-05886,Electrical & electronics assembly 05886,D-Sedan,Chassis & suspension,PL-02,930.15,847.37,8.9,829,mature
FG-05887,Exterior module assembly 05887,E-Van Commercial,Electrical & electronics,PL-14,3350.69,2573.33,23.2,792,run-out
FG-05888,Exterior module assembly 05888,C-SUV Gen4,Electrical & electronics,PL-20,3326.48,2784.26,16.3,2703,ramp-up
FG-05889,Electrical & electronics assembly 05889,BEV Crossover,Electrical & electronics,PL-11,4183.43,3568.47,14.7,2700,ramp-up
FG-05890,Chassis & suspension assembly 05890,Aftermarket Service,Thermal system,PL-20,4011.37,3550.06,11.5,423,run-out
FG-05891,Service kit assembly 05891,B-Hatch Facelift,Interior module,PL-17,2618.77,2511.4,4.1,1538,ramp-up
FG-05892,Body-in-white assembly 05892,BEV Compact,Electrical & electronics,PL-20,2514.72,2036.92,19,2528,mature
FG-05893,Body-in-white assembly 05893,BEV Compact,Interior module,PL-02,3918,3565.38,9,3138,mature
FG-05894,Service kit assembly 05894,Hybrid D-Sedan,E-drive,PL-17,2103.47,1607.05,23.6,1095,ramp-up
FG-05895,Thermal system assembly 05895,Pickup Midsize,Thermal system,PL-18,3705.53,3316.45,10.5,3132,mature
FG-05896,Chassis & suspension assembly 05896,C-SUV Gen4,Body-in-white,PL-13,3808.83,3005.17,21.1,3166,mature
FG-05897,Service kit assembly 05897,Pickup Midsize,Electrical & electronics,PL-17,2771.15,2649.22,4.4,3252,ramp-up
FG-05898,Powertrain assembly 05898,Pickup Midsize,Powertrain,PL-03,453.45,337.82,25.5,1681,mature
FG-05899,Chassis & suspension assembly 05899,B-Hatch Facelift,Chassis & suspension,PL-03,1097.17,1010.49,7.9,1175,mature
FG-05900,Powertrain assembly 05900,E-Van Commercial,Body-in-white,PL-15,3918.61,3550.26,9.4,3129,ramp-up
FG-05901,Thermal system assembly 05901,Hybrid D-Sedan,E-drive,PL-13,195.61,151.79,22.4,3043,mature
FG-05902,Interior module assembly 05902,B-Hatch Facelift,Body-in-white,PL-07,1776.38,1398.01,21.3,2258,mature
FG-05903,Interior module assembly 05903,E-Van Commercial,E-drive,PL-09,1290.43,1050.41,18.6,1961,mature
FG-05904,Thermal system assembly 05904,Pickup Midsize,Interior module,PL-20,1176.86,986.21,16.2,2167,mature
FG-05905,Body-in-white assembly 05905,C-SUV Gen5,Interior module,PL-15,3499.66,3177.69,9.2,1864,mature
FG-05906,Service kit assembly 05906,D-Sedan,Chassis & suspension,PL-18,2100.34,1749.58,16.7,360,run-out
FG-05907,Service kit assembly 05907,Hybrid D-Sedan,Service kit,PL-18,2017.63,1781.57,11.7,3573,run-out
FG-05908,Electrical & electronics assembly 05908,B-Hatch Facelift,Exterior module,PL-02,3849.47,3476.07,9.7,1272,ramp-up
FG-05909,Body-in-white assembly 05909,BEV Compact,Service kit,PL-18,2917.12,2578.73,11.6,2199,mature
FG-05910,E-drive assembly 05910,Pickup Midsize,Exterior module,PL-05,3231.48,2611.04,19.2,2326,mature
FG-05911,Interior module assembly 05911,E-Van Commercial,E-drive,PL-06,556.6,484.8,12.9,3443,mature
FG-05912,Thermal system assembly 05912,D-Sedan,Interior module,PL-12,1050.35,782.51,25.5,2677,mature
FG-05913,Body-in-white assembly 05913,D-Sedan,Interior module,PL-04,692.36,531.04,23.3,2099,run-out
FG-05914,Electrical & electronics assembly 05914,E-Van Commercial,Chassis & suspension,PL-13,289,243.34,15.8,612,mature
FG-05915,Interior module assembly 05915,E-Van Commercial,Chassis & suspension,PL-16,2040.73,1697.89,16.8,2135,mature
FG-05916,Interior module assembly 05916,BEV Crossover,Thermal system,PL-01,136.48,118.46,13.2,2293,mature
FG-05917,Electrical & electronics assembly 05917,BEV Compact,Powertrain,PL-06,2770.29,2584.68,6.7,2750,ramp-up
FG-05918,Chassis & suspension assembly 05918,B-Hatch Facelift,Body-in-white,PL-08,2480.14,2043.64,17.6,256,mature
FG-05919,Body-in-white assembly 05919,B-Hatch Facelift,Powertrain,PL-17,2838.98,2597.67,8.5,3342,mature
FG-05920,Exterior module assembly 05920,Aftermarket Service,E-drive,PL-01,1777.86,1560.96,12.2,1053,mature
FG-05921,Interior module assembly 05921,Hybrid D-Sedan,Electrical & electronics,PL-05,2176.38,1638.81,24.7,904,mature
FG-05922,Interior module assembly 05922,B-Hatch Facelift,Thermal system,PL-16,4015.19,3412.91,15,3756,run-out
FG-05923,E-drive assembly 05923,B-Hatch Facelift,Powertrain,PL-13,3020.82,2785.2,7.8,2549,run-out
FG-05924,Powertrain assembly 05924,D-Sedan,Exterior module,PL-20,4112.56,3322.95,19.2,1130,mature
FG-05925,Exterior module assembly 05925,E-Van Commercial,Thermal system,PL-12,3946.63,3113.89,21.1,226,ramp-up
FG-05926,Interior module assembly 05926,Aftermarket Service,Exterior module,PL-20,727.48,564.52,22.4,3508,run-out
FG-05927,Body-in-white assembly 05927,E-Van Commercial,Interior module,PL-12,2201.29,1639.96,25.5,2150,mature
FG-05928,Electrical & electronics assembly 05928,C-SUV Gen5,Interior module,PL-06,2746.69,2441.81,11.1,2158,mature
FG-05929,Exterior module assembly 05929,BEV Crossover,Exterior module,PL-05,197.62,161.06,18.5,3732,mature
FG-05930,Body-in-white assembly 05930,Aftermarket Service,Powertrain,PL-04,2538.39,2236.32,11.9,712,mature
FG-05931,Powertrain assembly 05931,BEV Compact,Interior module,PL-14,3695.97,2997.43,18.9,109,mature
FG-05932,E-drive assembly 05932,BEV Crossover,Service kit,PL-09,3219.4,2891.02,10.2,1228,ramp-up
FG-05933,Powertrain assembly 05933,D-Sedan,Exterior module,PL-14,3366.43,3100.48,7.9,2444,mature
FG-05934,Thermal system assembly 05934,C-SUV Gen4,Thermal system,PL-08,217.35,166.92,23.2,1587,mature
FG-05935,Service kit assembly 05935,Aftermarket Service,Service kit,PL-07,2055.98,1562.54,24,1302,ramp-up
FG-05936,Body-in-white assembly 05936,BEV Crossover,E-drive,PL-13,227.89,185.27,18.7,456,mature
FG-05937,Exterior module assembly 05937,Pickup Midsize,Body-in-white,PL-17,505.72,427.33,15.5,1858,run-out
FG-05938,Body-in-white assembly 05938,B-Hatch Facelift,Service kit,PL-16,2776.83,2504.7,9.8,2252,ramp-up
FG-05939,Body-in-white assembly 05939,Pickup Midsize,Service kit,PL-08,3843.01,2936.06,23.6,2394,mature
FG-05940,E-drive assembly 05940,Aftermarket Service,Thermal system,PL-05,2557.4,2089.4,18.3,3196,ramp-up
FG-05941,Exterior module assembly 05941,BEV Compact,Interior module,PL-19,3143.69,2713,13.7,3041,mature
FG-05942,Interior module assembly 05942,Hybrid D-Sedan,Chassis & suspension,PL-05,77.37,65.84,14.9,64,mature
FG-05943,Service kit assembly 05943,Pickup Midsize,Electrical & electronics,PL-03,2699.27,2340.27,13.3,3180,ramp-up
FG-05944,Service kit assembly 05944,BEV Compact,Service kit,PL-10,3996.25,3408.8,14.7,2702,mature
FG-05945,Interior module assembly 05945,B-Hatch Facelift,Body-in-white,PL-17,1579.08,1422.75,9.9,2627,mature
FG-05946,Powertrain assembly 05946,Aftermarket Service,Exterior module,PL-17,222.51,183.79,17.4,1185,mature
FG-05947,E-drive assembly 05947,Hybrid D-Sedan,Interior module,PL-07,122.52,94.1,23.2,2807,run-out
FG-05948,Chassis & suspension assembly 05948,Pickup Midsize,E-drive,PL-10,4110.76,3494.15,15,1027,ramp-up
FG-05949,Thermal system assembly 05949,BEV Compact,Exterior module,PL-16,2276.19,1723.08,24.3,381,mature
FG-05950,Service kit assembly 05950,E-Van Commercial,Body-in-white,PL-09,473.89,379.11,20,1674,mature
FG-05951,E-drive assembly 05951,BEV Compact,E-drive,PL-05,1311.09,1202.27,8.3,3550,ramp-up
FG-05952,E-drive assembly 05952,C-SUV Gen5,Interior module,PL-10,4090.33,3828.55,6.4,1468,mature
FG-05953,Interior module assembly 05953,Aftermarket Service,Interior module,PL-08,2934.84,2242.22,23.6,2983,ramp-up
FG-05954,Powertrain assembly 05954,C-SUV Gen5,Interior module,PL-19,3871.16,3681.47,4.9,2611,run-out
FG-05955,Service kit assembly 05955,D-Sedan,Service kit,PL-10,2698.84,2045.72,24.2,3256,ramp-up
FG-05956,Interior module assembly 05956,B-Hatch Facelift,Interior module,PL-11,2592.39,2035.03,21.5,1001,mature
FG-05957,Thermal system assembly 05957,D-Sedan,Electrical & electronics,PL-18,800.44,726,9.3,1337,ramp-up
FG-05958,Interior module assembly 05958,Aftermarket Service,Powertrain,PL-03,2612.04,2029.56,22.3,2537,mature
FG-05959,Chassis & suspension assembly 05959,BEV Crossover,Body-in-white,PL-05,265.17,245.55,7.4,2901,mature
FG-05960,Powertrain assembly 05960,Aftermarket Service,Service kit,PL-13,4052.42,3780.91,6.7,1620,mature
FG-05961,E-drive assembly 05961,E-Van Commercial,Interior module,PL-17,973.9,801.52,17.7,821,mature
FG-05962,Powertrain assembly 05962,C-SUV Gen5,Electrical & electronics,PL-16,2982.27,2564.75,14,1232,mature
FG-05963,Body-in-white assembly 05963,Pickup Midsize,Exterior module,PL-20,2000.04,1662.03,16.9,2814,mature
FG-05964,Thermal system assembly 05964,D-Sedan,Chassis & suspension,PL-17,2063.96,1647.04,20.2,2782,mature
FG-05965,Service kit assembly 05965,Pickup Midsize,Interior module,PL-07,3946.71,3559.93,9.8,2382,ramp-up
FG-05966,Body-in-white assembly 05966,B-Hatch Facelift,Body-in-white,PL-13,425.67,377.14,11.4,3499,run-out
FG-05967,Chassis & suspension assembly 05967,Aftermarket Service,Body-in-white,PL-18,2973.95,2542.73,14.5,2671,ramp-up
FG-05968,Thermal system assembly 05968,Hybrid D-Sedan,Interior module,PL-03,153.58,135.3,11.9,1402,mature
FG-05969,Service kit assembly 05969,BEV Compact,Powertrain,PL-16,1445.89,1082.97,25.1,2537,ramp-up
FG-05970,Chassis & suspension assembly 05970,BEV Crossover,Electrical & electronics,PL-08,319.08,236.76,25.8,257,mature
FG-05971,E-drive assembly 05971,Hybrid D-Sedan,Thermal system,PL-06,1957.95,1591.81,18.7,1500,mature
FG-05972,Interior module assembly 05972,BEV Compact,Service kit,PL-08,3470.91,2731.61,21.3,3198,mature
FG-05973,E-drive assembly 05973,D-Sedan,Body-in-white,PL-06,1364.02,1279.45,6.2,934,mature
FG-05974,Exterior module assembly 05974,D-Sedan,Service kit,PL-14,1352.4,1296.95,4.1,2569,run-out
FG-05975,Interior module assembly 05975,BEV Crossover,Powertrain,PL-05,1423.65,1183.05,16.9,1460,mature
FG-05976,Service kit assembly 05976,BEV Compact,Exterior module,PL-09,2168.61,1652.48,23.8,3787,mature
FG-05977,Interior module assembly 05977,Aftermarket Service,Chassis & suspension,PL-03,2829.22,2319.96,18,352,ramp-up
FG-05978,E-drive assembly 05978,D-Sedan,Chassis & suspension,PL-01,3838.57,3642.8,5.1,57,mature
FG-05979,Thermal system assembly 05979,Pickup Midsize,E-drive,PL-01,3388.17,3083.23,9,278,mature
FG-05980,Electrical & electronics assembly 05980,BEV Compact,Powertrain,PL-02,487.4,397.72,18.4,24,run-out
FG-05981,Powertrain assembly 05981,BEV Compact,Exterior module,PL-05,360.15,336.74,6.5,2921,mature
FG-05982,Exterior module assembly 05982,Aftermarket Service,E-drive,PL-02,1403.58,1079.35,23.1,2484,ramp-up
FG-05983,Powertrain assembly 05983,C-SUV Gen5,Electrical & electronics,PL-12,1104.21,1020.29,7.6,2595,mature
FG-05984,E-drive assembly 05984,BEV Crossover,Exterior module,PL-04,136.05,128.16,5.8,1349,mature
FG-05985,Service kit assembly 05985,C-SUV Gen4,Exterior module,PL-18,486.02,397.56,18.2,2557,mature
FG-05986,Thermal system assembly 05986,E-Van Commercial,Powertrain,PL-05,1761.47,1583.56,10.1,1952,ramp-up
FG-05987,E-drive assembly 05987,C-SUV Gen4,E-drive,PL-04,3990.01,3343.63,16.2,1057,mature
FG-05988,Thermal system assembly 05988,C-SUV Gen5,Chassis & suspension,PL-09,291.37,260.78,10.5,3320,mature
FG-05989,Service kit assembly 05989,C-SUV Gen5,Chassis & suspension,PL-18,971.6,734.53,24.4,89,mature
FG-05990,Service kit assembly 05990,BEV Crossover,Body-in-white,PL-01,1784.33,1639.8,8.1,3144,mature
FG-05991,Chassis & suspension assembly 05991,Aftermarket Service,Exterior module,PL-11,234.35,217.95,7,2786,mature
FG-05992,Service kit assembly 05992,BEV Compact,Exterior module,PL-09,1753.21,1495.49,14.7,2733,run-out
FG-05993,Interior module assembly 05993,C-SUV Gen5,Service kit,PL-10,3282.19,2986.79,9,3260,mature
FG-05994,Exterior module assembly 05994,B-Hatch Facelift,Interior module,PL-16,4122.29,3442.11,16.5,642,ramp-up
FG-05995,Powertrain assembly 05995,Hybrid D-Sedan,Exterior module,PL-17,2501.56,2283.92,8.7,2910,ramp-up
FG-05996,Thermal system assembly 05996,E-Van Commercial,Electrical & electronics,PL-17,2789.48,2114.43,24.2,1408,mature
FG-05997,Interior module assembly 05997,C-SUV Gen5,Thermal system,PL-06,118.64,103.57,12.7,256,mature
FG-05998,E-drive assembly 05998,E-Van Commercial,Powertrain,PL-18,583.52,498.33,14.6,1613,run-out
FG-05999,Exterior module assembly 05999,C-SUV Gen4,E-drive,PL-16,2226.52,1805.71,18.9,3469,mature
FG-06000,Powertrain assembly 06000,Aftermarket Service,Interior module,PL-06,3291.14,2474.94,24.8,2404,mature
FG-06001,Interior module assembly 06001,Aftermarket Service,Exterior module,PL-10,347.37,267.47,23,1300,mature
FG-06002,Electrical & electronics assembly 06002,D-Sedan,Interior module,PL-12,1219.25,1153.41,5.4,3118,ramp-up
FG-06003,Exterior module assembly 06003,D-Sedan,Service kit,PL-10,2854.65,2115.3,25.9,2074,ramp-up
FG-06004,E-drive assembly 06004,C-SUV Gen4,E-drive,PL-05,617.17,459.17,25.6,2459,mature
FG-06005,Exterior module assembly 06005,C-SUV Gen4,Exterior module,PL-13,4070.31,3337.65,18,841,mature
FG-06006,Thermal system assembly 06006,BEV Compact,Body-in-white,PL-06,1083.76,913.61,15.7,3463,mature
FG-06007,Electrical & electronics assembly 06007,BEV Compact,Body-in-white,PL-10,3221.93,2941.62,8.7,3245,ramp-up
FG-06008,Electrical & electronics assembly 06008,C-SUV Gen4,Service kit,PL-05,2059.63,1732.15,15.9,3334,mature
FG-06009,Powertrain assembly 06009,E-Van Commercial,Chassis & suspension,PL-16,2624.95,2346.71,10.6,239,mature
FG-06010,Powertrain assembly 06010,BEV Compact,Exterior module,PL-01,1009.35,931.63,7.7,2191,run-out
FG-06011,Interior module assembly 06011,BEV Compact,Thermal system,PL-15,1709.86,1282.39,25,3294,mature
FG-06012,Thermal system assembly 06012,E-Van Commercial,E-drive,PL-14,4068.6,3730.91,8.3,466,mature
FG-06013,Exterior module assembly 06013,B-Hatch Facelift,Chassis & suspension,PL-09,3514.35,3359.72,4.4,207,ramp-up
FG-06014,Exterior module assembly 06014,E-Van Commercial,E-drive,PL-02,3451.4,3051.04,11.6,87,mature
FG-06015,Thermal system assembly 06015,Hybrid D-Sedan,Powertrain,PL-16,400.53,347.26,13.3,1660,ramp-up
FG-06016,E-drive assembly 06016,C-SUV Gen4,Powertrain,PL-20,562.23,464.96,17.3,1878,run-out
FG-06017,Body-in-white assembly 06017,Pickup Midsize,Interior module,PL-10,1322.09,1115.84,15.6,805,mature
FG-06018,Chassis & suspension assembly 06018,C-SUV Gen4,Chassis & suspension,PL-12,4178.31,3534.85,15.4,2958,mature
FG-06019,Powertrain assembly 06019,E-Van Commercial,Chassis & suspension,PL-11,921.53,804.5,12.7,917,run-out
FG-06020,Exterior module assembly 06020,BEV Crossover,Service kit,PL-10,3701.71,3135.35,15.3,1708,mature
FG-06021,Service kit assembly 06021,BEV Compact,Body-in-white,PL-08,2642.3,2452.05,7.2,1446,ramp-up
FG-06022,Powertrain assembly 06022,Hybrid D-Sedan,Exterior module,PL-10,581.55,532.12,8.5,2729,run-out
FG-06023,Powertrain assembly 06023,D-Sedan,E-drive,PL-08,291.02,264.54,9.1,2986,mature
FG-06024,Body-in-white assembly 06024,E-Van Commercial,Chassis & suspension,PL-10,2341.25,1873,20,2899,mature
FG-06025,Electrical & electronics assembly 06025,E-Van Commercial,Thermal system,PL-19,1149.67,907.09,21.1,890,ramp-up
FG-06026,Powertrain assembly 06026,C-SUV Gen4,Exterior module,PL-19,4140.63,3962.58,4.3,123,mature
FG-06027,Electrical & electronics assembly 06027,C-SUV Gen5,Body-in-white,PL-02,3382.72,2601.31,23.1,1578,ramp-up
FG-06028,Interior module assembly 06028,Hybrid D-Sedan,Electrical & electronics,PL-04,3578.15,3320.52,7.2,2070,mature
FG-06029,Exterior module assembly 06029,C-SUV Gen5,Powertrain,PL-09,2529.42,1932.48,23.6,1031,run-out
FG-06030,E-drive assembly 06030,BEV Compact,Service kit,PL-18,3028.1,2489.1,17.8,890,mature
FG-06031,Chassis & suspension assembly 06031,C-SUV Gen5,Powertrain,PL-20,2150.88,1675.54,22.1,1096,mature
FG-06032,Powertrain assembly 06032,C-SUV Gen4,Electrical & electronics,PL-18,3667.74,2926.86,20.2,863,mature
FG-06033,Service kit assembly 06033,C-SUV Gen4,Interior module,PL-15,3702.33,3109.96,16,3111,mature
FG-06034,Interior module assembly 06034,B-Hatch Facelift,Exterior module,PL-05,3659.55,2869.09,21.6,675,mature
FG-06035,Thermal system assembly 06035,D-Sedan,Service kit,PL-15,560.28,516.02,7.9,1515,mature
FG-06036,Service kit assembly 06036,C-SUV Gen5,Exterior module,PL-14,488.37,410.23,16,2161,run-out
FG-06037,Powertrain assembly 06037,B-Hatch Facelift,Interior module,PL-19,1134.72,997.42,12.1,161,run-out
FG-06038,E-drive assembly 06038,C-SUV Gen4,Electrical & electronics,PL-17,1608.63,1410.77,12.3,144,ramp-up
FG-06039,Powertrain assembly 06039,D-Sedan,Service kit,PL-13,2121.29,1750.06,17.5,2155,mature
FG-06040,Interior module assembly 06040,Aftermarket Service,Exterior module,PL-15,1851.49,1488.6,19.6,2523,run-out
FG-06041,Thermal system assembly 06041,BEV Compact,Electrical & electronics,PL-15,3303.47,2758.4,16.5,3469,run-out
FG-06042,Thermal system assembly 06042,D-Sedan,Thermal system,PL-13,2382.04,2143.84,10,1205,mature
FG-06043,Electrical & electronics assembly 06043,BEV Crossover,Electrical & electronics,PL-05,1579.79,1387.06,12.2,1691,mature
FG-06044,Body-in-white assembly 06044,BEV Compact,Body-in-white,PL-01,571.54,494.38,13.5,3534,ramp-up
FG-06045,Powertrain assembly 06045,E-Van Commercial,Exterior module,PL-05,1610.99,1214.69,24.6,984,run-out
FG-06046,Service kit assembly 06046,BEV Crossover,Chassis & suspension,PL-07,644.52,550.42,14.6,3226,mature
FG-06047,Powertrain assembly 06047,D-Sedan,Service kit,PL-13,1537.22,1380.42,10.2,1926,run-out
FG-06048,Exterior module assembly 06048,B-Hatch Facelift,Body-in-white,PL-13,3551.05,2634.88,25.8,454,run-out
FG-06049,Thermal system assembly 06049,C-SUV Gen5,Electrical & electronics,PL-01,3625.24,2813.19,22.4,2692,mature
FG-06050,Interior module assembly 06050,BEV Crossover,E-drive,PL-14,993.86,937.21,5.7,3032,ramp-up
FG-06051,Thermal system assembly 06051,C-SUV Gen5,Electrical & electronics,PL-09,4140.57,3287.61,20.6,234,mature
FG-06052,Exterior module assembly 06052,Hybrid D-Sedan,Thermal system,PL-11,2695.58,2140.29,20.6,1128,ramp-up
FG-06053,Service kit assembly 06053,BEV Compact,Chassis & suspension,PL-03,3994.73,3647.19,8.7,2807,mature
FG-06054,E-drive assembly 06054,C-SUV Gen5,Powertrain,PL-08,1340.89,1224.23,8.7,2473,mature
FG-06055,E-drive assembly 06055,BEV Crossover,Thermal system,PL-11,2772.38,2195.72,20.8,901,mature
FG-06056,Exterior module assembly 06056,BEV Crossover,Electrical & electronics,PL-12,3998.73,3698.83,7.5,3299,ramp-up
FG-06057,Interior module assembly 06057,B-Hatch Facelift,Exterior module,PL-20,1068.52,886.87,17,2453,mature
FG-06058,E-drive assembly 06058,D-Sedan,Thermal system,PL-03,1219.48,1141.43,6.4,857,mature
FG-06059,Electrical & electronics assembly 06059,Aftermarket Service,Chassis & suspension,PL-10,2825.71,2170.15,23.2,3780,mature
FG-06060,Exterior module assembly 06060,C-SUV Gen4,E-drive,PL-15,2612.16,2092.34,19.9,2169,mature
FG-06061,Interior module assembly 06061,BEV Compact,Service kit,PL-12,1051.22,994.45,5.4,2105,mature
FG-06062,Interior module assembly 06062,E-Van Commercial,Electrical & electronics,PL-10,1786.58,1682.96,5.8,2514,ramp-up
FG-06063,Body-in-white assembly 06063,C-SUV Gen5,E-drive,PL-04,929.21,846.51,8.9,516,mature
FG-06064,Thermal system assembly 06064,Pickup Midsize,Body-in-white,PL-16,3620.57,3443.16,4.9,1742,mature
FG-06065,Chassis & suspension assembly 06065,BEV Compact,Exterior module,PL-06,1382.97,1230.84,11,1588,mature
FG-06066,Electrical & electronics assembly 06066,C-SUV Gen4,Chassis & suspension,PL-01,1667.15,1412.08,15.3,1671,run-out
FG-06067,Interior module assembly 06067,BEV Crossover,Interior module,PL-18,1567.04,1319.45,15.8,1005,mature
FG-06068,Exterior module assembly 06068,BEV Crossover,Body-in-white,PL-11,1266.71,994.37,21.5,3484,mature
FG-06069,Interior module assembly 06069,Pickup Midsize,Body-in-white,PL-18,3204.47,2650.1,17.3,78,run-out
FG-06070,Body-in-white assembly 06070,Hybrid D-Sedan,Interior module,PL-06,1109.21,852.98,23.1,1357,mature
FG-06071,Electrical & electronics assembly 06071,Aftermarket Service,Exterior module,PL-11,458.93,430.48,6.2,3152,mature
FG-06072,Body-in-white assembly 06072,Aftermarket Service,Service kit,PL-14,3881.38,3105.1,20,2538,mature
FG-06073,Interior module assembly 06073,C-SUV Gen4,Interior module,PL-14,3046.97,2419.29,20.6,3661,mature
FG-06074,Exterior module assembly 06074,BEV Compact,Body-in-white,PL-13,1983.85,1604.93,19.1,2064,mature
FG-06075,Body-in-white assembly 06075,C-SUV Gen4,Interior module,PL-06,1180.14,927.59,21.4,433,run-out
FG-06076,E-drive assembly 06076,E-Van Commercial,Powertrain,PL-20,643.41,521.81,18.9,2848,mature
FG-06077,Body-in-white assembly 06077,C-SUV Gen4,Electrical & electronics,PL-09,1142.25,1048.59,8.2,2652,mature
FG-06078,Service kit assembly 06078,BEV Compact,Electrical & electronics,PL-11,3630.16,3016.66,16.9,1739,run-out
FG-06079,Exterior module assembly 06079,BEV Compact,Thermal system,PL-19,2696.49,2553.58,5.3,794,mature
FG-06080,Service kit assembly 06080,C-SUV Gen5,Chassis & suspension,PL-20,3129.69,2625.81,16.1,2041,mature
FG-06081,Powertrain assembly 06081,Hybrid D-Sedan,Body-in-white,PL-06,1422.66,1085.49,23.7,1837,mature
FG-06082,Exterior module assembly 06082,C-SUV Gen4,Thermal system,PL-08,2855.31,2569.78,10,3355,ramp-up
FG-06083,Powertrain assembly 06083,C-SUV Gen4,Service kit,PL-12,3519.34,2653.58,24.6,192,ramp-up
FG-06084,Electrical & electronics assembly 06084,C-SUV Gen5,Service kit,PL-07,3765.17,3339.71,11.3,2761,ramp-up
FG-06085,Body-in-white assembly 06085,Pickup Midsize,Thermal system,PL-20,3211.08,2767.95,13.8,1574,ramp-up
FG-06086,Body-in-white assembly 06086,BEV Crossover,Chassis & suspension,PL-11,2244.52,1901.11,15.3,3560,mature
FG-06087,Service kit assembly 06087,BEV Compact,Thermal system,PL-18,1705.6,1625.44,4.7,1494,mature
FG-06088,Chassis & suspension assembly 06088,Aftermarket Service,Interior module,PL-13,752.83,707.66,6,1333,mature
FG-06089,Chassis & suspension assembly 06089,D-Sedan,Chassis & suspension,PL-11,1220.95,909.61,25.5,1569,run-out
FG-06090,Electrical & electronics assembly 06090,Aftermarket Service,Service kit,PL-03,1851.03,1710.35,7.6,245,mature
FG-06091,Powertrain assembly 06091,Pickup Midsize,Electrical & electronics,PL-19,3167.72,2670.39,15.7,3138,run-out
FG-06092,Powertrain assembly 06092,C-SUV Gen4,Thermal system,PL-06,2228.68,1667.05,25.2,2885,run-out
FG-06093,Body-in-white assembly 06093,B-Hatch Facelift,Thermal system,PL-11,2176.23,1980.37,9,880,mature
FG-06094,Chassis & suspension assembly 06094,Pickup Midsize,Powertrain,PL-11,3351.16,3096.47,7.6,103,mature
FG-06095,Thermal system assembly 06095,BEV Crossover,E-drive,PL-05,898.71,823.22,8.4,2909,mature
FG-06096,E-drive assembly 06096,B-Hatch Facelift,Thermal system,PL-16,1331.82,1225.27,8,2442,mature
FG-06097,Exterior module assembly 06097,B-Hatch Facelift,Exterior module,PL-20,4036.47,3439.07,14.8,1695,mature
FG-06098,Electrical & electronics assembly 06098,BEV Compact,Interior module,PL-18,1734.24,1468.9,15.3,3506,mature
FG-06099,E-drive assembly 06099,C-SUV Gen5,Thermal system,PL-16,4057.11,3558.09,12.3,1725,mature
FG-06100,Service kit assembly 06100,E-Van Commercial,Chassis & suspension,PL-12,1134.36,1079.91,4.8,50,mature
FG-06101,Powertrain assembly 06101,Hybrid D-Sedan,E-drive,PL-07,151.72,123.8,18.4,1771,mature
FG-06102,Powertrain assembly 06102,E-Van Commercial,Exterior module,PL-06,1922.69,1715.04,10.8,722,mature
FG-06103,Interior module assembly 06103,C-SUV Gen5,E-drive,PL-20,572.03,425.59,25.6,3637,ramp-up
FG-06104,Electrical & electronics assembly 06104,Aftermarket Service,Thermal system,PL-20,2176.48,1656.3,23.9,777,mature
FG-06105,Service kit assembly 06105,BEV Crossover,E-drive,PL-10,4192.62,3865.6,7.8,1997,mature
FG-06106,Powertrain assembly 06106,Aftermarket Service,Thermal system,PL-17,2151.94,1728.01,19.7,2166,ramp-up
FG-06107,Exterior module assembly 06107,E-Van Commercial,Exterior module,PL-16,2848.1,2409.49,15.4,700,ramp-up
FG-06108,Electrical & electronics assembly 06108,C-SUV Gen4,Powertrain,PL-06,2466.39,2234.55,9.4,3371,mature
FG-06109,Interior module assembly 06109,Hybrid D-Sedan,Electrical & electronics,PL-17,290.32,272.9,6,2611,mature
FG-06110,Chassis & suspension assembly 06110,Aftermarket Service,Interior module,PL-13,2280.48,1703.52,25.3,590,run-out
FG-06111,Chassis & suspension assembly 06111,D-Sedan,E-drive,PL-09,2060.52,1951.31,5.3,3226,mature
FG-06112,Chassis & suspension assembly 06112,E-Van Commercial,Exterior module,PL-17,1635.35,1355.71,17.1,257,ramp-up
FG-06113,E-drive assembly 06113,BEV Compact,Service kit,PL-03,1206.54,1154.66,4.3,3202,run-out
FG-06114,Electrical & electronics assembly 06114,B-Hatch Facelift,Thermal system,PL-12,3789.85,3300.96,12.9,1326,mature
FG-06115,E-drive assembly 06115,Aftermarket Service,Service kit,PL-17,1395.01,1258.3,9.8,1971,mature
FG-06116,Exterior module assembly 06116,Hybrid D-Sedan,Thermal system,PL-16,937.68,783.9,16.4,225,ramp-up
FG-06117,E-drive assembly 06117,C-SUV Gen5,Interior module,PL-15,2628.54,2439.29,7.2,2709,mature
FG-06118,Electrical & electronics assembly 06118,Aftermarket Service,Interior module,PL-14,1474.63,1279.98,13.2,3388,mature
FG-06119,E-drive assembly 06119,Aftermarket Service,Electrical & electronics,PL-04,3582.88,3156.52,11.9,2166,run-out
FG-06120,Powertrain assembly 06120,C-SUV Gen5,E-drive,PL-07,3250.74,2522.57,22.4,1964,run-out
FG-06121,E-drive assembly 06121,E-Van Commercial,Chassis & suspension,PL-07,3944.13,3565.49,9.6,3201,mature
FG-06122,Electrical & electronics assembly 06122,BEV Compact,E-drive,PL-16,62.46,53.22,14.8,3248,ramp-up
FG-06123,E-drive assembly 06123,Hybrid D-Sedan,Powertrain,PL-03,2590.93,2396.61,7.5,831,run-out
FG-06124,Exterior module assembly 06124,Hybrid D-Sedan,Body-in-white,PL-13,609.92,560.52,8.1,1619,run-out
FG-06125,Electrical & electronics assembly 06125,C-SUV Gen4,Exterior module,PL-02,4086.65,3302.01,19.2,2319,mature
FG-06126,Service kit assembly 06126,BEV Compact,Thermal system,PL-17,1749.02,1610.85,7.9,2401,run-out
FG-06127,Powertrain assembly 06127,BEV Crossover,Chassis & suspension,PL-19,241.56,229,5.2,1894,run-out
FG-06128,Chassis & suspension assembly 06128,Aftermarket Service,Electrical & electronics,PL-14,3293.68,2829.27,14.1,362,mature
FG-06129,Chassis & suspension assembly 06129,C-SUV Gen4,Electrical & electronics,PL-13,1535.02,1344.68,12.4,832,ramp-up
FG-06130,Exterior module assembly 06130,Hybrid D-Sedan,Interior module,PL-11,2043.02,1910.22,6.5,3580,ramp-up
FG-06131,Exterior module assembly 06131,E-Van Commercial,Thermal system,PL-03,2057.69,1969.21,4.3,1077,ramp-up
FG-06132,E-drive assembly 06132,D-Sedan,Chassis & suspension,PL-13,2428.52,2020.53,16.8,600,mature
FG-06133,Exterior module assembly 06133,BEV Crossover,Exterior module,PL-02,2623.68,2035.98,22.4,2643,mature
FG-06134,Electrical & electronics assembly 06134,Aftermarket Service,Thermal system,PL-15,2231.25,2135.31,4.3,3200,mature
FG-06135,E-drive assembly 06135,Hybrid D-Sedan,Thermal system,PL-16,642.78,535.44,16.7,1011,mature
FG-06136,Exterior module assembly 06136,Hybrid D-Sedan,Electrical & electronics,PL-07,3228.99,2709.12,16.1,2204,mature
FG-06137,Exterior module assembly 06137,B-Hatch Facelift,Thermal system,PL-19,767.62,713.89,7,3439,mature
FG-06138,Electrical & electronics assembly 06138,E-Van Commercial,Chassis & suspension,PL-02,1068.51,868.7,18.7,2694,mature
FG-06139,Service kit assembly 06139,Hybrid D-Sedan,Exterior module,PL-09,610.86,469.14,23.2,3676,run-out
FG-06140,Interior module assembly 06140,B-Hatch Facelift,Exterior module,PL-17,67.67,58.26,13.9,2503,ramp-up
FG-06141,Body-in-white assembly 06141,BEV Compact,Powertrain,PL-05,1392.38,1047.07,24.8,2043,run-out
FG-06142,Thermal system assembly 06142,BEV Compact,Service kit,PL-06,3087.68,2321.94,24.8,959,mature
FG-06143,Thermal system assembly 06143,BEV Compact,Thermal system,PL-01,1966.49,1628.25,17.2,2842,run-out
FG-06144,Electrical & electronics assembly 06144,Aftermarket Service,E-drive,PL-20,1405.21,1212.7,13.7,66,mature
FG-06145,E-drive assembly 06145,D-Sedan,Service kit,PL-07,1159.06,984.04,15.1,407,mature
FG-06146,E-drive assembly 06146,Pickup Midsize,Chassis & suspension,PL-20,1979.66,1554.03,21.5,1909,mature
FG-06147,E-drive assembly 06147,BEV Crossover,E-drive,PL-01,104.78,99.65,4.9,2973,mature
FG-06148,Electrical & electronics assembly 06148,D-Sedan,Service kit,PL-13,705.29,560,20.6,2266,mature
FG-06149,Electrical & electronics assembly 06149,BEV Compact,Electrical & electronics,PL-05,429.29,352.02,18,3612,mature
FG-06150,Interior module assembly 06150,C-SUV Gen4,Body-in-white,PL-13,1368.42,1238.42,9.5,3140,ramp-up
FG-06151,Exterior module assembly 06151,BEV Crossover,E-drive,PL-05,2431.39,2304.96,5.2,318,mature
FG-06152,Interior module assembly 06152,Aftermarket Service,Service kit,PL-12,1364.64,1095.81,19.7,2592,run-out
FG-06153,Exterior module assembly 06153,BEV Compact,Powertrain,PL-04,3265.25,2608.93,20.1,969,ramp-up
FG-06154,E-drive assembly 06154,B-Hatch Facelift,Interior module,PL-18,2345.97,2045.69,12.8,3488,mature
FG-06155,Service kit assembly 06155,E-Van Commercial,Powertrain,PL-01,3432.53,3240.31,5.6,1822,mature
FG-06156,Electrical & electronics assembly 06156,Hybrid D-Sedan,Interior module,PL-12,93.05,75,19.4,3335,mature
FG-06157,E-drive assembly 06157,BEV Crossover,Powertrain,PL-02,809.66,640.44,20.9,41,run-out
FG-06158,Exterior module assembly 06158,E-Van Commercial,E-drive,PL-03,3472.35,2996.64,13.7,3027,mature
FG-06159,Service kit assembly 06159,Aftermarket Service,Thermal system,PL-03,1294.95,1212.07,6.4,2436,run-out
FG-06160,Electrical & electronics assembly 06160,Hybrid D-Sedan,Powertrain,PL-07,3533.34,3236.54,8.4,465,ramp-up
FG-06161,Body-in-white assembly 06161,Hybrid D-Sedan,Thermal system,PL-02,370.81,331.5,10.6,181,mature
FG-06162,Powertrain assembly 06162,B-Hatch Facelift,Body-in-white,PL-18,775.67,638.38,17.7,3077,mature
FG-06163,Body-in-white assembly 06163,BEV Compact,Body-in-white,PL-17,2060.95,1632.27,20.8,242,mature
FG-06164,Chassis & suspension assembly 06164,C-SUV Gen4,Electrical & electronics,PL-10,3331.38,2648.45,20.5,2536,mature
FG-06165,Electrical & electronics assembly 06165,D-Sedan,E-drive,PL-20,492.52,423.07,14.1,92,mature
FG-06166,Electrical & electronics assembly 06166,C-SUV Gen4,Electrical & electronics,PL-09,217.07,194.49,10.4,2411,mature
FG-06167,Interior module assembly 06167,BEV Compact,Electrical & electronics,PL-16,3008.37,2758.68,8.3,235,run-out
FG-06168,Interior module assembly 06168,C-SUV Gen5,Body-in-white,PL-13,1066.09,793.17,25.6,439,mature
FG-06169,Powertrain assembly 06169,Hybrid D-Sedan,Electrical & electronics,PL-19,3419.16,2567.79,24.9,1608,ramp-up
FG-06170,Exterior module assembly 06170,Hybrid D-Sedan,Body-in-white,PL-05,1070.75,825.55,22.9,1049,ramp-up
FG-06171,Chassis & suspension assembly 06171,Hybrid D-Sedan,Service kit,PL-04,960.6,886.63,7.7,2979,mature
FG-06172,E-drive assembly 06172,BEV Crossover,Thermal system,PL-09,4094.45,3386.11,17.3,1426,mature
FG-06173,Powertrain assembly 06173,C-SUV Gen4,Electrical & electronics,PL-10,2630.63,2483.31,5.6,2131,mature
FG-06174,Thermal system assembly 06174,C-SUV Gen5,Powertrain,PL-09,78.94,61.42,22.2,247,mature
FG-06175,Body-in-white assembly 06175,Pickup Midsize,Powertrain,PL-11,596.59,442.07,25.9,824,mature
FG-06176,E-drive assembly 06176,BEV Compact,Exterior module,PL-06,621.46,542.53,12.7,2650,mature
FG-06177,Body-in-white assembly 06177,Pickup Midsize,Chassis & suspension,PL-15,3617.42,2933.73,18.9,2195,run-out
FG-06178,E-drive assembly 06178,Hybrid D-Sedan,Body-in-white,PL-09,3916.94,3106.13,20.7,2504,mature
FG-06179,Powertrain assembly 06179,C-SUV Gen4,Chassis & suspension,PL-19,1985.83,1650.22,16.9,596,mature
FG-06180,Exterior module assembly 06180,BEV Crossover,Service kit,PL-15,1250.19,1138.92,8.9,2503,run-out
FG-06181,Interior module assembly 06181,BEV Compact,Interior module,PL-05,3105.52,2832.23,8.8,1684,mature
FG-06182,Service kit assembly 06182,BEV Crossover,E-drive,PL-06,108.08,96.41,10.8,216,ramp-up
FG-06183,Interior module assembly 06183,E-Van Commercial,Thermal system,PL-18,588.34,509.5,13.4,911,mature
FG-06184,E-drive assembly 06184,D-Sedan,Thermal system,PL-04,1586.74,1513.75,4.6,618,mature
FG-06185,Interior module assembly 06185,D-Sedan,Electrical & electronics,PL-19,1521.5,1220.24,19.8,3614,ramp-up
FG-06186,Exterior module assembly 06186,BEV Crossover,Service kit,PL-05,2728.74,2494.07,8.6,2144,mature
FG-06187,Interior module assembly 06187,BEV Crossover,Chassis & suspension,PL-06,3874.71,3231.51,16.6,3512,mature
FG-06188,Electrical & electronics assembly 06188,C-SUV Gen4,Chassis & suspension,PL-20,3015.27,2351.91,22,1651,mature
FG-06189,Thermal system assembly 06189,C-SUV Gen4,Electrical & electronics,PL-06,2992.45,2367.03,20.9,2789,ramp-up
FG-06190,E-drive assembly 06190,D-Sedan,Body-in-white,PL-07,2548.34,2298.6,9.8,3164,mature
FG-06191,E-drive assembly 06191,C-SUV Gen5,Chassis & suspension,PL-13,2241.07,1821.99,18.7,1934,mature
FG-06192,Thermal system assembly 06192,E-Van Commercial,Service kit,PL-10,232.98,187.78,19.4,152,run-out
FG-06193,Service kit assembly 06193,C-SUV Gen4,Exterior module,PL-03,2881.03,2414.3,16.2,923,mature
FG-06194,Electrical & electronics assembly 06194,Aftermarket Service,Body-in-white,PL-14,269.37,237.31,11.9,3176,mature
FG-06195,Body-in-white assembly 06195,C-SUV Gen5,Thermal system,PL-14,2249.08,1698.06,24.5,402,run-out
FG-06196,Powertrain assembly 06196,E-Van Commercial,Exterior module,PL-20,2025.11,1567.44,22.6,3259,run-out
FG-06197,Chassis & suspension assembly 06197,BEV Crossover,E-drive,PL-17,250.44,194.34,22.4,2864,mature
FG-06198,E-drive assembly 06198,BEV Compact,Service kit,PL-05,2372.35,2035.48,14.2,3319,run-out
FG-06199,Thermal system assembly 06199,B-Hatch Facelift,Interior module,PL-16,1695.97,1570.47,7.4,2493,ramp-up
FG-06200,Chassis & suspension assembly 06200,Aftermarket Service,Exterior module,PL-14,2179.97,1848.61,15.2,443,run-out
FG-06201,Service kit assembly 06201,Pickup Midsize,Exterior module,PL-04,2019.41,1522.64,24.6,1465,mature
FG-06202,Interior module assembly 06202,BEV Crossover,Chassis & suspension,PL-20,340.84,281.53,17.4,2193,mature
FG-06203,Exterior module assembly 06203,C-SUV Gen5,Chassis & suspension,PL-15,2079.52,1671.93,19.6,3571,mature
FG-06204,Exterior module assembly 06204,B-Hatch Facelift,Chassis & suspension,PL-17,263.9,252.55,4.3,1321,mature
FG-06205,Service kit assembly 06205,C-SUV Gen5,Electrical & electronics,PL-08,2187.25,1725.74,21.1,273,mature
FG-06206,Electrical & electronics assembly 06206,Hybrid D-Sedan,Exterior module,PL-18,3901.46,2953.41,24.3,3418,mature
FG-06207,E-drive assembly 06207,C-SUV Gen4,Electrical & electronics,PL-15,288.02,241.65,16.1,2133,mature
FG-06208,E-drive assembly 06208,Aftermarket Service,Chassis & suspension,PL-11,1621.28,1279.19,21.1,1627,run-out
FG-06209,Electrical & electronics assembly 06209,Pickup Midsize,Chassis & suspension,PL-03,2608.79,2016.59,22.7,2186,run-out
FG-06210,Chassis & suspension assembly 06210,Hybrid D-Sedan,Exterior module,PL-15,3628.87,3004.7,17.2,512,mature
FG-06211,Body-in-white assembly 06211,Pickup Midsize,Interior module,PL-08,1065.35,973.73,8.6,3587,ramp-up
FG-06212,Service kit assembly 06212,BEV Compact,Interior module,PL-17,754.56,677.59,10.2,2117,run-out
FG-06213,E-drive assembly 06213,C-SUV Gen5,Body-in-white,PL-13,529.42,483.36,8.7,1888,run-out
FG-06214,Chassis & suspension assembly 06214,BEV Compact,Interior module,PL-08,4185.78,3177.01,24.1,3360,mature
FG-06215,Powertrain assembly 06215,C-SUV Gen5,Powertrain,PL-19,390.91,307.26,21.4,1347,ramp-up
FG-06216,Service kit assembly 06216,C-SUV Gen4,Electrical & electronics,PL-18,2099.2,1973.25,6,1005,mature
FG-06217,Thermal system assembly 06217,BEV Crossover,Body-in-white,PL-08,1050.06,886.25,15.6,978,mature
FG-06218,Interior module assembly 06218,BEV Compact,Exterior module,PL-13,3547.95,3228.63,9,399,mature
FG-06219,Exterior module assembly 06219,B-Hatch Facelift,Thermal system,PL-17,2099.66,1560.05,25.7,3302,ramp-up
FG-06220,Exterior module assembly 06220,E-Van Commercial,Body-in-white,PL-12,3403.75,2627.7,22.8,1529,mature
FG-06221,Interior module assembly 06221,Pickup Midsize,Chassis & suspension,PL-12,507.2,485.9,4.2,402,mature
FG-06222,Interior module assembly 06222,C-SUV Gen4,Thermal system,PL-04,1314.18,983.01,25.2,211,run-out
FG-06223,Interior module assembly 06223,D-Sedan,Interior module,PL-04,1262.1,1197.73,5.1,1569,mature
FG-06224,Body-in-white assembly 06224,C-SUV Gen4,Interior module,PL-20,4039.78,3623.68,10.3,605,run-out
FG-06225,E-drive assembly 06225,Pickup Midsize,Powertrain,PL-12,3092.86,2650.58,14.3,459,mature
FG-06226,Powertrain assembly 06226,BEV Crossover,Thermal system,PL-15,2861.32,2346.28,18,1279,mature
FG-06227,Chassis & suspension assembly 06227,C-SUV Gen4,Service kit,PL-10,804.28,624.12,22.4,2737,ramp-up
FG-06228,Electrical & electronics assembly 06228,D-Sedan,Exterior module,PL-19,846.92,777.47,8.2,169,mature
FG-06229,E-drive assembly 06229,E-Van Commercial,Service kit,PL-09,79.62,71.58,10.1,796,mature
FG-06230,E-drive assembly 06230,D-Sedan,Service kit,PL-18,2724.27,2116.76,22.3,3323,mature
FG-06231,Electrical & electronics assembly 06231,Pickup Midsize,Chassis & suspension,PL-12,3197.79,2535.85,20.7,1402,mature
FG-06232,Body-in-white assembly 06232,Aftermarket Service,Exterior module,PL-06,597.82,515.32,13.8,3398,run-out
FG-06233,Service kit assembly 06233,D-Sedan,Chassis & suspension,PL-11,3060.58,2665.77,12.9,411,mature
FG-06234,Exterior module assembly 06234,C-SUV Gen4,Body-in-white,PL-05,1215.97,1107.75,8.9,3526,mature
FG-06235,Electrical & electronics assembly 06235,Aftermarket Service,Thermal system,PL-20,2149.79,1678.99,21.9,2854,ramp-up
FG-06236,E-drive assembly 06236,Pickup Midsize,Chassis & suspension,PL-18,3378.22,2499.88,26,3370,run-out
FG-06237,Powertrain assembly 06237,BEV Crossover,Thermal system,PL-15,2399.43,2101.9,12.4,1433,mature
FG-06238,Interior module assembly 06238,Aftermarket Service,Exterior module,PL-07,272.41,228.55,16.1,308,mature
FG-06239,Thermal system assembly 06239,C-SUV Gen4,Powertrain,PL-09,3377.95,2807.08,16.9,390,mature
FG-06240,Thermal system assembly 06240,C-SUV Gen4,E-drive,PL-10,2586.87,1973.78,23.7,1960,mature
FG-06241,Interior module assembly 06241,D-Sedan,Interior module,PL-07,470.38,417.7,11.2,1561,ramp-up
FG-06242,Interior module assembly 06242,BEV Crossover,Chassis & suspension,PL-15,3452.63,2834.61,17.9,896,ramp-up
FG-06243,Body-in-white assembly 06243,Pickup Midsize,Powertrain,PL-05,3835.52,3494.16,8.9,1781,mature
FG-06244,Body-in-white assembly 06244,Aftermarket Service,Electrical & electronics,PL-17,1555.59,1410.92,9.3,2289,ramp-up
FG-06245,Chassis & suspension assembly 06245,C-SUV Gen5,Powertrain,PL-03,3348.17,2524.52,24.6,1624,mature
FG-06246,Interior module assembly 06246,BEV Crossover,Powertrain,PL-16,3473.72,3046.45,12.3,2410,ramp-up
FG-06247,Service kit assembly 06247,BEV Compact,Chassis & suspension,PL-04,4176.28,3583.25,14.2,2806,run-out
FG-06248,Interior module assembly 06248,Pickup Midsize,Service kit,PL-11,1084.23,987.73,8.9,1153,ramp-up
FG-06249,Powertrain assembly 06249,D-Sedan,Exterior module,PL-08,4188.13,3580.85,14.5,1802,ramp-up
FG-06250,Service kit assembly 06250,Pickup Midsize,Chassis & suspension,PL-19,2985.8,2364.75,20.8,3215,mature
FG-06251,Exterior module assembly 06251,C-SUV Gen5,Exterior module,PL-09,444.56,366.76,17.5,2374,mature
FG-06252,E-drive assembly 06252,BEV Crossover,Interior module,PL-06,3595.7,3358.38,6.6,372,run-out
FG-06253,Powertrain assembly 06253,C-SUV Gen4,Interior module,PL-14,4001.1,3132.86,21.7,1624,ramp-up
FG-06254,Thermal system assembly 06254,B-Hatch Facelift,Service kit,PL-10,2107.05,1630.86,22.6,2912,mature
FG-06255,Body-in-white assembly 06255,B-Hatch Facelift,Thermal system,PL-14,695.23,580.52,16.5,2524,mature
FG-06256,Powertrain assembly 06256,C-SUV Gen5,Powertrain,PL-13,670.95,605.2,9.8,3005,run-out
FG-06257,Body-in-white assembly 06257,Aftermarket Service,Interior module,PL-05,3343.49,2958.99,11.5,3751,run-out
FG-06258,Chassis & suspension assembly 06258,B-Hatch Facelift,Powertrain,PL-17,2578.7,2044.91,20.7,2348,run-out
FG-06259,Electrical & electronics assembly 06259,C-SUV Gen5,Electrical & electronics,PL-01,63.73,50.16,21.3,868,mature
FG-06260,Exterior module assembly 06260,BEV Compact,Powertrain,PL-03,2133.98,2005.94,6,2009,run-out
FG-06261,Service kit assembly 06261,BEV Compact,Service kit,PL-12,2317.24,2173.57,6.2,2632,ramp-up
FG-06262,Body-in-white assembly 06262,C-SUV Gen5,Interior module,PL-04,3610.02,2895.24,19.8,3605,run-out
FG-06263,Powertrain assembly 06263,C-SUV Gen5,Thermal system,PL-01,1541.01,1369.96,11.1,1926,mature
FG-06264,Thermal system assembly 06264,C-SUV Gen4,Thermal system,PL-05,2811.83,2637.5,6.2,2925,run-out
FG-06265,E-drive assembly 06265,C-SUV Gen5,Electrical & electronics,PL-16,569.85,463.86,18.6,3409,mature
FG-06266,Service kit assembly 06266,BEV Crossover,Chassis & suspension,PL-16,1878.33,1797.56,4.3,2449,ramp-up
FG-06267,Powertrain assembly 06267,Pickup Midsize,E-drive,PL-13,3508.61,2754.26,21.5,2009,mature
FG-06268,Interior module assembly 06268,C-SUV Gen5,Powertrain,PL-09,3309.59,2545.07,23.1,1192,run-out
FG-06269,Powertrain assembly 06269,E-Van Commercial,Chassis & suspension,PL-07,1449.36,1330.51,8.2,3012,mature
FG-06270,Service kit assembly 06270,Hybrid D-Sedan,Electrical & electronics,PL-15,3993.99,3818.25,4.4,3444,run-out
FG-06271,Exterior module assembly 06271,Hybrid D-Sedan,Service kit,PL-09,3893.58,3387.41,13,557,ramp-up
FG-06272,Service kit assembly 06272,BEV Crossover,Body-in-white,PL-01,1700.41,1610.29,5.3,1050,mature
FG-06273,Powertrain assembly 06273,C-SUV Gen4,Exterior module,PL-03,3694.35,3199.31,13.4,1503,run-out
FG-06274,Thermal system assembly 06274,B-Hatch Facelift,Service kit,PL-04,1570.42,1447.93,7.8,1055,mature
FG-06275,Powertrain assembly 06275,C-SUV Gen4,Exterior module,PL-05,168.54,126.91,24.7,144,mature
FG-06276,Thermal system assembly 06276,E-Van Commercial,Electrical & electronics,PL-10,1835.47,1596.86,13,421,run-out
FG-06277,E-drive assembly 06277,D-Sedan,Interior module,PL-13,1433.97,1158.65,19.2,2075,run-out
FG-06278,Interior module assembly 06278,BEV Crossover,Body-in-white,PL-05,309.08,295.79,4.3,2329,mature
FG-06279,Electrical & electronics assembly 06279,BEV Compact,Thermal system,PL-10,1816.64,1444.23,20.5,2690,mature
FG-06280,Electrical & electronics assembly 06280,BEV Crossover,Powertrain,PL-20,879.01,702.33,20.1,2244,mature
FG-06281,E-drive assembly 06281,C-SUV Gen5,Chassis & suspension,PL-14,807.89,620.46,23.2,3488,ramp-up
FG-06282,Interior module assembly 06282,D-Sedan,Electrical & electronics,PL-18,3379.47,3142.91,7,431,mature
FG-06283,E-drive assembly 06283,Aftermarket Service,Body-in-white,PL-19,1246.6,983.57,21.1,1907,mature
FG-06284,Powertrain assembly 06284,BEV Compact,Powertrain,PL-17,1773.29,1342.38,24.3,3141,mature
FG-06285,Powertrain assembly 06285,D-Sedan,Chassis & suspension,PL-10,3346.35,2874.51,14.1,74,ramp-up
FG-06286,Electrical & electronics assembly 06286,Aftermarket Service,Powertrain,PL-03,3109.14,2829.32,9,1106,mature
FG-06287,Exterior module assembly 06287,BEV Compact,Interior module,PL-19,2877.65,2428.74,15.6,2199,ramp-up
FG-06288,Chassis & suspension assembly 06288,Hybrid D-Sedan,Thermal system,PL-06,773.66,581.79,24.8,971,mature
FG-06289,Exterior module assembly 06289,C-SUV Gen5,Electrical & electronics,PL-19,1815.11,1544.66,14.9,638,run-out
FG-06290,Powertrain assembly 06290,E-Van Commercial,Interior module,PL-18,1758.7,1670.76,5,3783,mature
FG-06291,Exterior module assembly 06291,B-Hatch Facelift,Body-in-white,PL-04,2364.61,2218,6.2,3538,mature
FG-06292,Chassis & suspension assembly 06292,Pickup Midsize,E-drive,PL-09,4068.48,3136.8,22.9,2399,mature
FG-06293,Chassis & suspension assembly 06293,Hybrid D-Sedan,Electrical & electronics,PL-03,990.51,817.17,17.5,1991,mature
FG-06294,Exterior module assembly 06294,Pickup Midsize,Chassis & suspension,PL-01,3211.79,2781.41,13.4,1566,mature
FG-06295,Body-in-white assembly 06295,Pickup Midsize,Exterior module,PL-18,3217.82,2973.27,7.6,1465,mature
FG-06296,Service kit assembly 06296,Aftermarket Service,Service kit,PL-08,2849.17,2242.3,21.3,204,mature
FG-06297,Service kit assembly 06297,Aftermarket Service,Interior module,PL-16,1039.4,991.59,4.6,297,run-out
FG-06298,Electrical & electronics assembly 06298,E-Van Commercial,Powertrain,PL-08,510.11,456.55,10.5,143,mature
FG-06299,Body-in-white assembly 06299,BEV Crossover,Exterior module,PL-13,183.16,137,25.2,2217,mature
FG-06300,Powertrain assembly 06300,C-SUV Gen4,Body-in-white,PL-05,2395.2,1805.98,24.6,3531,run-out
FG-06301,Thermal system assembly 06301,B-Hatch Facelift,Chassis & suspension,PL-01,1674.22,1414.72,15.5,2410,mature
FG-06302,Exterior module assembly 06302,Hybrid D-Sedan,Thermal system,PL-17,783.39,641.6,18.1,2664,ramp-up
FG-06303,Exterior module assembly 06303,Hybrid D-Sedan,Electrical & electronics,PL-12,4172.09,3696.47,11.4,35,ramp-up
FG-06304,Electrical & electronics assembly 06304,BEV Compact,Exterior module,PL-20,1299.09,1078.24,17,79,run-out
FG-06305,Body-in-white assembly 06305,Hybrid D-Sedan,Exterior module,PL-08,2152.91,1849.35,14.1,3193,run-out
FG-06306,Thermal system assembly 06306,E-Van Commercial,Service kit,PL-20,319.43,268.96,15.8,2172,mature
FG-06307,Interior module assembly 06307,C-SUV Gen4,Body-in-white,PL-05,711.59,577.1,18.9,3636,mature
FG-06308,Exterior module assembly 06308,C-SUV Gen4,Electrical & electronics,PL-12,3931.39,3679.78,6.4,1474,ramp-up
FG-06309,Chassis & suspension assembly 06309,E-Van Commercial,E-drive,PL-19,1279,1005.29,21.4,639,mature
FG-06310,Chassis & suspension assembly 06310,E-Van Commercial,Chassis & suspension,PL-13,1184.05,1102.35,6.9,518,ramp-up
FG-06311,Exterior module assembly 06311,Aftermarket Service,Exterior module,PL-12,3959.19,2957.51,25.3,2180,mature
FG-06312,Body-in-white assembly 06312,C-SUV Gen5,Service kit,PL-20,3820.72,2884.64,24.5,1678,run-out
FG-06313,E-drive assembly 06313,Aftermarket Service,Powertrain,PL-02,1556.53,1481.82,4.8,3436,mature
FG-06314,Electrical & electronics assembly 06314,Hybrid D-Sedan,Exterior module,PL-08,2911.15,2375.5,18.4,790,ramp-up
FG-06315,Body-in-white assembly 06315,BEV Crossover,E-drive,PL-02,2687.96,2118.11,21.2,3085,mature
FG-06316,Body-in-white assembly 06316,Aftermarket Service,Service kit,PL-02,273.72,228.01,16.7,3455,mature
FG-06317,E-drive assembly 06317,BEV Compact,Thermal system,PL-16,880.12,788.59,10.4,715,run-out
FG-06318,Powertrain assembly 06318,Pickup Midsize,Body-in-white,PL-18,2502.64,2172.29,13.2,3537,ramp-up
FG-06319,Thermal system assembly 06319,B-Hatch Facelift,Electrical & electronics,PL-14,1836.55,1663.91,9.4,1775,ramp-up
FG-06320,Powertrain assembly 06320,E-Van Commercial,Service kit,PL-14,2530.1,2067.09,18.3,3248,run-out
FG-06321,Exterior module assembly 06321,B-Hatch Facelift,Thermal system,PL-09,844.91,767.18,9.2,3644,mature
FG-06322,Thermal system assembly 06322,C-SUV Gen4,Powertrain,PL-13,2738.5,2144.25,21.7,2986,mature
FG-06323,Body-in-white assembly 06323,C-SUV Gen5,Powertrain,PL-14,1734.12,1633.54,5.8,585,mature
FG-06324,Body-in-white assembly 06324,C-SUV Gen5,Powertrain,PL-12,677.61,529.21,21.9,2521,run-out
FG-06325,Powertrain assembly 06325,Pickup Midsize,Body-in-white,PL-18,2591.6,2412.78,6.9,56,run-out
FG-06326,Electrical & electronics assembly 06326,C-SUV Gen5,Interior module,PL-04,3866.76,3476.22,10.1,2168,run-out
FG-06327,Exterior module assembly 06327,Hybrid D-Sedan,Interior module,PL-19,2255.4,1874.24,16.9,1201,ramp-up
FG-06328,Chassis & suspension assembly 06328,BEV Compact,E-drive,PL-10,3047.05,2373.65,22.1,198,mature
FG-06329,Body-in-white assembly 06329,BEV Crossover,Powertrain,PL-07,2651.43,2073.42,21.8,3600,mature
FG-06330,Thermal system assembly 06330,C-SUV Gen4,Powertrain,PL-19,3603.49,3156.66,12.4,1572,mature
FG-06331,Exterior module assembly 06331,C-SUV Gen5,Body-in-white,PL-14,2820.64,2312.92,18,879,mature
FG-06332,Interior module assembly 06332,D-Sedan,Chassis & suspension,PL-02,2972.24,2517.49,15.3,225,ramp-up
FG-06333,Interior module assembly 06333,Pickup Midsize,Exterior module,PL-13,1256.2,1017.52,19,808,ramp-up
FG-06334,Body-in-white assembly 06334,Aftermarket Service,E-drive,PL-08,1287.79,1028.94,20.1,2929,mature
FG-06335,Thermal system assembly 06335,Aftermarket Service,Body-in-white,PL-13,2395.67,1945.28,18.8,3786,ramp-up
FG-06336,E-drive assembly 06336,BEV Crossover,Powertrain,PL-02,3720.1,2924,21.4,227,mature
FG-06337,Body-in-white assembly 06337,B-Hatch Facelift,Body-in-white,PL-18,2338.24,1863.58,20.3,249,mature
FG-06338,Exterior module assembly 06338,Aftermarket Service,E-drive,PL-18,2036.83,1943.14,4.6,1647,ramp-up
FG-06339,Thermal system assembly 06339,Hybrid D-Sedan,E-drive,PL-20,3646.86,2910.19,20.2,2096,mature
FG-06340,Service kit assembly 06340,E-Van Commercial,Exterior module,PL-20,1870.54,1531.97,18.1,2850,run-out
FG-06341,Interior module assembly 06341,E-Van Commercial,E-drive,PL-17,1065.45,892.85,16.2,2280,mature
FG-06342,Powertrain assembly 06342,Pickup Midsize,Exterior module,PL-15,125.82,119.65,4.9,1938,mature
FG-06343,Interior module assembly 06343,E-Van Commercial,Body-in-white,PL-07,476.1,411.83,13.5,2458,mature
FG-06344,E-drive assembly 06344,B-Hatch Facelift,Thermal system,PL-09,3936.55,3664.93,6.9,637,run-out
FG-06345,Powertrain assembly 06345,BEV Compact,Chassis & suspension,PL-09,461.24,415.58,9.9,2827,mature
FG-06346,Body-in-white assembly 06346,C-SUV Gen4,Exterior module,PL-04,3918.02,3212.78,18,1693,run-out
FG-06347,Thermal system assembly 06347,C-SUV Gen4,Chassis & suspension,PL-16,2950.85,2221.99,24.7,3308,mature
FG-06348,Body-in-white assembly 06348,BEV Compact,Powertrain,PL-17,1434.17,1249.16,12.9,2497,run-out
FG-06349,Thermal system assembly 06349,BEV Compact,Electrical & electronics,PL-08,3094.61,2553.05,17.5,947,run-out
FG-06350,Powertrain assembly 06350,Hybrid D-Sedan,Body-in-white,PL-11,2624.73,2094.53,20.2,42,mature
FG-06351,Service kit assembly 06351,C-SUV Gen4,E-drive,PL-16,4064.11,3869.03,4.8,2434,mature
FG-06352,Service kit assembly 06352,B-Hatch Facelift,Body-in-white,PL-14,4122.47,3339.2,19,3454,run-out
FG-06353,E-drive assembly 06353,C-SUV Gen5,E-drive,PL-13,2770.07,2121.87,23.4,2608,mature
FG-06354,Thermal system assembly 06354,Aftermarket Service,Body-in-white,PL-18,3700.3,3263.66,11.8,1138,run-out
FG-06355,E-drive assembly 06355,BEV Crossover,Service kit,PL-09,509.44,483.46,5.1,754,run-out
FG-06356,Service kit assembly 06356,C-SUV Gen5,Chassis & suspension,PL-09,2608.57,2355.54,9.7,3555,run-out
FG-06357,Service kit assembly 06357,BEV Crossover,Powertrain,PL-12,1147.7,857.33,25.3,1788,mature
FG-06358,Thermal system assembly 06358,C-SUV Gen4,E-drive,PL-09,3757.13,3125.93,16.8,2812,mature
FG-06359,Chassis & suspension assembly 06359,Pickup Midsize,Service kit,PL-02,990.93,752.12,24.1,2316,mature
FG-06360,Electrical & electronics assembly 06360,BEV Compact,Chassis & suspension,PL-08,1587.64,1343.14,15.4,307,ramp-up
FG-06361,Chassis & suspension assembly 06361,C-SUV Gen4,Chassis & suspension,PL-05,3588.11,3189.83,11.1,3156,ramp-up
FG-06362,Exterior module assembly 06362,E-Van Commercial,Powertrain,PL-05,1030.66,857.51,16.8,355,mature
FG-06363,Interior module assembly 06363,B-Hatch Facelift,Exterior module,PL-14,1293.23,1207.88,6.6,2958,mature
FG-06364,Interior module assembly 06364,Pickup Midsize,Chassis & suspension,PL-18,3222.9,2446.18,24.1,3800,mature
FG-06365,Electrical & electronics assembly 06365,C-SUV Gen5,Chassis & suspension,PL-19,2532.49,1879.11,25.8,3169,ramp-up
FG-06366,Electrical & electronics assembly 06366,C-SUV Gen4,Electrical & electronics,PL-07,3689.38,3054.81,17.2,1641,mature
FG-06367,Chassis & suspension assembly 06367,B-Hatch Facelift,Interior module,PL-10,901.51,718.5,20.3,1649,mature
FG-06368,Chassis & suspension assembly 06368,BEV Compact,Chassis & suspension,PL-04,2990.61,2228,25.5,2677,mature
FG-06369,E-drive assembly 06369,E-Van Commercial,Chassis & suspension,PL-10,2432.53,2023.86,16.8,1416,ramp-up
FG-06370,Service kit assembly 06370,BEV Crossover,Chassis & suspension,PL-15,749.82,561.62,25.1,662,mature
FG-06371,Chassis & suspension assembly 06371,Aftermarket Service,Thermal system,PL-08,3001.53,2590.32,13.7,487,run-out
FG-06372,Interior module assembly 06372,BEV Compact,Exterior module,PL-10,2145.09,1904.84,11.2,1949,mature
FG-06373,Electrical & electronics assembly 06373,Aftermarket Service,Body-in-white,PL-02,3130.5,2804.93,10.4,618,ramp-up
FG-06374,Body-in-white assembly 06374,BEV Compact,Powertrain,PL-07,3626.58,3430.74,5.4,210,mature
FG-06375,Exterior module assembly 06375,Aftermarket Service,Body-in-white,PL-12,2014.56,1736.55,13.8,924,mature
FG-06376,Chassis & suspension assembly 06376,Hybrid D-Sedan,Exterior module,PL-01,3563.7,2915.11,18.2,302,run-out
FG-06377,Body-in-white assembly 06377,Hybrid D-Sedan,Exterior module,PL-12,4014.2,3066.85,23.6,2844,mature
FG-06378,E-drive assembly 06378,Aftermarket Service,Interior module,PL-03,427.29,373.88,12.5,541,ramp-up
FG-06379,Electrical & electronics assembly 06379,Pickup Midsize,Exterior module,PL-15,217.43,181.34,16.6,3758,mature
FG-06380,Powertrain assembly 06380,D-Sedan,Electrical & electronics,PL-18,3436.83,2763.21,19.6,1447,mature
FG-06381,Electrical & electronics assembly 06381,C-SUV Gen5,Chassis & suspension,PL-02,4016.99,3209.58,20.1,1951,run-out
FG-06382,Thermal system assembly 06382,BEV Compact,Electrical & electronics,PL-18,1657.61,1413.94,14.7,3147,mature
FG-06383,Powertrain assembly 06383,Hybrid D-Sedan,Thermal system,PL-02,3587.53,3279,8.6,1577,mature
FG-06384,Body-in-white assembly 06384,Pickup Midsize,Electrical & electronics,PL-03,3732.94,3292.45,11.8,2771,mature
FG-06385,Thermal system assembly 06385,BEV Compact,Exterior module,PL-06,1617.78,1287.75,20.4,2493,run-out
FG-06386,Service kit assembly 06386,Aftermarket Service,Exterior module,PL-10,2826.29,2710.41,4.1,3201,mature
FG-06387,Interior module assembly 06387,BEV Compact,Chassis & suspension,PL-04,1027.77,914.72,11,1444,run-out
FG-06388,Powertrain assembly 06388,Hybrid D-Sedan,Body-in-white,PL-16,3888.52,3293.58,15.3,2904,mature
FG-06389,Electrical & electronics assembly 06389,Aftermarket Service,Service kit,PL-04,3151,2725.61,13.5,808,run-out
FG-06390,Thermal system assembly 06390,C-SUV Gen5,Electrical & electronics,PL-13,1065.08,871.24,18.2,898,mature
FG-06391,Exterior module assembly 06391,Hybrid D-Sedan,Thermal system,PL-02,1761.62,1516.75,13.9,2210,mature
FG-06392,Exterior module assembly 06392,Aftermarket Service,Interior module,PL-19,808.13,743.48,8,1714,mature
FG-06393,Chassis & suspension assembly 06393,Aftermarket Service,E-drive,PL-07,2031.65,1556.24,23.4,147,ramp-up
FG-06394,Chassis & suspension assembly 06394,D-Sedan,Chassis & suspension,PL-01,3438.81,3143.07,8.6,1454,mature
FG-06395,Service kit assembly 06395,Hybrid D-Sedan,Interior module,PL-07,2093.11,1676.58,19.9,2073,run-out
FG-06396,Body-in-white assembly 06396,D-Sedan,Interior module,PL-08,1329.36,1144.58,13.9,312,mature
FG-06397,Service kit assembly 06397,Aftermarket Service,Electrical & electronics,PL-15,3685.27,2926.1,20.6,3113,mature
FG-06398,Chassis & suspension assembly 06398,Aftermarket Service,Chassis & suspension,PL-08,2015.34,1684.82,16.4,3762,ramp-up
FG-06399,Thermal system assembly 06399,D-Sedan,Interior module,PL-19,2026.8,1568.74,22.6,2367,ramp-up
FG-06400,Thermal system assembly 06400,B-Hatch Facelift,Interior module,PL-03,1447.83,1240.79,14.3,1048,mature
FG-06401,Thermal system assembly 06401,C-SUV Gen4,Thermal system,PL-18,617.96,553.69,10.4,314,ramp-up
FG-06402,Powertrain assembly 06402,D-Sedan,E-drive,PL-06,2950.59,2410.63,18.3,397,mature
FG-06403,Thermal system assembly 06403,E-Van Commercial,Powertrain,PL-04,1112.8,1044.92,6.1,3773,mature
FG-06404,Thermal system assembly 06404,C-SUV Gen4,Powertrain,PL-19,2937.25,2511.35,14.5,3733,mature
FG-06405,Thermal system assembly 06405,Aftermarket Service,Powertrain,PL-13,1501.34,1339.2,10.8,615,run-out
FG-06406,Interior module assembly 06406,BEV Compact,E-drive,PL-07,1558.52,1324.74,15,297,ramp-up
FG-06407,Thermal system assembly 06407,B-Hatch Facelift,Body-in-white,PL-02,2601.77,2307.77,11.3,2540,ramp-up
FG-06408,Body-in-white assembly 06408,D-Sedan,E-drive,PL-14,884.34,695.09,21.4,1855,run-out
FG-06409,Body-in-white assembly 06409,B-Hatch Facelift,E-drive,PL-06,2087.6,1905.98,8.7,886,run-out
FG-06410,Chassis & suspension assembly 06410,D-Sedan,Exterior module,PL-20,3086.12,2814.54,8.8,2296,run-out
FG-06411,Chassis & suspension assembly 06411,Pickup Midsize,Electrical & electronics,PL-17,979.91,728.07,25.7,1834,ramp-up
FG-06412,Chassis & suspension assembly 06412,C-SUV Gen4,Thermal system,PL-01,308.88,242.16,21.6,1488,mature
FG-06413,Powertrain assembly 06413,C-SUV Gen5,E-drive,PL-15,1829.47,1366.61,25.3,1130,ramp-up
FG-06414,Powertrain assembly 06414,Aftermarket Service,Electrical & electronics,PL-17,1938.46,1440.28,25.7,2690,mature
FG-06415,E-drive assembly 06415,C-SUV Gen5,Electrical & electronics,PL-07,2743.98,2587.57,5.7,385,mature
FG-06416,Chassis & suspension assembly 06416,C-SUV Gen4,Chassis & suspension,PL-16,3698.7,2751.83,25.6,2382,ramp-up
FG-06417,Powertrain assembly 06417,D-Sedan,Body-in-white,PL-04,3880.23,3612.49,6.9,699,mature
FG-06418,Exterior module assembly 06418,Hybrid D-Sedan,Interior module,PL-05,2453.64,2321.14,5.4,2795,mature
FG-06419,Interior module assembly 06419,BEV Crossover,Body-in-white,PL-15,1471.28,1350.64,8.2,57,ramp-up
FG-06420,Service kit assembly 06420,BEV Crossover,Body-in-white,PL-10,2699.68,2065.26,23.5,1748,mature
FG-06421,Thermal system assembly 06421,BEV Crossover,Thermal system,PL-07,2628.68,2037.23,22.5,2077,mature
FG-06422,Electrical & electronics assembly 06422,E-Van Commercial,E-drive,PL-11,2282.79,1794.27,21.4,1389,mature
FG-06423,Body-in-white assembly 06423,D-Sedan,Exterior module,PL-16,2749.65,2331.7,15.2,2064,run-out
FG-06424,Service kit assembly 06424,D-Sedan,Powertrain,PL-18,3045.72,2835.57,6.9,1819,mature
FG-06425,E-drive assembly 06425,C-SUV Gen5,Electrical & electronics,PL-08,319.22,250.59,21.5,3317,run-out
FG-06426,Interior module assembly 06426,BEV Compact,E-drive,PL-04,700.13,583.21,16.7,2269,mature
FG-06427,Powertrain assembly 06427,D-Sedan,E-drive,PL-12,3402.48,2691.36,20.9,3187,mature
FG-06428,Exterior module assembly 06428,BEV Crossover,Electrical & electronics,PL-09,3783.81,3273,13.5,2287,mature
FG-06429,Powertrain assembly 06429,C-SUV Gen4,Interior module,PL-18,2896.74,2598.38,10.3,1821,mature
FG-06430,Electrical & electronics assembly 06430,D-Sedan,Chassis & suspension,PL-08,2757.87,2084.95,24.4,2912,run-out
FG-06431,Electrical & electronics assembly 06431,C-SUV Gen5,Chassis & suspension,PL-15,3953.72,3530.67,10.7,3341,run-out
FG-06432,Service kit assembly 06432,BEV Compact,Powertrain,PL-14,1428.94,1193.16,16.5,303,mature
FG-06433,Electrical & electronics assembly 06433,Aftermarket Service,E-drive,PL-20,3386.72,3112.4,8.1,1905,mature
FG-06434,Powertrain assembly 06434,Pickup Midsize,Body-in-white,PL-08,2666.32,2319.7,13,2036,ramp-up
FG-06435,Interior module assembly 06435,C-SUV Gen4,Service kit,PL-05,317.85,303.86,4.4,1790,mature
FG-06436,E-drive assembly 06436,Pickup Midsize,Interior module,PL-02,2429.2,2118.26,12.8,1823,mature
FG-06437,Chassis & suspension assembly 06437,B-Hatch Facelift,Body-in-white,PL-04,2670.17,2015.98,24.5,3452,mature
FG-06438,Powertrain assembly 06438,BEV Compact,E-drive,PL-09,413.81,336.01,18.8,3378,mature
FG-06439,Exterior module assembly 06439,C-SUV Gen5,Electrical & electronics,PL-13,419.91,366.58,12.7,927,ramp-up
FG-06440,Electrical & electronics assembly 06440,C-SUV Gen4,Service kit,PL-03,2390.67,1836.03,23.2,2697,mature
FG-06441,Powertrain assembly 06441,C-SUV Gen4,Electrical & electronics,PL-08,1173.64,985.86,16,1916,ramp-up
FG-06442,Body-in-white assembly 06442,Aftermarket Service,Exterior module,PL-13,1766.72,1521.15,13.9,577,ramp-up
FG-06443,Thermal system assembly 06443,C-SUV Gen4,Electrical & electronics,PL-18,3420.47,2914.24,14.8,2500,run-out
FG-06444,Interior module assembly 06444,E-Van Commercial,Powertrain,PL-03,2697.52,2589.62,4,20,mature
FG-06445,Service kit assembly 06445,B-Hatch Facelift,E-drive,PL-03,3024.23,2485.92,17.8,3444,mature
FG-06446,E-drive assembly 06446,Pickup Midsize,Chassis & suspension,PL-03,1649.47,1383.91,16.1,3633,mature
FG-06447,Exterior module assembly 06447,B-Hatch Facelift,Electrical & electronics,PL-08,3870.66,2906.87,24.9,40,mature
FG-06448,Chassis & suspension assembly 06448,Hybrid D-Sedan,Body-in-white,PL-09,2201.95,1686.69,23.4,3467,mature
FG-06449,Interior module assembly 06449,B-Hatch Facelift,Chassis & suspension,PL-04,3584.6,3154.45,12,2189,mature
FG-06450,Interior module assembly 06450,D-Sedan,Service kit,PL-19,764.55,591,22.7,1102,ramp-up
FG-06451,E-drive assembly 06451,Hybrid D-Sedan,Chassis & suspension,PL-20,4177.16,3099.45,25.8,1555,mature
FG-06452,Interior module assembly 06452,Pickup Midsize,Powertrain,PL-07,1379.21,1115.78,19.1,1269,mature
FG-06453,Powertrain assembly 06453,E-Van Commercial,E-drive,PL-20,1917.95,1630.26,15,2997,run-out
FG-06454,Electrical & electronics assembly 06454,BEV Compact,Electrical & electronics,PL-02,1437.46,1277.9,11.1,1686,mature
FG-06455,Chassis & suspension assembly 06455,E-Van Commercial,Exterior module,PL-20,2137.19,1861.49,12.9,3060,mature
FG-06456,Body-in-white assembly 06456,Hybrid D-Sedan,Exterior module,PL-01,2327.59,1887.68,18.9,1803,mature
FG-06457,Chassis & suspension assembly 06457,BEV Compact,Chassis & suspension,PL-05,788.01,691.08,12.3,2504,mature
FG-06458,Thermal system assembly 06458,Aftermarket Service,Chassis & suspension,PL-10,3461.8,3323.33,4,202,mature
FG-06459,Body-in-white assembly 06459,Aftermarket Service,Electrical & electronics,PL-03,3403.52,2845.34,16.4,3700,mature
FG-06460,Thermal system assembly 06460,BEV Crossover,Powertrain,PL-16,458.43,422.67,7.8,3343,mature
FG-06461,Exterior module assembly 06461,B-Hatch Facelift,Body-in-white,PL-04,2504.08,1905.6,23.9,475,mature
FG-06462,Body-in-white assembly 06462,C-SUV Gen5,Powertrain,PL-03,4099.16,3922.9,4.3,273,ramp-up
FG-06463,Body-in-white assembly 06463,D-Sedan,Chassis & suspension,PL-14,709.46,614.39,13.4,1972,mature
FG-06464,Body-in-white assembly 06464,C-SUV Gen5,Interior module,PL-13,1116.13,926.39,17,1623,run-out
FG-06465,Body-in-white assembly 06465,Pickup Midsize,Interior module,PL-12,611.01,508.97,16.7,3589,mature
FG-06466,Powertrain assembly 06466,Aftermarket Service,Interior module,PL-18,2234.2,1874.49,16.1,2977,run-out
FG-06467,Exterior module assembly 06467,BEV Crossover,Chassis & suspension,PL-07,2953.87,2498.97,15.4,3282,mature
FG-06468,Thermal system assembly 06468,Hybrid D-Sedan,Interior module,PL-16,2958.11,2570.6,13.1,1180,mature
FG-06469,E-drive assembly 06469,BEV Compact,Exterior module,PL-12,664.16,570.51,14.1,2750,run-out
FG-06470,Exterior module assembly 06470,D-Sedan,Thermal system,PL-11,2529.65,1932.65,23.6,3075,mature
FG-06471,Chassis & suspension assembly 06471,E-Van Commercial,Exterior module,PL-03,1961.16,1472.83,24.9,1047,mature
FG-06472,Chassis & suspension assembly 06472,BEV Compact,Service kit,PL-05,2109.87,1928.42,8.6,228,mature
FG-06473,Exterior module assembly 06473,Aftermarket Service,Interior module,PL-14,3609.48,3302.67,8.5,3336,ramp-up
FG-06474,Electrical & electronics assembly 06474,BEV Compact,Body-in-white,PL-17,2961.26,2588.14,12.6,348,run-out
FG-06475,E-drive assembly 06475,C-SUV Gen4,Body-in-white,PL-14,1566.29,1364.24,12.9,3156,mature
FG-06476,Chassis & suspension assembly 06476,E-Van Commercial,Interior module,PL-20,474.93,391.82,17.5,2005,mature
FG-06477,Interior module assembly 06477,E-Van Commercial,Service kit,PL-01,1628.45,1553.54,4.6,2514,mature
FG-06478,E-drive assembly 06478,C-SUV Gen4,Thermal system,PL-12,3127.82,2671.16,14.6,3377,ramp-up
FG-06479,Thermal system assembly 06479,BEV Compact,Powertrain,PL-01,994.76,922.14,7.3,1723,mature
FG-06480,Body-in-white assembly 06480,Hybrid D-Sedan,Thermal system,PL-19,1579.87,1391.87,11.9,3426,mature
FG-06481,Chassis & suspension assembly 06481,B-Hatch Facelift,Electrical & electronics,PL-02,3068.09,2442.2,20.4,582,mature
FG-06482,Electrical & electronics assembly 06482,E-Van Commercial,Thermal system,PL-08,96.2,78.11,18.8,3084,mature
FG-06483,E-drive assembly 06483,Hybrid D-Sedan,Thermal system,PL-13,3172.61,3029.84,4.5,3338,run-out
FG-06484,Interior module assembly 06484,Aftermarket Service,Service kit,PL-02,2264.31,2055.99,9.2,2648,mature
FG-06485,Thermal system assembly 06485,C-SUV Gen5,Service kit,PL-17,3355.97,2684.78,20,968,mature
FG-06486,Electrical & electronics assembly 06486,E-Van Commercial,Interior module,PL-19,866.28,725.94,16.2,2969,mature
FG-06487,Service kit assembly 06487,Aftermarket Service,Exterior module,PL-10,2261.45,1947.11,13.9,2599,mature
FG-06488,Service kit assembly 06488,Hybrid D-Sedan,Body-in-white,PL-06,990.92,923.54,6.8,2847,run-out
FG-06489,Chassis & suspension assembly 06489,Hybrid D-Sedan,E-drive,PL-14,1620.21,1221.64,24.6,2670,run-out
FG-06490,Service kit assembly 06490,D-Sedan,Powertrain,PL-16,1596.01,1254.46,21.4,215,mature
FG-06491,Electrical & electronics assembly 06491,D-Sedan,Interior module,PL-18,278.42,241.39,13.3,1013,mature
FG-06492,Powertrain assembly 06492,C-SUV Gen4,Body-in-white,PL-06,2000.42,1484.31,25.8,881,mature
FG-06493,Thermal system assembly 06493,D-Sedan,E-drive,PL-10,689.48,522.63,24.2,256,mature
FG-06494,Thermal system assembly 06494,C-SUV Gen5,Service kit,PL-10,66.38,61.87,6.8,806,mature
FG-06495,Powertrain assembly 06495,Pickup Midsize,Service kit,PL-14,2941.21,2482.38,15.6,3222,ramp-up
FG-06496,Powertrain assembly 06496,Aftermarket Service,Chassis & suspension,PL-18,2846.58,2200.41,22.7,2408,ramp-up
FG-06497,Thermal system assembly 06497,Hybrid D-Sedan,Thermal system,PL-11,2938,2318.08,21.1,2767,mature
FG-06498,Powertrain assembly 06498,E-Van Commercial,Thermal system,PL-11,3991.42,3492.49,12.5,623,mature
FG-06499,Body-in-white assembly 06499,Aftermarket Service,Service kit,PL-06,3048.04,2313.46,24.1,1871,mature
FG-06500,Chassis & suspension assembly 06500,BEV Crossover,Service kit,PL-17,2706.2,2105.42,22.2,2986,run-out
FG-06501,Thermal system assembly 06501,Hybrid D-Sedan,Service kit,PL-13,1975.51,1803.64,8.7,3470,mature
FG-06502,Exterior module assembly 06502,Hybrid D-Sedan,Exterior module,PL-08,1933.23,1656.78,14.3,569,run-out
FG-06503,Body-in-white assembly 06503,Aftermarket Service,Body-in-white,PL-07,1252.72,1117.43,10.8,301,mature
FG-06504,Thermal system assembly 06504,BEV Crossover,Thermal system,PL-16,2379.14,2229.25,6.3,3192,run-out
FG-06505,Service kit assembly 06505,BEV Compact,Chassis & suspension,PL-20,3422.34,2912.41,14.9,2545,run-out
FG-06506,Chassis & suspension assembly 06506,C-SUV Gen4,Chassis & suspension,PL-09,696.94,614.7,11.8,2789,mature
FG-06507,Service kit assembly 06507,Pickup Midsize,E-drive,PL-01,1909.56,1817.9,4.8,1202,ramp-up
FG-06508,Powertrain assembly 06508,Hybrid D-Sedan,Body-in-white,PL-07,133.3,99.84,25.1,1064,mature
FG-06509,Exterior module assembly 06509,E-Van Commercial,Powertrain,PL-07,4134.33,3530.72,14.6,3302,mature
FG-06510,Body-in-white assembly 06510,D-Sedan,Body-in-white,PL-01,400.71,375.47,6.3,3104,run-out
FG-06511,Interior module assembly 06511,C-SUV Gen5,Electrical & electronics,PL-02,608.45,453.3,25.5,2835,mature
FG-06512,Powertrain assembly 06512,Pickup Midsize,Exterior module,PL-03,4169.65,3335.72,20,3443,mature
FG-06513,Thermal system assembly 06513,Aftermarket Service,Service kit,PL-15,512.88,425.69,17,840,ramp-up
FG-06514,Chassis & suspension assembly 06514,Hybrid D-Sedan,Electrical & electronics,PL-09,2785.78,2156.19,22.6,2360,mature
FG-06515,E-drive assembly 06515,D-Sedan,Exterior module,PL-12,794.81,658.1,17.2,2808,mature
FG-06516,Powertrain assembly 06516,Aftermarket Service,Body-in-white,PL-13,3537.17,2737.77,22.6,3286,mature
FG-06517,Service kit assembly 06517,BEV Crossover,Exterior module,PL-16,969.94,753.64,22.3,952,ramp-up
FG-06518,Service kit assembly 06518,Aftermarket Service,Thermal system,PL-20,2906.42,2278.63,21.6,2640,mature
FG-06519,E-drive assembly 06519,BEV Compact,Service kit,PL-02,1304.61,978.46,25,1862,ramp-up
FG-06520,Electrical & electronics assembly 06520,E-Van Commercial,E-drive,PL-08,1372.91,1074.99,21.7,2354,mature
FG-06521,Interior module assembly 06521,Pickup Midsize,Exterior module,PL-11,998.01,783.44,21.5,1217,ramp-up
FG-06522,Thermal system assembly 06522,E-Van Commercial,Chassis & suspension,PL-18,1594.95,1441.83,9.6,3490,ramp-up
FG-06523,E-drive assembly 06523,E-Van Commercial,Chassis & suspension,PL-11,519.37,423.29,18.5,89,mature
FG-06524,E-drive assembly 06524,Hybrid D-Sedan,Powertrain,PL-16,2436.97,2237.14,8.2,3646,mature
FG-06525,Interior module assembly 06525,C-SUV Gen5,Electrical & electronics,PL-10,3945.13,3235.01,18,2346,mature
FG-06526,Body-in-white assembly 06526,C-SUV Gen5,Exterior module,PL-05,1306.73,1087.2,16.8,1913,mature
FG-06527,Service kit assembly 06527,E-Van Commercial,Powertrain,PL-11,521.15,395.55,24.1,710,mature
FG-06528,Exterior module assembly 06528,BEV Crossover,Exterior module,PL-05,647.48,527.7,18.5,60,run-out
FG-06529,E-drive assembly 06529,D-Sedan,Powertrain,PL-11,239.88,225.01,6.2,621,run-out
FG-06530,Powertrain assembly 06530,C-SUV Gen5,Service kit,PL-04,1965.17,1790.27,8.9,3716,mature
FG-06531,E-drive assembly 06531,Aftermarket Service,E-drive,PL-18,2937.56,2493.99,15.1,2516,ramp-up
FG-06532,Chassis & suspension assembly 06532,C-SUV Gen5,Exterior module,PL-02,4010.63,3007.97,25,861,mature
FG-06533,Powertrain assembly 06533,BEV Compact,Service kit,PL-03,631.4,536.69,15,3013,mature
FG-06534,Powertrain assembly 06534,Hybrid D-Sedan,Thermal system,PL-17,961.74,772.28,19.7,822,run-out
FG-06535,Service kit assembly 06535,BEV Compact,Service kit,PL-01,631.77,496.57,21.4,3650,mature
FG-06536,Interior module assembly 06536,B-Hatch Facelift,E-drive,PL-13,1380.65,1057.58,23.4,1426,mature
FG-06537,Thermal system assembly 06537,Aftermarket Service,Powertrain,PL-03,2949.38,2350.66,20.3,725,mature
FG-06538,Thermal system assembly 06538,B-Hatch Facelift,Electrical & electronics,PL-04,1465.94,1197.67,18.3,1521,mature
FG-06539,Body-in-white assembly 06539,C-SUV Gen5,Body-in-white,PL-16,2632.48,2121.78,19.4,1602,mature
FG-06540,E-drive assembly 06540,B-Hatch Facelift,Exterior module,PL-03,4009.82,3544.68,11.6,2158,run-out
FG-06541,E-drive assembly 06541,C-SUV Gen4,E-drive,PL-16,414.04,370.57,10.5,3208,mature
FG-06542,Thermal system assembly 06542,E-Van Commercial,Thermal system,PL-05,4115.32,3296.37,19.9,215,mature
FG-06543,Powertrain assembly 06543,Hybrid D-Sedan,Service kit,PL-08,893.94,709.79,20.6,776,run-out
FG-06544,Thermal system assembly 06544,Hybrid D-Sedan,Exterior module,PL-16,3998.47,3570.63,10.7,916,mature
FG-06545,Body-in-white assembly 06545,B-Hatch Facelift,Thermal system,PL-18,2411.16,2201.39,8.7,365,run-out
FG-06546,Body-in-white assembly 06546,D-Sedan,Body-in-white,PL-18,2860.49,2317,19,112,mature
FG-06547,Exterior module assembly 06547,BEV Compact,Service kit,PL-12,3535.95,3362.69,4.9,1145,mature
FG-06548,Electrical & electronics assembly 06548,BEV Compact,Body-in-white,PL-15,3379.97,2636.38,22,584,mature
FG-06549,Exterior module assembly 06549,Pickup Midsize,Interior module,PL-12,1252.05,1165.66,6.9,350,mature
FG-06550,Interior module assembly 06550,Hybrid D-Sedan,Thermal system,PL-01,1585.08,1391.7,12.2,1880,mature
FG-06551,Chassis & suspension assembly 06551,C-SUV Gen4,Exterior module,PL-12,1603.85,1457.9,9.1,2031,mature
FG-06552,Interior module assembly 06552,D-Sedan,Thermal system,PL-03,1655.74,1586.2,4.2,1503,mature
FG-06553,Body-in-white assembly 06553,D-Sedan,Electrical & electronics,PL-13,1258.6,1137.77,9.6,3106,mature
FG-06554,Chassis & suspension assembly 06554,C-SUV Gen5,Interior module,PL-11,1640.8,1319.2,19.6,3645,mature
FG-06555,Electrical & electronics assembly 06555,Pickup Midsize,E-drive,PL-01,2308.55,1923.02,16.7,2108,ramp-up
FG-06556,Chassis & suspension assembly 06556,BEV Compact,Body-in-white,PL-01,4105.25,3863.04,5.9,1474,mature
FG-06557,Body-in-white assembly 06557,BEV Compact,Service kit,PL-02,2143.21,1881.74,12.2,365,mature
FG-06558,Chassis & suspension assembly 06558,Aftermarket Service,Interior module,PL-04,1847.39,1492.69,19.2,994,run-out
FG-06559,Exterior module assembly 06559,Aftermarket Service,Thermal system,PL-20,4096.47,3117.41,23.9,3180,mature
FG-06560,Thermal system assembly 06560,B-Hatch Facelift,Exterior module,PL-08,1011.02,896.77,11.3,3322,mature
FG-06561,Powertrain assembly 06561,D-Sedan,Service kit,PL-11,3163.85,2442.49,22.8,2112,ramp-up
FG-06562,Interior module assembly 06562,Aftermarket Service,Interior module,PL-13,2647.63,2319.32,12.4,2095,ramp-up
FG-06563,E-drive assembly 06563,C-SUV Gen5,E-drive,PL-20,804.61,663,17.6,2621,ramp-up
FG-06564,Service kit assembly 06564,B-Hatch Facelift,Electrical & electronics,PL-06,898.6,841.99,6.3,3548,ramp-up
FG-06565,Chassis & suspension assembly 06565,Aftermarket Service,Body-in-white,PL-20,3124.03,2561.7,18,2562,ramp-up
FG-06566,Chassis & suspension assembly 06566,Pickup Midsize,E-drive,PL-15,1952.35,1470.12,24.7,1236,ramp-up
FG-06567,Exterior module assembly 06567,C-SUV Gen4,Chassis & suspension,PL-02,2435.5,1963.01,19.4,934,mature
FG-06568,Interior module assembly 06568,C-SUV Gen4,Thermal system,PL-11,1451.59,1122.08,22.7,3676,ramp-up
FG-06569,Body-in-white assembly 06569,Hybrid D-Sedan,Exterior module,PL-18,372.8,337.38,9.5,2838,mature
FG-06570,Interior module assembly 06570,Aftermarket Service,Service kit,PL-20,3450.45,2860.42,17.1,1505,mature
FG-06571,Chassis & suspension assembly 06571,Hybrid D-Sedan,Thermal system,PL-14,1917.22,1541.44,19.6,1755,mature
FG-06572,Service kit assembly 06572,Hybrid D-Sedan,Chassis & suspension,PL-01,1976.67,1862.02,5.8,2688,mature
FG-06573,Electrical & electronics assembly 06573,C-SUV Gen4,Service kit,PL-05,1114.78,877.33,21.3,3415,mature
FG-06574,Chassis & suspension assembly 06574,E-Van Commercial,Electrical & electronics,PL-02,4143.84,3385.52,18.3,3452,mature
FG-06575,Interior module assembly 06575,C-SUV Gen5,Exterior module,PL-14,4188.4,3296.27,21.3,509,mature
FG-06576,E-drive assembly 06576,E-Van Commercial,Interior module,PL-14,3403.52,2967.87,12.8,809,mature
FG-06577,Exterior module assembly 06577,C-SUV Gen4,Thermal system,PL-08,2790.11,2109.32,24.4,338,mature
FG-06578,Powertrain assembly 06578,Hybrid D-Sedan,Interior module,PL-12,2657.5,2264.19,14.8,1304,mature
FG-06579,Thermal system assembly 06579,Aftermarket Service,Service kit,PL-10,1268.21,1036.13,18.3,3312,mature
FG-06580,Body-in-white assembly 06580,BEV Compact,Interior module,PL-05,4129.9,3531.06,14.5,3285,mature
FG-06581,Exterior module assembly 06581,D-Sedan,Body-in-white,PL-03,2384.48,1800.28,24.5,344,ramp-up
FG-06582,Body-in-white assembly 06582,Hybrid D-Sedan,Electrical & electronics,PL-19,3394.45,2820.79,16.9,1871,mature
FG-06583,Body-in-white assembly 06583,D-Sedan,Electrical & electronics,PL-18,1341.37,1110.65,17.2,506,ramp-up
FG-06584,Body-in-white assembly 06584,BEV Compact,Powertrain,PL-08,4176.6,3951.06,5.4,1476,mature
FG-06585,Chassis & suspension assembly 06585,D-Sedan,Chassis & suspension,PL-16,584.15,479,18,1958,mature
FG-06586,E-drive assembly 06586,B-Hatch Facelift,Body-in-white,PL-13,4070.76,3484.57,14.4,1864,mature
FG-06587,Powertrain assembly 06587,BEV Compact,Chassis & suspension,PL-02,3828.15,3253.93,15,691,mature
FG-06588,Service kit assembly 06588,C-SUV Gen5,Powertrain,PL-17,1032.47,765.06,25.9,3111,mature
FG-06589,Powertrain assembly 06589,B-Hatch Facelift,Interior module,PL-02,1775.91,1530.83,13.8,3055,run-out
FG-06590,Thermal system assembly 06590,E-Van Commercial,Powertrain,PL-03,4025.56,3184.22,20.9,3011,run-out
FG-06591,Service kit assembly 06591,C-SUV Gen5,Chassis & suspension,PL-18,3539.37,2767.79,21.8,472,ramp-up
FG-06592,Exterior module assembly 06592,E-Van Commercial,Powertrain,PL-06,2119.38,1951.95,7.9,2033,mature
FG-06593,Thermal system assembly 06593,Hybrid D-Sedan,Electrical & electronics,PL-05,1582.09,1395.4,11.8,862,mature
FG-06594,Chassis & suspension assembly 06594,BEV Compact,Chassis & suspension,PL-15,65.99,60.84,7.8,722,mature
FG-06595,Thermal system assembly 06595,BEV Crossover,Exterior module,PL-08,3141.38,2629.34,16.3,3365,mature
FG-06596,Chassis & suspension assembly 06596,BEV Crossover,Body-in-white,PL-05,4017.29,3330.33,17.1,886,mature
FG-06597,Body-in-white assembly 06597,BEV Compact,Thermal system,PL-18,3480.57,2627.83,24.5,3297,ramp-up
FG-06598,Thermal system assembly 06598,C-SUV Gen5,Chassis & suspension,PL-16,3087.27,2645.79,14.3,2990,mature
FG-06599,Chassis & suspension assembly 06599,C-SUV Gen5,Chassis & suspension,PL-06,691.1,610.24,11.7,896,mature
FG-06600,Service kit assembly 06600,Aftermarket Service,Service kit,PL-07,774.16,689,11,3560,run-out
FG-06601,Electrical & electronics assembly 06601,Hybrid D-Sedan,E-drive,PL-03,2184.79,1940.09,11.2,2504,ramp-up
FG-06602,Interior module assembly 06602,Aftermarket Service,Service kit,PL-12,677.65,576,15,143,mature
FG-06603,Electrical & electronics assembly 06603,E-Van Commercial,E-drive,PL-12,2100.98,1844.66,12.2,2844,mature
FG-06604,E-drive assembly 06604,C-SUV Gen4,Chassis & suspension,PL-20,526.04,448.71,14.7,55,ramp-up
FG-06605,Powertrain assembly 06605,E-Van Commercial,Chassis & suspension,PL-10,263.74,237.89,9.8,1323,ramp-up
FG-06606,Interior module assembly 06606,Pickup Midsize,Powertrain,PL-07,2823.45,2583.46,8.5,2654,run-out
FG-06607,Thermal system assembly 06607,C-SUV Gen5,Thermal system,PL-18,364.03,318.16,12.6,3216,mature
FG-06608,Interior module assembly 06608,BEV Crossover,Thermal system,PL-15,567,504.06,11.1,523,mature
FG-06609,Powertrain assembly 06609,C-SUV Gen4,Electrical & electronics,PL-20,3986.93,3787.58,5,1941,mature
FG-06610,Service kit assembly 06610,C-SUV Gen4,Interior module,PL-05,359,297.97,17,3334,ramp-up
FG-06611,Exterior module assembly 06611,E-Van Commercial,Thermal system,PL-02,483.78,385.09,20.4,2928,ramp-up
FG-06612,E-drive assembly 06612,Hybrid D-Sedan,Chassis & suspension,PL-19,3969.15,3699.25,6.8,1227,mature
FG-06613,Powertrain assembly 06613,C-SUV Gen4,E-drive,PL-03,2549.43,2138.97,16.1,2115,mature
FG-06614,Body-in-white assembly 06614,Hybrid D-Sedan,E-drive,PL-09,2361.71,1877.56,20.5,3795,mature
FG-06615,Chassis & suspension assembly 06615,B-Hatch Facelift,Body-in-white,PL-14,2854.35,2511.83,12,2250,mature
FG-06616,Electrical & electronics assembly 06616,BEV Crossover,Service kit,PL-19,2962.68,2663.45,10.1,3456,mature
FG-06617,Powertrain assembly 06617,BEV Compact,Chassis & suspension,PL-16,1311.87,1188.55,9.4,2734,run-out
FG-06618,Service kit assembly 06618,BEV Crossover,Powertrain,PL-19,2912.02,2253.9,22.6,3107,mature
FG-06619,Chassis & suspension assembly 06619,D-Sedan,Interior module,PL-12,3260.37,2601.78,20.2,800,mature
FG-06620,Exterior module assembly 06620,BEV Compact,Body-in-white,PL-02,3865.8,3521.74,8.9,2176,ramp-up
FG-06621,Exterior module assembly 06621,C-SUV Gen5,Electrical & electronics,PL-06,1025.42,948.51,7.5,256,run-out
FG-06622,Chassis & suspension assembly 06622,D-Sedan,E-drive,PL-18,1868.41,1743.23,6.7,1585,mature
FG-06623,Interior module assembly 06623,Aftermarket Service,Thermal system,PL-01,1187.02,893.83,24.7,1327,mature
FG-06624,Exterior module assembly 06624,C-SUV Gen5,E-drive,PL-13,2154.76,1827.24,15.2,1154,run-out
FG-06625,E-drive assembly 06625,D-Sedan,Service kit,PL-11,1986.78,1507.97,24.1,1832,mature
FG-06626,Powertrain assembly 06626,Pickup Midsize,Powertrain,PL-05,712.44,541.45,24,780,mature
FG-06627,E-drive assembly 06627,C-SUV Gen5,Exterior module,PL-19,3975.06,3259.55,18,2150,ramp-up
FG-06628,Electrical & electronics assembly 06628,C-SUV Gen5,Powertrain,PL-17,3238.89,2584.63,20.2,1619,mature
FG-06629,Electrical & electronics assembly 06629,D-Sedan,Thermal system,PL-14,4038.22,3250.77,19.5,2618,run-out
FG-06630,Service kit assembly 06630,D-Sedan,Powertrain,PL-18,2548.67,2110.3,17.2,3487,mature
FG-06631,Exterior module assembly 06631,Hybrid D-Sedan,Electrical & electronics,PL-09,1890.76,1792.44,5.2,937,mature
FG-06632,Service kit assembly 06632,Hybrid D-Sedan,Powertrain,PL-17,1685.55,1395.64,17.2,2259,mature
FG-06633,Service kit assembly 06633,Aftermarket Service,Service kit,PL-12,2412.54,2159.22,10.5,905,ramp-up
FG-06634,Service kit assembly 06634,C-SUV Gen4,E-drive,PL-17,3794.75,3081.34,18.8,2397,ramp-up
FG-06635,E-drive assembly 06635,C-SUV Gen5,Thermal system,PL-07,1365.95,1309.95,4.1,2269,run-out
FG-06636,Powertrain assembly 06636,Aftermarket Service,Interior module,PL-15,1995.12,1532.25,23.2,3003,ramp-up
FG-06637,Interior module assembly 06637,Pickup Midsize,Service kit,PL-07,198.1,188.19,5,1894,mature
FG-06638,Interior module assembly 06638,BEV Crossover,Service kit,PL-17,2491.34,2013,19.2,2785,ramp-up
FG-06639,Thermal system assembly 06639,BEV Compact,Exterior module,PL-15,68.01,52.16,23.3,2515,run-out
FG-06640,Interior module assembly 06640,C-SUV Gen5,Interior module,PL-13,1981.08,1731.46,12.6,1238,mature
FG-06641,Body-in-white assembly 06641,C-SUV Gen5,Thermal system,PL-13,4183.79,3208.97,23.3,2573,mature
FG-06642,Exterior module assembly 06642,Pickup Midsize,Exterior module,PL-16,2457.19,2201.64,10.4,3605,ramp-up
FG-06643,Exterior module assembly 06643,Pickup Midsize,E-drive,PL-05,3519.86,2882.77,18.1,1176,mature
FG-06644,Exterior module assembly 06644,C-SUV Gen4,Exterior module,PL-13,1079.91,1016.2,5.9,3155,mature
FG-06645,Exterior module assembly 06645,Pickup Midsize,Chassis & suspension,PL-10,4084.08,3651.17,10.6,3064,mature
FG-06646,Exterior module assembly 06646,BEV Compact,Thermal system,PL-07,824.05,758.95,7.9,1270,mature
FG-06647,Exterior module assembly 06647,BEV Compact,E-drive,PL-18,169.98,131.9,22.4,883,run-out
FG-06648,Interior module assembly 06648,BEV Compact,Chassis & suspension,PL-12,351.16,263.02,25.1,1062,mature
FG-06649,Electrical & electronics assembly 06649,BEV Crossover,Interior module,PL-09,1623.94,1416.08,12.8,2837,mature
FG-06650,Chassis & suspension assembly 06650,Aftermarket Service,Exterior module,PL-06,501.75,465.12,7.3,996,mature
FG-06651,Powertrain assembly 06651,Aftermarket Service,Powertrain,PL-05,2942.38,2439.23,17.1,3617,mature
FG-06652,Powertrain assembly 06652,D-Sedan,Interior module,PL-11,2477.43,2328.78,6,3630,ramp-up
FG-06653,Interior module assembly 06653,Aftermarket Service,Exterior module,PL-11,2228.92,1731.87,22.3,712,mature
FG-06654,Body-in-white assembly 06654,E-Van Commercial,Exterior module,PL-06,1868.14,1763.52,5.6,1677,run-out
FG-06655,Electrical & electronics assembly 06655,C-SUV Gen4,E-drive,PL-06,3531.62,2913.59,17.5,3147,mature
FG-06656,Thermal system assembly 06656,Aftermarket Service,Powertrain,PL-07,3454.34,2832.56,18,1868,ramp-up
FG-06657,Interior module assembly 06657,Pickup Midsize,Interior module,PL-04,2560.12,1981.53,22.6,2422,mature
FG-06658,Body-in-white assembly 06658,BEV Crossover,Electrical & electronics,PL-20,2769.16,2110.1,23.8,3449,mature
FG-06659,Chassis & suspension assembly 06659,E-Van Commercial,Service kit,PL-07,1487.83,1371.78,7.8,156,mature
FG-06660,E-drive assembly 06660,Hybrid D-Sedan,Exterior module,PL-17,900.6,697.97,22.5,3147,mature
FG-06661,Exterior module assembly 06661,C-SUV Gen4,Electrical & electronics,PL-05,2979.16,2690.18,9.7,1709,ramp-up
FG-06662,Service kit assembly 06662,C-SUV Gen5,Electrical & electronics,PL-17,2673.74,2184.45,18.3,126,mature
FG-06663,Body-in-white assembly 06663,BEV Crossover,E-drive,PL-08,61.65,57.46,6.8,2238,run-out
FG-06664,Chassis & suspension assembly 06664,C-SUV Gen5,Powertrain,PL-17,2367.93,2266.11,4.3,956,mature
FG-06665,Chassis & suspension assembly 06665,C-SUV Gen4,Powertrain,PL-03,3393.22,2911.38,14.2,3004,ramp-up
FG-06666,Body-in-white assembly 06666,C-SUV Gen5,Interior module,PL-10,2673.91,2312.93,13.5,1886,mature
FG-06667,Chassis & suspension assembly 06667,BEV Crossover,Powertrain,PL-14,2049.3,1553.37,24.2,1211,ramp-up
FG-06668,Service kit assembly 06668,B-Hatch Facelift,E-drive,PL-02,411.1,345.32,16,1369,run-out
FG-06669,Exterior module assembly 06669,C-SUV Gen4,Exterior module,PL-13,3255.05,2809.11,13.7,2529,mature
FG-06670,Chassis & suspension assembly 06670,BEV Compact,Exterior module,PL-08,1329.71,1151.53,13.4,1244,ramp-up
FG-06671,E-drive assembly 06671,B-Hatch Facelift,Body-in-white,PL-01,1482.52,1240.87,16.3,3371,mature
FG-06672,E-drive assembly 06672,Pickup Midsize,Exterior module,PL-07,1672.96,1269.78,24.1,355,mature
FG-06673,E-drive assembly 06673,C-SUV Gen4,Service kit,PL-20,1562.9,1247.19,20.2,3417,mature
FG-06674,Service kit assembly 06674,C-SUV Gen4,Interior module,PL-19,2979.24,2270.18,23.8,3297,mature
FG-06675,Service kit assembly 06675,Aftermarket Service,Service kit,PL-14,248.62,203.37,18.2,3018,mature
FG-06676,Electrical & electronics assembly 06676,B-Hatch Facelift,E-drive,PL-03,1954.36,1590.85,18.6,2688,mature
FG-06677,Exterior module assembly 06677,E-Van Commercial,Exterior module,PL-19,1015.61,865.3,14.8,591,ramp-up
FG-06678,Interior module assembly 06678,Aftermarket Service,Powertrain,PL-11,1118.66,1029.17,8,3040,run-out
FG-06679,Chassis & suspension assembly 06679,C-SUV Gen4,Electrical & electronics,PL-06,3935.44,3486.8,11.4,1367,ramp-up
FG-06680,E-drive assembly 06680,Aftermarket Service,Thermal system,PL-04,2834.24,2454.45,13.4,3036,run-out
FG-06681,Interior module assembly 06681,BEV Crossover,Interior module,PL-12,3857.54,3356.06,13,3446,mature
FG-06682,Interior module assembly 06682,C-SUV Gen5,E-drive,PL-10,3332.14,2692.37,19.2,491,mature
FG-06683,Service kit assembly 06683,B-Hatch Facelift,Exterior module,PL-20,1056.37,923.27,12.6,2761,mature
FG-06684,Powertrain assembly 06684,BEV Compact,Electrical & electronics,PL-01,3359.55,2556.62,23.9,1094,ramp-up
FG-06685,Chassis & suspension assembly 06685,BEV Crossover,E-drive,PL-12,3568.61,2815.63,21.1,1822,run-out
FG-06686,Powertrain assembly 06686,BEV Crossover,E-drive,PL-04,2206.94,1668.45,24.4,689,run-out
FG-06687,Body-in-white assembly 06687,B-Hatch Facelift,Exterior module,PL-08,445.36,414.18,7,3333,mature
FG-06688,Exterior module assembly 06688,Aftermarket Service,Interior module,PL-04,45.31,34.71,23.4,1575,mature
FG-06689,Interior module assembly 06689,C-SUV Gen5,Exterior module,PL-20,1484.29,1273.52,14.2,35,ramp-up
FG-06690,E-drive assembly 06690,BEV Crossover,Thermal system,PL-15,263.34,226.47,14,2350,mature
FG-06691,Thermal system assembly 06691,D-Sedan,Powertrain,PL-11,2171.88,1859.13,14.4,2348,mature
FG-06692,Interior module assembly 06692,C-SUV Gen4,Thermal system,PL-02,3494.59,3183.57,8.9,2870,run-out
FG-06693,Exterior module assembly 06693,E-Van Commercial,Service kit,PL-07,2640.58,2006.84,24,1749,mature
FG-06694,Service kit assembly 06694,BEV Compact,Chassis & suspension,PL-09,1644.68,1240.09,24.6,1652,ramp-up
FG-06695,Interior module assembly 06695,BEV Crossover,Body-in-white,PL-18,1695.98,1299.12,23.4,2199,run-out
FG-06696,Body-in-white assembly 06696,C-SUV Gen5,Exterior module,PL-04,1003.49,772.69,23,833,mature
FG-06697,Service kit assembly 06697,Pickup Midsize,Interior module,PL-12,3309.04,3074.1,7.1,2419,mature
FG-06698,Electrical & electronics assembly 06698,Pickup Midsize,Thermal system,PL-09,3807.34,3578.9,6,3574,mature
FG-06699,Exterior module assembly 06699,Hybrid D-Sedan,Electrical & electronics,PL-10,2333.23,2020.58,13.4,852,mature
FG-06700,Exterior module assembly 06700,Hybrid D-Sedan,Service kit,PL-18,2266.16,1763.07,22.2,117,mature
FG-06701,Electrical & electronics assembly 06701,C-SUV Gen4,Thermal system,PL-04,3461.77,2745.18,20.7,628,ramp-up
FG-06702,Body-in-white assembly 06702,BEV Compact,Interior module,PL-16,1675.74,1340.59,20,2994,mature
FG-06703,Interior module assembly 06703,C-SUV Gen4,Powertrain,PL-13,2789.77,2217.87,20.5,3182,run-out
FG-06704,Powertrain assembly 06704,E-Van Commercial,Thermal system,PL-10,1979.82,1811.54,8.5,2838,mature
FG-06705,Thermal system assembly 06705,BEV Compact,Exterior module,PL-20,2616.43,1972.79,24.6,1874,run-out
FG-06706,Powertrain assembly 06706,D-Sedan,Chassis & suspension,PL-11,107.36,85.67,20.2,3592,mature
FG-06707,Thermal system assembly 06707,BEV Crossover,E-drive,PL-05,1317.26,1244.81,5.5,2074,mature
FG-06708,Body-in-white assembly 06708,C-SUV Gen5,Thermal system,PL-06,619.69,571.35,7.8,1006,mature
FG-06709,E-drive assembly 06709,BEV Crossover,Exterior module,PL-07,3991.22,3448.41,13.6,3440,mature
FG-06710,Thermal system assembly 06710,Hybrid D-Sedan,Chassis & suspension,PL-15,1427.72,1347.77,5.6,2726,mature
FG-06711,Body-in-white assembly 06711,E-Van Commercial,Body-in-white,PL-13,4022.93,3709.14,7.8,1102,ramp-up
FG-06712,Interior module assembly 06712,Aftermarket Service,Powertrain,PL-10,284.09,211.08,25.7,3000,run-out
FG-06713,Powertrain assembly 06713,B-Hatch Facelift,E-drive,PL-01,2039.87,1695.13,16.9,1962,ramp-up
FG-06714,E-drive assembly 06714,C-SUV Gen4,Interior module,PL-08,1275.39,1003.73,21.3,2776,mature
FG-06715,Thermal system assembly 06715,C-SUV Gen4,Thermal system,PL-11,4094.54,3533.59,13.7,3195,run-out
FG-06716,Chassis & suspension assembly 06716,Aftermarket Service,Chassis & suspension,PL-07,539.35,401.82,25.5,3312,mature
FG-06717,Exterior module assembly 06717,Pickup Midsize,Exterior module,PL-06,3226.67,2884.64,10.6,987,ramp-up
FG-06718,Powertrain assembly 06718,Hybrid D-Sedan,Powertrain,PL-06,1066.99,790.64,25.9,3582,mature
FG-06719,Chassis & suspension assembly 06719,E-Van Commercial,Service kit,PL-04,2575.41,2006.24,22.1,3066,mature
FG-06720,Electrical & electronics assembly 06720,Hybrid D-Sedan,Electrical & electronics,PL-19,2574.86,2162.88,16,1456,mature
FG-06721,Interior module assembly 06721,Aftermarket Service,Thermal system,PL-17,1096.48,1035.08,5.6,3412,ramp-up
FG-06722,Service kit assembly 06722,Pickup Midsize,Service kit,PL-09,3842.18,2931.58,23.7,2444,mature
FG-06723,Body-in-white assembly 06723,Hybrid D-Sedan,Thermal system,PL-05,54.4,42.05,22.7,2343,mature
FG-06724,Powertrain assembly 06724,Aftermarket Service,Exterior module,PL-07,893.06,819.83,8.2,1971,mature
FG-06725,Thermal system assembly 06725,E-Van Commercial,Powertrain,PL-16,1204.67,898.68,25.4,140,ramp-up
FG-06726,Body-in-white assembly 06726,B-Hatch Facelift,Chassis & suspension,PL-11,1798.67,1424.55,20.8,1683,ramp-up
FG-06727,Electrical & electronics assembly 06727,BEV Compact,Interior module,PL-17,820.92,674.8,17.8,2003,run-out
FG-06728,Powertrain assembly 06728,E-Van Commercial,Electrical & electronics,PL-14,4084.43,3504.44,14.2,3069,mature
FG-06729,Body-in-white assembly 06729,C-SUV Gen5,E-drive,PL-15,342.17,279.9,18.2,333,ramp-up
FG-06730,Powertrain assembly 06730,B-Hatch Facelift,Interior module,PL-09,1222.21,916.66,25,1079,mature
FG-06731,Powertrain assembly 06731,C-SUV Gen5,Powertrain,PL-11,399.93,309.55,22.6,2374,mature
FG-06732,Service kit assembly 06732,D-Sedan,Thermal system,PL-19,1587.5,1516.06,4.5,428,run-out
FG-06733,Service kit assembly 06733,BEV Compact,Exterior module,PL-15,3155.46,2808.36,11,1155,mature
FG-06734,Electrical & electronics assembly 06734,B-Hatch Facelift,Powertrain,PL-17,1711.61,1304.25,23.8,1655,mature
FG-06735,Body-in-white assembly 06735,BEV Crossover,E-drive,PL-07,2171.93,1720.17,20.8,3132,mature
FG-06736,Service kit assembly 06736,Pickup Midsize,Service kit,PL-01,1083.85,902.85,16.7,2305,mature
FG-06737,Service kit assembly 06737,BEV Crossover,Body-in-white,PL-07,1371.58,1078.06,21.4,2905,mature
FG-06738,Exterior module assembly 06738,Hybrid D-Sedan,Chassis & suspension,PL-09,333.71,312.35,6.4,1890,ramp-up
FG-06739,Powertrain assembly 06739,BEV Crossover,Electrical & electronics,PL-16,752.96,685.19,9,3305,mature
FG-06740,Exterior module assembly 06740,BEV Compact,Chassis & suspension,PL-18,3568.09,2697.48,24.4,3074,mature
FG-06741,Service kit assembly 06741,D-Sedan,Powertrain,PL-10,2883.08,2485.21,13.8,1450,run-out
FG-06742,Thermal system assembly 06742,Pickup Midsize,Service kit,PL-18,4088.42,3773.61,7.7,1507,mature
FG-06743,Thermal system assembly 06743,Pickup Midsize,Thermal system,PL-16,2769.62,2257.24,18.5,1270,ramp-up
FG-06744,Thermal system assembly 06744,C-SUV Gen4,Powertrain,PL-08,3347.91,2507.58,25.1,2134,mature
FG-06745,E-drive assembly 06745,B-Hatch Facelift,Chassis & suspension,PL-11,2663.1,2415.43,9.3,3349,mature
FG-06746,Exterior module assembly 06746,D-Sedan,Powertrain,PL-14,823.68,654.83,20.5,1469,mature
FG-06747,Body-in-white assembly 06747,C-SUV Gen5,Electrical & electronics,PL-15,1929.06,1830.68,5.1,2319,mature
FG-06748,Interior module assembly 06748,B-Hatch Facelift,Chassis & suspension,PL-06,509.01,418.92,17.7,121,mature
FG-06749,Service kit assembly 06749,BEV Compact,Service kit,PL-09,3540.29,2835.77,19.9,3170,ramp-up
FG-06750,Service kit assembly 06750,BEV Compact,Electrical & electronics,PL-10,785.48,651.16,17.1,196,mature
FG-06751,E-drive assembly 06751,E-Van Commercial,Powertrain,PL-10,3948.97,2934.08,25.7,3527,mature
FG-06752,Exterior module assembly 06752,C-SUV Gen5,Exterior module,PL-09,915.17,687.29,24.9,2694,run-out
FG-06753,Interior module assembly 06753,C-SUV Gen5,Body-in-white,PL-09,3733.88,2766.81,25.9,2392,mature
FG-06754,Body-in-white assembly 06754,Aftermarket Service,Thermal system,PL-15,3377.85,2847.53,15.7,1133,run-out
FG-06755,Interior module assembly 06755,E-Van Commercial,Chassis & suspension,PL-06,1627.58,1341.13,17.6,1325,mature
FG-06756,Chassis & suspension assembly 06756,B-Hatch Facelift,Powertrain,PL-10,3743.19,3544.8,5.3,1630,mature
FG-06757,Exterior module assembly 06757,Pickup Midsize,Thermal system,PL-07,1008.61,799.83,20.7,1845,mature
FG-06758,E-drive assembly 06758,C-SUV Gen5,Powertrain,PL-18,1317.89,1134.7,13.9,1401,mature
FG-06759,Thermal system assembly 06759,B-Hatch Facelift,Service kit,PL-19,3928.67,3186.15,18.9,2832,run-out
FG-06760,Body-in-white assembly 06760,Pickup Midsize,Interior module,PL-03,1482.93,1380.61,6.9,1286,ramp-up
FG-06761,Thermal system assembly 06761,Pickup Midsize,Interior module,PL-08,984.8,883.37,10.3,1707,mature
FG-06762,E-drive assembly 06762,Aftermarket Service,Interior module,PL-06,1410.72,1248.49,11.5,3146,ramp-up
FG-06763,Electrical & electronics assembly 06763,Pickup Midsize,Body-in-white,PL-13,2741.58,2344.05,14.5,3177,mature
FG-06764,Interior module assembly 06764,Hybrid D-Sedan,Electrical & electronics,PL-01,712.29,613.99,13.8,3483,ramp-up
FG-06765,E-drive assembly 06765,D-Sedan,Body-in-white,PL-04,518.31,448.86,13.4,1509,mature
FG-06766,Service kit assembly 06766,BEV Compact,Interior module,PL-08,3774.51,3412.16,9.6,2189,mature
FG-06767,Exterior module assembly 06767,Aftermarket Service,Body-in-white,PL-20,1966.19,1494.3,24,620,mature
FG-06768,Service kit assembly 06768,Pickup Midsize,Interior module,PL-15,1322.23,1170.17,11.5,3718,run-out
FG-06769,Exterior module assembly 06769,C-SUV Gen4,Powertrain,PL-19,165.53,136.73,17.4,130,run-out
FG-06770,Electrical & electronics assembly 06770,C-SUV Gen4,Body-in-white,PL-09,1840.5,1634.36,11.2,3155,mature
FG-06771,Body-in-white assembly 06771,Pickup Midsize,Powertrain,PL-02,892.91,771.47,13.6,332,mature
FG-06772,Powertrain assembly 06772,B-Hatch Facelift,Body-in-white,PL-15,671.75,609.28,9.3,2511,ramp-up
FG-06773,Interior module assembly 06773,D-Sedan,Powertrain,PL-04,4183.4,3246.32,22.4,3363,run-out
FG-06774,Exterior module assembly 06774,Aftermarket Service,Chassis & suspension,PL-14,3127.96,2467.96,21.1,567,mature
FG-06775,Powertrain assembly 06775,Hybrid D-Sedan,Chassis & suspension,PL-12,2512.72,2354.42,6.3,3054,ramp-up
FG-06776,Chassis & suspension assembly 06776,B-Hatch Facelift,E-drive,PL-12,1897.88,1550.57,18.3,1620,mature
FG-06777,Chassis & suspension assembly 06777,BEV Compact,Service kit,PL-01,3909.43,3154.91,19.3,1225,mature
FG-06778,Service kit assembly 06778,Aftermarket Service,E-drive,PL-07,159.2,121.63,23.6,1533,mature
FG-06779,Chassis & suspension assembly 06779,D-Sedan,Service kit,PL-09,1052.14,885.9,15.8,1315,ramp-up
FG-06780,Chassis & suspension assembly 06780,B-Hatch Facelift,Powertrain,PL-15,1450.73,1343.38,7.4,266,run-out
FG-06781,Body-in-white assembly 06781,E-Van Commercial,Body-in-white,PL-18,2691.66,2376.74,11.7,1991,ramp-up
FG-06782,Electrical & electronics assembly 06782,Pickup Midsize,Chassis & suspension,PL-12,3699.6,3522.02,4.8,3055,mature
FG-06783,Powertrain assembly 06783,C-SUV Gen4,Thermal system,PL-03,2748.23,2069.42,24.7,2118,ramp-up
FG-06784,Thermal system assembly 06784,C-SUV Gen5,Interior module,PL-10,1558.43,1357.39,12.9,2689,mature
FG-06785,E-drive assembly 06785,BEV Crossover,Chassis & suspension,PL-14,3423.67,2882.73,15.8,1939,mature
FG-06786,Electrical & electronics assembly 06786,Hybrid D-Sedan,Thermal system,PL-12,1207.55,981.74,18.7,3378,run-out
FG-06787,Electrical & electronics assembly 06787,C-SUV Gen4,Service kit,PL-11,918.6,863.48,6,473,mature
FG-06788,Electrical & electronics assembly 06788,Hybrid D-Sedan,Interior module,PL-06,1917.17,1781.05,7.1,3029,run-out
FG-06789,Chassis & suspension assembly 06789,D-Sedan,Chassis & suspension,PL-19,234.6,195.19,16.8,482,mature
FG-06790,Chassis & suspension assembly 06790,Aftermarket Service,Thermal system,PL-07,2539.54,2265.27,10.8,1989,mature
FG-06791,Body-in-white assembly 06791,D-Sedan,Interior module,PL-02,891.41,788.01,11.6,2084,ramp-up
FG-06792,Service kit assembly 06792,B-Hatch Facelift,Service kit,PL-07,3846.17,3542.32,7.9,446,mature
FG-06793,Interior module assembly 06793,Hybrid D-Sedan,E-drive,PL-07,3419.13,2998.58,12.3,162,mature
FG-06794,E-drive assembly 06794,Pickup Midsize,Exterior module,PL-18,2555.04,2136.01,16.4,3393,mature
FG-06795,Powertrain assembly 06795,BEV Compact,Service kit,PL-12,3385.38,2769.24,18.2,661,mature
FG-06796,Electrical & electronics assembly 06796,Aftermarket Service,Service kit,PL-20,1977.73,1720.63,13,2903,mature
FG-06797,Thermal system assembly 06797,B-Hatch Facelift,Body-in-white,PL-07,2042.49,1781.05,12.8,2872,mature
FG-06798,Exterior module assembly 06798,B-Hatch Facelift,Electrical & electronics,PL-05,1891.64,1770.58,6.4,1996,mature
FG-06799,Chassis & suspension assembly 06799,Hybrid D-Sedan,Body-in-white,PL-07,354.74,301.53,15,608,ramp-up
FG-06800,Service kit assembly 06800,B-Hatch Facelift,Chassis & suspension,PL-08,877.16,685.94,21.8,699,mature
FG-06801,Electrical & electronics assembly 06801,E-Van Commercial,Exterior module,PL-12,1335.46,1075.05,19.5,2294,mature
FG-06802,Body-in-white assembly 06802,Pickup Midsize,Exterior module,PL-06,2809.91,2256.36,19.7,1005,mature
FG-06803,Electrical & electronics assembly 06803,C-SUV Gen4,Thermal system,PL-20,4074.3,3911.33,4,1897,mature
FG-06804,Body-in-white assembly 06804,C-SUV Gen4,Thermal system,PL-14,2577.85,2235,13.3,497,run-out
FG-06805,Service kit assembly 06805,E-Van Commercial,Body-in-white,PL-06,1919.36,1454.87,24.2,2800,ramp-up
FG-06806,Thermal system assembly 06806,Pickup Midsize,E-drive,PL-19,883.51,806.64,8.7,1087,mature
FG-06807,Service kit assembly 06807,C-SUV Gen5,Service kit,PL-17,1434.4,1117.4,22.1,71,ramp-up
FG-06808,Electrical & electronics assembly 06808,B-Hatch Facelift,E-drive,PL-20,2426.2,2127.78,12.3,2639,mature
FG-06809,Powertrain assembly 06809,Pickup Midsize,Electrical & electronics,PL-04,3961.05,3584.75,9.5,554,mature
FG-06810,Electrical & electronics assembly 06810,BEV Compact,E-drive,PL-01,1619.14,1368.17,15.5,368,mature
FG-06811,Chassis & suspension assembly 06811,E-Van Commercial,Thermal system,PL-09,3800.95,3470.27,8.7,1364,mature
FG-06812,Interior module assembly 06812,Aftermarket Service,Body-in-white,PL-09,1546.69,1184.76,23.4,1146,mature
FG-06813,Thermal system assembly 06813,D-Sedan,Interior module,PL-08,3017.96,2568.28,14.9,2411,run-out
FG-06814,Interior module assembly 06814,E-Van Commercial,Powertrain,PL-08,3836.53,3145.95,18,1997,run-out
FG-06815,E-drive assembly 06815,C-SUV Gen4,Interior module,PL-18,1310.37,970.98,25.9,3800,ramp-up
FG-06816,Service kit assembly 06816,E-Van Commercial,Service kit,PL-19,2686.83,2450.39,8.8,2622,mature
FG-06817,Interior module assembly 06817,C-SUV Gen4,Body-in-white,PL-08,2503.05,2395.42,4.3,3233,mature
FG-06818,Service kit assembly 06818,C-SUV Gen4,Exterior module,PL-14,3823.47,3142.89,17.8,2800,mature
FG-06819,E-drive assembly 06819,BEV Crossover,Exterior module,PL-16,264.65,220.45,16.7,971,mature
FG-06820,Electrical & electronics assembly 06820,D-Sedan,Chassis & suspension,PL-11,1907.18,1518.12,20.4,3569,run-out
FG-06821,Powertrain assembly 06821,Aftermarket Service,Service kit,PL-05,1219.82,969.76,20.5,1014,ramp-up
FG-06822,E-drive assembly 06822,BEV Compact,E-drive,PL-14,3645.79,2978.61,18.3,846,mature
FG-06823,E-drive assembly 06823,Aftermarket Service,Body-in-white,PL-02,2356.34,1771.97,24.8,943,ramp-up
FG-06824,Chassis & suspension assembly 06824,D-Sedan,Powertrain,PL-03,1046.36,794.19,24.1,1730,mature
FG-06825,Thermal system assembly 06825,BEV Compact,Exterior module,PL-09,1672.34,1520.16,9.1,660,mature
FG-06826,Powertrain assembly 06826,Hybrid D-Sedan,Powertrain,PL-19,2837.38,2142.22,24.5,3003,mature
FG-06827,Exterior module assembly 06827,C-SUV Gen4,Interior module,PL-05,513.5,419.02,18.4,3571,run-out
FG-06828,E-drive assembly 06828,BEV Compact,E-drive,PL-13,3566.01,3245.07,9,3650,mature
FG-06829,Electrical & electronics assembly 06829,C-SUV Gen5,Body-in-white,PL-19,1755.21,1472.62,16.1,2645,run-out
FG-06830,Chassis & suspension assembly 06830,C-SUV Gen5,Chassis & suspension,PL-04,2555.17,2016.03,21.1,2259,mature
FG-06831,Chassis & suspension assembly 06831,Pickup Midsize,Electrical & electronics,PL-04,3829.76,2964.23,22.6,498,mature
FG-06832,E-drive assembly 06832,Pickup Midsize,Interior module,PL-17,2085.83,1866.82,10.5,1990,ramp-up
FG-06833,Exterior module assembly 06833,Pickup Midsize,Exterior module,PL-01,3063.57,2680.62,12.5,3014,mature
FG-06834,Chassis & suspension assembly 06834,C-SUV Gen5,Interior module,PL-18,1424.13,1187.72,16.6,404,mature
FG-06835,Service kit assembly 06835,Aftermarket Service,Exterior module,PL-06,169.31,153.56,9.3,1622,mature
FG-06836,Interior module assembly 06836,Pickup Midsize,Chassis & suspension,PL-10,3313.58,2611.1,21.2,1996,mature
FG-06837,Interior module assembly 06837,D-Sedan,Interior module,PL-12,2583.14,2477.23,4.1,942,mature
FG-06838,Service kit assembly 06838,BEV Compact,Interior module,PL-11,3847.27,3027.8,21.3,467,run-out
FG-06839,Interior module assembly 06839,Hybrid D-Sedan,Interior module,PL-06,1871.86,1744.57,6.8,1066,mature
FG-06840,E-drive assembly 06840,Aftermarket Service,Chassis & suspension,PL-08,3115.05,2682.06,13.9,2593,mature
FG-06841,E-drive assembly 06841,C-SUV Gen5,Electrical & electronics,PL-19,1000.14,910.13,9,2517,ramp-up
FG-06842,Thermal system assembly 06842,C-SUV Gen5,Electrical & electronics,PL-14,3385.68,2539.26,25,2938,ramp-up
FG-06843,Body-in-white assembly 06843,B-Hatch Facelift,Powertrain,PL-10,47.68,41.72,12.5,3649,mature
FG-06844,Thermal system assembly 06844,Aftermarket Service,Chassis & suspension,PL-05,3134.08,2927.23,6.6,163,ramp-up
FG-06845,Interior module assembly 06845,C-SUV Gen5,Exterior module,PL-16,2701.38,2309.68,14.5,1832,run-out
FG-06846,Powertrain assembly 06846,C-SUV Gen5,E-drive,PL-14,3533.46,2847.97,19.4,1986,mature
FG-06847,Thermal system assembly 06847,C-SUV Gen5,Chassis & suspension,PL-12,1972.58,1692.47,14.2,2193,mature
FG-06848,Chassis & suspension assembly 06848,Pickup Midsize,Thermal system,PL-12,2482.56,1998.46,19.5,3675,mature
FG-06849,Electrical & electronics assembly 06849,D-Sedan,Service kit,PL-07,3309.19,2640.73,20.2,3676,mature
FG-06850,Service kit assembly 06850,Pickup Midsize,Chassis & suspension,PL-19,1097.78,880.42,19.8,580,ramp-up
FG-06851,Powertrain assembly 06851,Aftermarket Service,Electrical & electronics,PL-16,2002.92,1748.55,12.7,218,mature
FG-06852,Chassis & suspension assembly 06852,Hybrid D-Sedan,Chassis & suspension,PL-03,1895.43,1738.11,8.3,651,mature
FG-06853,Interior module assembly 06853,B-Hatch Facelift,Exterior module,PL-04,2146.46,1785.85,16.8,842,mature
FG-06854,Powertrain assembly 06854,BEV Crossover,Service kit,PL-15,2818.85,2218.43,21.3,2934,mature
FG-06855,Chassis & suspension assembly 06855,BEV Crossover,Electrical & electronics,PL-15,2350.62,1849.94,21.3,589,mature
FG-06856,Interior module assembly 06856,C-SUV Gen4,Exterior module,PL-07,3730.66,3047.95,18.3,2539,mature
FG-06857,E-drive assembly 06857,C-SUV Gen5,Exterior module,PL-11,2236.61,2068.86,7.5,601,ramp-up
FG-06858,Service kit assembly 06858,E-Van Commercial,Powertrain,PL-07,439.92,348.86,20.7,3157,mature
FG-06859,Thermal system assembly 06859,C-SUV Gen5,Service kit,PL-09,618.13,481.52,22.1,1745,mature
FG-06860,Thermal system assembly 06860,D-Sedan,Body-in-white,PL-16,3659.3,3340.94,8.7,3123,ramp-up
FG-06861,Thermal system assembly 06861,Pickup Midsize,Electrical & electronics,PL-17,1993.63,1832.15,8.1,2009,mature
FG-06862,E-drive assembly 06862,C-SUV Gen5,Chassis & suspension,PL-01,3947.3,3296,16.5,378,mature
FG-06863,Exterior module assembly 06863,C-SUV Gen4,Electrical & electronics,PL-09,2263.45,2039.37,9.9,1471,mature
FG-06864,Thermal system assembly 06864,E-Van Commercial,Powertrain,PL-18,3130.41,2926.93,6.5,1210,ramp-up
FG-06865,Service kit assembly 06865,C-SUV Gen4,Electrical & electronics,PL-03,3532.05,2631.38,25.5,3474,ramp-up
FG-06866,E-drive assembly 06866,Hybrid D-Sedan,Exterior module,PL-20,4175.33,3803.73,8.9,2532,run-out
FG-06867,Body-in-white assembly 06867,BEV Compact,Electrical & electronics,PL-15,3980.14,3414.96,14.2,687,ramp-up
FG-06868,Body-in-white assembly 06868,D-Sedan,Electrical & electronics,PL-01,1061.13,869.07,18.1,627,mature
FG-06869,Service kit assembly 06869,C-SUV Gen4,Chassis & suspension,PL-18,201.93,175.88,12.9,2752,mature
FG-06870,Service kit assembly 06870,BEV Crossover,Exterior module,PL-06,1891.42,1477.2,21.9,3670,ramp-up
FG-06871,Exterior module assembly 06871,BEV Compact,Chassis & suspension,PL-16,2007.28,1780.46,11.3,3440,run-out
FG-06872,Exterior module assembly 06872,C-SUV Gen4,Electrical & electronics,PL-12,2146.61,1977.03,7.9,2662,run-out
FG-06873,Thermal system assembly 06873,C-SUV Gen4,E-drive,PL-01,1518.89,1146.76,24.5,733,mature
FG-06874,Exterior module assembly 06874,E-Van Commercial,Body-in-white,PL-01,3641.01,3091.22,15.1,2861,mature
FG-06875,Body-in-white assembly 06875,Hybrid D-Sedan,E-drive,PL-09,439.52,385.9,12.2,1788,mature
FG-06876,Thermal system assembly 06876,C-SUV Gen5,Chassis & suspension,PL-18,240.08,220.87,8,2279,mature
FG-06877,Service kit assembly 06877,BEV Crossover,Service kit,PL-18,4079.11,3377.5,17.2,1435,run-out
FG-06878,Body-in-white assembly 06878,Pickup Midsize,Powertrain,PL-07,972.58,817.94,15.9,421,mature
FG-06879,Thermal system assembly 06879,E-Van Commercial,Thermal system,PL-02,2917.05,2374.48,18.6,2261,mature
FG-06880,E-drive assembly 06880,C-SUV Gen5,Interior module,PL-05,3282.8,3020.18,8,3249,run-out
FG-06881,Powertrain assembly 06881,B-Hatch Facelift,Body-in-white,PL-07,4024.29,3847.22,4.4,667,ramp-up
FG-06882,Chassis & suspension assembly 06882,BEV Crossover,Chassis & suspension,PL-02,3677.68,3328.3,9.5,1681,mature
FG-06883,Powertrain assembly 06883,Hybrid D-Sedan,Powertrain,PL-09,160.6,123.98,22.8,3177,ramp-up
FG-06884,Interior module assembly 06884,Hybrid D-Sedan,Thermal system,PL-16,64.08,50.37,21.4,3018,mature
FG-06885,Powertrain assembly 06885,B-Hatch Facelift,Thermal system,PL-11,1196.7,1047.11,12.5,1148,mature
FG-06886,Exterior module assembly 06886,B-Hatch Facelift,Exterior module,PL-07,2395.89,2285.68,4.6,1875,ramp-up
FG-06887,Powertrain assembly 06887,D-Sedan,Thermal system,PL-17,3211.47,2954.55,8,2205,ramp-up
FG-06888,Powertrain assembly 06888,C-SUV Gen5,Interior module,PL-15,1771.28,1427.65,19.4,273,mature
FG-06889,Electrical & electronics assembly 06889,B-Hatch Facelift,Body-in-white,PL-07,3294.14,2819.78,14.4,1168,mature
FG-06890,Electrical & electronics assembly 06890,Hybrid D-Sedan,Service kit,PL-18,1854.84,1634.11,11.9,1255,mature
FG-06891,Powertrain assembly 06891,Pickup Midsize,Body-in-white,PL-18,1881.47,1616.18,14.1,145,ramp-up
FG-06892,Chassis & suspension assembly 06892,D-Sedan,Body-in-white,PL-05,439.81,356.69,18.9,2506,mature
FG-06893,Interior module assembly 06893,C-SUV Gen4,Exterior module,PL-17,939.96,772.65,17.8,2147,ramp-up
FG-06894,Chassis & suspension assembly 06894,Aftermarket Service,Interior module,PL-13,95.21,74.84,21.4,1315,ramp-up
FG-06895,E-drive assembly 06895,B-Hatch Facelift,Exterior module,PL-17,2148,2029.86,5.5,928,mature
FG-06896,Chassis & suspension assembly 06896,Aftermarket Service,Exterior module,PL-06,2193.11,1829.05,16.6,3323,mature
FG-06897,E-drive assembly 06897,BEV Crossover,Service kit,PL-14,923.07,727.38,21.2,1073,mature
FG-06898,Powertrain assembly 06898,D-Sedan,E-drive,PL-09,935.73,698.99,25.3,1010,mature
FG-06899,Service kit assembly 06899,E-Van Commercial,Service kit,PL-05,1223.96,910.63,25.6,273,mature
FG-06900,Powertrain assembly 06900,D-Sedan,Service kit,PL-01,2312.68,2065.22,10.7,1353,mature
FG-06901,Electrical & electronics assembly 06901,B-Hatch Facelift,Interior module,PL-20,1267.92,1095.48,13.6,1849,run-out
FG-06902,Thermal system assembly 06902,C-SUV Gen4,E-drive,PL-19,1508.16,1248.76,17.2,534,run-out
FG-06903,E-drive assembly 06903,C-SUV Gen5,Body-in-white,PL-04,4177.84,3321.38,20.5,812,mature
FG-06904,Powertrain assembly 06904,BEV Compact,Interior module,PL-08,1858.08,1423.29,23.4,247,mature
FG-06905,Thermal system assembly 06905,E-Van Commercial,Powertrain,PL-06,3699.49,2996.59,19,165,mature
FG-06906,Electrical & electronics assembly 06906,B-Hatch Facelift,Body-in-white,PL-19,567.32,484.49,14.6,1320,run-out
FG-06907,Chassis & suspension assembly 06907,E-Van Commercial,Service kit,PL-03,3158.65,2694.33,14.7,744,run-out
FG-06908,Electrical & electronics assembly 06908,D-Sedan,Exterior module,PL-07,3511.88,3079.92,12.3,1114,mature
FG-06909,E-drive assembly 06909,BEV Compact,Interior module,PL-11,1178.34,1084.07,8,2402,run-out
FG-06910,Body-in-white assembly 06910,B-Hatch Facelift,Electrical & electronics,PL-02,2646.08,2262.4,14.5,2265,mature
FG-06911,E-drive assembly 06911,E-Van Commercial,Chassis & suspension,PL-02,2325.96,1772.38,23.8,1402,mature
FG-06912,Chassis & suspension assembly 06912,C-SUV Gen5,Interior module,PL-14,3269.74,2452.3,25,2525,run-out
FG-06913,Service kit assembly 06913,BEV Crossover,Chassis & suspension,PL-04,2830.54,2609.76,7.8,2950,mature
FG-06914,Powertrain assembly 06914,BEV Compact,Service kit,PL-20,1435.36,1207.14,15.9,3503,mature
FG-06915,Electrical & electronics assembly 06915,Pickup Midsize,Exterior module,PL-10,1229.87,1109.34,9.8,3467,run-out
FG-06916,Body-in-white assembly 06916,D-Sedan,Service kit,PL-08,2905.33,2245.82,22.7,508,mature
FG-06917,Chassis & suspension assembly 06917,BEV Crossover,Exterior module,PL-03,707.73,605.82,14.4,3113,mature
FG-06918,Powertrain assembly 06918,Aftermarket Service,Interior module,PL-05,559.11,451.76,19.2,2629,mature
FG-06919,Service kit assembly 06919,Pickup Midsize,Service kit,PL-04,3121.05,2690.35,13.8,3190,run-out
FG-06920,Body-in-white assembly 06920,E-Van Commercial,Chassis & suspension,PL-03,1660.4,1456.17,12.3,3676,ramp-up
FG-06921,Powertrain assembly 06921,Pickup Midsize,Chassis & suspension,PL-15,3027.11,2582.12,14.7,3541,ramp-up
FG-06922,Chassis & suspension assembly 06922,BEV Compact,Service kit,PL-07,1109.34,1054.98,4.9,2260,mature
FG-06923,Electrical & electronics assembly 06923,Hybrid D-Sedan,Exterior module,PL-10,2485.7,1909.02,23.2,3734,ramp-up
FG-06924,Electrical & electronics assembly 06924,D-Sedan,Electrical & electronics,PL-16,399.71,301.38,24.6,2979,mature
FG-06925,Interior module assembly 06925,BEV Crossover,Service kit,PL-16,931.38,857.8,7.9,457,mature
FG-06926,Chassis & suspension assembly 06926,D-Sedan,Exterior module,PL-16,1646.1,1303.71,20.8,2472,run-out
FG-06927,Powertrain assembly 06927,C-SUV Gen5,Thermal system,PL-05,1665.58,1390.76,16.5,50,run-out
FG-06928,Thermal system assembly 06928,C-SUV Gen4,Service kit,PL-20,1611.1,1197.05,25.7,1947,mature
FG-06929,Interior module assembly 06929,Hybrid D-Sedan,Interior module,PL-12,1728.84,1618.19,6.4,775,mature
FG-06930,Exterior module assembly 06930,Pickup Midsize,E-drive,PL-20,2352.49,2192.52,6.8,800,ramp-up
FG-06931,Electrical & electronics assembly 06931,BEV Crossover,Electrical & electronics,PL-12,2547.98,2382.36,6.5,1563,mature
FG-06932,Thermal system assembly 06932,Pickup Midsize,Electrical & electronics,PL-08,1095.43,1029.7,6,1574,run-out
FG-06933,Chassis & suspension assembly 06933,Pickup Midsize,E-drive,PL-15,3963.3,3448.07,13,3196,mature
FG-06934,Electrical & electronics assembly 06934,BEV Crossover,E-drive,PL-07,879.66,753.87,14.3,3583,mature
FG-06935,Thermal system assembly 06935,E-Van Commercial,E-drive,PL-05,2410.74,1950.29,19.1,1925,mature
FG-06936,Chassis & suspension assembly 06936,C-SUV Gen4,Body-in-white,PL-13,431.64,332.36,23,311,ramp-up
FG-06937,Exterior module assembly 06937,C-SUV Gen5,Electrical & electronics,PL-11,1569.13,1233.34,21.4,1994,ramp-up
FG-06938,Exterior module assembly 06938,E-Van Commercial,Powertrain,PL-04,656.8,601.63,8.4,3277,ramp-up
FG-06939,Service kit assembly 06939,E-Van Commercial,Exterior module,PL-07,2232.27,2125.12,4.8,1699,mature
FG-06940,E-drive assembly 06940,E-Van Commercial,Thermal system,PL-05,2821.68,2697.53,4.4,1630,mature
FG-06941,Chassis & suspension assembly 06941,Hybrid D-Sedan,E-drive,PL-10,491.25,414.12,15.7,2133,mature
FG-06942,E-drive assembly 06942,C-SUV Gen5,E-drive,PL-17,2581.15,2013.3,22,1138,ramp-up
FG-06943,E-drive assembly 06943,C-SUV Gen5,Electrical & electronics,PL-11,2536.51,2163.64,14.7,800,mature
FG-06944,Service kit assembly 06944,Hybrid D-Sedan,Powertrain,PL-16,625.57,553.63,11.5,2684,mature
FG-06945,Powertrain assembly 06945,D-Sedan,Exterior module,PL-15,2065.12,1751.22,15.2,365,ramp-up
FG-06946,Exterior module assembly 06946,C-SUV Gen5,Interior module,PL-10,863,657.61,23.8,3447,ramp-up
FG-06947,Chassis & suspension assembly 06947,C-SUV Gen4,E-drive,PL-16,3392.93,2554.88,24.7,2271,ramp-up
FG-06948,Service kit assembly 06948,C-SUV Gen5,E-drive,PL-14,291.37,235.72,19.1,1865,ramp-up
FG-06949,Thermal system assembly 06949,B-Hatch Facelift,Service kit,PL-15,3016.75,2790.49,7.5,356,mature
FG-06950,Interior module assembly 06950,Hybrid D-Sedan,E-drive,PL-07,3800.69,3572.65,6,2598,run-out
FG-06951,Body-in-white assembly 06951,Aftermarket Service,Electrical & electronics,PL-13,261.57,200.1,23.5,946,ramp-up
FG-06952,Powertrain assembly 06952,BEV Crossover,Chassis & suspension,PL-08,1580.2,1169.35,26,2587,run-out
FG-06953,Thermal system assembly 06953,BEV Crossover,Electrical & electronics,PL-11,3772.7,3199.25,15.2,1341,mature
FG-06954,Chassis & suspension assembly 06954,BEV Compact,Service kit,PL-12,540.59,504.37,6.7,3573,mature
FG-06955,Exterior module assembly 06955,BEV Crossover,Electrical & electronics,PL-01,613.01,536.38,12.5,2350,mature
FG-06956,Body-in-white assembly 06956,Aftermarket Service,Chassis & suspension,PL-06,1721.19,1540.47,10.5,1942,mature
FG-06957,Thermal system assembly 06957,E-Van Commercial,Chassis & suspension,PL-10,150.08,138.82,7.5,1904,mature
FG-06958,Interior module assembly 06958,D-Sedan,Interior module,PL-06,2627.14,2059.68,21.6,1248,mature
FG-06959,Body-in-white assembly 06959,BEV Crossover,Body-in-white,PL-08,3153.39,2976.8,5.6,3799,mature
FG-06960,Chassis & suspension assembly 06960,BEV Crossover,Body-in-white,PL-14,3721.57,3021.91,18.8,2046,ramp-up
FG-06961,E-drive assembly 06961,Aftermarket Service,Service kit,PL-10,4131.53,3710.11,10.2,3760,ramp-up
FG-06962,Powertrain assembly 06962,C-SUV Gen5,Body-in-white,PL-11,2452.8,2347.33,4.3,3083,mature
FG-06963,Exterior module assembly 06963,Pickup Midsize,Thermal system,PL-11,1979.37,1826.96,7.7,1957,ramp-up
FG-06964,Body-in-white assembly 06964,E-Van Commercial,Chassis & suspension,PL-18,3901.56,3484.09,10.7,2472,mature
FG-06965,Thermal system assembly 06965,E-Van Commercial,Thermal system,PL-19,2315.25,1898.51,18,413,mature
FG-06966,Chassis & suspension assembly 06966,C-SUV Gen5,Service kit,PL-07,2343.11,1876.83,19.9,2658,run-out
FG-06967,Powertrain assembly 06967,B-Hatch Facelift,Service kit,PL-16,3198.17,2744.03,14.2,399,ramp-up
FG-06968,Electrical & electronics assembly 06968,BEV Compact,Interior module,PL-02,204.48,176.26,13.8,254,mature
FG-06969,Thermal system assembly 06969,C-SUV Gen4,Electrical & electronics,PL-11,1619.98,1354.3,16.4,3621,mature
FG-06970,Service kit assembly 06970,Hybrid D-Sedan,Service kit,PL-12,2091.62,1562.44,25.3,2351,mature
FG-06971,Thermal system assembly 06971,D-Sedan,Electrical & electronics,PL-19,4152.57,3679.18,11.4,2054,mature
FG-06972,Electrical & electronics assembly 06972,C-SUV Gen5,Powertrain,PL-10,506.65,439.27,13.3,1228,mature
FG-06973,Body-in-white assembly 06973,C-SUV Gen4,E-drive,PL-12,200.03,149.42,25.3,1809,ramp-up
FG-06974,Thermal system assembly 06974,BEV Compact,Interior module,PL-06,3114.97,2389.18,23.3,2003,mature
FG-06975,Thermal system assembly 06975,D-Sedan,Chassis & suspension,PL-03,1730.87,1381.23,20.2,1635,run-out
FG-06976,E-drive assembly 06976,Hybrid D-Sedan,Exterior module,PL-06,1842.48,1505.31,18.3,1127,mature
FG-06977,Electrical & electronics assembly 06977,C-SUV Gen4,Body-in-white,PL-16,4065.22,3597.72,11.5,1654,mature
FG-06978,Electrical & electronics assembly 06978,E-Van Commercial,Interior module,PL-06,142.79,117.09,18,2694,mature
FG-06979,Service kit assembly 06979,C-SUV Gen5,Body-in-white,PL-03,676.95,620.09,8.4,769,mature
FG-06980,Thermal system assembly 06980,C-SUV Gen4,Chassis & suspension,PL-11,2869.39,2370.12,17.4,709,mature
FG-06981,Thermal system assembly 06981,Aftermarket Service,Service kit,PL-04,2150.93,1705.69,20.7,1622,ramp-up
FG-06982,Powertrain assembly 06982,D-Sedan,Chassis & suspension,PL-08,1992.82,1679.95,15.7,2964,run-out
FG-06983,Exterior module assembly 06983,E-Van Commercial,Chassis & suspension,PL-20,1125.2,876.53,22.1,434,run-out
FG-06984,Chassis & suspension assembly 06984,Hybrid D-Sedan,Body-in-white,PL-06,3867.87,2974.39,23.1,1967,mature
FG-06985,Chassis & suspension assembly 06985,BEV Compact,Service kit,PL-10,3713.12,2862.82,22.9,3311,run-out
FG-06986,Electrical & electronics assembly 06986,BEV Crossover,Interior module,PL-08,2485.79,1889.2,24,2594,ramp-up
FG-06987,Exterior module assembly 06987,BEV Compact,E-drive,PL-07,2755.59,2460.74,10.7,957,mature
FG-06988,Thermal system assembly 06988,C-SUV Gen5,Interior module,PL-11,2586.45,2441.61,5.6,579,run-out
FG-06989,Service kit assembly 06989,B-Hatch Facelift,Powertrain,PL-14,933.24,715.8,23.3,106,ramp-up
FG-06990,Service kit assembly 06990,BEV Compact,Electrical & electronics,PL-20,1220.53,1115.56,8.6,2606,mature
FG-06991,Body-in-white assembly 06991,E-Van Commercial,Service kit,PL-03,638.61,486.62,23.8,2015,mature
FG-06992,Thermal system assembly 06992,E-Van Commercial,Exterior module,PL-05,2551.71,1923.99,24.6,1020,ramp-up
FG-06993,E-drive assembly 06993,C-SUV Gen5,Service kit,PL-07,2158.33,1784.94,17.3,3648,mature
FG-06994,E-drive assembly 06994,Pickup Midsize,Powertrain,PL-17,3573.87,2694.7,24.6,1480,mature
FG-06995,E-drive assembly 06995,Aftermarket Service,Chassis & suspension,PL-19,1855.32,1595.58,14,2636,run-out
FG-06996,Service kit assembly 06996,C-SUV Gen4,Powertrain,PL-06,603.26,544.14,9.8,1448,mature
FG-06997,Interior module assembly 06997,C-SUV Gen5,Chassis & suspension,PL-08,2815.96,2435.81,13.5,2242,mature
FG-06998,Exterior module assembly 06998,D-Sedan,Service kit,PL-14,4080.71,3309.46,18.9,2719,ramp-up
FG-06999,Exterior module assembly 06999,E-Van Commercial,Exterior module,PL-13,567.31,496.4,12.5,1197,run-out
FG-07000,Exterior module assembly 07000,Hybrid D-Sedan,Electrical & electronics,PL-12,3513.78,2652.9,24.5,1258,mature
FG-07001,Thermal system assembly 07001,Hybrid D-Sedan,Chassis & suspension,PL-04,2034.25,1810.48,11,2448,run-out
FG-07002,Powertrain assembly 07002,Aftermarket Service,Service kit,PL-20,3054,2861.6,6.3,3505,ramp-up
FG-07003,Chassis & suspension assembly 07003,C-SUV Gen5,Body-in-white,PL-13,2946.72,2375.06,19.4,2989,mature
FG-07004,Body-in-white assembly 07004,B-Hatch Facelift,Powertrain,PL-19,3058.99,2330.95,23.8,1089,ramp-up
FG-07005,Exterior module assembly 07005,D-Sedan,Thermal system,PL-13,2641.87,2073.87,21.5,2613,ramp-up
FG-07006,Electrical & electronics assembly 07006,C-SUV Gen4,Electrical & electronics,PL-08,2429.72,1817.43,25.2,2259,mature
FG-07007,Body-in-white assembly 07007,Pickup Midsize,Electrical & electronics,PL-16,2246.25,1677.95,25.3,1308,mature
FG-07008,Electrical & electronics assembly 07008,Pickup Midsize,Service kit,PL-02,947.65,869,8.3,2818,ramp-up
FG-07009,Thermal system assembly 07009,BEV Crossover,Thermal system,PL-03,2858.02,2123.51,25.7,437,mature
FG-07010,Body-in-white assembly 07010,C-SUV Gen5,Chassis & suspension,PL-06,1611.92,1523.26,5.5,2425,run-out
FG-07011,Service kit assembly 07011,C-SUV Gen5,E-drive,PL-07,3729.13,3296.55,11.6,144,mature
FG-07012,Service kit assembly 07012,Pickup Midsize,Interior module,PL-15,511.57,386.24,24.5,2002,ramp-up
FG-07013,Electrical & electronics assembly 07013,BEV Compact,Thermal system,PL-07,447.47,372.74,16.7,529,ramp-up
FG-07014,Chassis & suspension assembly 07014,BEV Crossover,Powertrain,PL-05,1627.68,1443.75,11.3,1126,run-out
FG-07015,Exterior module assembly 07015,B-Hatch Facelift,E-drive,PL-02,3894.14,3255.5,16.4,2837,ramp-up
FG-07016,E-drive assembly 07016,BEV Compact,Interior module,PL-13,2550.61,2277.69,10.7,3000,run-out
FG-07017,Chassis & suspension assembly 07017,B-Hatch Facelift,Service kit,PL-10,1030.53,797.63,22.6,3070,ramp-up
FG-07018,Powertrain assembly 07018,BEV Compact,Service kit,PL-11,972.13,778.68,19.9,505,mature
FG-07019,Electrical & electronics assembly 07019,C-SUV Gen5,Thermal system,PL-04,2940.62,2214.29,24.7,735,mature
FG-07020,Service kit assembly 07020,Hybrid D-Sedan,Interior module,PL-07,1177.67,981,16.7,69,mature
FG-07021,Chassis & suspension assembly 07021,Pickup Midsize,Powertrain,PL-06,1463.05,1196.77,18.2,26,run-out
FG-07022,Interior module assembly 07022,Pickup Midsize,Body-in-white,PL-13,3918.45,3503.09,10.6,165,mature
FG-07023,E-drive assembly 07023,E-Van Commercial,Thermal system,PL-07,613.43,540.43,11.9,3441,mature
FG-07024,Chassis & suspension assembly 07024,D-Sedan,Electrical & electronics,PL-09,438.7,412.38,6,51,run-out
FG-07025,Powertrain assembly 07025,C-SUV Gen5,Body-in-white,PL-18,2301.43,2009.15,12.7,1621,ramp-up
FG-07026,Service kit assembly 07026,Aftermarket Service,Powertrain,PL-15,3897.86,3566.54,8.5,952,mature
FG-07027,Powertrain assembly 07027,BEV Crossover,Electrical & electronics,PL-13,358.02,321.14,10.3,1001,ramp-up
FG-07028,Exterior module assembly 07028,E-Van Commercial,Body-in-white,PL-10,1847.71,1659.24,10.2,3463,mature
FG-07029,Interior module assembly 07029,BEV Compact,Body-in-white,PL-18,3647.62,3414.17,6.4,2304,ramp-up
FG-07030,Chassis & suspension assembly 07030,C-SUV Gen4,Electrical & electronics,PL-04,119.64,97.75,18.3,1168,mature
FG-07031,Electrical & electronics assembly 07031,Hybrid D-Sedan,Chassis & suspension,PL-13,1010.34,798.17,21,1720,mature
FG-07032,E-drive assembly 07032,E-Van Commercial,Thermal system,PL-19,231.74,189.56,18.2,724,ramp-up
FG-07033,Electrical & electronics assembly 07033,D-Sedan,Service kit,PL-05,994.12,874.83,12,3435,run-out
FG-07034,Body-in-white assembly 07034,C-SUV Gen4,Electrical & electronics,PL-03,1726.1,1306.66,24.3,358,ramp-up
FG-07035,E-drive assembly 07035,E-Van Commercial,Powertrain,PL-07,951.92,822.46,13.6,1906,mature
FG-07036,E-drive assembly 07036,Hybrid D-Sedan,E-drive,PL-06,350.88,278.25,20.7,2395,mature
FG-07037,Powertrain assembly 07037,B-Hatch Facelift,Exterior module,PL-10,1843.95,1635.58,11.3,1945,mature
FG-07038,Body-in-white assembly 07038,BEV Crossover,Service kit,PL-17,2862.6,2501.91,12.6,3089,mature
FG-07039,Body-in-white assembly 07039,D-Sedan,Thermal system,PL-04,2264.82,1931.89,14.7,1000,ramp-up
FG-07040,Powertrain assembly 07040,C-SUV Gen4,Service kit,PL-18,278.27,249.33,10.4,1374,mature
FG-07041,Interior module assembly 07041,Aftermarket Service,Chassis & suspension,PL-12,780.72,620.67,20.5,1677,mature
FG-07042,E-drive assembly 07042,Aftermarket Service,Interior module,PL-06,3452.58,2927.79,15.2,42,mature
FG-07043,Interior module assembly 07043,BEV Compact,Chassis & suspension,PL-04,2421.65,1954.27,19.3,1576,mature
FG-07044,E-drive assembly 07044,D-Sedan,Powertrain,PL-02,3865.1,2883.36,25.4,3144,mature
FG-07045,Exterior module assembly 07045,Hybrid D-Sedan,Interior module,PL-18,243.56,183.89,24.5,2041,mature
FG-07046,Electrical & electronics assembly 07046,D-Sedan,E-drive,PL-13,887.47,695.78,21.6,2047,mature
FG-07047,Thermal system assembly 07047,C-SUV Gen4,Powertrain,PL-13,2595.57,2250.36,13.3,1774,mature
FG-07048,E-drive assembly 07048,BEV Crossover,Powertrain,PL-05,4120.59,3395.37,17.6,3084,ramp-up
FG-07049,Service kit assembly 07049,BEV Compact,Body-in-white,PL-06,2217.14,1744.89,21.3,1800,mature
FG-07050,Service kit assembly 07050,C-SUV Gen5,Service kit,PL-19,2491.79,1916.19,23.1,2268,mature
FG-07051,Interior module assembly 07051,B-Hatch Facelift,Electrical & electronics,PL-08,3505.28,2895.36,17.4,2867,mature
FG-07052,Chassis & suspension assembly 07052,E-Van Commercial,Exterior module,PL-10,3987.03,3719.9,6.7,1595,run-out
FG-07053,Body-in-white assembly 07053,C-SUV Gen4,Body-in-white,PL-02,4076.71,3216.52,21.1,2846,run-out
FG-07054,Thermal system assembly 07054,C-SUV Gen5,Thermal system,PL-02,593.09,517.77,12.7,2670,mature
FG-07055,Thermal system assembly 07055,BEV Compact,Exterior module,PL-15,1260.05,997.96,20.8,1696,mature
FG-07056,Body-in-white assembly 07056,C-SUV Gen5,Interior module,PL-02,3874.75,3332.28,14,319,mature
FG-07057,E-drive assembly 07057,Hybrid D-Sedan,Thermal system,PL-20,2743.03,2054.53,25.1,2642,mature
FG-07058,Powertrain assembly 07058,C-SUV Gen4,Electrical & electronics,PL-01,1606.97,1492.88,7.1,2681,mature
FG-07059,Powertrain assembly 07059,Pickup Midsize,Chassis & suspension,PL-08,3979.66,2960.87,25.6,2015,ramp-up
FG-07060,Thermal system assembly 07060,BEV Compact,Electrical & electronics,PL-05,1662.11,1351.3,18.7,2138,mature
FG-07061,Thermal system assembly 07061,BEV Compact,Service kit,PL-05,2992.42,2232.35,25.4,1779,ramp-up
FG-07062,Service kit assembly 07062,C-SUV Gen5,Body-in-white,PL-15,1107.08,832.52,24.8,2967,mature
FG-07063,Body-in-white assembly 07063,Aftermarket Service,Electrical & electronics,PL-11,2709.46,2045.64,24.5,3148,mature
FG-07064,Service kit assembly 07064,BEV Compact,E-drive,PL-20,1005.54,769.24,23.5,3613,mature
FG-07065,Interior module assembly 07065,E-Van Commercial,Interior module,PL-11,836.77,799.95,4.4,203,ramp-up
FG-07066,Thermal system assembly 07066,BEV Crossover,Service kit,PL-19,445.11,356.09,20,1655,mature
FG-07067,Electrical & electronics assembly 07067,B-Hatch Facelift,Interior module,PL-16,505.35,389.12,23,3766,ramp-up
FG-07068,Chassis & suspension assembly 07068,B-Hatch Facelift,Body-in-white,PL-09,3029.51,2696.26,11,2546,ramp-up
FG-07069,Body-in-white assembly 07069,Hybrid D-Sedan,Service kit,PL-18,143.47,109.75,23.5,986,mature
FG-07070,Thermal system assembly 07070,C-SUV Gen4,E-drive,PL-10,2595.8,2222,14.4,1893,ramp-up
FG-07071,Thermal system assembly 07071,Pickup Midsize,Interior module,PL-06,4123.77,3410.36,17.3,1894,ramp-up
FG-07072,Thermal system assembly 07072,Aftermarket Service,Body-in-white,PL-13,2171.53,1965.23,9.5,1760,mature
FG-07073,Chassis & suspension assembly 07073,Pickup Midsize,Thermal system,PL-20,170.5,128.22,24.8,2773,ramp-up
FG-07074,Electrical & electronics assembly 07074,Aftermarket Service,Exterior module,PL-02,3846.94,3466.09,9.9,508,mature
FG-07075,Chassis & suspension assembly 07075,E-Van Commercial,Chassis & suspension,PL-11,3246.7,2717.49,16.3,2467,mature
FG-07076,Service kit assembly 07076,D-Sedan,Chassis & suspension,PL-09,2802.16,2667.66,4.8,1537,mature
FG-07077,E-drive assembly 07077,E-Van Commercial,Body-in-white,PL-16,3876.37,3605.02,7,3557,ramp-up
FG-07078,Exterior module assembly 07078,D-Sedan,Chassis & suspension,PL-10,2109.37,1908.98,9.5,3129,mature
FG-07079,Thermal system assembly 07079,BEV Crossover,Service kit,PL-12,3721.68,2988.51,19.7,2207,ramp-up
FG-07080,Electrical & electronics assembly 07080,C-SUV Gen5,Body-in-white,PL-18,2605.01,2433.08,6.6,3403,mature
FG-07081,Electrical & electronics assembly 07081,D-Sedan,Powertrain,PL-15,1300.13,967.3,25.6,682,mature
FG-07082,Body-in-white assembly 07082,B-Hatch Facelift,Powertrain,PL-06,1071.96,873.65,18.5,1503,mature
FG-07083,Exterior module assembly 07083,BEV Crossover,Thermal system,PL-17,2631.78,2165.95,17.7,971,run-out
FG-07084,Service kit assembly 07084,C-SUV Gen5,Service kit,PL-17,886.73,846.83,4.5,2558,mature
FG-07085,Powertrain assembly 07085,Hybrid D-Sedan,Exterior module,PL-17,2801.39,2330.76,16.8,2185,mature
FG-07086,E-drive assembly 07086,C-SUV Gen4,Thermal system,PL-03,1891.64,1484.94,21.5,3740,mature
FG-07087,Chassis & suspension assembly 07087,D-Sedan,E-drive,PL-04,760.64,658.71,13.4,1743,mature
FG-07088,Powertrain assembly 07088,Hybrid D-Sedan,Service kit,PL-01,2732.02,2420.57,11.4,3008,mature
FG-07089,Interior module assembly 07089,Hybrid D-Sedan,Electrical & electronics,PL-09,1665.3,1372.21,17.6,329,run-out
FG-07090,Body-in-white assembly 07090,B-Hatch Facelift,E-drive,PL-11,3193.39,3030.53,5.1,287,run-out
FG-07091,Interior module assembly 07091,D-Sedan,Body-in-white,PL-01,2592.42,2006.53,22.6,3078,mature
FG-07092,Body-in-white assembly 07092,C-SUV Gen4,Thermal system,PL-08,2383.64,1902.14,20.2,2435,mature
FG-07093,Electrical & electronics assembly 07093,Aftermarket Service,Thermal system,PL-07,3187.55,2820.98,11.5,1851,mature
FG-07094,Exterior module assembly 07094,E-Van Commercial,E-drive,PL-01,1070.23,819.8,23.4,1736,mature
FG-07095,Exterior module assembly 07095,Aftermarket Service,Exterior module,PL-04,3846.86,3542.96,7.9,2882,ramp-up
FG-07096,Exterior module assembly 07096,Hybrid D-Sedan,Exterior module,PL-11,4017.38,2992.95,25.5,3546,mature
FG-07097,Service kit assembly 07097,Aftermarket Service,Interior module,PL-17,3899.39,3236.49,17,1495,mature
FG-07098,Chassis & suspension assembly 07098,BEV Crossover,Powertrain,PL-02,1548.23,1202.97,22.3,1014,mature
FG-07099,E-drive assembly 07099,D-Sedan,Chassis & suspension,PL-17,3944.21,3534.01,10.4,2190,mature
FG-07100,Body-in-white assembly 07100,BEV Compact,Powertrain,PL-04,967.07,738.84,23.6,2724,mature
FG-07101,E-drive assembly 07101,BEV Crossover,Electrical & electronics,PL-15,4032.61,3181.73,21.1,919,mature
FG-07102,Powertrain assembly 07102,C-SUV Gen4,Chassis & suspension,PL-03,3966.5,3347.73,15.6,3633,mature
FG-07103,Exterior module assembly 07103,C-SUV Gen4,Service kit,PL-16,1850.3,1515.4,18.1,1390,run-out
FG-07104,Chassis & suspension assembly 07104,BEV Compact,Service kit,PL-01,654.62,573.45,12.4,1375,mature
FG-07105,Exterior module assembly 07105,C-SUV Gen4,Service kit,PL-03,3364.56,2570.52,23.6,1128,mature
FG-07106,Interior module assembly 07106,Hybrid D-Sedan,Interior module,PL-10,977.21,797.4,18.4,1221,ramp-up
FG-07107,Chassis & suspension assembly 07107,BEV Compact,Thermal system,PL-04,231.47,209.25,9.6,216,mature
FG-07108,Service kit assembly 07108,Hybrid D-Sedan,E-drive,PL-12,3814.95,3296.12,13.6,2143,ramp-up
FG-07109,Powertrain assembly 07109,BEV Compact,Interior module,PL-15,1218.1,1035.38,15,2479,mature
FG-07110,Powertrain assembly 07110,D-Sedan,Chassis & suspension,PL-11,3475.57,2571.92,26,1771,mature
FG-07111,Interior module assembly 07111,Aftermarket Service,Powertrain,PL-13,1299.66,1035.83,20.3,1538,ramp-up
FG-07112,Electrical & electronics assembly 07112,BEV Crossover,Exterior module,PL-10,341.05,318.2,6.7,1355,mature
FG-07113,Thermal system assembly 07113,E-Van Commercial,Exterior module,PL-13,616.69,489.65,20.6,899,mature
FG-07114,Chassis & suspension assembly 07114,BEV Crossover,Powertrain,PL-10,3204.82,2788.19,13,3172,mature
FG-07115,Powertrain assembly 07115,B-Hatch Facelift,Interior module,PL-05,2657.29,2380.93,10.4,3791,ramp-up
FG-07116,Thermal system assembly 07116,BEV Crossover,Chassis & suspension,PL-04,2523.95,2097.4,16.9,357,ramp-up
FG-07117,Powertrain assembly 07117,Hybrid D-Sedan,Service kit,PL-08,4129.29,3617.26,12.4,3006,run-out
FG-07118,Electrical & electronics assembly 07118,BEV Compact,Interior module,PL-12,1841.29,1434.36,22.1,775,run-out
FG-07119,Thermal system assembly 07119,Hybrid D-Sedan,Service kit,PL-10,1452.39,1183.7,18.5,982,run-out
FG-07120,Body-in-white assembly 07120,Hybrid D-Sedan,Service kit,PL-02,3502.72,3327.58,5,1735,run-out
FG-07121,Thermal system assembly 07121,C-SUV Gen4,Exterior module,PL-20,1405.43,1139.8,18.9,3427,mature
FG-07122,Electrical & electronics assembly 07122,C-SUV Gen5,Interior module,PL-02,2684.31,2431.98,9.4,2513,mature
FG-07123,Thermal system assembly 07123,Aftermarket Service,Exterior module,PL-08,2688.5,2462.67,8.4,1591,run-out
FG-07124,Powertrain assembly 07124,Hybrid D-Sedan,Thermal system,PL-15,2194.49,1720.48,21.6,1755,run-out
FG-07125,E-drive assembly 07125,BEV Crossover,Body-in-white,PL-18,2415.18,2038.41,15.6,3700,mature
FG-07126,Exterior module assembly 07126,Hybrid D-Sedan,Body-in-white,PL-20,2346.28,1855.91,20.9,2437,run-out
FG-07127,Service kit assembly 07127,BEV Compact,Exterior module,PL-08,2604.72,2029.08,22.1,2104,mature
FG-07128,Powertrain assembly 07128,Aftermarket Service,Powertrain,PL-07,3294.43,2997.93,9,1704,mature
FG-07129,Exterior module assembly 07129,BEV Compact,Chassis & suspension,PL-01,54.17,47.34,12.6,932,mature
FG-07130,E-drive assembly 07130,Aftermarket Service,Electrical & electronics,PL-11,3217.64,2693.16,16.3,3398,mature
FG-07131,Electrical & electronics assembly 07131,D-Sedan,Body-in-white,PL-07,1140.68,1087.07,4.7,2141,mature
FG-07132,Electrical & electronics assembly 07132,BEV Crossover,Powertrain,PL-07,655.75,516.73,21.2,330,mature
FG-07133,Electrical & electronics assembly 07133,BEV Crossover,Interior module,PL-15,3383.56,3018.14,10.8,2924,mature
FG-07134,Body-in-white assembly 07134,E-Van Commercial,Interior module,PL-13,1001.89,773.46,22.8,1930,run-out
FG-07135,Body-in-white assembly 07135,BEV Crossover,Powertrain,PL-12,1936.58,1475.67,23.8,669,mature
FG-07136,Thermal system assembly 07136,BEV Compact,Body-in-white,PL-19,2219.72,1644.81,25.9,1401,mature
FG-07137,Powertrain assembly 07137,D-Sedan,Electrical & electronics,PL-17,235.07,179.59,23.6,1702,run-out
FG-07138,Powertrain assembly 07138,C-SUV Gen5,Electrical & electronics,PL-07,1335.57,992.33,25.7,3365,mature
FG-07139,Interior module assembly 07139,BEV Compact,Electrical & electronics,PL-19,4023.15,3781.76,6,3569,ramp-up
FG-07140,Interior module assembly 07140,D-Sedan,Chassis & suspension,PL-07,930.65,792.91,14.8,2363,mature
FG-07141,Body-in-white assembly 07141,BEV Crossover,Service kit,PL-13,2915.94,2583.52,11.4,3769,mature
FG-07142,Chassis & suspension assembly 07142,D-Sedan,Body-in-white,PL-12,3168.25,2794.4,11.8,2936,run-out
FG-07143,Chassis & suspension assembly 07143,Hybrid D-Sedan,E-drive,PL-14,1821.69,1417.27,22.2,947,mature
FG-07144,E-drive assembly 07144,C-SUV Gen4,Powertrain,PL-16,3820.9,2873.32,24.8,1905,mature
FG-07145,Exterior module assembly 07145,BEV Crossover,Thermal system,PL-17,2504,2173.47,13.2,3631,run-out
FG-07146,Chassis & suspension assembly 07146,B-Hatch Facelift,Interior module,PL-06,2917.58,2520.79,13.6,896,run-out
FG-07147,Interior module assembly 07147,Hybrid D-Sedan,E-drive,PL-09,1764.01,1333.59,24.4,1167,ramp-up
FG-07148,Interior module assembly 07148,Pickup Midsize,Thermal system,PL-07,2925.88,2723.99,6.9,3736,ramp-up
FG-07149,Service kit assembly 07149,Hybrid D-Sedan,Powertrain,PL-12,2087.59,1784.89,14.5,2709,mature
FG-07150,Interior module assembly 07150,D-Sedan,Powertrain,PL-07,2779.22,2187.25,21.3,2519,ramp-up
FG-07151,Exterior module assembly 07151,BEV Crossover,Body-in-white,PL-09,1517.5,1197.31,21.1,596,mature
FG-07152,Electrical & electronics assembly 07152,C-SUV Gen5,Powertrain,PL-02,214.02,163.08,23.8,1464,run-out
FG-07153,Exterior module assembly 07153,D-Sedan,Chassis & suspension,PL-11,145.61,125.37,13.9,1774,ramp-up
FG-07154,Body-in-white assembly 07154,BEV Crossover,Thermal system,PL-09,2416.9,2298.47,4.9,2979,mature
FG-07155,Chassis & suspension assembly 07155,E-Van Commercial,Interior module,PL-05,2450.08,2165.87,11.6,2516,run-out
FG-07156,E-drive assembly 07156,BEV Compact,Exterior module,PL-02,3431.84,3167.59,7.7,1279,mature
FG-07157,Exterior module assembly 07157,B-Hatch Facelift,Interior module,PL-16,3012.52,2331.69,22.6,945,mature
FG-07158,Thermal system assembly 07158,Pickup Midsize,Body-in-white,PL-08,3117.4,2362.99,24.2,2471,mature
FG-07159,Electrical & electronics assembly 07159,BEV Compact,E-drive,PL-19,1320.22,1215.92,7.9,1996,mature
FG-07160,Thermal system assembly 07160,Aftermarket Service,Electrical & electronics,PL-06,1173.88,882.76,24.8,3050,mature
FG-07161,Body-in-white assembly 07161,B-Hatch Facelift,Exterior module,PL-18,4103.31,3270.34,20.3,3474,run-out
FG-07162,Service kit assembly 07162,B-Hatch Facelift,Interior module,PL-19,3635.53,3322.87,8.6,2428,ramp-up
FG-07163,Interior module assembly 07163,D-Sedan,Exterior module,PL-20,2741.94,2393.71,12.7,1018,mature
FG-07164,Exterior module assembly 07164,B-Hatch Facelift,Exterior module,PL-14,277.73,247.74,10.8,326,ramp-up
FG-07165,Electrical & electronics assembly 07165,BEV Crossover,Interior module,PL-16,533.51,418.27,21.6,621,mature
FG-07166,Electrical & electronics assembly 07166,C-SUV Gen5,Powertrain,PL-15,194.16,153.19,21.1,1745,mature
FG-07167,Chassis & suspension assembly 07167,Hybrid D-Sedan,Interior module,PL-09,2564.81,2064.67,19.5,912,mature
FG-07168,Interior module assembly 07168,Hybrid D-Sedan,Body-in-white,PL-03,894.02,776.9,13.1,3019,ramp-up
FG-07169,Chassis & suspension assembly 07169,BEV Compact,Exterior module,PL-19,1429.22,1287.73,9.9,1898,mature
FG-07170,E-drive assembly 07170,C-SUV Gen5,Body-in-white,PL-09,3104.2,2585.8,16.7,559,run-out
FG-07171,Body-in-white assembly 07171,E-Van Commercial,Body-in-white,PL-13,338.93,297.24,12.3,2362,mature
FG-07172,E-drive assembly 07172,Pickup Midsize,E-drive,PL-10,641.45,544.59,15.1,3377,mature
FG-07173,E-drive assembly 07173,Hybrid D-Sedan,Interior module,PL-05,2997.07,2244.81,25.1,1046,run-out
FG-07174,Body-in-white assembly 07174,Aftermarket Service,Interior module,PL-11,3524.61,2893.7,17.9,243,ramp-up
FG-07175,Chassis & suspension assembly 07175,Pickup Midsize,Body-in-white,PL-10,3469.96,3116.02,10.2,1617,mature
FG-07176,Interior module assembly 07176,C-SUV Gen4,Chassis & suspension,PL-12,2916.75,2228.4,23.6,2452,mature
FG-07177,Electrical & electronics assembly 07177,Hybrid D-Sedan,Electrical & electronics,PL-01,989.25,889.34,10.1,2499,mature
FG-07178,E-drive assembly 07178,BEV Crossover,Interior module,PL-12,2547.4,2422.58,4.9,3416,mature
FG-07179,Powertrain assembly 07179,C-SUV Gen4,Electrical & electronics,PL-06,2289.12,1771.78,22.6,1841,mature
FG-07180,Electrical & electronics assembly 07180,D-Sedan,Powertrain,PL-02,274.7,205.2,25.3,2535,run-out
FG-07181,Thermal system assembly 07181,Hybrid D-Sedan,Exterior module,PL-04,3168.48,2908.66,8.2,2477,ramp-up
FG-07182,Powertrain assembly 07182,D-Sedan,Thermal system,PL-02,2887.62,2139.73,25.9,2592,ramp-up
FG-07183,Electrical & electronics assembly 07183,Pickup Midsize,Service kit,PL-18,3293.14,3095.55,6,1765,mature
FG-07184,Interior module assembly 07184,BEV Crossover,Service kit,PL-15,3513.12,3210.99,8.6,3377,run-out
FG-07185,Interior module assembly 07185,BEV Compact,Chassis & suspension,PL-17,223.03,201.62,9.6,332,run-out
FG-07186,Powertrain assembly 07186,E-Van Commercial,Thermal system,PL-09,573.37,455.83,20.5,2867,mature
FG-07187,Thermal system assembly 07187,BEV Crossover,Exterior module,PL-09,59.34,49.07,17.3,3254,mature
FG-07188,E-drive assembly 07188,B-Hatch Facelift,Body-in-white,PL-05,122.89,113.67,7.5,2189,run-out
FG-07189,E-drive assembly 07189,Hybrid D-Sedan,E-drive,PL-17,3161.74,2617.92,17.2,2331,run-out
FG-07190,Chassis & suspension assembly 07190,BEV Compact,Chassis & suspension,PL-01,1565.79,1279.25,18.3,3019,ramp-up
FG-07191,Electrical & electronics assembly 07191,Hybrid D-Sedan,E-drive,PL-14,2330.56,1953.01,16.2,3739,mature
FG-07192,Electrical & electronics assembly 07192,BEV Compact,Thermal system,PL-04,4147.92,3575.51,13.8,1203,mature
FG-07193,Electrical & electronics assembly 07193,Hybrid D-Sedan,Electrical & electronics,PL-04,1763.97,1328.27,24.7,2743,mature
FG-07194,Electrical & electronics assembly 07194,D-Sedan,Electrical & electronics,PL-05,984.09,923.08,6.2,3064,mature
FG-07195,Powertrain assembly 07195,Aftermarket Service,Exterior module,PL-15,2775.19,2236.8,19.4,3784,run-out
FG-07196,Chassis & suspension assembly 07196,B-Hatch Facelift,Thermal system,PL-02,2170.2,1710.12,21.2,113,mature
FG-07197,Powertrain assembly 07197,E-Van Commercial,Exterior module,PL-13,1974.64,1652.77,16.3,2753,run-out
FG-07198,Body-in-white assembly 07198,Pickup Midsize,Exterior module,PL-07,3880.49,3209.17,17.3,480,mature
FG-07199,Powertrain assembly 07199,Aftermarket Service,Interior module,PL-04,1917.17,1690.94,11.8,3302,mature
FG-07200,E-drive assembly 07200,C-SUV Gen4,Exterior module,PL-10,3169.71,2386.79,24.7,3631,run-out
FG-07201,Thermal system assembly 07201,BEV Crossover,Body-in-white,PL-04,974.21,865.1,11.2,2896,mature
FG-07202,Thermal system assembly 07202,D-Sedan,Thermal system,PL-11,310.3,247.93,20.1,1545,mature
FG-07203,Exterior module assembly 07203,Aftermarket Service,E-drive,PL-01,3980.98,3443.55,13.5,1559,mature
FG-07204,Thermal system assembly 07204,C-SUV Gen5,Thermal system,PL-18,1129.54,886.69,21.5,2587,mature
FG-07205,Chassis & suspension assembly 07205,BEV Crossover,Powertrain,PL-08,3798.68,3076.93,19,3055,mature
FG-07206,Exterior module assembly 07206,C-SUV Gen5,Powertrain,PL-02,2726.83,2535.95,7,2437,mature
FG-07207,Exterior module assembly 07207,C-SUV Gen4,Thermal system,PL-18,271.67,236.08,13.1,947,mature
FG-07208,E-drive assembly 07208,BEV Crossover,E-drive,PL-14,4120.79,3704.59,10.1,397,mature
FG-07209,Chassis & suspension assembly 07209,BEV Compact,Electrical & electronics,PL-04,2564.63,2097.87,18.2,2464,mature
FG-07210,Exterior module assembly 07210,Pickup Midsize,Thermal system,PL-02,276.48,232.24,16,574,ramp-up
FG-07211,Electrical & electronics assembly 07211,Aftermarket Service,Chassis & suspension,PL-12,2414.8,2127.44,11.9,3214,mature
FG-07212,Service kit assembly 07212,C-SUV Gen5,Interior module,PL-06,1062.61,924.47,13,1715,mature
FG-07213,Chassis & suspension assembly 07213,D-Sedan,Chassis & suspension,PL-01,1399.14,1088.53,22.2,3489,mature
FG-07214,E-drive assembly 07214,D-Sedan,Electrical & electronics,PL-14,348.68,275.81,20.9,2174,run-out
FG-07215,Exterior module assembly 07215,C-SUV Gen4,Interior module,PL-13,806.52,612.15,24.1,1891,mature
FG-07216,Service kit assembly 07216,C-SUV Gen5,Thermal system,PL-20,3272.2,2935.16,10.3,1092,run-out
FG-07217,Thermal system assembly 07217,D-Sedan,Body-in-white,PL-16,3974.88,3470.07,12.7,284,run-out
FG-07218,E-drive assembly 07218,BEV Compact,E-drive,PL-18,3645.89,2949.53,19.1,3358,mature
FG-07219,Exterior module assembly 07219,D-Sedan,E-drive,PL-16,2008.48,1803.62,10.2,1205,mature
FG-07220,Exterior module assembly 07220,BEV Crossover,Interior module,PL-01,2914.82,2748.68,5.7,1885,run-out
FG-07221,Service kit assembly 07221,Pickup Midsize,E-drive,PL-16,1045.04,977.11,6.5,1476,ramp-up
FG-07222,Service kit assembly 07222,BEV Crossover,Exterior module,PL-15,4183.64,3773.64,9.8,1482,mature
FG-07223,Powertrain assembly 07223,Pickup Midsize,E-drive,PL-09,3817.93,3436.14,10,952,mature
FG-07224,Thermal system assembly 07224,BEV Compact,Body-in-white,PL-16,2088.75,1984.31,5,1126,mature
FG-07225,Exterior module assembly 07225,Pickup Midsize,Thermal system,PL-17,3683.36,3285.56,10.8,3700,mature
FG-07226,Electrical & electronics assembly 07226,C-SUV Gen4,E-drive,PL-04,1755.49,1474.61,16,2709,run-out
FG-07227,Powertrain assembly 07227,C-SUV Gen4,Chassis & suspension,PL-06,3577.61,3237.74,9.5,278,mature
FG-07228,Powertrain assembly 07228,B-Hatch Facelift,Electrical & electronics,PL-06,360.34,305.21,15.3,872,mature
FG-07229,Body-in-white assembly 07229,Pickup Midsize,Body-in-white,PL-03,1734.14,1319.68,23.9,2942,ramp-up
FG-07230,Powertrain assembly 07230,BEV Compact,Service kit,PL-04,1933.08,1579.33,18.3,3096,run-out
FG-07231,Thermal system assembly 07231,C-SUV Gen4,Electrical & electronics,PL-12,2330.85,2149.04,7.8,1459,mature
FG-07232,Electrical & electronics assembly 07232,B-Hatch Facelift,Service kit,PL-16,3073.98,2345.45,23.7,636,run-out
FG-07233,Body-in-white assembly 07233,B-Hatch Facelift,Thermal system,PL-09,1207.21,1057.52,12.4,2097,run-out
FG-07234,Electrical & electronics assembly 07234,BEV Crossover,Chassis & suspension,PL-11,3601.04,2844.82,21,3726,run-out
FG-07235,Body-in-white assembly 07235,Aftermarket Service,Body-in-white,PL-01,666.5,556.53,16.5,2341,run-out
FG-07236,Service kit assembly 07236,C-SUV Gen4,Electrical & electronics,PL-07,577.11,468.61,18.8,1175,run-out
FG-07237,E-drive assembly 07237,Aftermarket Service,Thermal system,PL-18,3502.96,2739.31,21.8,3414,mature
FG-07238,Service kit assembly 07238,BEV Crossover,Service kit,PL-03,3112.1,2856.91,8.2,3137,mature
FG-07239,Powertrain assembly 07239,C-SUV Gen5,E-drive,PL-14,2873.99,2417.03,15.9,120,ramp-up
FG-07240,Thermal system assembly 07240,BEV Compact,Service kit,PL-20,1460.2,1267.45,13.2,703,mature
FG-07241,Powertrain assembly 07241,Aftermarket Service,E-drive,PL-20,1257.32,973.17,22.6,928,mature
FG-07242,Exterior module assembly 07242,BEV Crossover,E-drive,PL-14,2597.02,2345.11,9.7,1110,run-out
FG-07243,Service kit assembly 07243,B-Hatch Facelift,E-drive,PL-03,323.25,254.72,21.2,2686,run-out
FG-07244,Service kit assembly 07244,Aftermarket Service,Thermal system,PL-15,3471.79,2749.66,20.8,2458,mature
FG-07245,Exterior module assembly 07245,E-Van Commercial,Body-in-white,PL-18,3271.78,2633.78,19.5,3148,mature
FG-07246,Electrical & electronics assembly 07246,C-SUV Gen4,Chassis & suspension,PL-19,1654.58,1437.83,13.1,2449,mature
FG-07247,Thermal system assembly 07247,C-SUV Gen4,Service kit,PL-09,549.8,460.73,16.2,2154,mature
FG-07248,Exterior module assembly 07248,E-Van Commercial,Chassis & suspension,PL-11,1828.45,1577.95,13.7,3354,ramp-up
FG-07249,Chassis & suspension assembly 07249,BEV Crossover,Exterior module,PL-02,1273.34,1168.93,8.2,2811,mature
FG-07250,E-drive assembly 07250,BEV Compact,Exterior module,PL-13,1506.65,1393.65,7.5,1852,mature
FG-07251,Electrical & electronics assembly 07251,E-Van Commercial,E-drive,PL-02,2324.69,1876.02,19.3,1332,ramp-up
FG-07252,Electrical & electronics assembly 07252,E-Van Commercial,Thermal system,PL-06,1679.81,1521.91,9.4,1549,ramp-up
FG-07253,Exterior module assembly 07253,E-Van Commercial,Body-in-white,PL-10,3154.6,2548.92,19.2,3344,ramp-up
FG-07254,Thermal system assembly 07254,Aftermarket Service,Powertrain,PL-07,843.13,794.23,5.8,2823,mature
FG-07255,Service kit assembly 07255,Aftermarket Service,Chassis & suspension,PL-20,3964.5,3250.89,18,2380,mature
FG-07256,Powertrain assembly 07256,Pickup Midsize,Thermal system,PL-18,1488.54,1411.14,5.2,220,mature
FG-07257,Exterior module assembly 07257,D-Sedan,E-drive,PL-11,3888.66,3597.01,7.5,3747,mature
FG-07258,Service kit assembly 07258,D-Sedan,Exterior module,PL-13,4131.94,3189.86,22.8,2543,mature
FG-07259,Exterior module assembly 07259,E-Van Commercial,E-drive,PL-10,3331.39,2928.29,12.1,3024,ramp-up
FG-07260,Body-in-white assembly 07260,D-Sedan,Electrical & electronics,PL-03,1340.35,1044.13,22.1,3785,mature
FG-07261,Chassis & suspension assembly 07261,BEV Crossover,Electrical & electronics,PL-03,2149.2,1996.61,7.1,2366,ramp-up
FG-07262,Powertrain assembly 07262,Pickup Midsize,Body-in-white,PL-02,844.1,768.98,8.9,3214,ramp-up
FG-07263,Electrical & electronics assembly 07263,C-SUV Gen4,Thermal system,PL-11,1988.04,1703.75,14.3,343,mature
FG-07264,Electrical & electronics assembly 07264,C-SUV Gen4,Thermal system,PL-17,2944.01,2446.47,16.9,2779,mature
FG-07265,E-drive assembly 07265,B-Hatch Facelift,Interior module,PL-11,310.43,247.1,20.4,682,mature
FG-07266,Powertrain assembly 07266,Aftermarket Service,Powertrain,PL-05,2848.63,2731.84,4.1,720,mature
FG-07267,Electrical & electronics assembly 07267,C-SUV Gen5,Electrical & electronics,PL-07,1042.68,980.12,6,2108,ramp-up
FG-07268,Electrical & electronics assembly 07268,B-Hatch Facelift,Chassis & suspension,PL-12,1321.33,1136.34,14,321,mature
FG-07269,Interior module assembly 07269,Hybrid D-Sedan,Body-in-white,PL-10,292.1,237.77,18.6,3305,mature
FG-07270,Chassis & suspension assembly 07270,D-Sedan,Interior module,PL-09,2862.61,2682.27,6.3,3524,ramp-up
FG-07271,Thermal system assembly 07271,C-SUV Gen4,Service kit,PL-14,1149.11,857.24,25.4,317,mature
FG-07272,E-drive assembly 07272,BEV Compact,Service kit,PL-04,1427.17,1175.99,17.6,770,run-out
FG-07273,Exterior module assembly 07273,BEV Crossover,Body-in-white,PL-07,3559.53,3278.33,7.9,2852,mature
FG-07274,Powertrain assembly 07274,Pickup Midsize,E-drive,PL-03,3536.18,3009.29,14.9,2427,mature
FG-07275,Body-in-white assembly 07275,Hybrid D-Sedan,Interior module,PL-15,2506.66,2173.27,13.3,1440,mature
FG-07276,Service kit assembly 07276,BEV Crossover,Powertrain,PL-05,1529.43,1350.49,11.7,2164,ramp-up
FG-07277,Exterior module assembly 07277,Pickup Midsize,Interior module,PL-13,2813.56,2622.24,6.8,2635,mature
FG-07278,Exterior module assembly 07278,E-Van Commercial,Service kit,PL-15,832.52,754.26,9.4,815,run-out
FG-07279,Service kit assembly 07279,Pickup Midsize,Body-in-white,PL-04,705.19,626.21,11.2,3736,mature
FG-07280,Powertrain assembly 07280,B-Hatch Facelift,Chassis & suspension,PL-05,1519.06,1127.14,25.8,3782,mature
FG-07281,Service kit assembly 07281,B-Hatch Facelift,Chassis & suspension,PL-12,2765.61,2076.97,24.9,1531,ramp-up
FG-07282,Interior module assembly 07282,E-Van Commercial,Body-in-white,PL-09,647.85,553.91,14.5,3312,run-out
FG-07283,Exterior module assembly 07283,Hybrid D-Sedan,Powertrain,PL-03,3345.14,3094.25,7.5,1036,mature
FG-07284,E-drive assembly 07284,BEV Crossover,Body-in-white,PL-17,2910.07,2173.82,25.3,2363,run-out
FG-07285,Thermal system assembly 07285,D-Sedan,Powertrain,PL-16,3517.61,2873.89,18.3,1554,ramp-up
FG-07286,Interior module assembly 07286,D-Sedan,Powertrain,PL-12,2191.45,1904.37,13.1,661,mature
FG-07287,Powertrain assembly 07287,BEV Compact,Body-in-white,PL-03,952.48,712.46,25.2,1641,ramp-up
FG-07288,Thermal system assembly 07288,C-SUV Gen4,Service kit,PL-09,529.49,417.24,21.2,3446,ramp-up
FG-07289,Thermal system assembly 07289,C-SUV Gen5,Electrical & electronics,PL-04,562.06,440.09,21.7,283,mature
FG-07290,Interior module assembly 07290,Pickup Midsize,Body-in-white,PL-07,2140.62,1892.31,11.6,3748,ramp-up
FG-07291,Body-in-white assembly 07291,Aftermarket Service,Powertrain,PL-04,218.71,192.68,11.9,1861,mature
FG-07292,Interior module assembly 07292,C-SUV Gen4,E-drive,PL-10,3292.42,3150.85,4.3,2471,mature
FG-07293,Thermal system assembly 07293,BEV Crossover,Powertrain,PL-07,1402.01,1165.07,16.9,2210,run-out
FG-07294,Body-in-white assembly 07294,BEV Crossover,Exterior module,PL-18,2950.75,2419.62,18,2015,mature
FG-07295,Thermal system assembly 07295,BEV Compact,E-drive,PL-16,3225.92,2706.55,16.1,1138,mature
FG-07296,E-drive assembly 07296,D-Sedan,Service kit,PL-09,962,855.22,11.1,3678,run-out
FG-07297,Exterior module assembly 07297,E-Van Commercial,E-drive,PL-04,621.03,496.82,20,3615,mature
FG-07298,Body-in-white assembly 07298,Aftermarket Service,Thermal system,PL-08,390.23,311.01,20.3,1270,mature
FG-07299,Interior module assembly 07299,D-Sedan,Body-in-white,PL-17,3291.71,2929.62,11,2044,mature
FG-07300,Powertrain assembly 07300,Pickup Midsize,Powertrain,PL-11,1544.41,1329.74,13.9,1207,mature
FG-07301,Thermal system assembly 07301,BEV Crossover,Interior module,PL-03,658.28,551.64,16.2,129,mature
FG-07302,Interior module assembly 07302,Aftermarket Service,Thermal system,PL-17,160.54,147.7,8,998,run-out
FG-07303,Interior module assembly 07303,E-Van Commercial,Exterior module,PL-14,1589.23,1519.3,4.4,2719,mature
FG-07304,Exterior module assembly 07304,BEV Compact,Service kit,PL-04,2203.89,2018.76,8.4,1779,ramp-up
FG-07305,Exterior module assembly 07305,E-Van Commercial,Exterior module,PL-20,3498.42,2620.32,25.1,1857,mature
FG-07306,Electrical & electronics assembly 07306,C-SUV Gen5,E-drive,PL-07,1276.17,1065.6,16.5,1925,mature
FG-07307,Service kit assembly 07307,B-Hatch Facelift,Exterior module,PL-04,2992.2,2483.53,17,656,ramp-up
FG-07308,Service kit assembly 07308,Aftermarket Service,Service kit,PL-12,1727.72,1477.2,14.5,2016,mature
FG-07309,Chassis & suspension assembly 07309,E-Van Commercial,Powertrain,PL-02,2361.69,2049.95,13.2,3130,mature
FG-07310,Electrical & electronics assembly 07310,C-SUV Gen5,E-drive,PL-16,219.68,183.21,16.6,2236,mature
FG-07311,Electrical & electronics assembly 07311,C-SUV Gen4,E-drive,PL-13,3609.87,3028.68,16.1,258,mature
FG-07312,Service kit assembly 07312,BEV Compact,Chassis & suspension,PL-19,526.22,476.76,9.4,3558,ramp-up
FG-07313,Thermal system assembly 07313,C-SUV Gen4,Thermal system,PL-03,2478.86,1839.31,25.8,1409,mature
FG-07314,Exterior module assembly 07314,C-SUV Gen4,Electrical & electronics,PL-03,3406.67,2548.19,25.2,1358,ramp-up
FG-07315,Thermal system assembly 07315,Aftermarket Service,Interior module,PL-16,3252.03,2419.51,25.6,1498,mature
FG-07316,Body-in-white assembly 07316,Aftermarket Service,Chassis & suspension,PL-08,632.76,529.62,16.3,1726,ramp-up
FG-07317,E-drive assembly 07317,B-Hatch Facelift,Body-in-white,PL-09,316.25,283.04,10.5,1069,ramp-up
FG-07318,Electrical & electronics assembly 07318,BEV Crossover,Body-in-white,PL-07,2255.78,1881.32,16.6,3739,mature
FG-07319,Service kit assembly 07319,BEV Crossover,Service kit,PL-15,1274.04,1066.37,16.3,3699,run-out
FG-07320,Service kit assembly 07320,B-Hatch Facelift,Thermal system,PL-02,1548.78,1300.98,16,644,mature
FG-07321,Exterior module assembly 07321,C-SUV Gen4,Electrical & electronics,PL-12,195.74,164.03,16.2,2052,mature
FG-07322,Powertrain assembly 07322,E-Van Commercial,Exterior module,PL-04,2273.72,2021.34,11.1,3724,ramp-up
FG-07323,Powertrain assembly 07323,E-Van Commercial,Thermal system,PL-03,731.77,616.15,15.8,1752,mature
FG-07324,E-drive assembly 07324,E-Van Commercial,Powertrain,PL-02,243.72,212.28,12.9,1893,mature
FG-07325,Thermal system assembly 07325,Hybrid D-Sedan,Electrical & electronics,PL-14,1829.75,1535.16,16.1,3653,run-out
FG-07326,Thermal system assembly 07326,Hybrid D-Sedan,Electrical & electronics,PL-09,2280.21,2084.11,8.6,681,mature
FG-07327,Powertrain assembly 07327,E-Van Commercial,Thermal system,PL-04,71.69,57.21,20.2,1244,mature
FG-07328,Chassis & suspension assembly 07328,Aftermarket Service,Chassis & suspension,PL-08,3620.12,3138.64,13.3,735,mature
FG-07329,Thermal system assembly 07329,BEV Crossover,Powertrain,PL-07,321.22,262.76,18.2,733,run-out
FG-07330,Chassis & suspension assembly 07330,E-Van Commercial,E-drive,PL-17,2718.06,2429.95,10.6,2779,mature
FG-07331,E-drive assembly 07331,BEV Compact,Chassis & suspension,PL-06,1440.76,1205.92,16.3,3328,mature
FG-07332,Exterior module assembly 07332,D-Sedan,Electrical & electronics,PL-20,3583.52,2676.89,25.3,1234,mature
FG-07333,Thermal system assembly 07333,BEV Crossover,E-drive,PL-11,2783.69,2187.98,21.4,2630,mature
FG-07334,Interior module assembly 07334,D-Sedan,Powertrain,PL-03,1498.08,1190.97,20.5,523,mature
FG-07335,Body-in-white assembly 07335,C-SUV Gen5,E-drive,PL-11,2376.53,1758.63,26,946,mature
FG-07336,Electrical & electronics assembly 07336,B-Hatch Facelift,Exterior module,PL-16,1972.54,1688.49,14.4,1132,ramp-up
FG-07337,Exterior module assembly 07337,B-Hatch Facelift,Interior module,PL-16,3411.19,2896.1,15.1,2906,run-out
FG-07338,Body-in-white assembly 07338,E-Van Commercial,Body-in-white,PL-20,2309.17,1819.63,21.2,785,ramp-up
FG-07339,Service kit assembly 07339,BEV Compact,Powertrain,PL-08,4117.08,3404.83,17.3,1516,mature
FG-07340,Service kit assembly 07340,Hybrid D-Sedan,Electrical & electronics,PL-13,2248.84,1931.75,14.1,3194,mature
FG-07341,Powertrain assembly 07341,Aftermarket Service,Body-in-white,PL-20,98.34,75.23,23.5,2035,mature
FG-07342,Exterior module assembly 07342,C-SUV Gen5,E-drive,PL-19,2153.25,1729.06,19.7,332,ramp-up
FG-07343,Interior module assembly 07343,BEV Crossover,Interior module,PL-14,3291.02,2777.62,15.6,462,mature
FG-07344,Service kit assembly 07344,Aftermarket Service,Service kit,PL-08,1187.1,1004.29,15.4,82,run-out
FG-07345,Interior module assembly 07345,BEV Crossover,Electrical & electronics,PL-11,2750.28,2266.23,17.6,3625,run-out
FG-07346,Electrical & electronics assembly 07346,Aftermarket Service,Thermal system,PL-12,3810.29,2888.2,24.2,953,ramp-up
FG-07347,Service kit assembly 07347,C-SUV Gen4,Exterior module,PL-16,227.55,194.78,14.4,118,mature
FG-07348,Powertrain assembly 07348,C-SUV Gen5,Powertrain,PL-18,1340.09,1188.66,11.3,822,mature
FG-07349,Chassis & suspension assembly 07349,C-SUV Gen5,Interior module,PL-06,4197.72,3152.49,24.9,3070,run-out
FG-07350,Electrical & electronics assembly 07350,BEV Compact,Exterior module,PL-08,3373.33,2590.72,23.2,1897,mature
FG-07351,E-drive assembly 07351,C-SUV Gen4,Body-in-white,PL-11,3111.37,2476.65,20.4,2172,ramp-up
FG-07352,Exterior module assembly 07352,C-SUV Gen4,Service kit,PL-16,2728.59,2229.26,18.3,556,mature
FG-07353,Exterior module assembly 07353,Hybrid D-Sedan,Thermal system,PL-10,971.9,778.49,19.9,2675,run-out
FG-07354,Interior module assembly 07354,Aftermarket Service,Interior module,PL-18,2713.42,2542.47,6.3,3654,mature
FG-07355,Chassis & suspension assembly 07355,BEV Crossover,Thermal system,PL-05,3052.76,2787.17,8.7,97,ramp-up
FG-07356,Electrical & electronics assembly 07356,B-Hatch Facelift,Electrical & electronics,PL-16,2841.46,2537.42,10.7,3232,mature
FG-07357,Exterior module assembly 07357,BEV Crossover,Powertrain,PL-18,1614.61,1427.32,11.6,316,run-out
FG-07358,Thermal system assembly 07358,C-SUV Gen4,Interior module,PL-09,1169.68,1059.73,9.4,392,run-out
FG-07359,Service kit assembly 07359,BEV Crossover,Electrical & electronics,PL-10,3172.53,2810.86,11.4,1841,mature
FG-07360,Exterior module assembly 07360,Hybrid D-Sedan,Chassis & suspension,PL-12,790.57,724.16,8.4,2692,ramp-up
FG-07361,Interior module assembly 07361,BEV Crossover,Chassis & suspension,PL-14,1748.18,1365.33,21.9,781,run-out
FG-07362,Service kit assembly 07362,D-Sedan,Body-in-white,PL-09,3859.28,2867.45,25.7,2645,mature
FG-07363,Interior module assembly 07363,D-Sedan,Electrical & electronics,PL-12,1982.04,1845.28,6.9,3361,ramp-up
FG-07364,Electrical & electronics assembly 07364,Hybrid D-Sedan,Service kit,PL-14,1465.86,1303.15,11.1,1583,mature
FG-07365,Interior module assembly 07365,D-Sedan,Interior module,PL-11,695.51,561.97,19.2,645,ramp-up
FG-07366,Electrical & electronics assembly 07366,B-Hatch Facelift,Chassis & suspension,PL-04,902.42,844.67,6.4,3281,ramp-up
FG-07367,Thermal system assembly 07367,C-SUV Gen4,Body-in-white,PL-01,1693.2,1544.2,8.8,3742,run-out
FG-07368,Service kit assembly 07368,BEV Compact,Powertrain,PL-15,3070.32,2443.97,20.4,3791,run-out
FG-07369,Exterior module assembly 07369,Pickup Midsize,Powertrain,PL-11,1480.03,1380.87,6.7,3397,mature
FG-07370,Interior module assembly 07370,BEV Compact,Service kit,PL-20,662.37,568.98,14.1,189,mature
FG-07371,Thermal system assembly 07371,BEV Compact,Thermal system,PL-01,4063.47,3206.08,21.1,1422,mature
FG-07372,Powertrain assembly 07372,Aftermarket Service,Powertrain,PL-04,1274.98,1054.41,17.3,3100,run-out
FG-07373,Service kit assembly 07373,B-Hatch Facelift,Interior module,PL-04,2515.71,1949.68,22.5,532,mature
FG-07374,Thermal system assembly 07374,C-SUV Gen5,Interior module,PL-01,660.41,492.01,25.5,64,mature
FG-07375,Service kit assembly 07375,D-Sedan,Electrical & electronics,PL-01,2085.84,1737.5,16.7,1749,run-out
FG-07376,Powertrain assembly 07376,E-Van Commercial,Interior module,PL-10,1683.91,1571.09,6.7,2097,ramp-up
FG-07377,Chassis & suspension assembly 07377,C-SUV Gen4,Service kit,PL-12,1762.07,1635.2,7.2,1799,mature
FG-07378,E-drive assembly 07378,B-Hatch Facelift,Powertrain,PL-11,4195.91,3411.27,18.7,3277,run-out
FG-07379,Thermal system assembly 07379,BEV Crossover,Powertrain,PL-01,763.88,572.91,25,1860,mature
FG-07380,Electrical & electronics assembly 07380,C-SUV Gen5,Body-in-white,PL-01,3214.24,2661.39,17.2,830,ramp-up
FG-07381,Body-in-white assembly 07381,Hybrid D-Sedan,Chassis & suspension,PL-03,879.2,665.55,24.3,1176,run-out
FG-07382,Chassis & suspension assembly 07382,C-SUV Gen4,Service kit,PL-12,3726.26,3070.44,17.6,96,ramp-up
FG-07383,E-drive assembly 07383,E-Van Commercial,Thermal system,PL-09,491.67,382.03,22.3,2024,mature
FG-07384,Chassis & suspension assembly 07384,B-Hatch Facelift,Body-in-white,PL-05,2251.13,1953.98,13.2,585,mature
FG-07385,Body-in-white assembly 07385,C-SUV Gen5,Chassis & suspension,PL-15,1072.72,882.85,17.7,3331,ramp-up
FG-07386,Body-in-white assembly 07386,C-SUV Gen5,Powertrain,PL-07,1641.91,1574.59,4.1,937,run-out
FG-07387,Electrical & electronics assembly 07387,D-Sedan,Electrical & electronics,PL-04,1208.85,971.92,19.6,1858,ramp-up
FG-07388,Service kit assembly 07388,C-SUV Gen5,Electrical & electronics,PL-08,957.81,913.75,4.6,109,run-out
FG-07389,Powertrain assembly 07389,B-Hatch Facelift,Service kit,PL-16,3093.78,2775.12,10.3,941,run-out
FG-07390,Thermal system assembly 07390,B-Hatch Facelift,Thermal system,PL-16,1956.34,1850.7,5.4,2331,mature
FG-07391,Body-in-white assembly 07391,Hybrid D-Sedan,Thermal system,PL-12,2400.62,1956.51,18.5,332,mature
FG-07392,E-drive assembly 07392,D-Sedan,E-drive,PL-15,3120.53,2337.28,25.1,3171,mature
FG-07393,Powertrain assembly 07393,D-Sedan,Body-in-white,PL-03,3084.1,2596.81,15.8,1158,mature
FG-07394,Thermal system assembly 07394,D-Sedan,Electrical & electronics,PL-19,1996.09,1864.35,6.6,2051,mature
FG-07395,Thermal system assembly 07395,Hybrid D-Sedan,E-drive,PL-09,3097.72,2738.38,11.6,3325,run-out
FG-07396,Thermal system assembly 07396,Hybrid D-Sedan,Interior module,PL-11,1683.61,1308.16,22.3,3436,mature
FG-07397,Exterior module assembly 07397,BEV Crossover,E-drive,PL-19,885.95,741.54,16.3,2919,mature
FG-07398,Exterior module assembly 07398,BEV Crossover,Service kit,PL-15,710.75,592.77,16.6,2889,mature
FG-07399,Thermal system assembly 07399,Aftermarket Service,E-drive,PL-01,1876.42,1390.43,25.9,945,mature
FG-07400,E-drive assembly 07400,B-Hatch Facelift,Exterior module,PL-18,3679.41,3263.64,11.3,3375,mature
FG-07401,Interior module assembly 07401,C-SUV Gen4,Interior module,PL-01,4197.12,3907.52,6.9,733,mature
FG-07402,Electrical & electronics assembly 07402,D-Sedan,Chassis & suspension,PL-02,2827.95,2149.24,24,1319,run-out
FG-07403,Electrical & electronics assembly 07403,C-SUV Gen4,E-drive,PL-20,1013.56,879.77,13.2,1554,run-out
FG-07404,Chassis & suspension assembly 07404,C-SUV Gen5,Chassis & suspension,PL-01,1143.33,1039.29,9.1,2914,mature
FG-07405,Body-in-white assembly 07405,C-SUV Gen5,Service kit,PL-11,3640.98,3014.73,17.2,3582,mature
FG-07406,Thermal system assembly 07406,C-SUV Gen4,E-drive,PL-17,2233.36,1813.49,18.8,2615,mature
FG-07407,Exterior module assembly 07407,Aftermarket Service,Service kit,PL-11,2331.51,2233.59,4.2,1519,mature
FG-07408,Electrical & electronics assembly 07408,Hybrid D-Sedan,E-drive,PL-19,198.82,174.76,12.1,3224,mature
FG-07409,Electrical & electronics assembly 07409,C-SUV Gen4,Service kit,PL-02,1851.41,1414.48,23.6,894,mature
FG-07410,Service kit assembly 07410,BEV Compact,Body-in-white,PL-16,2745.71,2325.62,15.3,1950,mature
FG-07411,Chassis & suspension assembly 07411,BEV Crossover,Thermal system,PL-05,3043.21,2434.57,20,343,mature
FG-07412,Chassis & suspension assembly 07412,Hybrid D-Sedan,Service kit,PL-15,282.39,229.02,18.9,2933,ramp-up
FG-07413,Electrical & electronics assembly 07413,Hybrid D-Sedan,Exterior module,PL-17,1007.89,852.67,15.4,351,ramp-up
FG-07414,Interior module assembly 07414,Hybrid D-Sedan,Body-in-white,PL-15,1496.78,1393.5,6.9,3300,mature
FG-07415,Body-in-white assembly 07415,Hybrid D-Sedan,Service kit,PL-04,4062.11,3785.89,6.8,655,run-out
FG-07416,Interior module assembly 07416,Pickup Midsize,Chassis & suspension,PL-07,2453.57,2272.01,7.4,1910,mature
FG-07417,Powertrain assembly 07417,C-SUV Gen5,Chassis & suspension,PL-04,2835.38,2370.38,16.4,1423,ramp-up
FG-07418,E-drive assembly 07418,Pickup Midsize,Chassis & suspension,PL-07,1396.38,1238.59,11.3,537,run-out
FG-07419,Interior module assembly 07419,E-Van Commercial,Body-in-white,PL-18,1692.24,1504.4,11.1,656,mature
FG-07420,Thermal system assembly 07420,C-SUV Gen5,Chassis & suspension,PL-14,1084.96,831.08,23.4,1266,mature
FG-07421,Chassis & suspension assembly 07421,D-Sedan,Chassis & suspension,PL-05,294.44,238.2,19.1,2931,ramp-up
FG-07422,Service kit assembly 07422,B-Hatch Facelift,Service kit,PL-06,2822.37,2105.49,25.4,118,ramp-up
FG-07423,Electrical & electronics assembly 07423,Hybrid D-Sedan,Chassis & suspension,PL-05,93.16,88.87,4.6,1678,run-out
FG-07424,Service kit assembly 07424,Hybrid D-Sedan,Interior module,PL-15,482.19,460.97,4.4,3351,run-out
FG-07425,Powertrain assembly 07425,BEV Compact,Body-in-white,PL-09,2511.16,2337.89,6.9,3046,mature
FG-07426,Chassis & suspension assembly 07426,D-Sedan,Thermal system,PL-04,3620.68,3468.61,4.2,2178,mature
FG-07427,Chassis & suspension assembly 07427,E-Van Commercial,Chassis & suspension,PL-15,2969.99,2515.58,15.3,621,run-out
FG-07428,Service kit assembly 07428,B-Hatch Facelift,Electrical & electronics,PL-05,2418.96,1894.05,21.7,413,mature
FG-07429,Interior module assembly 07429,E-Van Commercial,Exterior module,PL-12,1537.17,1234.35,19.7,3071,mature
FG-07430,Chassis & suspension assembly 07430,C-SUV Gen5,Electrical & electronics,PL-13,3260.25,2797.29,14.2,531,run-out
FG-07431,Body-in-white assembly 07431,BEV Crossover,Exterior module,PL-06,1108.38,908.87,18,1299,run-out
FG-07432,Chassis & suspension assembly 07432,C-SUV Gen5,Powertrain,PL-02,1982,1664.88,16,1066,ramp-up
FG-07433,Interior module assembly 07433,BEV Crossover,Exterior module,PL-02,1434.65,1113.29,22.4,3657,mature
FG-07434,Body-in-white assembly 07434,E-Van Commercial,Chassis & suspension,PL-03,2833.1,2444.97,13.7,1575,mature
FG-07435,Thermal system assembly 07435,Hybrid D-Sedan,Service kit,PL-02,1459.54,1131.14,22.5,3093,mature
FG-07436,Powertrain assembly 07436,D-Sedan,Electrical & electronics,PL-20,4191.08,3428.3,18.2,38,mature
FG-07437,Electrical & electronics assembly 07437,D-Sedan,Powertrain,PL-16,1656.34,1419.48,14.3,1025,mature
FG-07438,Exterior module assembly 07438,BEV Compact,Interior module,PL-04,899.28,839.03,6.7,1604,mature
FG-07439,Body-in-white assembly 07439,D-Sedan,Exterior module,PL-01,2210.22,2055.5,7,955,mature
FG-07440,Electrical & electronics assembly 07440,Hybrid D-Sedan,Interior module,PL-13,3224.03,2688.84,16.6,863,mature
FG-07441,Exterior module assembly 07441,D-Sedan,Interior module,PL-18,1200.49,1108.05,7.7,2091,run-out
FG-07442,Body-in-white assembly 07442,Hybrid D-Sedan,E-drive,PL-05,1796.88,1421.33,20.9,1936,mature
FG-07443,Powertrain assembly 07443,Aftermarket Service,Powertrain,PL-07,1092.72,1021.69,6.5,528,mature
FG-07444,Powertrain assembly 07444,BEV Crossover,Exterior module,PL-15,3191.73,2451.25,23.2,751,run-out
FG-07445,Exterior module assembly 07445,B-Hatch Facelift,Interior module,PL-03,2765.95,2619.35,5.3,1775,mature
FG-07446,Powertrain assembly 07446,BEV Compact,E-drive,PL-12,3177.06,2544.83,19.9,1347,ramp-up
FG-07447,Exterior module assembly 07447,Hybrid D-Sedan,Electrical & electronics,PL-13,3694.89,2778.56,24.8,3027,mature
FG-07448,Electrical & electronics assembly 07448,E-Van Commercial,Powertrain,PL-17,1518.1,1398.17,7.9,1934,mature
FG-07449,Thermal system assembly 07449,D-Sedan,Interior module,PL-13,287.08,221.05,23,1912,mature
FG-07450,Powertrain assembly 07450,Aftermarket Service,Powertrain,PL-14,159.01,138.82,12.7,3635,mature
FG-07451,Electrical & electronics assembly 07451,Hybrid D-Sedan,Exterior module,PL-02,2685.11,2352.16,12.4,1452,ramp-up
FG-07452,Exterior module assembly 07452,Aftermarket Service,Service kit,PL-11,1405.1,1291.29,8.1,324,ramp-up
FG-07453,Body-in-white assembly 07453,BEV Crossover,Thermal system,PL-01,3863.79,2982.85,22.8,3685,mature
FG-07454,Interior module assembly 07454,Hybrid D-Sedan,Body-in-white,PL-15,1949.97,1749.12,10.3,2495,run-out
FG-07455,Thermal system assembly 07455,E-Van Commercial,Exterior module,PL-06,2742.34,2182.9,20.4,3280,ramp-up
FG-07456,Exterior module assembly 07456,Hybrid D-Sedan,Interior module,PL-07,3522.75,2846.38,19.2,634,run-out
FG-07457,Chassis & suspension assembly 07457,Aftermarket Service,E-drive,PL-08,2366.56,1798.59,24,66,mature
FG-07458,E-drive assembly 07458,B-Hatch Facelift,Service kit,PL-20,2760.23,2064.65,25.2,427,mature
FG-07459,Thermal system assembly 07459,C-SUV Gen5,E-drive,PL-06,3936.05,2959.91,24.8,211,ramp-up
FG-07460,Body-in-white assembly 07460,C-SUV Gen4,Interior module,PL-15,1854.1,1555.59,16.1,1257,mature
FG-07461,Service kit assembly 07461,BEV Compact,Exterior module,PL-05,831.38,712.49,14.3,2282,run-out
FG-07462,Powertrain assembly 07462,Hybrid D-Sedan,Interior module,PL-14,2578.11,2428.58,5.8,1168,run-out
FG-07463,Chassis & suspension assembly 07463,Aftermarket Service,Interior module,PL-12,1726.28,1482.87,14.1,2204,mature
FG-07464,Powertrain assembly 07464,C-SUV Gen4,Exterior module,PL-02,315.27,254.11,19.4,1826,run-out
FG-07465,Interior module assembly 07465,BEV Compact,E-drive,PL-12,3839.82,3217.77,16.2,2007,mature
FG-07466,Chassis & suspension assembly 07466,Aftermarket Service,Chassis & suspension,PL-20,3015.01,2650.19,12.1,2138,mature
FG-07467,Powertrain assembly 07467,BEV Compact,Interior module,PL-03,3583.6,3160.74,11.8,3442,ramp-up
FG-07468,Powertrain assembly 07468,C-SUV Gen5,Powertrain,PL-18,290.41,268.05,7.7,3215,mature
FG-07469,Thermal system assembly 07469,Hybrid D-Sedan,Electrical & electronics,PL-16,3053.97,2418.74,20.8,1604,mature
FG-07470,Service kit assembly 07470,BEV Compact,Interior module,PL-19,3150.35,2586.44,17.9,1993,mature
FG-07471,Chassis & suspension assembly 07471,B-Hatch Facelift,Powertrain,PL-07,4059.16,3653.24,10,1237,mature
FG-07472,Body-in-white assembly 07472,C-SUV Gen5,Powertrain,PL-08,631.73,600.78,4.9,3757,mature
FG-07473,E-drive assembly 07473,Hybrid D-Sedan,Thermal system,PL-16,2146.5,1927.56,10.2,2790,mature
FG-07474,Exterior module assembly 07474,BEV Crossover,E-drive,PL-12,3686.61,2927.17,20.6,634,ramp-up
FG-07475,Electrical & electronics assembly 07475,B-Hatch Facelift,Chassis & suspension,PL-01,1404.61,1219.2,13.2,3599,mature
FG-07476,E-drive assembly 07476,Hybrid D-Sedan,Powertrain,PL-17,1814.46,1542.29,15,3026,mature
FG-07477,Chassis & suspension assembly 07477,Hybrid D-Sedan,Service kit,PL-17,180.6,139.42,22.8,2850,run-out
FG-07478,Service kit assembly 07478,D-Sedan,E-drive,PL-01,2794.3,2252.21,19.4,2980,mature
FG-07479,Thermal system assembly 07479,D-Sedan,Service kit,PL-11,1727.19,1430.11,17.2,2760,ramp-up
FG-07480,Thermal system assembly 07480,C-SUV Gen4,E-drive,PL-11,1781.91,1400.58,21.4,1836,mature
FG-07481,Powertrain assembly 07481,Hybrid D-Sedan,Exterior module,PL-17,4075,3170.35,22.2,2199,run-out
FG-07482,Chassis & suspension assembly 07482,C-SUV Gen5,Interior module,PL-04,267,225.88,15.4,68,mature
FG-07483,Electrical & electronics assembly 07483,C-SUV Gen4,Interior module,PL-13,2369.66,2177.72,8.1,1648,ramp-up
FG-07484,Service kit assembly 07484,D-Sedan,E-drive,PL-14,100.42,90.88,9.5,2244,run-out
FG-07485,Chassis & suspension assembly 07485,C-SUV Gen5,Body-in-white,PL-19,3674.02,3438.88,6.4,603,ramp-up
FG-07486,Body-in-white assembly 07486,BEV Crossover,Thermal system,PL-19,1676.32,1491.92,11,3083,ramp-up
FG-07487,Chassis & suspension assembly 07487,BEV Compact,Powertrain,PL-11,220.33,205.35,6.8,2538,mature
FG-07488,Body-in-white assembly 07488,C-SUV Gen4,Thermal system,PL-08,2114.37,1896.59,10.3,3763,mature
FG-07489,Interior module assembly 07489,E-Van Commercial,E-drive,PL-18,832.47,765.04,8.1,960,mature
FG-07490,Thermal system assembly 07490,BEV Crossover,Chassis & suspension,PL-03,1751.93,1566.23,10.6,1760,run-out
FG-07491,Exterior module assembly 07491,Aftermarket Service,Service kit,PL-18,4178.07,3133.55,25,3277,run-out
FG-07492,E-drive assembly 07492,Aftermarket Service,Service kit,PL-15,2326.21,2035.43,12.5,3369,run-out
FG-07493,Interior module assembly 07493,BEV Compact,Service kit,PL-16,1105.75,1029.45,6.9,1735,mature
FG-07494,Interior module assembly 07494,C-SUV Gen5,Chassis & suspension,PL-15,1001.53,797.22,20.4,2202,run-out
FG-07495,Exterior module assembly 07495,Hybrid D-Sedan,Interior module,PL-17,1912.29,1508.8,21.1,1061,mature
FG-07496,Body-in-white assembly 07496,Hybrid D-Sedan,E-drive,PL-16,1016.42,951.37,6.4,3057,mature
FG-07497,Electrical & electronics assembly 07497,D-Sedan,Powertrain,PL-05,1284.79,1065.09,17.1,745,ramp-up
FG-07498,E-drive assembly 07498,D-Sedan,Service kit,PL-07,1555.87,1492.08,4.1,409,ramp-up
FG-07499,Electrical & electronics assembly 07499,B-Hatch Facelift,Powertrain,PL-19,1412.93,1270.22,10.1,3780,mature
FG-07500,Exterior module assembly 07500,BEV Crossover,Interior module,PL-11,88.52,82.94,6.3,2284,mature
FG-07501,Exterior module assembly 07501,B-Hatch Facelift,Body-in-white,PL-07,1861.07,1459.08,21.6,2720,ramp-up
FG-07502,Powertrain assembly 07502,Hybrid D-Sedan,Electrical & electronics,PL-16,3013.78,2552.67,15.3,1184,mature
FG-07503,Interior module assembly 07503,BEV Compact,E-drive,PL-05,1905.51,1524.41,20,3548,mature
FG-07504,Body-in-white assembly 07504,Pickup Midsize,E-drive,PL-19,3069.09,2884.94,6,1745,mature
FG-07505,Service kit assembly 07505,B-Hatch Facelift,Electrical & electronics,PL-11,2871.62,2412.16,16,393,mature
FG-07506,Interior module assembly 07506,C-SUV Gen4,Chassis & suspension,PL-15,2442.08,1929.24,21,3007,ramp-up
FG-07507,Interior module assembly 07507,D-Sedan,Service kit,PL-04,2161.07,1616.48,25.2,3174,ramp-up
FG-07508,Service kit assembly 07508,Pickup Midsize,Exterior module,PL-19,2642.75,2032.27,23.1,3379,run-out
FG-07509,Body-in-white assembly 07509,D-Sedan,Electrical & electronics,PL-17,3899,3555.89,8.8,976,run-out
FG-07510,Thermal system assembly 07510,Pickup Midsize,Chassis & suspension,PL-17,2685.68,2352.66,12.4,1819,mature
FG-07511,Body-in-white assembly 07511,C-SUV Gen5,Powertrain,PL-16,496.21,432.2,12.9,1036,mature
FG-07512,Chassis & suspension assembly 07512,D-Sedan,Chassis & suspension,PL-07,1427.19,1270.2,11,2800,mature
FG-07513,Powertrain assembly 07513,C-SUV Gen4,Chassis & suspension,PL-13,4071.34,3216.36,21,3466,ramp-up
FG-07514,Thermal system assembly 07514,D-Sedan,Thermal system,PL-13,4057.53,3895.23,4,2363,mature
FG-07515,Exterior module assembly 07515,C-SUV Gen4,Exterior module,PL-07,3083.07,2922.75,5.2,2424,mature
FG-07516,Interior module assembly 07516,B-Hatch Facelift,E-drive,PL-20,3663.1,3201.55,12.6,646,mature
FG-07517,E-drive assembly 07517,BEV Compact,Service kit,PL-17,2062.3,1637.47,20.6,2430,ramp-up
FG-07518,Powertrain assembly 07518,Hybrid D-Sedan,Electrical & electronics,PL-14,183.61,161.03,12.3,3062,mature
FG-07519,Body-in-white assembly 07519,Aftermarket Service,E-drive,PL-16,3174.34,2707.71,14.7,634,mature
FG-07520,Chassis & suspension assembly 07520,BEV Compact,Interior module,PL-14,2749.27,2567.82,6.6,2577,run-out
FG-07521,Electrical & electronics assembly 07521,Hybrid D-Sedan,Exterior module,PL-13,246.09,221.48,10,3129,ramp-up
FG-07522,Interior module assembly 07522,E-Van Commercial,Exterior module,PL-10,2932.97,2601.54,11.3,3578,ramp-up
FG-07523,Electrical & electronics assembly 07523,E-Van Commercial,Powertrain,PL-07,1878.25,1450.01,22.8,3438,mature
FG-07524,Electrical & electronics assembly 07524,Hybrid D-Sedan,Service kit,PL-02,2017.49,1662.41,17.6,367,ramp-up
FG-07525,Chassis & suspension assembly 07525,BEV Compact,Exterior module,PL-19,542.48,518.07,4.5,2610,mature
FG-07526,Powertrain assembly 07526,C-SUV Gen5,Thermal system,PL-11,867.67,686.33,20.9,1033,mature
FG-07527,Thermal system assembly 07527,BEV Crossover,Body-in-white,PL-15,4003.6,3054.75,23.7,2833,ramp-up
FG-07528,Powertrain assembly 07528,C-SUV Gen4,Body-in-white,PL-18,2267.62,2136.1,5.8,2158,mature
FG-07529,E-drive assembly 07529,C-SUV Gen4,Thermal system,PL-19,261.78,235.34,10.1,1055,mature
FG-07530,E-drive assembly 07530,Hybrid D-Sedan,Interior module,PL-03,792.87,644.6,18.7,1352,mature
FG-07531,Chassis & suspension assembly 07531,BEV Crossover,Service kit,PL-06,1439.71,1089.86,24.3,1509,ramp-up
FG-07532,E-drive assembly 07532,E-Van Commercial,Service kit,PL-15,1767.58,1398.16,20.9,2206,mature
FG-07533,Thermal system assembly 07533,E-Van Commercial,Thermal system,PL-05,414.83,317.34,23.5,1772,mature
FG-07534,E-drive assembly 07534,C-SUV Gen5,Powertrain,PL-14,2826.73,2665.61,5.7,357,mature
FG-07535,E-drive assembly 07535,Aftermarket Service,Chassis & suspension,PL-11,2241.46,1748.34,22,1507,mature
FG-07536,Exterior module assembly 07536,BEV Crossover,Powertrain,PL-04,408.31,388.71,4.8,3571,mature
FG-07537,Chassis & suspension assembly 07537,BEV Compact,Thermal system,PL-01,1558.04,1400.68,10.1,3643,mature
FG-07538,Thermal system assembly 07538,Hybrid D-Sedan,Thermal system,PL-10,400.48,371.65,7.2,2675,ramp-up
FG-07539,Body-in-white assembly 07539,C-SUV Gen5,Exterior module,PL-13,1544.27,1465.51,5.1,436,ramp-up
FG-07540,Interior module assembly 07540,Hybrid D-Sedan,Powertrain,PL-16,3858.81,3449.78,10.6,2990,ramp-up
FG-07541,Thermal system assembly 07541,BEV Crossover,Interior module,PL-19,3793.35,3258.49,14.1,1115,mature
FG-07542,Thermal system assembly 07542,Pickup Midsize,Thermal system,PL-17,1033.4,974.5,5.7,2827,run-out
FG-07543,E-drive assembly 07543,C-SUV Gen5,Thermal system,PL-03,2339.12,1901.7,18.7,2818,run-out
FG-07544,E-drive assembly 07544,C-SUV Gen5,Chassis & suspension,PL-20,2791.12,2640.4,5.4,2225,mature
FG-07545,Service kit assembly 07545,C-SUV Gen4,Powertrain,PL-18,2613.27,2500.9,4.3,3113,ramp-up
FG-07546,Thermal system assembly 07546,D-Sedan,Powertrain,PL-18,1402.79,1296.18,7.6,358,mature
FG-07547,Powertrain assembly 07547,Hybrid D-Sedan,Powertrain,PL-01,3007.52,2691.73,10.5,1182,mature
FG-07548,Thermal system assembly 07548,D-Sedan,Interior module,PL-06,1965.34,1491.69,24.1,494,ramp-up
FG-07549,Body-in-white assembly 07549,BEV Crossover,Service kit,PL-09,1365.82,1278.41,6.4,2784,mature
FG-07550,Chassis & suspension assembly 07550,Pickup Midsize,Interior module,PL-17,3964.03,3123.66,21.2,3615,mature
FG-07551,E-drive assembly 07551,E-Van Commercial,Powertrain,PL-17,1476.53,1374.65,6.9,2531,ramp-up
FG-07552,Interior module assembly 07552,C-SUV Gen4,Exterior module,PL-01,3609.61,3068.17,15,2038,run-out
FG-07553,Chassis & suspension assembly 07553,Pickup Midsize,Electrical & electronics,PL-11,2944.61,2517.64,14.5,192,mature
FG-07554,Service kit assembly 07554,BEV Compact,Body-in-white,PL-17,330.53,290.21,12.2,3281,mature
FG-07555,Chassis & suspension assembly 07555,E-Van Commercial,Exterior module,PL-09,3528.78,2643.06,25.1,1876,ramp-up
FG-07556,Exterior module assembly 07556,B-Hatch Facelift,Body-in-white,PL-12,3265.11,2726.37,16.5,997,ramp-up
FG-07557,Electrical & electronics assembly 07557,C-SUV Gen5,Exterior module,PL-12,1478.76,1274.69,13.8,2309,mature
FG-07558,Electrical & electronics assembly 07558,BEV Crossover,Thermal system,PL-18,358.75,307.81,14.2,2623,mature
FG-07559,Electrical & electronics assembly 07559,BEV Crossover,Powertrain,PL-05,2027.41,1885.49,7,1138,ramp-up
FG-07560,Electrical & electronics assembly 07560,Pickup Midsize,Powertrain,PL-06,2251.08,1699.57,24.5,312,mature
FG-07561,Powertrain assembly 07561,E-Van Commercial,Electrical & electronics,PL-09,3107.95,2365.15,23.9,335,mature
FG-07562,Exterior module assembly 07562,Hybrid D-Sedan,Interior module,PL-02,3063.19,2496.5,18.5,2365,mature
FG-07563,Thermal system assembly 07563,BEV Compact,Body-in-white,PL-20,1846.13,1530.44,17.1,1591,mature
FG-07564,Chassis & suspension assembly 07564,D-Sedan,Exterior module,PL-06,3509.79,3000.87,14.5,383,mature
FG-07565,Thermal system assembly 07565,D-Sedan,Exterior module,PL-07,1052.42,932.44,11.4,3724,run-out
FG-07566,Interior module assembly 07566,E-Van Commercial,Body-in-white,PL-07,771.41,631.01,18.2,695,run-out
FG-07567,Exterior module assembly 07567,E-Van Commercial,Chassis & suspension,PL-01,3249.2,2511.63,22.7,75,mature
FG-07568,Electrical & electronics assembly 07568,B-Hatch Facelift,Interior module,PL-18,3296.57,3032.84,8,2853,ramp-up
FG-07569,Interior module assembly 07569,D-Sedan,Exterior module,PL-02,542.95,427.3,21.3,2377,mature
FG-07570,Thermal system assembly 07570,BEV Compact,Exterior module,PL-13,4054,3733.73,7.9,819,mature
FG-07571,Thermal system assembly 07571,E-Van Commercial,Service kit,PL-03,1891.42,1399.65,26,345,mature
FG-07572,Chassis & suspension assembly 07572,B-Hatch Facelift,Chassis & suspension,PL-04,3644.8,3422.47,6.1,3043,mature
FG-07573,Powertrain assembly 07573,BEV Compact,E-drive,PL-17,2200.84,1681.44,23.6,668,ramp-up
FG-07574,Body-in-white assembly 07574,D-Sedan,Interior module,PL-17,174.63,163.98,6.1,3404,mature
FG-07575,Exterior module assembly 07575,C-SUV Gen4,Chassis & suspension,PL-08,1283.12,1031.63,19.6,1724,run-out
FG-07576,Service kit assembly 07576,D-Sedan,Thermal system,PL-07,4055.89,3585.41,11.6,1293,ramp-up
FG-07577,Chassis & suspension assembly 07577,BEV Crossover,Electrical & electronics,PL-07,2037.98,1571.28,22.9,2321,ramp-up
FG-07578,Chassis & suspension assembly 07578,Pickup Midsize,Electrical & electronics,PL-15,2949.96,2625.46,11,2795,run-out
FG-07579,Thermal system assembly 07579,Pickup Midsize,E-drive,PL-10,325.21,295.94,9,2884,mature
FG-07580,E-drive assembly 07580,BEV Crossover,E-drive,PL-07,1499.32,1395.87,6.9,2968,mature
FG-07581,Body-in-white assembly 07581,B-Hatch Facelift,Electrical & electronics,PL-14,3921.78,3349.2,14.6,2849,mature
FG-07582,Chassis & suspension assembly 07582,Hybrid D-Sedan,Interior module,PL-05,2889.76,2242.45,22.4,2142,mature
FG-07583,E-drive assembly 07583,Pickup Midsize,Chassis & suspension,PL-11,1619.12,1418.35,12.4,1849,ramp-up
FG-07584,Powertrain assembly 07584,D-Sedan,Electrical & electronics,PL-06,2877.59,2290.56,20.4,3328,mature
FG-07585,Body-in-white assembly 07585,E-Van Commercial,E-drive,PL-08,2955.21,2760.17,6.6,894,ramp-up
FG-07586,Electrical & electronics assembly 07586,BEV Crossover,Thermal system,PL-20,436.81,349.45,20,2052,ramp-up
FG-07587,Powertrain assembly 07587,Aftermarket Service,Exterior module,PL-01,3156.84,2626.49,16.8,3553,mature
FG-07588,Exterior module assembly 07588,B-Hatch Facelift,Electrical & electronics,PL-02,96.27,80.96,15.9,2658,ramp-up
FG-07589,Service kit assembly 07589,B-Hatch Facelift,Electrical & electronics,PL-11,2096.76,1683.7,19.7,2012,mature
FG-07590,Service kit assembly 07590,E-Van Commercial,Service kit,PL-14,1811.93,1683.28,7.1,591,run-out
FG-07591,Powertrain assembly 07591,E-Van Commercial,Body-in-white,PL-01,2475.9,1938.63,21.7,941,mature
FG-07592,Chassis & suspension assembly 07592,Pickup Midsize,Exterior module,PL-15,3303.97,2468.07,25.3,2480,run-out
FG-07593,Interior module assembly 07593,B-Hatch Facelift,Interior module,PL-11,3850.51,3022.65,21.5,3548,run-out
FG-07594,Powertrain assembly 07594,B-Hatch Facelift,Chassis & suspension,PL-01,2394.02,2140.25,10.6,851,mature
FG-07595,Exterior module assembly 07595,Hybrid D-Sedan,Interior module,PL-18,814.38,671.86,17.5,1427,mature
FG-07596,Interior module assembly 07596,D-Sedan,Chassis & suspension,PL-01,3497.33,2944.75,15.8,1778,mature
FG-07597,Chassis & suspension assembly 07597,Hybrid D-Sedan,Electrical & electronics,PL-08,1956.05,1680.25,14.1,2196,ramp-up
FG-07598,Interior module assembly 07598,E-Van Commercial,Body-in-white,PL-13,3339.99,2822.29,15.5,3378,run-out
FG-07599,Service kit assembly 07599,Hybrid D-Sedan,Thermal system,PL-13,3110.92,2886.93,7.2,436,run-out
FG-07600,Exterior module assembly 07600,BEV Crossover,Chassis & suspension,PL-18,1606.07,1241.49,22.7,775,mature
FG-07601,Interior module assembly 07601,BEV Crossover,Interior module,PL-09,2163.53,1893.09,12.5,1560,mature
FG-07602,Exterior module assembly 07602,D-Sedan,E-drive,PL-20,3274.83,3009.57,8.1,2401,run-out
FG-07603,Thermal system assembly 07603,Aftermarket Service,Thermal system,PL-11,1384.68,1291.91,6.7,304,run-out
FG-07604,Chassis & suspension assembly 07604,B-Hatch Facelift,Exterior module,PL-20,182.93,152.38,16.7,936,run-out
FG-07605,Service kit assembly 07605,Pickup Midsize,Body-in-white,PL-10,1458.66,1134.84,22.2,817,mature
FG-07606,Exterior module assembly 07606,Pickup Midsize,Service kit,PL-13,2446.56,1942.57,20.6,950,mature
FG-07607,Thermal system assembly 07607,Pickup Midsize,Body-in-white,PL-09,3820.39,2964.62,22.4,2717,mature
FG-07608,Exterior module assembly 07608,Hybrid D-Sedan,Service kit,PL-03,3403.7,2916.97,14.3,1185,run-out
FG-07609,Powertrain assembly 07609,BEV Crossover,Thermal system,PL-18,527.67,434.27,17.7,2273,mature
FG-07610,Interior module assembly 07610,Pickup Midsize,Interior module,PL-01,2726.24,2153.73,21,3296,run-out
FG-07611,E-drive assembly 07611,B-Hatch Facelift,Body-in-white,PL-12,1528.32,1413.7,7.5,1149,mature
FG-07612,Thermal system assembly 07612,Hybrid D-Sedan,Interior module,PL-20,447.23,393.56,12,1687,ramp-up
FG-07613,Interior module assembly 07613,B-Hatch Facelift,Electrical & electronics,PL-06,3757.36,3453.01,8.1,23,run-out
FG-07614,Body-in-white assembly 07614,B-Hatch Facelift,E-drive,PL-12,3453,2658.81,23,3606,mature
FG-07615,Body-in-white assembly 07615,C-SUV Gen4,Service kit,PL-14,1784.27,1497,16.1,3548,run-out
FG-07616,E-drive assembly 07616,D-Sedan,Electrical & electronics,PL-05,2890.4,2670.73,7.6,67,mature
FG-07617,Powertrain assembly 07617,E-Van Commercial,Thermal system,PL-20,2615.07,2220.19,15.1,2634,mature
FG-07618,Chassis & suspension assembly 07618,BEV Crossover,Interior module,PL-15,1433.98,1151.49,19.7,1070,ramp-up
FG-07619,Interior module assembly 07619,BEV Compact,Electrical & electronics,PL-19,3099.61,2953.93,4.7,2089,mature
FG-07620,Thermal system assembly 07620,BEV Crossover,Chassis & suspension,PL-08,3158.16,2438.1,22.8,2751,mature
FG-07621,Powertrain assembly 07621,Hybrid D-Sedan,Chassis & suspension,PL-12,578.68,537.02,7.2,2902,run-out
FG-07622,Service kit assembly 07622,D-Sedan,Thermal system,PL-14,3409.41,3191.21,6.4,3683,run-out
FG-07623,Powertrain assembly 07623,C-SUV Gen4,E-drive,PL-19,3531.25,3224.03,8.7,3421,ramp-up
FG-07624,Body-in-white assembly 07624,C-SUV Gen4,E-drive,PL-02,3608.48,3059.99,15.2,2283,mature
FG-07625,Body-in-white assembly 07625,D-Sedan,Interior module,PL-03,671.63,606.48,9.7,534,mature
FG-07626,E-drive assembly 07626,C-SUV Gen5,Exterior module,PL-17,1122.54,855.38,23.8,1770,run-out
FG-07627,Electrical & electronics assembly 07627,C-SUV Gen5,Powertrain,PL-17,681.65,611.44,10.3,2198,ramp-up
FG-07628,Service kit assembly 07628,C-SUV Gen4,Electrical & electronics,PL-16,4067.4,3668.79,9.8,3790,run-out
FG-07629,Powertrain assembly 07629,D-Sedan,Service kit,PL-05,1307.88,1090.77,16.6,2149,run-out
FG-07630,Chassis & suspension assembly 07630,Aftermarket Service,Electrical & electronics,PL-06,404.67,386.46,4.5,2027,mature
FG-07631,Thermal system assembly 07631,BEV Crossover,Thermal system,PL-01,4163.8,3988.92,4.2,3771,ramp-up
FG-07632,Powertrain assembly 07632,BEV Compact,E-drive,PL-19,1828.99,1616.83,11.6,2297,mature
FG-07633,Exterior module assembly 07633,C-SUV Gen5,Body-in-white,PL-19,446.98,391.11,12.5,2373,mature
FG-07634,Service kit assembly 07634,Aftermarket Service,Chassis & suspension,PL-07,400.16,341.74,14.6,1042,run-out
FG-07635,Powertrain assembly 07635,BEV Crossover,Electrical & electronics,PL-13,2361.26,1889.01,20,1494,run-out
FG-07636,Chassis & suspension assembly 07636,E-Van Commercial,E-drive,PL-20,4120.37,3910.23,5.1,1633,mature
FG-07637,Interior module assembly 07637,D-Sedan,Interior module,PL-13,3903.99,3248.12,16.8,2744,mature
FG-07638,Interior module assembly 07638,E-Van Commercial,Body-in-white,PL-01,1876.39,1649.35,12.1,429,mature
FG-07639,Interior module assembly 07639,C-SUV Gen4,Chassis & suspension,PL-20,3978.13,3504.73,11.9,3199,mature
FG-07640,Body-in-white assembly 07640,C-SUV Gen4,Exterior module,PL-05,3171.72,2518.35,20.6,3084,ramp-up
FG-07641,Electrical & electronics assembly 07641,Pickup Midsize,E-drive,PL-05,419.52,345.68,17.6,369,mature
FG-07642,Body-in-white assembly 07642,Aftermarket Service,Interior module,PL-11,3068.81,2375.26,22.6,3040,mature
FG-07643,Service kit assembly 07643,BEV Crossover,Interior module,PL-01,644.04,560.96,12.9,941,mature
FG-07644,Exterior module assembly 07644,BEV Compact,Interior module,PL-01,1146.25,870,24.1,1616,mature
FG-07645,Service kit assembly 07645,D-Sedan,Chassis & suspension,PL-03,3209.76,2702.62,15.8,3050,run-out
FG-07646,Powertrain assembly 07646,B-Hatch Facelift,Chassis & suspension,PL-17,3835.92,3544.39,7.6,1625,ramp-up
FG-07647,Thermal system assembly 07647,BEV Crossover,Service kit,PL-02,154.18,116.1,24.7,1251,mature
FG-07648,Electrical & electronics assembly 07648,BEV Crossover,Body-in-white,PL-13,1830.22,1731.39,5.4,997,mature
FG-07649,Body-in-white assembly 07649,E-Van Commercial,Service kit,PL-03,106.4,79.91,24.9,2814,mature
FG-07650,Electrical & electronics assembly 07650,B-Hatch Facelift,Interior module,PL-18,1504.25,1230.48,18.2,1519,mature
FG-07651,Exterior module assembly 07651,C-SUV Gen5,Chassis & suspension,PL-19,1539.29,1266.84,17.7,2447,mature
FG-07652,Chassis & suspension assembly 07652,C-SUV Gen5,E-drive,PL-06,2322.96,1811.91,22,2457,mature
FG-07653,Exterior module assembly 07653,B-Hatch Facelift,Electrical & electronics,PL-10,3416.71,3242.46,5.1,2379,ramp-up
FG-07654,Thermal system assembly 07654,C-SUV Gen4,Powertrain,PL-15,3333.38,2693.37,19.2,1735,mature
FG-07655,Thermal system assembly 07655,C-SUV Gen4,Chassis & suspension,PL-18,3375.66,2734.28,19,2199,ramp-up
FG-07656,Body-in-white assembly 07656,Aftermarket Service,Interior module,PL-03,1346.81,1037.04,23,901,mature
FG-07657,Powertrain assembly 07657,BEV Compact,Exterior module,PL-20,63.5,52.39,17.5,36,ramp-up
FG-07658,Thermal system assembly 07658,C-SUV Gen4,Chassis & suspension,PL-05,1585.95,1252.9,21,2525,mature
FG-07659,Interior module assembly 07659,BEV Compact,E-drive,PL-11,3785.12,2861.55,24.4,1305,mature
FG-07660,Body-in-white assembly 07660,E-Van Commercial,Interior module,PL-07,3402.17,2538.02,25.4,39,run-out
FG-07661,Chassis & suspension assembly 07661,Aftermarket Service,Service kit,PL-15,1445.12,1072.28,25.8,985,ramp-up
FG-07662,Thermal system assembly 07662,Pickup Midsize,Chassis & suspension,PL-05,2612.64,2244.26,14.1,1603,run-out
FG-07663,E-drive assembly 07663,Aftermarket Service,Powertrain,PL-03,435.04,345.42,20.6,3698,run-out
FG-07664,Chassis & suspension assembly 07664,Pickup Midsize,Body-in-white,PL-19,2147.51,1595.6,25.7,1041,run-out
FG-07665,Service kit assembly 07665,Hybrid D-Sedan,Body-in-white,PL-09,1885.48,1766.69,6.3,2215,run-out
FG-07666,Body-in-white assembly 07666,C-SUV Gen5,Powertrain,PL-11,1922.16,1685.73,12.3,1704,mature
FG-07667,Electrical & electronics assembly 07667,B-Hatch Facelift,Powertrain,PL-05,3003.35,2799.12,6.8,1315,mature
FG-07668,Exterior module assembly 07668,Hybrid D-Sedan,Chassis & suspension,PL-20,1174.32,912.45,22.3,2534,run-out
FG-07669,Interior module assembly 07669,Pickup Midsize,Electrical & electronics,PL-02,3564.01,3057.92,14.2,66,mature
FG-07670,Chassis & suspension assembly 07670,Pickup Midsize,Interior module,PL-18,801.3,726.78,9.3,3022,ramp-up
FG-07671,Body-in-white assembly 07671,Hybrid D-Sedan,Service kit,PL-19,4093.51,3393.52,17.1,569,mature
FG-07672,Electrical & electronics assembly 07672,C-SUV Gen5,Service kit,PL-09,1542.14,1307.73,15.2,608,mature
FG-07673,E-drive assembly 07673,C-SUV Gen4,E-drive,PL-05,4050.72,3746.92,7.5,1572,mature
FG-07674,Thermal system assembly 07674,C-SUV Gen5,Chassis & suspension,PL-01,2159.86,1671.73,22.6,3210,mature
FG-07675,Chassis & suspension assembly 07675,Aftermarket Service,Chassis & suspension,PL-15,4164.55,3748.1,10,3440,mature
FG-07676,Interior module assembly 07676,Pickup Midsize,Electrical & electronics,PL-06,1778.57,1668.3,6.2,153,mature
FG-07677,Body-in-white assembly 07677,BEV Compact,Service kit,PL-20,461.14,356.92,22.6,1770,mature
FG-07678,Service kit assembly 07678,E-Van Commercial,Service kit,PL-13,2220.72,2100.8,5.4,1164,mature
FG-07679,Exterior module assembly 07679,BEV Crossover,Powertrain,PL-11,3221.03,2473.75,23.2,3699,mature
FG-07680,Interior module assembly 07680,B-Hatch Facelift,Powertrain,PL-08,2034.25,1609.09,20.9,3521,ramp-up
FG-07681,Electrical & electronics assembly 07681,BEV Compact,E-drive,PL-13,1921.37,1521.73,20.8,2614,mature
FG-07682,Body-in-white assembly 07682,D-Sedan,Interior module,PL-07,2984.79,2319.18,22.3,799,mature
FG-07683,Interior module assembly 07683,BEV Crossover,Service kit,PL-18,813.07,661.84,18.6,2027,run-out
FG-07684,Thermal system assembly 07684,BEV Crossover,Powertrain,PL-13,4082.86,3249.96,20.4,2958,ramp-up
FG-07685,Body-in-white assembly 07685,Hybrid D-Sedan,Electrical & electronics,PL-04,483.03,384.97,20.3,1625,ramp-up
FG-07686,Electrical & electronics assembly 07686,BEV Compact,E-drive,PL-13,3921.03,3603.43,8.1,3492,run-out
FG-07687,E-drive assembly 07687,D-Sedan,Interior module,PL-11,191.32,162.05,15.3,2237,run-out
FG-07688,Electrical & electronics assembly 07688,BEV Crossover,Powertrain,PL-15,3011.13,2658.83,11.7,3298,mature
FG-07689,Service kit assembly 07689,BEV Crossover,Service kit,PL-18,208.32,192.49,7.6,3234,ramp-up
FG-07690,Body-in-white assembly 07690,Aftermarket Service,Chassis & suspension,PL-02,1966.44,1787.49,9.1,516,ramp-up
FG-07691,Thermal system assembly 07691,BEV Crossover,Body-in-white,PL-18,4151.98,3205.33,22.8,3711,mature
FG-07692,Body-in-white assembly 07692,C-SUV Gen5,E-drive,PL-10,3838.85,2867.62,25.3,3051,mature
FG-07693,Body-in-white assembly 07693,BEV Compact,Body-in-white,PL-13,549.95,525.75,4.4,3665,mature
FG-07694,Interior module assembly 07694,Pickup Midsize,E-drive,PL-04,3991.07,3707.7,7.1,3290,run-out
FG-07695,Body-in-white assembly 07695,BEV Compact,Exterior module,PL-14,2571.81,2072.88,19.4,1400,mature
FG-07696,Service kit assembly 07696,C-SUV Gen5,Exterior module,PL-13,743.83,700.69,5.8,1968,run-out
FG-07697,Chassis & suspension assembly 07697,C-SUV Gen5,Service kit,PL-14,506.22,391.31,22.7,2269,mature
FG-07698,Body-in-white assembly 07698,BEV Crossover,Exterior module,PL-08,1868.04,1718.6,8,1788,ramp-up
FG-07699,Electrical & electronics assembly 07699,BEV Compact,Electrical & electronics,PL-04,1493.11,1222.86,18.1,949,ramp-up
FG-07700,Interior module assembly 07700,Aftermarket Service,Service kit,PL-16,1991.96,1810.69,9.1,1040,run-out
FG-07701,Powertrain assembly 07701,B-Hatch Facelift,Electrical & electronics,PL-13,2775.92,2181.87,21.4,1530,run-out
FG-07702,E-drive assembly 07702,Pickup Midsize,E-drive,PL-01,1558.47,1259.24,19.2,2348,mature
FG-07703,Service kit assembly 07703,BEV Crossover,Chassis & suspension,PL-01,2348.73,1813.22,22.8,3570,mature
FG-07704,Chassis & suspension assembly 07704,Pickup Midsize,Service kit,PL-12,852.16,809.55,5,2502,mature
FG-07705,Service kit assembly 07705,C-SUV Gen4,Electrical & electronics,PL-16,1293.45,1085.2,16.1,3281,ramp-up
FG-07706,Chassis & suspension assembly 07706,C-SUV Gen5,E-drive,PL-09,2336.58,2198.72,5.9,1207,mature
FG-07707,Exterior module assembly 07707,Pickup Midsize,E-drive,PL-09,1962.05,1848.25,5.8,2266,run-out
FG-07708,Chassis & suspension assembly 07708,BEV Compact,Body-in-white,PL-12,526.39,477.96,9.2,2262,mature
FG-07709,Chassis & suspension assembly 07709,E-Van Commercial,E-drive,PL-13,2003.71,1737.22,13.3,1145,ramp-up
FG-07710,Interior module assembly 07710,Hybrid D-Sedan,Thermal system,PL-19,944.59,727.33,23,3403,mature
FG-07711,E-drive assembly 07711,Hybrid D-Sedan,Service kit,PL-18,857.02,699.33,18.4,731,run-out
FG-07712,Chassis & suspension assembly 07712,Pickup Midsize,Electrical & electronics,PL-06,1684.66,1401.64,16.8,1256,mature
FG-07713,E-drive assembly 07713,D-Sedan,Powertrain,PL-07,2087.17,1880.54,9.9,3217,mature
FG-07714,Thermal system assembly 07714,Hybrid D-Sedan,Thermal system,PL-16,4057.79,3367.97,17,91,mature
FG-07715,E-drive assembly 07715,Hybrid D-Sedan,Powertrain,PL-11,3258.13,2788.96,14.4,2010,mature
FG-07716,Electrical & electronics assembly 07716,Aftermarket Service,Service kit,PL-03,2465.04,1851.25,24.9,1655,run-out
FG-07717,Thermal system assembly 07717,Aftermarket Service,Service kit,PL-08,2424.84,2046.56,15.6,1820,mature
FG-07718,Chassis & suspension assembly 07718,E-Van Commercial,Thermal system,PL-04,3354.53,2542.73,24.2,2573,mature
FG-07719,Exterior module assembly 07719,Hybrid D-Sedan,E-drive,PL-16,470.4,448.76,4.6,936,mature
FG-07720,Body-in-white assembly 07720,Pickup Midsize,E-drive,PL-13,2628.64,2365.78,10,3093,mature
FG-07721,E-drive assembly 07721,BEV Compact,Chassis & suspension,PL-15,3443.26,3129.92,9.1,3750,ramp-up
FG-07722,Thermal system assembly 07722,BEV Compact,Body-in-white,PL-04,446.18,371.22,16.8,704,mature
FG-07723,Thermal system assembly 07723,D-Sedan,Body-in-white,PL-14,4119.42,3616.85,12.2,3035,mature
FG-07724,Thermal system assembly 07724,C-SUV Gen5,Service kit,PL-02,3559.6,2972.27,16.5,2663,ramp-up
FG-07725,Exterior module assembly 07725,Hybrid D-Sedan,Service kit,PL-16,959.56,715.83,25.4,29,ramp-up
FG-07726,Body-in-white assembly 07726,Pickup Midsize,E-drive,PL-01,2722.17,2381.9,12.5,705,mature
FG-07727,Exterior module assembly 07727,B-Hatch Facelift,E-drive,PL-11,446.31,413.73,7.3,1840,ramp-up
FG-07728,Powertrain assembly 07728,BEV Compact,Body-in-white,PL-18,4110.14,3094.94,24.7,2478,ramp-up
FG-07729,Electrical & electronics assembly 07729,D-Sedan,E-drive,PL-10,2801.38,2115.04,24.5,3716,ramp-up
FG-07730,Thermal system assembly 07730,D-Sedan,Body-in-white,PL-14,2574.97,2350.95,8.7,2474,mature
FG-07731,E-drive assembly 07731,D-Sedan,Service kit,PL-06,167.76,139.74,16.7,1577,mature
FG-07732,Interior module assembly 07732,Hybrid D-Sedan,Body-in-white,PL-06,600.49,502.01,16.4,2114,run-out
FG-07733,Electrical & electronics assembly 07733,B-Hatch Facelift,Thermal system,PL-04,3876.91,2981.34,23.1,753,run-out
FG-07734,Exterior module assembly 07734,B-Hatch Facelift,Interior module,PL-04,2330.1,2220.59,4.7,3370,mature
FG-07735,E-drive assembly 07735,BEV Compact,Powertrain,PL-04,1080.97,930.72,13.9,2043,run-out
FG-07736,Chassis & suspension assembly 07736,Aftermarket Service,Body-in-white,PL-10,3438.96,2785.56,19,2384,mature
FG-07737,Electrical & electronics assembly 07737,BEV Crossover,Service kit,PL-12,2794.91,2613.24,6.5,2898,run-out
FG-07738,Chassis & suspension assembly 07738,Pickup Midsize,E-drive,PL-10,1781.14,1364.35,23.4,1992,ramp-up
FG-07739,Exterior module assembly 07739,B-Hatch Facelift,Body-in-white,PL-20,528.72,491.18,7.1,2383,mature
FG-07740,Powertrain assembly 07740,D-Sedan,Service kit,PL-14,3881.88,3187.02,17.9,1563,mature
FG-07741,Electrical & electronics assembly 07741,Aftermarket Service,Powertrain,PL-20,1864.65,1551.39,16.8,2356,mature
FG-07742,Chassis & suspension assembly 07742,Aftermarket Service,Service kit,PL-11,2344.71,1796.05,23.4,1961,mature
FG-07743,Powertrain assembly 07743,Pickup Midsize,Powertrain,PL-19,3709.33,3071.33,17.2,1092,run-out
FG-07744,E-drive assembly 07744,D-Sedan,E-drive,PL-02,3118.65,2429.43,22.1,2947,run-out
FG-07745,Electrical & electronics assembly 07745,BEV Crossover,Interior module,PL-01,2940.99,2329.26,20.8,2023,mature
FG-07746,Body-in-white assembly 07746,B-Hatch Facelift,Interior module,PL-03,2905.45,2643.96,9,577,mature
FG-07747,Powertrain assembly 07747,B-Hatch Facelift,Thermal system,PL-15,2901.65,2553.45,12,3579,run-out
FG-07748,Powertrain assembly 07748,Hybrid D-Sedan,Powertrain,PL-15,3961.7,3161.44,20.2,3510,run-out
FG-07749,Thermal system assembly 07749,Hybrid D-Sedan,E-drive,PL-19,3269.31,2615.45,20,366,run-out
FG-07750,Exterior module assembly 07750,Hybrid D-Sedan,Exterior module,PL-04,3971.09,3641.49,8.3,160,ramp-up
FG-07751,Electrical & electronics assembly 07751,C-SUV Gen4,Thermal system,PL-10,2395.1,2019.07,15.7,3258,mature
FG-07752,Body-in-white assembly 07752,D-Sedan,E-drive,PL-14,2536.52,1907.46,24.8,1467,ramp-up
FG-07753,E-drive assembly 07753,Pickup Midsize,Thermal system,PL-05,3795.53,3545.03,6.6,2764,mature
FG-07754,E-drive assembly 07754,Hybrid D-Sedan,Interior module,PL-08,3517.37,3264.12,7.2,491,ramp-up
FG-07755,Electrical & electronics assembly 07755,BEV Compact,Service kit,PL-14,1869.62,1467.65,21.5,458,mature
FG-07756,Interior module assembly 07756,B-Hatch Facelift,Service kit,PL-19,746.63,702.58,5.9,56,mature
FG-07757,Body-in-white assembly 07757,BEV Compact,Powertrain,PL-20,856.14,791.07,7.6,2601,mature
FG-07758,Powertrain assembly 07758,BEV Crossover,Powertrain,PL-11,1143.1,970.49,15.1,2593,mature
FG-07759,Chassis & suspension assembly 07759,Hybrid D-Sedan,Powertrain,PL-10,550.73,477.48,13.3,2417,mature
FG-07760,Exterior module assembly 07760,BEV Crossover,Interior module,PL-10,2118.61,1620.74,23.5,3754,mature
FG-07761,E-drive assembly 07761,Pickup Midsize,Electrical & electronics,PL-15,2798.16,2274.9,18.7,176,ramp-up
FG-07762,Electrical & electronics assembly 07762,C-SUV Gen4,Exterior module,PL-05,2225.14,1751.19,21.3,1164,mature
FG-07763,E-drive assembly 07763,BEV Compact,Exterior module,PL-06,1364.46,1236.2,9.4,600,run-out
FG-07764,Exterior module assembly 07764,C-SUV Gen5,E-drive,PL-04,3492.08,3244.14,7.1,3155,mature
FG-07765,Body-in-white assembly 07765,Hybrid D-Sedan,Chassis & suspension,PL-09,894.16,855.71,4.3,2698,mature
FG-07766,Interior module assembly 07766,Pickup Midsize,Interior module,PL-05,1298.38,1081.55,16.7,3488,mature
FG-07767,Body-in-white assembly 07767,B-Hatch Facelift,Powertrain,PL-02,2627.43,2122.96,19.2,949,mature
FG-07768,Service kit assembly 07768,D-Sedan,Electrical & electronics,PL-18,3329.72,2663.78,20,1437,mature
FG-07769,Thermal system assembly 07769,BEV Crossover,Exterior module,PL-10,2582.27,2388.6,7.5,1604,ramp-up
FG-07770,Thermal system assembly 07770,C-SUV Gen4,Service kit,PL-20,2830.75,2380.66,15.9,2967,ramp-up
FG-07771,Thermal system assembly 07771,C-SUV Gen4,Exterior module,PL-04,2201.76,1746,20.7,1189,run-out
FG-07772,Powertrain assembly 07772,C-SUV Gen4,Service kit,PL-10,1717.24,1421.87,17.2,3017,mature
FG-07773,Interior module assembly 07773,Aftermarket Service,Powertrain,PL-15,2381.15,1952.54,18,2803,mature
FG-07774,Thermal system assembly 07774,Pickup Midsize,Chassis & suspension,PL-03,448.26,388.19,13.4,1802,mature
FG-07775,Powertrain assembly 07775,Hybrid D-Sedan,Body-in-white,PL-11,1650.15,1575.89,4.5,2181,run-out
FG-07776,Exterior module assembly 07776,BEV Compact,Interior module,PL-13,363.41,284.91,21.6,2213,mature
FG-07777,Powertrain assembly 07777,E-Van Commercial,Interior module,PL-11,2665.02,2225.29,16.5,213,mature
FG-07778,Electrical & electronics assembly 07778,BEV Crossover,Chassis & suspension,PL-03,1864.94,1766.1,5.3,3438,ramp-up
FG-07779,Body-in-white assembly 07779,C-SUV Gen4,Exterior module,PL-06,2080.84,1704.21,18.1,352,ramp-up
FG-07780,E-drive assembly 07780,C-SUV Gen4,E-drive,PL-04,2600.03,2251.63,13.4,2143,mature
FG-07781,E-drive assembly 07781,Pickup Midsize,Body-in-white,PL-13,1198.63,980.48,18.2,2226,mature
FG-07782,Exterior module assembly 07782,B-Hatch Facelift,Electrical & electronics,PL-09,3952.88,3506.2,11.3,1215,mature
FG-07783,Electrical & electronics assembly 07783,C-SUV Gen4,Chassis & suspension,PL-07,4147.6,3670.63,11.5,2824,ramp-up
FG-07784,Service kit assembly 07784,C-SUV Gen4,Chassis & suspension,PL-14,916.96,741.82,19.1,3384,mature
FG-07785,Body-in-white assembly 07785,BEV Compact,E-drive,PL-05,3602.29,3342.93,7.2,1457,mature
FG-07786,Exterior module assembly 07786,D-Sedan,E-drive,PL-09,1052.19,956.44,9.1,1059,run-out
FG-07787,Interior module assembly 07787,Pickup Midsize,E-drive,PL-16,3894.78,3361.2,13.7,943,mature
FG-07788,Body-in-white assembly 07788,C-SUV Gen5,Thermal system,PL-17,1892.12,1468.29,22.4,195,mature
FG-07789,Chassis & suspension assembly 07789,BEV Crossover,Interior module,PL-01,2576.86,1958.41,24,1220,ramp-up
FG-07790,Chassis & suspension assembly 07790,C-SUV Gen4,Chassis & suspension,PL-10,1591.08,1244.22,21.8,2573,run-out
FG-07791,Interior module assembly 07791,Aftermarket Service,Chassis & suspension,PL-07,1067.24,830.31,22.2,532,mature
FG-07792,Thermal system assembly 07792,D-Sedan,Body-in-white,PL-05,1261.44,1149.17,8.9,3197,run-out
FG-07793,Interior module assembly 07793,Hybrid D-Sedan,Chassis & suspension,PL-05,2833.73,2488.01,12.2,392,mature
FG-07794,Exterior module assembly 07794,BEV Crossover,E-drive,PL-19,3155.75,2887.51,8.5,2820,ramp-up
FG-07795,Thermal system assembly 07795,Pickup Midsize,Electrical & electronics,PL-02,3265.42,2442.53,25.2,2981,mature
FG-07796,Service kit assembly 07796,Hybrid D-Sedan,E-drive,PL-07,538.93,485.04,10,1565,mature
FG-07797,Interior module assembly 07797,BEV Compact,Electrical & electronics,PL-06,319.86,269,15.9,986,mature
FG-07798,Thermal system assembly 07798,BEV Compact,Electrical & electronics,PL-19,800.48,657.19,17.9,104,mature
FG-07799,Powertrain assembly 07799,BEV Compact,Powertrain,PL-12,1015.28,774.66,23.7,1469,mature
FG-07800,Chassis & suspension assembly 07800,BEV Crossover,Electrical & electronics,PL-14,2861.64,2438.12,14.8,841,mature
FG-07801,Powertrain assembly 07801,Aftermarket Service,Powertrain,PL-07,2992.74,2217.62,25.9,581,mature
FG-07802,Interior module assembly 07802,E-Van Commercial,Service kit,PL-17,3667.59,3216.48,12.3,1532,ramp-up
FG-07803,Chassis & suspension assembly 07803,Pickup Midsize,Powertrain,PL-18,1008.34,911.54,9.6,3649,mature
FG-07804,Chassis & suspension assembly 07804,BEV Crossover,Chassis & suspension,PL-14,524.65,451.2,14,245,mature
FG-07805,Electrical & electronics assembly 07805,C-SUV Gen4,Thermal system,PL-16,1735.4,1322.37,23.8,3669,mature
FG-07806,Thermal system assembly 07806,C-SUV Gen5,Chassis & suspension,PL-14,1747.45,1363.01,22,326,mature
FG-07807,Exterior module assembly 07807,B-Hatch Facelift,Exterior module,PL-08,1171.66,1063.87,9.2,1399,ramp-up
FG-07808,E-drive assembly 07808,B-Hatch Facelift,Chassis & suspension,PL-16,4066.11,3167.5,22.1,236,mature
FG-07809,Electrical & electronics assembly 07809,D-Sedan,Electrical & electronics,PL-13,3596.44,2664.96,25.9,2751,mature
FG-07810,Body-in-white assembly 07810,Pickup Midsize,Service kit,PL-13,3273.46,2857.73,12.7,2294,mature
FG-07811,Body-in-white assembly 07811,Pickup Midsize,Thermal system,PL-01,3132.86,2578.34,17.7,1074,mature
FG-07812,Powertrain assembly 07812,BEV Compact,Body-in-white,PL-06,717.2,636.16,11.3,2515,mature
FG-07813,Powertrain assembly 07813,C-SUV Gen5,Thermal system,PL-06,2705,2237.03,17.3,1018,mature
FG-07814,Chassis & suspension assembly 07814,BEV Crossover,Body-in-white,PL-17,1482.09,1215.31,18,3139,run-out
FG-07815,Thermal system assembly 07815,BEV Crossover,E-drive,PL-05,3910.1,3088.98,21,813,mature
FG-07816,Electrical & electronics assembly 07816,BEV Compact,Body-in-white,PL-10,107.15,83.9,21.7,2463,mature
FG-07817,Electrical & electronics assembly 07817,E-Van Commercial,Exterior module,PL-12,1045.75,861.7,17.6,1013,mature
FG-07818,Chassis & suspension assembly 07818,C-SUV Gen4,E-drive,PL-04,3697.84,3427.9,7.3,3588,run-out
FG-07819,Thermal system assembly 07819,C-SUV Gen5,Chassis & suspension,PL-16,67.08,55.27,17.6,1891,mature
FG-07820,Chassis & suspension assembly 07820,Hybrid D-Sedan,Powertrain,PL-13,1023.25,954.69,6.7,479,ramp-up
FG-07821,Exterior module assembly 07821,Pickup Midsize,Service kit,PL-16,148.93,125.99,15.4,848,mature
FG-07822,Exterior module assembly 07822,Pickup Midsize,Body-in-white,PL-16,2248.27,1854.82,17.5,1827,mature
FG-07823,Service kit assembly 07823,BEV Crossover,E-drive,PL-19,178.05,144.4,18.9,1148,run-out
FG-07824,Interior module assembly 07824,E-Van Commercial,Electrical & electronics,PL-19,3875.82,3495.99,9.8,1986,mature
FG-07825,Body-in-white assembly 07825,Hybrid D-Sedan,Thermal system,PL-14,1090.3,961.64,11.8,1765,mature
FG-07826,Interior module assembly 07826,Pickup Midsize,Powertrain,PL-10,3548.98,2793.05,21.3,1062,mature
FG-07827,Body-in-white assembly 07827,C-SUV Gen5,Exterior module,PL-10,4052.81,3858.28,4.8,2339,mature
FG-07828,Exterior module assembly 07828,BEV Compact,Chassis & suspension,PL-12,2388.23,2147.02,10.1,2306,run-out
FG-07829,Chassis & suspension assembly 07829,D-Sedan,Chassis & suspension,PL-10,336.2,266.94,20.6,578,ramp-up
FG-07830,Body-in-white assembly 07830,C-SUV Gen5,Service kit,PL-04,3173.6,2688.04,15.3,1960,run-out
FG-07831,Service kit assembly 07831,D-Sedan,Electrical & electronics,PL-12,2736.72,2400.1,12.3,1005,run-out
FG-07832,Electrical & electronics assembly 07832,Aftermarket Service,Interior module,PL-13,216.9,194.56,10.3,1779,ramp-up
FG-07833,Electrical & electronics assembly 07833,D-Sedan,Interior module,PL-18,2208.48,1665.19,24.6,1010,mature
FG-07834,Powertrain assembly 07834,Aftermarket Service,Thermal system,PL-15,2473.85,1991.45,19.5,2649,mature
FG-07835,Electrical & electronics assembly 07835,BEV Crossover,Exterior module,PL-17,3440.65,2590.81,24.7,3381,ramp-up
FG-07836,Chassis & suspension assembly 07836,Hybrid D-Sedan,Interior module,PL-05,2641.3,2242.46,15.1,1989,mature
FG-07837,Thermal system assembly 07837,D-Sedan,Electrical & electronics,PL-19,2264.58,1834.31,19,2354,ramp-up
FG-07838,Thermal system assembly 07838,Pickup Midsize,Interior module,PL-18,269.45,237.39,11.9,2496,ramp-up
FG-07839,Body-in-white assembly 07839,C-SUV Gen5,Electrical & electronics,PL-08,456.06,382.18,16.2,3709,ramp-up
FG-07840,Electrical & electronics assembly 07840,B-Hatch Facelift,Interior module,PL-06,4098.95,3746.44,8.6,1978,mature
FG-07841,E-drive assembly 07841,D-Sedan,Body-in-white,PL-05,3917.45,3451.27,11.9,3255,ramp-up
FG-07842,Thermal system assembly 07842,BEV Compact,Powertrain,PL-10,1158.19,971.72,16.1,2107,mature
FG-07843,Powertrain assembly 07843,BEV Crossover,E-drive,PL-16,84.92,69.89,17.7,3144,ramp-up
FG-07844,Thermal system assembly 07844,C-SUV Gen4,Thermal system,PL-17,650.41,515.12,20.8,2029,mature
FG-07845,Exterior module assembly 07845,E-Van Commercial,E-drive,PL-16,1815.6,1379.86,24,1705,mature
FG-07846,Body-in-white assembly 07846,Hybrid D-Sedan,Body-in-white,PL-02,3050.92,2645.15,13.3,3332,run-out
FG-07847,Service kit assembly 07847,BEV Crossover,Powertrain,PL-20,4019.78,3746.43,6.8,2190,mature
FG-07848,Interior module assembly 07848,Aftermarket Service,Service kit,PL-17,2444.28,2018.98,17.4,3665,mature
FG-07849,Powertrain assembly 07849,B-Hatch Facelift,Service kit,PL-01,2618.09,2021.17,22.8,2611,mature
FG-07850,Exterior module assembly 07850,Pickup Midsize,Service kit,PL-10,1326.5,1211.09,8.7,1699,mature
FG-07851,Interior module assembly 07851,D-Sedan,Exterior module,PL-09,1033.7,847.63,18,702,run-out
FG-07852,E-drive assembly 07852,Hybrid D-Sedan,Interior module,PL-02,477.22,430.45,9.8,2089,mature
FG-07853,Exterior module assembly 07853,Aftermarket Service,Exterior module,PL-01,64.52,57.68,10.6,2666,run-out
FG-07854,Service kit assembly 07854,Pickup Midsize,Body-in-white,PL-03,1296.87,1180.15,9,1536,ramp-up
FG-07855,E-drive assembly 07855,BEV Crossover,Chassis & suspension,PL-02,220.33,197.86,10.2,1666,mature
FG-07856,Body-in-white assembly 07856,Hybrid D-Sedan,Electrical & electronics,PL-09,3988.92,3546.15,11.1,1305,mature
FG-07857,Interior module assembly 07857,BEV Crossover,Chassis & suspension,PL-01,4060.04,3073.45,24.3,1696,mature
FG-07858,Exterior module assembly 07858,E-Van Commercial,Exterior module,PL-15,1587.01,1228.35,22.6,852,mature
FG-07859,Service kit assembly 07859,B-Hatch Facelift,Body-in-white,PL-05,1908.83,1502.25,21.3,3636,mature
FG-07860,Exterior module assembly 07860,B-Hatch Facelift,Thermal system,PL-14,3067.15,2634.68,14.1,2778,run-out
FG-07861,Thermal system assembly 07861,C-SUV Gen4,Body-in-white,PL-19,3280.36,2443.87,25.5,2656,run-out
FG-07862,Service kit assembly 07862,D-Sedan,Electrical & electronics,PL-14,2444.93,2058.63,15.8,2677,ramp-up
FG-07863,Powertrain assembly 07863,E-Van Commercial,Interior module,PL-16,1818.93,1569.74,13.7,737,run-out
FG-07864,E-drive assembly 07864,Pickup Midsize,Exterior module,PL-12,1887.69,1632.85,13.5,1652,mature
FG-07865,Thermal system assembly 07865,BEV Crossover,Chassis & suspension,PL-20,2566.71,2297.21,10.5,292,ramp-up
FG-07866,Exterior module assembly 07866,D-Sedan,Powertrain,PL-11,1586.7,1231.28,22.4,3720,mature
FG-07867,E-drive assembly 07867,C-SUV Gen5,E-drive,PL-18,3525.89,3289.66,6.7,1567,run-out
FG-07868,Powertrain assembly 07868,C-SUV Gen5,Body-in-white,PL-16,2094.38,1981.28,5.4,1871,mature
FG-07869,Chassis & suspension assembly 07869,D-Sedan,Exterior module,PL-19,2150.88,1925.04,10.5,40,ramp-up
FG-07870,Service kit assembly 07870,BEV Crossover,Chassis & suspension,PL-13,2506.45,2200.66,12.2,1930,run-out
FG-07871,Service kit assembly 07871,B-Hatch Facelift,Chassis & suspension,PL-07,1840.52,1652.79,10.2,2730,mature
FG-07872,Service kit assembly 07872,D-Sedan,Exterior module,PL-20,2799.12,2522.01,9.9,1060,mature
FG-07873,Body-in-white assembly 07873,C-SUV Gen5,Thermal system,PL-01,1810.22,1354.04,25.2,2907,mature
FG-07874,Interior module assembly 07874,BEV Compact,Chassis & suspension,PL-08,2011.32,1560.78,22.4,279,mature
FG-07875,Chassis & suspension assembly 07875,C-SUV Gen4,Exterior module,PL-06,3584.2,2691.73,24.9,183,mature
FG-07876,E-drive assembly 07876,E-Van Commercial,Interior module,PL-15,581.84,554.49,4.7,1865,run-out
FG-07877,Interior module assembly 07877,BEV Crossover,Service kit,PL-17,867.62,666.33,23.2,1689,run-out
FG-07878,Thermal system assembly 07878,BEV Compact,Interior module,PL-02,2686.54,2573.71,4.2,2977,mature
FG-07879,Powertrain assembly 07879,Hybrid D-Sedan,Service kit,PL-07,2658.82,2124.4,20.1,574,mature
FG-07880,Body-in-white assembly 07880,Pickup Midsize,Body-in-white,PL-12,1955.53,1697.4,13.2,612,run-out
FG-07881,Chassis & suspension assembly 07881,Pickup Midsize,Interior module,PL-10,2346.49,2165.81,7.7,3653,mature
FG-07882,E-drive assembly 07882,D-Sedan,Thermal system,PL-01,430.36,343.43,20.2,353,run-out
FG-07883,Thermal system assembly 07883,C-SUV Gen5,Exterior module,PL-12,821.85,641.86,21.9,2340,mature
FG-07884,Body-in-white assembly 07884,C-SUV Gen5,E-drive,PL-01,2591.21,2161.07,16.6,2427,mature
FG-07885,Service kit assembly 07885,Aftermarket Service,Electrical & electronics,PL-11,505.83,421.86,16.6,295,mature
FG-07886,Service kit assembly 07886,Aftermarket Service,E-drive,PL-09,1074.07,803.4,25.2,2882,mature
FG-07887,Exterior module assembly 07887,Hybrid D-Sedan,Interior module,PL-12,3531.28,2641.4,25.2,3267,mature
FG-07888,Body-in-white assembly 07888,C-SUV Gen5,Electrical & electronics,PL-11,3937.95,3162.17,19.7,2335,mature
FG-07889,Interior module assembly 07889,D-Sedan,Electrical & electronics,PL-20,1615.15,1410.03,12.7,1365,mature
FG-07890,Electrical & electronics assembly 07890,D-Sedan,Service kit,PL-11,3762.04,3039.73,19.2,3372,mature
FG-07891,Chassis & suspension assembly 07891,Aftermarket Service,Powertrain,PL-05,3325.66,2813.51,15.4,493,ramp-up
FG-07892,Thermal system assembly 07892,Hybrid D-Sedan,Exterior module,PL-11,757.89,704.08,7.1,383,mature
FG-07893,Powertrain assembly 07893,BEV Compact,E-drive,PL-07,3179.53,2693.06,15.3,840,mature
FG-07894,Electrical & electronics assembly 07894,C-SUV Gen4,Exterior module,PL-08,951.65,911.68,4.2,3435,run-out
FG-07895,Powertrain assembly 07895,BEV Compact,Electrical & electronics,PL-01,599.1,521.82,12.9,1848,run-out
FG-07896,Interior module assembly 07896,C-SUV Gen5,Exterior module,PL-07,1901.19,1728.18,9.1,1639,run-out
FG-07897,Interior module assembly 07897,BEV Compact,Exterior module,PL-09,2249.59,1968.39,12.5,3389,ramp-up
FG-07898,Powertrain assembly 07898,BEV Compact,Interior module,PL-02,3343.35,3149.44,5.8,2144,mature
FG-07899,Interior module assembly 07899,B-Hatch Facelift,Thermal system,PL-18,3601.23,3363.55,6.6,3169,run-out
FG-07900,Interior module assembly 07900,Pickup Midsize,Body-in-white,PL-06,1221.08,1051.35,13.9,1070,ramp-up
FG-07901,Interior module assembly 07901,C-SUV Gen4,Exterior module,PL-14,3731.49,3537.45,5.2,1689,ramp-up
FG-07902,Body-in-white assembly 07902,E-Van Commercial,Electrical & electronics,PL-14,2485.64,2296.73,7.6,3592,run-out
FG-07903,E-drive assembly 07903,D-Sedan,Exterior module,PL-02,3507.25,2798.79,20.2,3425,ramp-up
FG-07904,Service kit assembly 07904,D-Sedan,Interior module,PL-14,2503.81,2228.39,11,2443,mature
FG-07905,Body-in-white assembly 07905,BEV Crossover,Chassis & suspension,PL-18,3766.96,3507.04,6.9,2889,ramp-up
FG-07906,Chassis & suspension assembly 07906,Hybrid D-Sedan,Service kit,PL-05,4015.04,3352.56,16.5,1771,run-out
FG-07907,Interior module assembly 07907,Aftermarket Service,Service kit,PL-09,3502.88,2658.69,24.1,934,mature
FG-07908,Electrical & electronics assembly 07908,E-Van Commercial,Powertrain,PL-14,2848.69,2452.72,13.9,3205,mature
FG-07909,Service kit assembly 07909,D-Sedan,Interior module,PL-06,2198.24,1719.02,21.8,2150,ramp-up
FG-07910,Service kit assembly 07910,BEV Crossover,Chassis & suspension,PL-13,2726.15,2197.28,19.4,3254,ramp-up
FG-07911,Chassis & suspension assembly 07911,Pickup Midsize,E-drive,PL-04,2164.42,1655.78,23.5,927,mature
FG-07912,Thermal system assembly 07912,C-SUV Gen5,Electrical & electronics,PL-11,978.09,822.57,15.9,2046,mature
FG-07913,Body-in-white assembly 07913,C-SUV Gen4,E-drive,PL-14,2568.15,1974.91,23.1,1539,mature
FG-07914,Powertrain assembly 07914,BEV Compact,Exterior module,PL-15,3346.6,3185.96,4.8,733,run-out
FG-07915,Interior module assembly 07915,E-Van Commercial,Powertrain,PL-02,1768.69,1519.3,14.1,422,run-out
FG-07916,Body-in-white assembly 07916,BEV Crossover,E-drive,PL-06,1392.4,1226.7,11.9,2673,ramp-up
FG-07917,Electrical & electronics assembly 07917,D-Sedan,Body-in-white,PL-04,3810.04,3112.8,18.3,2478,ramp-up
FG-07918,Chassis & suspension assembly 07918,Pickup Midsize,Powertrain,PL-10,3917.05,3642.86,7,3265,mature
FG-07919,Electrical & electronics assembly 07919,Pickup Midsize,Service kit,PL-04,4138.08,3951.87,4.5,3351,mature
FG-07920,E-drive assembly 07920,B-Hatch Facelift,E-drive,PL-01,1905.09,1516.45,20.4,2476,mature
FG-07921,Powertrain assembly 07921,BEV Compact,Electrical & electronics,PL-09,247.8,233.43,5.8,1956,mature
FG-07922,E-drive assembly 07922,D-Sedan,Body-in-white,PL-13,4101.25,3367.13,17.9,2241,mature
FG-07923,Powertrain assembly 07923,C-SUV Gen4,Interior module,PL-05,2330.5,1955.29,16.1,1653,ramp-up
FG-07924,Electrical & electronics assembly 07924,Hybrid D-Sedan,Powertrain,PL-17,1952.64,1605.07,17.8,82,mature
FG-07925,Electrical & electronics assembly 07925,BEV Compact,Powertrain,PL-12,2370.9,1920.43,19,93,mature
FG-07926,Exterior module assembly 07926,C-SUV Gen4,Service kit,PL-19,1030.95,934.04,9.4,1636,mature
FG-07927,Thermal system assembly 07927,BEV Compact,Interior module,PL-04,1414.42,1176.8,16.8,1738,mature
FG-07928,Body-in-white assembly 07928,Pickup Midsize,Thermal system,PL-14,2594.61,2485.64,4.2,2924,mature
FG-07929,Interior module assembly 07929,Aftermarket Service,Electrical & electronics,PL-02,3594.32,3037.2,15.5,140,run-out
FG-07930,Exterior module assembly 07930,C-SUV Gen5,E-drive,PL-03,1770.98,1404.39,20.7,2885,mature
FG-07931,Body-in-white assembly 07931,BEV Crossover,Service kit,PL-11,1848.87,1676.93,9.3,1808,ramp-up
FG-07932,Interior module assembly 07932,BEV Compact,Service kit,PL-11,2358.58,1761.86,25.3,768,run-out
FG-07933,Service kit assembly 07933,B-Hatch Facelift,Exterior module,PL-19,1033.6,930.24,10,920,mature
FG-07934,Interior module assembly 07934,Aftermarket Service,E-drive,PL-18,2544.21,2417,5,1102,ramp-up
FG-07935,Powertrain assembly 07935,D-Sedan,Powertrain,PL-07,3638.42,3307.32,9.1,3194,run-out
FG-07936,Thermal system assembly 07936,C-SUV Gen5,Chassis & suspension,PL-04,1395.19,1135.68,18.6,3528,mature
FG-07937,Interior module assembly 07937,BEV Compact,Powertrain,PL-12,3814.83,3521.09,7.7,602,mature
FG-07938,Electrical & electronics assembly 07938,Aftermarket Service,Electrical & electronics,PL-17,1196.54,1134.32,5.2,203,mature
FG-07939,Exterior module assembly 07939,B-Hatch Facelift,E-drive,PL-20,2178.16,1690.25,22.4,2797,run-out
FG-07940,Powertrain assembly 07940,Aftermarket Service,Chassis & suspension,PL-12,1478.14,1311.11,11.3,3450,run-out
FG-07941,Powertrain assembly 07941,BEV Compact,Body-in-white,PL-20,3989.66,3798.16,4.8,488,mature
FG-07942,Exterior module assembly 07942,C-SUV Gen4,Powertrain,PL-10,1351.94,1057.22,21.8,1564,ramp-up
FG-07943,E-drive assembly 07943,Hybrid D-Sedan,Electrical & electronics,PL-06,718.76,546.26,24,649,mature
FG-07944,Electrical & electronics assembly 07944,BEV Crossover,Electrical & electronics,PL-10,1849.15,1654.99,10.5,1587,run-out
FG-07945,Exterior module assembly 07945,Hybrid D-Sedan,Body-in-white,PL-09,1465.25,1321.66,9.8,1232,ramp-up
FG-07946,Body-in-white assembly 07946,C-SUV Gen5,Interior module,PL-08,4102.41,3564.99,13.1,239,mature
FG-07947,Body-in-white assembly 07947,Aftermarket Service,Service kit,PL-14,2056.43,1573.17,23.5,3694,run-out
FG-07948,E-drive assembly 07948,Aftermarket Service,Service kit,PL-13,3373,2543.24,24.6,229,run-out
FG-07949,Service kit assembly 07949,B-Hatch Facelift,Body-in-white,PL-15,4004.34,3107.37,22.4,2834,run-out
FG-07950,Thermal system assembly 07950,D-Sedan,Interior module,PL-02,3853,3652.64,5.2,86,mature
FG-07951,Service kit assembly 07951,BEV Crossover,Thermal system,PL-17,222.91,175.65,21.2,3101,ramp-up
FG-07952,Body-in-white assembly 07952,C-SUV Gen4,Body-in-white,PL-16,227.52,181.79,20.1,2910,mature
FG-07953,Electrical & electronics assembly 07953,C-SUV Gen5,Body-in-white,PL-04,2295.2,2051.91,10.6,867,mature
FG-07954,Body-in-white assembly 07954,B-Hatch Facelift,Exterior module,PL-18,786.82,583.82,25.8,2422,mature
FG-07955,Chassis & suspension assembly 07955,D-Sedan,Powertrain,PL-01,1260.52,1157.16,8.2,734,mature
FG-07956,Body-in-white assembly 07956,C-SUV Gen5,Exterior module,PL-10,678.58,616.83,9.1,3058,mature
FG-07957,Interior module assembly 07957,Pickup Midsize,Powertrain,PL-09,3191.66,2511.84,21.3,1595,mature
FG-07958,Powertrain assembly 07958,B-Hatch Facelift,Exterior module,PL-06,865.02,724.02,16.3,2241,mature
FG-07959,E-drive assembly 07959,B-Hatch Facelift,Thermal system,PL-20,2447.08,2197.48,10.2,1588,ramp-up
FG-07960,Interior module assembly 07960,BEV Crossover,E-drive,PL-10,2150.11,2034,5.4,2907,mature
FG-07961,Body-in-white assembly 07961,Hybrid D-Sedan,Chassis & suspension,PL-14,628.08,601.07,4.3,3070,mature
FG-07962,E-drive assembly 07962,C-SUV Gen5,E-drive,PL-12,3361.78,3099.56,7.8,3342,mature
FG-07963,Exterior module assembly 07963,B-Hatch Facelift,Body-in-white,PL-15,606,475.1,21.6,2445,mature
FG-07964,Powertrain assembly 07964,C-SUV Gen4,E-drive,PL-05,3689.07,2785.25,24.5,2148,run-out
FG-07965,Chassis & suspension assembly 07965,Hybrid D-Sedan,Service kit,PL-10,549.39,496.1,9.7,2696,mature
FG-07966,Body-in-white assembly 07966,Aftermarket Service,Service kit,PL-01,864.34,766.67,11.3,3202,mature
FG-07967,Exterior module assembly 07967,Aftermarket Service,Service kit,PL-20,416.22,392.08,5.8,3219,ramp-up
FG-07968,Chassis & suspension assembly 07968,E-Van Commercial,Electrical & electronics,PL-07,1810.47,1491.83,17.6,1715,mature
FG-07969,Body-in-white assembly 07969,Hybrid D-Sedan,Electrical & electronics,PL-01,136.04,118.9,12.6,1007,mature
FG-07970,Chassis & suspension assembly 07970,Aftermarket Service,Chassis & suspension,PL-20,48,39.65,17.4,538,mature
FG-07971,Service kit assembly 07971,BEV Compact,Service kit,PL-15,1947.22,1859.6,4.5,3174,mature
FG-07972,Electrical & electronics assembly 07972,BEV Crossover,Chassis & suspension,PL-04,2962.37,2198.08,25.8,3781,run-out
FG-07973,Powertrain assembly 07973,Aftermarket Service,Chassis & suspension,PL-15,269.05,207.71,22.8,1668,mature
FG-07974,Exterior module assembly 07974,D-Sedan,Chassis & suspension,PL-10,901.09,735.29,18.4,2870,run-out
FG-07975,Powertrain assembly 07975,B-Hatch Facelift,Chassis & suspension,PL-10,659.03,616.19,6.5,923,mature
FG-07976,Electrical & electronics assembly 07976,C-SUV Gen4,Exterior module,PL-06,2750.89,2046.66,25.6,416,mature
FG-07977,Body-in-white assembly 07977,BEV Compact,Exterior module,PL-12,1374.98,1115.11,18.9,132,mature
FG-07978,Powertrain assembly 07978,Aftermarket Service,E-drive,PL-16,879.98,806.94,8.3,53,mature
FG-07979,Thermal system assembly 07979,BEV Compact,Chassis & suspension,PL-04,4022.24,3503.37,12.9,1992,ramp-up
FG-07980,Thermal system assembly 07980,C-SUV Gen5,Thermal system,PL-19,2560.18,2109.59,17.6,57,run-out
FG-07981,Electrical & electronics assembly 07981,D-Sedan,Interior module,PL-01,3425.91,2949.71,13.9,2545,run-out
FG-07982,Service kit assembly 07982,E-Van Commercial,Exterior module,PL-20,3219.11,3064.59,4.8,2089,run-out
FG-07983,Powertrain assembly 07983,C-SUV Gen4,Thermal system,PL-05,2432.98,2043.7,16,3697,ramp-up
FG-07984,Powertrain assembly 07984,D-Sedan,Exterior module,PL-11,1242.43,921.88,25.8,1037,mature
FG-07985,Powertrain assembly 07985,Pickup Midsize,Interior module,PL-20,1784.52,1573.95,11.8,3062,mature
FG-07986,Interior module assembly 07986,Hybrid D-Sedan,Chassis & suspension,PL-03,310.96,293.55,5.6,1316,mature
FG-07987,Service kit assembly 07987,Hybrid D-Sedan,Powertrain,PL-10,2452.91,1950.06,20.5,2701,mature
FG-07988,Service kit assembly 07988,Hybrid D-Sedan,Thermal system,PL-06,3427.91,3085.12,10,2930,mature
FG-07989,Interior module assembly 07989,D-Sedan,Electrical & electronics,PL-15,3823.99,3544.84,7.3,2747,run-out
FG-07990,Thermal system assembly 07990,B-Hatch Facelift,Thermal system,PL-04,2791.04,2520.31,9.7,2652,mature
FG-07991,Exterior module assembly 07991,BEV Compact,Electrical & electronics,PL-06,1879.26,1467.7,21.9,2581,ramp-up
FG-07992,Interior module assembly 07992,B-Hatch Facelift,Interior module,PL-10,2904.89,2329.72,19.8,2769,mature
FG-07993,Interior module assembly 07993,BEV Crossover,Service kit,PL-02,3998.07,3690.22,7.7,2017,mature
FG-07994,Thermal system assembly 07994,B-Hatch Facelift,Service kit,PL-04,2142.92,1755.05,18.1,917,mature
FG-07995,Chassis & suspension assembly 07995,Pickup Midsize,Chassis & suspension,PL-07,2209.8,2066.16,6.5,2482,mature
FG-07996,Thermal system assembly 07996,B-Hatch Facelift,Chassis & suspension,PL-07,3394.73,2766.7,18.5,2610,mature
FG-07997,E-drive assembly 07997,D-Sedan,Exterior module,PL-05,461.05,409.41,11.2,638,mature
FG-07998,Thermal system assembly 07998,E-Van Commercial,E-drive,PL-20,3938.23,3489.27,11.4,3513,mature
FG-07999,Exterior module assembly 07999,C-SUV Gen4,Exterior module,PL-18,332.84,275.92,17.1,901,mature
FG-08000,Interior module assembly 08000,C-SUV Gen5,E-drive,PL-19,1931.82,1642.05,15,1968,mature
FG-08001,Powertrain assembly 08001,Aftermarket Service,Powertrain,PL-19,3377.77,3161.59,6.4,1506,mature
FG-08002,Exterior module assembly 08002,BEV Compact,Service kit,PL-10,2906.61,2441.55,16,176,ramp-up
FG-08003,Body-in-white assembly 08003,Pickup Midsize,Chassis & suspension,PL-12,992.24,779.9,21.4,3245,mature
FG-08004,E-drive assembly 08004,BEV Compact,Interior module,PL-08,1328.58,1060.21,20.2,1598,run-out
FG-08005,Thermal system assembly 08005,E-Van Commercial,Electrical & electronics,PL-06,1683.62,1399.09,16.9,3089,mature
FG-08006,Powertrain assembly 08006,BEV Compact,Chassis & suspension,PL-10,3710.78,3120.77,15.9,791,mature
FG-08007,Chassis & suspension assembly 08007,C-SUV Gen5,Electrical & electronics,PL-12,167.42,130.92,21.8,2929,mature
FG-08008,Body-in-white assembly 08008,E-Van Commercial,Electrical & electronics,PL-15,1865.51,1410.33,24.4,3497,ramp-up
FG-08009,Service kit assembly 08009,E-Van Commercial,Body-in-white,PL-19,479.52,417.18,13,3202,mature
FG-08010,Interior module assembly 08010,Pickup Midsize,Chassis & suspension,PL-16,171.5,138.92,19,1356,run-out
FG-08011,Service kit assembly 08011,C-SUV Gen4,Electrical & electronics,PL-10,1693.32,1501.97,11.3,282,run-out
FG-08012,Electrical & electronics assembly 08012,Hybrid D-Sedan,Chassis & suspension,PL-20,1291.13,1035.49,19.8,3338,mature
FG-08013,Body-in-white assembly 08013,E-Van Commercial,Exterior module,PL-18,256.96,201.46,21.6,2793,mature
FG-08014,Thermal system assembly 08014,Hybrid D-Sedan,Service kit,PL-02,197.57,172.48,12.7,2894,mature
FG-08015,Chassis & suspension assembly 08015,Hybrid D-Sedan,Interior module,PL-05,640.46,525.82,17.9,2541,mature
FG-08016,Thermal system assembly 08016,Aftermarket Service,Powertrain,PL-03,3132.02,2439.84,22.1,1820,mature
FG-08017,Chassis & suspension assembly 08017,BEV Compact,E-drive,PL-14,1052.95,880.27,16.4,2160,mature
FG-08018,Body-in-white assembly 08018,Pickup Midsize,Powertrain,PL-03,855.84,785.66,8.2,103,mature
FG-08019,Interior module assembly 08019,Aftermarket Service,Service kit,PL-08,4089.87,3431.4,16.1,1172,mature
FG-08020,Exterior module assembly 08020,D-Sedan,Body-in-white,PL-01,72.8,69.01,5.2,879,ramp-up
FG-08021,Chassis & suspension assembly 08021,Hybrid D-Sedan,Chassis & suspension,PL-06,2450.09,2307.98,5.8,950,mature
FG-08022,Chassis & suspension assembly 08022,C-SUV Gen4,Exterior module,PL-10,836.21,680.67,18.6,269,mature
FG-08023,Electrical & electronics assembly 08023,C-SUV Gen4,Exterior module,PL-18,2048.15,1740.93,15,2116,mature
FG-08024,E-drive assembly 08024,BEV Crossover,Exterior module,PL-12,3041.14,2733.98,10.1,3692,mature
FG-08025,Exterior module assembly 08025,E-Van Commercial,Powertrain,PL-02,3576.47,3190.21,10.8,1943,mature
FG-08026,Body-in-white assembly 08026,D-Sedan,Thermal system,PL-15,451.61,386.58,14.4,572,mature
FG-08027,Exterior module assembly 08027,B-Hatch Facelift,Exterior module,PL-01,687.46,586.4,14.7,3100,ramp-up
FG-08028,E-drive assembly 08028,Pickup Midsize,Chassis & suspension,PL-11,3812.76,3278.97,14,3335,mature
FG-08029,Service kit assembly 08029,Pickup Midsize,Chassis & suspension,PL-19,3105.77,2441.14,21.4,3487,mature
FG-08030,Body-in-white assembly 08030,C-SUV Gen4,Thermal system,PL-10,1638.05,1438.21,12.2,3215,mature
FG-08031,Body-in-white assembly 08031,D-Sedan,Interior module,PL-15,1570.47,1479.38,5.8,1202,mature
FG-08032,Powertrain assembly 08032,Aftermarket Service,Service kit,PL-15,4096.43,3371.36,17.7,1686,mature
FG-08033,Electrical & electronics assembly 08033,C-SUV Gen5,Thermal system,PL-03,3412.21,2798.01,18,3280,mature
FG-08034,E-drive assembly 08034,BEV Compact,Exterior module,PL-03,3799.56,3499.39,7.9,299,run-out
FG-08035,Chassis & suspension assembly 08035,Aftermarket Service,Thermal system,PL-06,1650.43,1422.67,13.8,412,run-out
FG-08036,Powertrain assembly 08036,D-Sedan,Electrical & electronics,PL-18,3068.95,2350.82,23.4,1865,mature
FG-08037,Exterior module assembly 08037,Hybrid D-Sedan,Electrical & electronics,PL-11,2260.54,1901.11,15.9,2151,mature
FG-08038,E-drive assembly 08038,E-Van Commercial,Electrical & electronics,PL-05,3808.21,2997.06,21.3,290,ramp-up
FG-08039,Interior module assembly 08039,B-Hatch Facelift,Chassis & suspension,PL-08,1581.11,1410.35,10.8,289,mature
FG-08040,Chassis & suspension assembly 08040,D-Sedan,Electrical & electronics,PL-13,1530.19,1322.08,13.6,667,run-out
FG-08041,Service kit assembly 08041,C-SUV Gen5,Interior module,PL-06,1116.07,879.46,21.2,280,mature
FG-08042,Service kit assembly 08042,BEV Crossover,Body-in-white,PL-03,159.16,146.11,8.2,1549,ramp-up
FG-08043,Interior module assembly 08043,D-Sedan,Chassis & suspension,PL-07,1561.86,1162.02,25.6,3523,ramp-up
FG-08044,Powertrain assembly 08044,Hybrid D-Sedan,Electrical & electronics,PL-12,1903.04,1600.46,15.9,3693,ramp-up
FG-08045,Service kit assembly 08045,D-Sedan,Body-in-white,PL-03,989.65,905.53,8.5,978,ramp-up
FG-08046,Chassis & suspension assembly 08046,C-SUV Gen5,Interior module,PL-04,1280.56,1106.4,13.6,3680,mature
FG-08047,E-drive assembly 08047,Hybrid D-Sedan,Body-in-white,PL-14,1337.54,1179.71,11.8,813,ramp-up
FG-08048,Body-in-white assembly 08048,BEV Compact,Chassis & suspension,PL-08,4078.46,3417.75,16.2,2660,mature
FG-08049,Body-in-white assembly 08049,C-SUV Gen4,Powertrain,PL-03,2437.69,2213.42,9.2,3124,ramp-up
FG-08050,E-drive assembly 08050,B-Hatch Facelift,Chassis & suspension,PL-14,603.65,491.97,18.5,3748,mature
FG-08051,Thermal system assembly 08051,Pickup Midsize,Service kit,PL-12,198.58,151.72,23.6,1111,mature
FG-08052,Thermal system assembly 08052,Hybrid D-Sedan,Interior module,PL-11,1260.45,962.98,23.6,1868,mature
FG-08053,Interior module assembly 08053,Aftermarket Service,E-drive,PL-18,1407.13,1075.05,23.6,1167,mature
FG-08054,Exterior module assembly 08054,E-Van Commercial,Service kit,PL-19,1492.7,1406.12,5.8,55,ramp-up
FG-08055,Thermal system assembly 08055,Hybrid D-Sedan,Electrical & electronics,PL-12,1135.95,929.21,18.2,1376,run-out
FG-08056,Service kit assembly 08056,BEV Crossover,Interior module,PL-10,741.04,701.76,5.3,3076,run-out
FG-08057,E-drive assembly 08057,Aftermarket Service,Thermal system,PL-10,1700.47,1355.27,20.3,250,mature
FG-08058,Body-in-white assembly 08058,B-Hatch Facelift,Chassis & suspension,PL-02,625.03,464.4,25.7,3489,mature
FG-08059,Powertrain assembly 08059,B-Hatch Facelift,Service kit,PL-15,2531.17,2300.83,9.1,1699,ramp-up
FG-08060,Thermal system assembly 08060,Hybrid D-Sedan,Electrical & electronics,PL-15,3125.35,2559.66,18.1,1724,mature
FG-08061,Service kit assembly 08061,C-SUV Gen5,Service kit,PL-08,2510.74,1880.54,25.1,1084,run-out
FG-08062,Electrical & electronics assembly 08062,Hybrid D-Sedan,Body-in-white,PL-07,456,362.98,20.4,3491,run-out
FG-08063,Exterior module assembly 08063,Pickup Midsize,Powertrain,PL-09,2311.3,1782.01,22.9,1522,mature
FG-08064,Body-in-white assembly 08064,Pickup Midsize,Powertrain,PL-13,2331.5,2091.36,10.3,2052,ramp-up
FG-08065,Thermal system assembly 08065,Aftermarket Service,Interior module,PL-10,2576.54,2311.16,10.3,3729,run-out
FG-08066,Powertrain assembly 08066,Hybrid D-Sedan,Electrical & electronics,PL-17,909.03,709.95,21.9,2089,ramp-up
FG-08067,Electrical & electronics assembly 08067,BEV Compact,Body-in-white,PL-13,2103.96,1878.84,10.7,3417,run-out
FG-08068,Powertrain assembly 08068,Hybrid D-Sedan,Body-in-white,PL-11,2210.67,1759.69,20.4,1981,mature
FG-08069,Body-in-white assembly 08069,Hybrid D-Sedan,E-drive,PL-05,182,173.45,4.7,37,mature
FG-08070,E-drive assembly 08070,Hybrid D-Sedan,Exterior module,PL-12,3530.57,2842.11,19.5,2548,mature
FG-08071,Chassis & suspension assembly 08071,E-Van Commercial,Electrical & electronics,PL-15,3082.3,2330.22,24.4,1744,mature
FG-08072,Chassis & suspension assembly 08072,Hybrid D-Sedan,Interior module,PL-16,4082.11,3184.05,22,670,run-out
FG-08073,E-drive assembly 08073,E-Van Commercial,Service kit,PL-10,1466.81,1374.4,6.3,110,mature
FG-08074,Electrical & electronics assembly 08074,C-SUV Gen4,Service kit,PL-14,3180.13,3030.66,4.7,1813,ramp-up
FG-08075,Powertrain assembly 08075,C-SUV Gen4,Body-in-white,PL-11,1810.03,1475.17,18.5,1556,run-out
FG-08076,Body-in-white assembly 08076,Aftermarket Service,Electrical & electronics,PL-12,2578.09,2242.94,13,2302,mature
FG-08077,Chassis & suspension assembly 08077,Pickup Midsize,Exterior module,PL-11,3806.19,2839.42,25.4,2062,ramp-up
FG-08078,Interior module assembly 08078,E-Van Commercial,Interior module,PL-02,495.27,423.95,14.4,1851,mature
FG-08079,Powertrain assembly 08079,BEV Crossover,Interior module,PL-07,2706.41,2587.33,4.4,3477,mature
FG-08080,Service kit assembly 08080,C-SUV Gen4,Exterior module,PL-03,2263.94,1931.14,14.7,957,mature
FG-08081,Chassis & suspension assembly 08081,B-Hatch Facelift,Electrical & electronics,PL-02,4120.91,3329.7,19.2,3354,mature
FG-08082,Body-in-white assembly 08082,Hybrid D-Sedan,Exterior module,PL-14,1891.58,1486.78,21.4,2087,ramp-up
FG-08083,Exterior module assembly 08083,C-SUV Gen5,Thermal system,PL-17,1426.22,1339.22,6.1,3697,mature
FG-08084,Thermal system assembly 08084,Hybrid D-Sedan,Chassis & suspension,PL-12,1018.04,954.92,6.2,3297,mature
FG-08085,Exterior module assembly 08085,Hybrid D-Sedan,Powertrain,PL-08,3032.31,2316.68,23.6,798,mature
FG-08086,Chassis & suspension assembly 08086,C-SUV Gen5,Thermal system,PL-08,2942.72,2292.38,22.1,3190,run-out
FG-08087,Body-in-white assembly 08087,E-Van Commercial,Powertrain,PL-05,1479.82,1237.13,16.4,1541,mature
FG-08088,Exterior module assembly 08088,Aftermarket Service,Chassis & suspension,PL-02,2496.79,2189.68,12.3,2103,mature
FG-08089,Service kit assembly 08089,C-SUV Gen5,Chassis & suspension,PL-03,707.25,557.31,21.2,1899,mature
FG-08090,Service kit assembly 08090,Hybrid D-Sedan,Electrical & electronics,PL-01,845.36,721.09,14.7,3286,run-out
FG-08091,Thermal system assembly 08091,Hybrid D-Sedan,Electrical & electronics,PL-04,1768.11,1437.47,18.7,3242,mature
FG-08092,Interior module assembly 08092,Hybrid D-Sedan,Chassis & suspension,PL-14,3669.67,3100.87,15.5,2739,mature
FG-08093,Body-in-white assembly 08093,Aftermarket Service,Body-in-white,PL-08,1013.14,939.18,7.3,2171,run-out
FG-08094,Thermal system assembly 08094,C-SUV Gen5,Chassis & suspension,PL-09,2729.27,2153.39,21.1,1741,ramp-up
FG-08095,Chassis & suspension assembly 08095,C-SUV Gen5,Interior module,PL-15,737.51,668.92,9.3,3044,mature
FG-08096,Powertrain assembly 08096,E-Van Commercial,Chassis & suspension,PL-08,3129.2,2440.78,22,466,mature
FG-08097,Exterior module assembly 08097,D-Sedan,Interior module,PL-16,3207.95,2819.79,12.1,255,mature
FG-08098,Powertrain assembly 08098,C-SUV Gen4,E-drive,PL-07,727.21,575.22,20.9,2946,mature
FG-08099,Chassis & suspension assembly 08099,BEV Crossover,Body-in-white,PL-10,535.02,433.37,19,2100,mature
FG-08100,Exterior module assembly 08100,Pickup Midsize,Body-in-white,PL-05,1090.93,896.74,17.8,3128,mature
FG-08101,Chassis & suspension assembly 08101,B-Hatch Facelift,Body-in-white,PL-05,1940.2,1703.5,12.2,1708,run-out
FG-08102,Thermal system assembly 08102,B-Hatch Facelift,Exterior module,PL-08,1060.04,876.65,17.3,1185,ramp-up
FG-08103,Exterior module assembly 08103,BEV Compact,Electrical & electronics,PL-08,2853.17,2128.46,25.4,914,mature
FG-08104,Body-in-white assembly 08104,D-Sedan,Service kit,PL-01,3548.48,3097.82,12.7,907,ramp-up
FG-08105,Body-in-white assembly 08105,D-Sedan,E-drive,PL-06,3868.93,3129.96,19.1,93,mature
FG-08106,Thermal system assembly 08106,C-SUV Gen4,Body-in-white,PL-05,3261.62,2756.07,15.5,3330,run-out
FG-08107,Exterior module assembly 08107,C-SUV Gen5,Exterior module,PL-19,620.03,502.22,19,3124,mature
FG-08108,Exterior module assembly 08108,C-SUV Gen5,E-drive,PL-15,1498.49,1230.26,17.9,348,ramp-up
FG-08109,Body-in-white assembly 08109,Pickup Midsize,Exterior module,PL-18,2733.75,2375.63,13.1,3447,run-out
FG-08110,Body-in-white assembly 08110,BEV Compact,Interior module,PL-11,178.89,139.36,22.1,2366,mature
FG-08111,E-drive assembly 08111,D-Sedan,Service kit,PL-01,2929.25,2205.73,24.7,370,mature
FG-08112,Exterior module assembly 08112,D-Sedan,Interior module,PL-03,4180.66,3148.04,24.7,1673,run-out
FG-08113,E-drive assembly 08113,Hybrid D-Sedan,Chassis & suspension,PL-08,129.81,118,9.1,251,mature
FG-08114,Exterior module assembly 08114,B-Hatch Facelift,Exterior module,PL-17,2901.82,2211.19,23.8,85,run-out
FG-08115,Interior module assembly 08115,Pickup Midsize,E-drive,PL-20,1799.99,1540.79,14.4,2552,mature
FG-08116,Electrical & electronics assembly 08116,C-SUV Gen5,Powertrain,PL-01,1682.76,1248.61,25.8,2568,run-out
FG-08117,Powertrain assembly 08117,Pickup Midsize,Body-in-white,PL-12,1352.82,1181.01,12.7,1025,mature
FG-08118,Body-in-white assembly 08118,Aftermarket Service,Thermal system,PL-13,3368.44,3078.75,8.6,3296,mature
FG-08119,E-drive assembly 08119,Pickup Midsize,Powertrain,PL-13,1261.97,1053.74,16.5,3793,run-out
FG-08120,Service kit assembly 08120,D-Sedan,Chassis & suspension,PL-04,2335.57,1964.21,15.9,1955,run-out
FG-08121,Exterior module assembly 08121,BEV Crossover,Service kit,PL-17,2934,2341.33,20.2,511,mature
FG-08122,Electrical & electronics assembly 08122,BEV Crossover,Electrical & electronics,PL-08,3449.8,3087.57,10.5,1146,mature
FG-08123,Interior module assembly 08123,D-Sedan,E-drive,PL-05,735.47,689.14,6.3,1349,run-out
FG-08124,Service kit assembly 08124,BEV Compact,Electrical & electronics,PL-05,3627.93,3152.67,13.1,3782,mature
FG-08125,Exterior module assembly 08125,C-SUV Gen4,Interior module,PL-17,950.16,771.53,18.8,367,mature
FG-08126,Interior module assembly 08126,B-Hatch Facelift,Powertrain,PL-11,2485.04,1960.7,21.1,2928,mature
FG-08127,Chassis & suspension assembly 08127,B-Hatch Facelift,Chassis & suspension,PL-10,3341.29,2813.37,15.8,3167,mature
FG-08128,Exterior module assembly 08128,Hybrid D-Sedan,Electrical & electronics,PL-18,516.73,436.64,15.5,1890,mature
FG-08129,Service kit assembly 08129,C-SUV Gen4,Interior module,PL-16,3488.64,3199.08,8.3,1600,mature
FG-08130,E-drive assembly 08130,C-SUV Gen5,Chassis & suspension,PL-08,1436.3,1266.82,11.8,270,ramp-up
FG-08131,Powertrain assembly 08131,Pickup Midsize,Powertrain,PL-13,3435.8,2628.39,23.5,1422,run-out
FG-08132,Powertrain assembly 08132,C-SUV Gen5,Powertrain,PL-13,2046.92,1580.22,22.8,2708,mature
FG-08133,Powertrain assembly 08133,C-SUV Gen4,Exterior module,PL-07,1562.31,1201.42,23.1,785,mature
FG-08134,E-drive assembly 08134,Aftermarket Service,E-drive,PL-07,2888.81,2264.83,21.6,1164,mature
FG-08135,Service kit assembly 08135,B-Hatch Facelift,Body-in-white,PL-05,3230.9,2558.87,20.8,2763,mature
FG-08136,Service kit assembly 08136,C-SUV Gen4,E-drive,PL-03,2266.46,1940.09,14.4,2560,mature
FG-08137,Powertrain assembly 08137,E-Van Commercial,Service kit,PL-12,2349.62,1818.61,22.6,1410,mature
FG-08138,Exterior module assembly 08138,B-Hatch Facelift,Service kit,PL-13,2740.81,2047.39,25.3,3500,mature
FG-08139,Powertrain assembly 08139,D-Sedan,Chassis & suspension,PL-07,329.05,289.89,11.9,1846,mature
FG-08140,Exterior module assembly 08140,C-SUV Gen5,Service kit,PL-18,1001.4,846.18,15.5,2792,mature
FG-08141,E-drive assembly 08141,C-SUV Gen4,Chassis & suspension,PL-02,109.53,84.78,22.6,2532,ramp-up
FG-08142,Service kit assembly 08142,C-SUV Gen4,Powertrain,PL-10,2668.61,2092.19,21.6,2629,ramp-up
FG-08143,Service kit assembly 08143,Hybrid D-Sedan,E-drive,PL-12,188.26,162.66,13.6,238,mature
FG-08144,Thermal system assembly 08144,C-SUV Gen4,Electrical & electronics,PL-05,3855.8,3512.63,8.9,2210,mature
FG-08145,Powertrain assembly 08145,BEV Compact,Powertrain,PL-17,1111.58,1024.88,7.8,2559,mature
FG-08146,Chassis & suspension assembly 08146,BEV Compact,Body-in-white,PL-01,1816.55,1627.63,10.4,2703,run-out
FG-08147,Exterior module assembly 08147,BEV Compact,Chassis & suspension,PL-17,3657.08,3243.83,11.3,2638,ramp-up
FG-08148,Exterior module assembly 08148,Aftermarket Service,Electrical & electronics,PL-14,1436.8,1102.03,23.3,861,mature
FG-08149,Exterior module assembly 08149,B-Hatch Facelift,Interior module,PL-06,2860.83,2297.25,19.7,3028,ramp-up
FG-08150,Thermal system assembly 08150,Pickup Midsize,E-drive,PL-11,952.05,800.67,15.9,1552,mature
FG-08151,Electrical & electronics assembly 08151,Hybrid D-Sedan,E-drive,PL-12,2819.59,2103.41,25.4,1753,run-out
FG-08152,Exterior module assembly 08152,Hybrid D-Sedan,Service kit,PL-12,2594.56,2000.41,22.9,32,mature
FG-08153,Body-in-white assembly 08153,D-Sedan,Exterior module,PL-08,2407.92,1822.8,24.3,1048,mature
FG-08154,Interior module assembly 08154,Hybrid D-Sedan,E-drive,PL-20,2465.53,1979.82,19.7,2031,mature
FG-08155,Body-in-white assembly 08155,C-SUV Gen5,E-drive,PL-14,1770.44,1366.78,22.8,981,run-out
FG-08156,Thermal system assembly 08156,C-SUV Gen5,Electrical & electronics,PL-04,1182.3,971.85,17.8,2252,mature
FG-08157,E-drive assembly 08157,D-Sedan,Chassis & suspension,PL-10,503.99,390.59,22.5,637,mature
FG-08158,Electrical & electronics assembly 08158,Hybrid D-Sedan,Body-in-white,PL-09,2060.49,1953.34,5.2,671,run-out
FG-08159,Chassis & suspension assembly 08159,Pickup Midsize,Exterior module,PL-11,4149.83,3934.04,5.2,3073,run-out
FG-08160,Body-in-white assembly 08160,E-Van Commercial,Powertrain,PL-17,986.28,791.98,19.7,3725,mature
FG-08161,Body-in-white assembly 08161,Pickup Midsize,Service kit,PL-07,1600.78,1507.93,5.8,1385,ramp-up
FG-08162,Electrical & electronics assembly 08162,Aftermarket Service,E-drive,PL-19,1218.48,933.36,23.4,2805,ramp-up
FG-08163,Chassis & suspension assembly 08163,C-SUV Gen4,Powertrain,PL-18,678.48,616.74,9.1,2566,run-out
FG-08164,E-drive assembly 08164,BEV Crossover,Body-in-white,PL-14,3260.81,2608.65,20,1901,mature
FG-08165,Service kit assembly 08165,C-SUV Gen4,Powertrain,PL-07,1385.53,1073.79,22.5,2230,mature
FG-08166,Chassis & suspension assembly 08166,E-Van Commercial,E-drive,PL-07,3044.06,2520.48,17.2,3665,mature
FG-08167,Body-in-white assembly 08167,E-Van Commercial,Exterior module,PL-20,2397.69,1980.49,17.4,910,mature
FG-08168,Interior module assembly 08168,BEV Crossover,Electrical & electronics,PL-20,2573.26,2264.47,12,3028,mature
FG-08169,Thermal system assembly 08169,BEV Crossover,Electrical & electronics,PL-02,3401.06,2598.41,23.6,1462,mature
FG-08170,Chassis & suspension assembly 08170,BEV Crossover,Body-in-white,PL-13,3954.88,3195.54,19.2,3505,run-out
FG-08171,Exterior module assembly 08171,BEV Compact,Service kit,PL-12,3274.28,3136.76,4.2,2685,mature
FG-08172,E-drive assembly 08172,Hybrid D-Sedan,Powertrain,PL-17,3424.02,2992.59,12.6,3254,mature
FG-08173,E-drive assembly 08173,D-Sedan,Interior module,PL-18,2425.71,2020.62,16.7,500,run-out
FG-08174,Thermal system assembly 08174,C-SUV Gen4,Powertrain,PL-12,1991.6,1601.25,19.6,38,mature
FG-08175,Service kit assembly 08175,BEV Compact,Body-in-white,PL-16,975.63,761.97,21.9,479,mature
FG-08176,Service kit assembly 08176,C-SUV Gen5,Body-in-white,PL-05,3626.55,2962.89,18.3,3748,mature
FG-08177,Interior module assembly 08177,D-Sedan,Body-in-white,PL-05,1093.39,849.56,22.3,116,ramp-up
FG-08178,Chassis & suspension assembly 08178,D-Sedan,Electrical & electronics,PL-02,972.97,872.75,10.3,3560,mature
FG-08179,Thermal system assembly 08179,C-SUV Gen5,Exterior module,PL-04,1024.66,760.3,25.8,1355,mature
FG-08180,E-drive assembly 08180,BEV Crossover,Thermal system,PL-07,2617.35,2473.4,5.5,3140,mature
FG-08181,Interior module assembly 08181,Hybrid D-Sedan,Thermal system,PL-06,1583.55,1463.2,7.6,429,mature
FG-08182,Service kit assembly 08182,BEV Compact,Thermal system,PL-18,2185.74,2030.55,7.1,2923,mature
FG-08183,E-drive assembly 08183,C-SUV Gen5,E-drive,PL-18,179.85,169.06,6,382,mature
FG-08184,Powertrain assembly 08184,Aftermarket Service,E-drive,PL-01,1455.95,1189.51,18.3,1297,mature
FG-08185,Chassis & suspension assembly 08185,Aftermarket Service,Electrical & electronics,PL-12,1466.18,1196.4,18.4,910,mature
FG-08186,Powertrain assembly 08186,Pickup Midsize,Thermal system,PL-13,229.74,217.33,5.4,3343,mature
FG-08187,Thermal system assembly 08187,BEV Crossover,Powertrain,PL-08,3055.21,2777.19,9.1,3322,mature
FG-08188,Thermal system assembly 08188,C-SUV Gen5,Powertrain,PL-07,2824.97,2418.17,14.4,3112,ramp-up
FG-08189,Interior module assembly 08189,BEV Crossover,Powertrain,PL-03,2011.82,1502.83,25.3,380,ramp-up
FG-08190,Chassis & suspension assembly 08190,BEV Compact,Service kit,PL-01,3792.83,2871.17,24.3,3713,run-out
FG-08191,Exterior module assembly 08191,Hybrid D-Sedan,Exterior module,PL-13,1345.31,1256.52,6.6,164,mature
FG-08192,Body-in-white assembly 08192,E-Van Commercial,Exterior module,PL-02,2720.02,2192.34,19.4,3372,mature
FG-08193,Service kit assembly 08193,BEV Crossover,Chassis & suspension,PL-06,4036.56,3572.36,11.5,790,ramp-up
FG-08194,Interior module assembly 08194,B-Hatch Facelift,Service kit,PL-14,2410.93,1960.09,18.7,390,mature
FG-08195,Thermal system assembly 08195,C-SUV Gen4,Interior module,PL-02,2910.26,2776.39,4.6,2932,mature
FG-08196,Service kit assembly 08196,C-SUV Gen5,Powertrain,PL-04,2914.81,2436.78,16.4,1889,mature
FG-08197,Thermal system assembly 08197,Pickup Midsize,Chassis & suspension,PL-01,3747.04,3102.55,17.2,3443,mature
FG-08198,Thermal system assembly 08198,Hybrid D-Sedan,E-drive,PL-04,3862.99,3434.2,11.1,2309,mature
FG-08199,Service kit assembly 08199,Aftermarket Service,Interior module,PL-11,2690.72,2096.07,22.1,317,run-out
FG-08200,Exterior module assembly 08200,Aftermarket Service,Thermal system,PL-07,2651.05,2322.32,12.4,3494,ramp-up
FG-08201,Body-in-white assembly 08201,Hybrid D-Sedan,Thermal system,PL-15,1050.44,976.91,7,1430,run-out
FG-08202,E-drive assembly 08202,Aftermarket Service,Service kit,PL-02,931.02,689.89,25.9,746,mature
FG-08203,Exterior module assembly 08203,BEV Compact,Thermal system,PL-09,3482.89,2626.1,24.6,3041,run-out
FG-08204,Thermal system assembly 08204,Hybrid D-Sedan,Chassis & suspension,PL-08,2793.54,2346.57,16,2917,ramp-up
FG-08205,Interior module assembly 08205,BEV Compact,E-drive,PL-02,3709.48,2808.08,24.3,2313,mature
FG-08206,Body-in-white assembly 08206,C-SUV Gen4,Thermal system,PL-16,485.07,373.5,23,3338,mature
FG-08207,Exterior module assembly 08207,BEV Compact,Electrical & electronics,PL-09,3473.53,3039.34,12.5,2276,ramp-up
FG-08208,Service kit assembly 08208,E-Van Commercial,Powertrain,PL-20,1675.09,1412.1,15.7,3689,run-out
FG-08209,Thermal system assembly 08209,C-SUV Gen4,Thermal system,PL-09,2412.44,2038.51,15.5,1665,mature
FG-08210,E-drive assembly 08210,BEV Compact,E-drive,PL-16,2708.25,2486.17,8.2,58,mature
FG-08211,Electrical & electronics assembly 08211,BEV Compact,Chassis & suspension,PL-18,394.93,313.18,20.7,3666,mature
FG-08212,Body-in-white assembly 08212,D-Sedan,Body-in-white,PL-17,3406.59,2609.45,23.4,3023,mature
FG-08213,Body-in-white assembly 08213,Aftermarket Service,Electrical & electronics,PL-09,4013.15,3800.45,5.3,1969,mature
FG-08214,Exterior module assembly 08214,Pickup Midsize,Body-in-white,PL-09,1096.7,976.06,11,1027,run-out
FG-08215,E-drive assembly 08215,Hybrid D-Sedan,Exterior module,PL-08,3989.94,3630.85,9,862,mature
FG-08216,Body-in-white assembly 08216,Pickup Midsize,Powertrain,PL-10,1256.94,1143.82,9,3150,mature
FG-08217,E-drive assembly 08217,BEV Compact,E-drive,PL-06,2445.98,2218.5,9.3,1279,ramp-up
FG-08218,Body-in-white assembly 08218,Hybrid D-Sedan,Body-in-white,PL-02,3234.61,2639.44,18.4,2480,run-out
FG-08219,Electrical & electronics assembly 08219,Aftermarket Service,Chassis & suspension,PL-02,2771.96,2331.22,15.9,1990,mature
FG-08220,Body-in-white assembly 08220,BEV Compact,Exterior module,PL-11,2583.13,2324.82,10,3762,mature
FG-08221,Body-in-white assembly 08221,BEV Crossover,Thermal system,PL-12,3655.83,3217.13,12,777,mature
FG-08222,E-drive assembly 08222,D-Sedan,Interior module,PL-01,1709.23,1379.35,19.3,1894,mature
FG-08223,Interior module assembly 08223,Pickup Midsize,Powertrain,PL-12,1419.93,1354.61,4.6,3182,mature
FG-08224,Interior module assembly 08224,E-Van Commercial,Powertrain,PL-11,3900.16,3057.73,21.6,2012,mature
FG-08225,Electrical & electronics assembly 08225,B-Hatch Facelift,Service kit,PL-09,668.18,599.36,10.3,998,mature
FG-08226,Exterior module assembly 08226,Pickup Midsize,Body-in-white,PL-10,3195.84,3052.03,4.5,1768,mature
FG-08227,Service kit assembly 08227,Hybrid D-Sedan,Chassis & suspension,PL-20,4158.32,3451.41,17,3702,mature
FG-08228,Body-in-white assembly 08228,D-Sedan,E-drive,PL-18,3346.09,2713.68,18.9,73,ramp-up
FG-08229,Service kit assembly 08229,E-Van Commercial,Exterior module,PL-07,2674.03,2299.67,14,1826,ramp-up
FG-08230,Powertrain assembly 08230,E-Van Commercial,Electrical & electronics,PL-14,3527.78,3167.95,10.2,2059,mature
FG-08231,Chassis & suspension assembly 08231,BEV Compact,Interior module,PL-14,2292.18,1838.33,19.8,2165,run-out
FG-08232,E-drive assembly 08232,Hybrid D-Sedan,Interior module,PL-01,682.03,528.57,22.5,1358,ramp-up
FG-08233,Service kit assembly 08233,BEV Crossover,Powertrain,PL-04,1789.95,1367.52,23.6,2495,mature
FG-08234,Chassis & suspension assembly 08234,Aftermarket Service,Interior module,PL-16,161.42,147.86,8.4,185,mature
FG-08235,Body-in-white assembly 08235,C-SUV Gen4,Powertrain,PL-14,3292.08,2827.9,14.1,315,mature
FG-08236,Powertrain assembly 08236,Aftermarket Service,Electrical & electronics,PL-08,1447.14,1290.85,10.8,2961,mature
FG-08237,Interior module assembly 08237,E-Van Commercial,Service kit,PL-11,2143.03,1965.16,8.3,1590,run-out
FG-08238,Interior module assembly 08238,C-SUV Gen5,Service kit,PL-17,486.2,404.52,16.8,2366,mature
FG-08239,Chassis & suspension assembly 08239,BEV Crossover,Thermal system,PL-09,1709.15,1466.45,14.2,3029,ramp-up
FG-08240,Service kit assembly 08240,BEV Crossover,Interior module,PL-06,338.62,311.87,7.9,3214,ramp-up
FG-08241,Electrical & electronics assembly 08241,E-Van Commercial,Powertrain,PL-04,3250.92,2727.52,16.1,827,mature
FG-08242,Service kit assembly 08242,Aftermarket Service,Service kit,PL-19,1049.59,933.09,11.1,940,ramp-up
FG-08243,Body-in-white assembly 08243,E-Van Commercial,E-drive,PL-14,4105.08,3087.02,24.8,3190,run-out
FG-08244,Thermal system assembly 08244,BEV Crossover,Thermal system,PL-19,1986.71,1635.06,17.7,1693,run-out
FG-08245,Exterior module assembly 08245,Pickup Midsize,Service kit,PL-11,4176.83,3362.35,19.5,1270,ramp-up
FG-08246,Electrical & electronics assembly 08246,BEV Compact,Exterior module,PL-02,4177.12,3659.16,12.4,827,mature
FG-08247,Exterior module assembly 08247,D-Sedan,Chassis & suspension,PL-17,4122.06,3318.26,19.5,593,mature
FG-08248,Body-in-white assembly 08248,C-SUV Gen4,Powertrain,PL-13,179.71,137.12,23.7,2992,mature
FG-08249,Body-in-white assembly 08249,BEV Crossover,Electrical & electronics,PL-06,3529.5,2615.36,25.9,3336,mature
FG-08250,Body-in-white assembly 08250,D-Sedan,Interior module,PL-05,1352.34,1061.59,21.5,625,ramp-up
FG-08251,Thermal system assembly 08251,Hybrid D-Sedan,Powertrain,PL-13,3257.89,3052.64,6.3,1947,mature
FG-08252,Electrical & electronics assembly 08252,C-SUV Gen4,Interior module,PL-12,2793.97,2481.05,11.2,1604,mature
FG-08253,E-drive assembly 08253,D-Sedan,Service kit,PL-15,3618.21,3202.12,11.5,3011,mature
FG-08254,Electrical & electronics assembly 08254,C-SUV Gen4,Service kit,PL-06,2301.88,1859.92,19.2,176,ramp-up
FG-08255,Exterior module assembly 08255,Aftermarket Service,Powertrain,PL-06,2555.86,2394.84,6.3,1966,mature
FG-08256,E-drive assembly 08256,B-Hatch Facelift,Thermal system,PL-17,2708.87,2405.48,11.2,827,mature
FG-08257,Exterior module assembly 08257,D-Sedan,Chassis & suspension,PL-12,2142.82,1952.11,8.9,3190,run-out
FG-08258,Service kit assembly 08258,E-Van Commercial,Interior module,PL-04,1755.4,1585.13,9.7,559,ramp-up
FG-08259,Powertrain assembly 08259,Pickup Midsize,E-drive,PL-09,2604.85,2365.2,9.2,2276,run-out
FG-08260,Service kit assembly 08260,B-Hatch Facelift,Electrical & electronics,PL-12,2736.85,2397.48,12.4,1414,run-out
FG-08261,Interior module assembly 08261,BEV Crossover,E-drive,PL-19,503.69,403.96,19.8,2340,run-out
FG-08262,Interior module assembly 08262,BEV Compact,Powertrain,PL-14,220.61,173.84,21.2,314,ramp-up
FG-08263,Powertrain assembly 08263,C-SUV Gen4,Body-in-white,PL-05,3539.25,2930.5,17.2,75,run-out
FG-08264,Thermal system assembly 08264,Pickup Midsize,Electrical & electronics,PL-18,3158.38,2994.14,5.2,1582,mature
FG-08265,Exterior module assembly 08265,C-SUV Gen4,Body-in-white,PL-08,3801.78,3254.32,14.4,2059,ramp-up
FG-08266,Chassis & suspension assembly 08266,BEV Crossover,Electrical & electronics,PL-11,3983.27,3290.18,17.4,3004,mature
FG-08267,Exterior module assembly 08267,Aftermarket Service,E-drive,PL-05,884.04,675.41,23.6,3251,run-out
FG-08268,Interior module assembly 08268,B-Hatch Facelift,E-drive,PL-13,1722.01,1277.73,25.8,786,run-out
FG-08269,Chassis & suspension assembly 08269,Pickup Midsize,Body-in-white,PL-01,63.54,51.15,19.5,3295,run-out
FG-08270,Powertrain assembly 08270,Aftermarket Service,Service kit,PL-11,177.17,163.17,7.9,2087,ramp-up
FG-08271,Interior module assembly 08271,BEV Crossover,Body-in-white,PL-10,2174.7,1911.56,12.1,139,mature
FG-08272,Service kit assembly 08272,BEV Crossover,Interior module,PL-18,1954.31,1485.28,24,3504,mature
FG-08273,Service kit assembly 08273,D-Sedan,Exterior module,PL-08,1791.01,1629.82,9,2563,mature
FG-08274,Exterior module assembly 08274,D-Sedan,Chassis & suspension,PL-07,2489.18,1846.97,25.8,3607,ramp-up
FG-08275,Thermal system assembly 08275,Hybrid D-Sedan,E-drive,PL-10,2027.28,1556.95,23.2,1109,run-out
FG-08276,Thermal system assembly 08276,E-Van Commercial,Thermal system,PL-10,694.9,573.29,17.5,330,mature
FG-08277,Electrical & electronics assembly 08277,B-Hatch Facelift,Electrical & electronics,PL-07,256.77,222.88,13.2,3293,mature
FG-08278,Interior module assembly 08278,E-Van Commercial,Thermal system,PL-12,1299.17,1062.72,18.2,3504,mature
FG-08279,Powertrain assembly 08279,Hybrid D-Sedan,E-drive,PL-03,2913.4,2266.63,22.2,758,mature
FG-08280,Interior module assembly 08280,E-Van Commercial,Thermal system,PL-07,561.45,418.28,25.5,2004,mature
FG-08281,Body-in-white assembly 08281,B-Hatch Facelift,Exterior module,PL-08,2898.93,2635.13,9.1,702,mature
FG-08282,Interior module assembly 08282,E-Van Commercial,Chassis & suspension,PL-17,1075.11,841.81,21.7,2741,mature
FG-08283,E-drive assembly 08283,Hybrid D-Sedan,E-drive,PL-17,2695.17,2449.91,9.1,595,ramp-up
FG-08284,Thermal system assembly 08284,BEV Compact,Interior module,PL-05,1639.67,1228.11,25.1,1600,mature
FG-08285,Body-in-white assembly 08285,E-Van Commercial,E-drive,PL-07,81.16,74.1,8.7,700,mature
FG-08286,Service kit assembly 08286,E-Van Commercial,E-drive,PL-13,3752.97,3430.21,8.6,3521,mature
FG-08287,Electrical & electronics assembly 08287,Hybrid D-Sedan,Body-in-white,PL-09,2935.31,2392.28,18.5,1478,mature
FG-08288,Electrical & electronics assembly 08288,Pickup Midsize,Body-in-white,PL-19,1483.34,1232.66,16.9,997,run-out
FG-08289,Powertrain assembly 08289,Pickup Midsize,Service kit,PL-10,2487.66,2129.44,14.4,985,mature
FG-08290,Service kit assembly 08290,C-SUV Gen4,Powertrain,PL-11,426.81,345.29,19.1,1725,mature
FG-08291,Interior module assembly 08291,C-SUV Gen5,Service kit,PL-05,587.03,528.91,9.9,3617,mature
FG-08292,Interior module assembly 08292,BEV Compact,Powertrain,PL-04,3424.27,2547.66,25.6,3315,ramp-up
FG-08293,E-drive assembly 08293,C-SUV Gen5,Chassis & suspension,PL-14,3728.21,2997.48,19.6,2387,mature
FG-08294,Thermal system assembly 08294,Pickup Midsize,Powertrain,PL-19,433.69,402.9,7.1,2038,ramp-up
FG-08295,Electrical & electronics assembly 08295,D-Sedan,Service kit,PL-20,459.14,360.88,21.4,2790,run-out
FG-08296,Powertrain assembly 08296,C-SUV Gen5,Exterior module,PL-13,4107.3,3647.28,11.2,1568,mature
FG-08297,Thermal system assembly 08297,Hybrid D-Sedan,Powertrain,PL-02,1113.11,1021.83,8.2,1303,mature
FG-08298,Interior module assembly 08298,BEV Compact,Exterior module,PL-04,2268.75,1908.02,15.9,2822,ramp-up
FG-08299,Electrical & electronics assembly 08299,C-SUV Gen5,Thermal system,PL-17,2750.95,2313.55,15.9,1687,mature
FG-08300,Chassis & suspension assembly 08300,D-Sedan,Chassis & suspension,PL-19,1800.35,1373.67,23.7,1357,mature
FG-08301,Thermal system assembly 08301,BEV Compact,Service kit,PL-09,3963.21,3134.9,20.9,1046,run-out
FG-08302,E-drive assembly 08302,E-Van Commercial,Interior module,PL-15,1895.18,1421.38,25,3680,mature
FG-08303,Thermal system assembly 08303,B-Hatch Facelift,Thermal system,PL-10,3052.34,2661.64,12.8,2349,mature
FG-08304,Body-in-white assembly 08304,C-SUV Gen5,Electrical & electronics,PL-13,549.36,523.54,4.7,1961,ramp-up
FG-08305,Thermal system assembly 08305,E-Van Commercial,Interior module,PL-16,369.91,284.09,23.2,494,mature
FG-08306,Powertrain assembly 08306,BEV Compact,Chassis & suspension,PL-17,1054.19,893.95,15.2,1678,ramp-up
FG-08307,Powertrain assembly 08307,C-SUV Gen5,Body-in-white,PL-01,653.74,506.65,22.5,2386,ramp-up
FG-08308,Body-in-white assembly 08308,BEV Compact,Chassis & suspension,PL-07,1868.34,1730.08,7.4,117,run-out
FG-08309,Thermal system assembly 08309,Pickup Midsize,Service kit,PL-15,2900.16,2459.34,15.2,1658,ramp-up
FG-08310,Thermal system assembly 08310,E-Van Commercial,Exterior module,PL-16,3110.06,2696.42,13.3,2679,ramp-up
FG-08311,E-drive assembly 08311,Hybrid D-Sedan,Thermal system,PL-01,2701.13,2050.16,24.1,2538,mature
FG-08312,Service kit assembly 08312,Aftermarket Service,Chassis & suspension,PL-08,584.34,461.04,21.1,1368,mature
FG-08313,Interior module assembly 08313,C-SUV Gen4,E-drive,PL-08,2891.46,2610.99,9.7,2120,ramp-up
FG-08314,Thermal system assembly 08314,Hybrid D-Sedan,Body-in-white,PL-15,585.11,434.15,25.8,2447,ramp-up
FG-08315,Body-in-white assembly 08315,Aftermarket Service,Electrical & electronics,PL-11,3421.01,3109.7,9.1,2895,mature
FG-08316,Interior module assembly 08316,Pickup Midsize,Service kit,PL-08,1457.43,1247.56,14.4,1150,mature
FG-08317,Chassis & suspension assembly 08317,Hybrid D-Sedan,E-drive,PL-04,3691.84,3307.89,10.4,2589,mature
FG-08318,Powertrain assembly 08318,E-Van Commercial,Thermal system,PL-18,89.69,74.8,16.6,1768,run-out
FG-08319,Powertrain assembly 08319,C-SUV Gen5,E-drive,PL-19,740.45,710.09,4.1,2901,run-out
FG-08320,Electrical & electronics assembly 08320,Pickup Midsize,Interior module,PL-12,2560.77,1951.31,23.8,3706,mature
FG-08321,Service kit assembly 08321,BEV Compact,Electrical & electronics,PL-02,4039.9,3575.31,11.5,3127,run-out
FG-08322,Interior module assembly 08322,D-Sedan,E-drive,PL-08,1547.23,1273.37,17.7,2667,mature
FG-08323,Electrical & electronics assembly 08323,BEV Compact,E-drive,PL-05,442.06,423.94,4.1,1344,ramp-up
FG-08324,Chassis & suspension assembly 08324,Aftermarket Service,Body-in-white,PL-09,3590.53,2814.98,21.6,3174,mature
FG-08325,Exterior module assembly 08325,Pickup Midsize,Service kit,PL-09,2219.77,1773.6,20.1,3147,run-out
FG-08326,Interior module assembly 08326,C-SUV Gen4,E-drive,PL-05,2349.19,1909.89,18.7,849,mature
FG-08327,Powertrain assembly 08327,C-SUV Gen4,Chassis & suspension,PL-15,3699.01,3062.78,17.2,148,run-out
FG-08328,Interior module assembly 08328,D-Sedan,E-drive,PL-04,1710.96,1272.95,25.6,2496,mature
FG-08329,Service kit assembly 08329,BEV Compact,Body-in-white,PL-03,216.13,190.41,11.9,1409,ramp-up
FG-08330,Service kit assembly 08330,Hybrid D-Sedan,Exterior module,PL-11,1510.06,1346.97,10.8,820,run-out
FG-08331,Electrical & electronics assembly 08331,B-Hatch Facelift,Interior module,PL-06,2920,2341.84,19.8,586,mature
FG-08332,Thermal system assembly 08332,C-SUV Gen5,Interior module,PL-03,4019.33,3553.09,11.6,2073,mature
FG-08333,E-drive assembly 08333,E-Van Commercial,E-drive,PL-10,3714.21,2997.37,19.3,3587,run-out
FG-08334,Thermal system assembly 08334,B-Hatch Facelift,Service kit,PL-05,3822.41,3474.57,9.1,767,mature
FG-08335,Body-in-white assembly 08335,E-Van Commercial,Thermal system,PL-04,2524.27,1933.59,23.4,3279,mature
FG-08336,E-drive assembly 08336,C-SUV Gen5,Service kit,PL-08,2615.96,2016.91,22.9,3546,run-out
FG-08337,E-drive assembly 08337,Hybrid D-Sedan,Interior module,PL-04,1324.79,1039.96,21.5,3362,mature
FG-08338,Thermal system assembly 08338,D-Sedan,Chassis & suspension,PL-05,3236.83,2971.41,8.2,115,mature
FG-08339,E-drive assembly 08339,BEV Compact,Powertrain,PL-04,2321.64,2140.55,7.8,640,mature
FG-08340,Exterior module assembly 08340,Pickup Midsize,Chassis & suspension,PL-04,3689.23,3076.82,16.6,2235,mature
FG-08341,Service kit assembly 08341,BEV Crossover,Service kit,PL-11,1979.19,1773.35,10.4,1328,mature
FG-08342,Thermal system assembly 08342,B-Hatch Facelift,Body-in-white,PL-09,3636.97,3466.03,4.7,3313,run-out
FG-08343,Service kit assembly 08343,B-Hatch Facelift,Service kit,PL-08,1667.44,1500.7,10,3332,mature
FG-08344,Body-in-white assembly 08344,D-Sedan,E-drive,PL-13,2585.57,2135.68,17.4,2265,mature
FG-08345,Body-in-white assembly 08345,Aftermarket Service,Chassis & suspension,PL-03,1689.27,1474.73,12.7,1208,run-out
FG-08346,Electrical & electronics assembly 08346,B-Hatch Facelift,E-drive,PL-15,2219.52,1806.69,18.6,924,run-out
FG-08347,E-drive assembly 08347,C-SUV Gen4,Thermal system,PL-10,3617.57,3140.05,13.2,2469,mature
FG-08348,Exterior module assembly 08348,BEV Crossover,Thermal system,PL-16,429.43,395.08,8,1436,mature
FG-08349,Electrical & electronics assembly 08349,C-SUV Gen4,Interior module,PL-03,167.46,127.94,23.6,2297,mature
FG-08350,Interior module assembly 08350,BEV Crossover,Powertrain,PL-17,1959.23,1841.68,6,3661,mature
FG-08351,Service kit assembly 08351,Aftermarket Service,Interior module,PL-12,2463.47,2121.05,13.9,3634,ramp-up
FG-08352,Interior module assembly 08352,C-SUV Gen5,E-drive,PL-13,4123.33,3438.86,16.6,2572,ramp-up
FG-08353,Electrical & electronics assembly 08353,D-Sedan,Exterior module,PL-01,826.72,767.2,7.2,3236,mature
FG-08354,Chassis & suspension assembly 08354,B-Hatch Facelift,Powertrain,PL-11,3298.87,2893.11,12.3,786,run-out
FG-08355,Powertrain assembly 08355,Pickup Midsize,Electrical & electronics,PL-04,352.12,279.23,20.7,420,run-out
FG-08356,Chassis & suspension assembly 08356,E-Van Commercial,Powertrain,PL-04,1417.84,1317.17,7.1,2175,run-out
FG-08357,Powertrain assembly 08357,BEV Compact,Service kit,PL-19,2470.56,2314.91,6.3,2021,mature
FG-08358,E-drive assembly 08358,Aftermarket Service,Powertrain,PL-10,4149.3,3365.08,18.9,1711,mature
FG-08359,Electrical & electronics assembly 08359,B-Hatch Facelift,Chassis & suspension,PL-07,3131.07,2774.13,11.4,894,ramp-up
FG-08360,Exterior module assembly 08360,B-Hatch Facelift,Chassis & suspension,PL-07,2461.56,2185.87,11.2,1768,mature
FG-08361,Thermal system assembly 08361,E-Van Commercial,Powertrain,PL-06,3448.03,3092.88,10.3,3557,ramp-up
FG-08362,Interior module assembly 08362,Pickup Midsize,Body-in-white,PL-08,4044.38,3684.43,8.9,1962,ramp-up
FG-08363,Thermal system assembly 08363,B-Hatch Facelift,Exterior module,PL-09,3728.38,2967.79,20.4,1129,mature
FG-08364,Body-in-white assembly 08364,E-Van Commercial,Powertrain,PL-20,2406.14,1965.82,18.3,334,mature
FG-08365,Service kit assembly 08365,B-Hatch Facelift,Electrical & electronics,PL-20,1653.74,1298.19,21.5,757,run-out
FG-08366,Service kit assembly 08366,D-Sedan,Body-in-white,PL-17,4141.04,3685.53,11,2090,run-out
FG-08367,Powertrain assembly 08367,Pickup Midsize,Chassis & suspension,PL-09,2927.69,2734.46,6.6,330,run-out
FG-08368,Electrical & electronics assembly 08368,B-Hatch Facelift,Exterior module,PL-19,2181.29,1755.94,19.5,1879,run-out
FG-08369,E-drive assembly 08369,Aftermarket Service,Powertrain,PL-10,2837.85,2531.36,10.8,1007,mature
FG-08370,Electrical & electronics assembly 08370,Hybrid D-Sedan,Powertrain,PL-07,3064.27,2708.81,11.6,101,run-out
FG-08371,Service kit assembly 08371,BEV Crossover,E-drive,PL-14,1058.16,974.57,7.9,833,mature
FG-08372,Interior module assembly 08372,C-SUV Gen4,Chassis & suspension,PL-20,184.76,170.53,7.7,304,mature
FG-08373,Body-in-white assembly 08373,B-Hatch Facelift,E-drive,PL-10,3986.04,3754.85,5.8,3484,run-out
FG-08374,Electrical & electronics assembly 08374,Pickup Midsize,Powertrain,PL-09,1062.08,837.98,21.1,2807,mature
FG-08375,Powertrain assembly 08375,C-SUV Gen4,E-drive,PL-19,2149.53,1960.37,8.8,543,ramp-up
FG-08376,Chassis & suspension assembly 08376,D-Sedan,Powertrain,PL-18,592.33,465.57,21.4,2097,mature
FG-08377,Powertrain assembly 08377,BEV Crossover,Body-in-white,PL-09,1629.56,1225.43,24.8,2931,mature
FG-08378,Body-in-white assembly 08378,BEV Compact,Body-in-white,PL-13,4160.54,3860.98,7.2,3136,run-out
FG-08379,Thermal system assembly 08379,Pickup Midsize,E-drive,PL-11,1467.06,1373.17,6.4,496,run-out
FG-08380,Powertrain assembly 08380,Pickup Midsize,Exterior module,PL-06,892.86,777.68,12.9,3640,mature
FG-08381,Electrical & electronics assembly 08381,B-Hatch Facelift,Interior module,PL-19,155.21,137.98,11.1,1005,mature
FG-08382,Chassis & suspension assembly 08382,Aftermarket Service,Service kit,PL-06,3388.76,3198.99,5.6,2818,mature
FG-08383,Body-in-white assembly 08383,C-SUV Gen4,Body-in-white,PL-03,2131.57,1901.36,10.8,1078,mature
FG-08384,Thermal system assembly 08384,BEV Crossover,Exterior module,PL-18,198.23,150.26,24.2,2558,ramp-up
FG-08385,Electrical & electronics assembly 08385,Aftermarket Service,Electrical & electronics,PL-06,3495.31,3205.2,8.3,2494,run-out
FG-08386,Interior module assembly 08386,E-Van Commercial,E-drive,PL-16,3863.92,3485.26,9.8,1043,mature
FG-08387,Service kit assembly 08387,Pickup Midsize,Thermal system,PL-20,2654.4,2057.16,22.5,2026,mature
FG-08388,Exterior module assembly 08388,Pickup Midsize,Service kit,PL-04,3398.37,3024.55,11,1498,mature
FG-08389,Exterior module assembly 08389,C-SUV Gen4,Powertrain,PL-02,2662.77,2476.38,7,192,mature
FG-08390,Interior module assembly 08390,BEV Compact,E-drive,PL-09,4016.21,3425.83,14.7,2023,run-out
FG-08391,Interior module assembly 08391,BEV Compact,Chassis & suspension,PL-12,1092.49,972.32,11,2427,mature
FG-08392,Electrical & electronics assembly 08392,Hybrid D-Sedan,Body-in-white,PL-17,386.28,314.05,18.7,564,run-out
FG-08393,Thermal system assembly 08393,C-SUV Gen4,E-drive,PL-08,681,610.18,10.4,1368,run-out
FG-08394,Thermal system assembly 08394,Pickup Midsize,Thermal system,PL-12,3898.89,3232.18,17.1,3648,mature
FG-08395,Thermal system assembly 08395,Aftermarket Service,Electrical & electronics,PL-02,3358.27,2538.85,24.4,717,mature
FG-08396,Interior module assembly 08396,C-SUV Gen4,Chassis & suspension,PL-07,3452.98,3225.08,6.6,1104,ramp-up
FG-08397,Body-in-white assembly 08397,Hybrid D-Sedan,Electrical & electronics,PL-17,118.99,104.12,12.5,1299,run-out
FG-08398,Exterior module assembly 08398,E-Van Commercial,E-drive,PL-07,1033.28,872.09,15.6,1268,mature
FG-08399,Body-in-white assembly 08399,E-Van Commercial,Chassis & suspension,PL-01,2444.76,2117.16,13.4,2245,mature
FG-08400,Interior module assembly 08400,E-Van Commercial,Powertrain,PL-01,1582.54,1213.81,23.3,1923,mature
FG-08401,Body-in-white assembly 08401,Pickup Midsize,Powertrain,PL-08,3091.27,2476.11,19.9,2172,mature
FG-08402,Electrical & electronics assembly 08402,B-Hatch Facelift,Thermal system,PL-20,2873.71,2574.84,10.4,2816,ramp-up
FG-08403,Exterior module assembly 08403,E-Van Commercial,Service kit,PL-08,3355.5,3100.48,7.6,367,ramp-up
FG-08404,Exterior module assembly 08404,Aftermarket Service,Body-in-white,PL-09,2002.09,1807.89,9.7,3067,mature
FG-08405,E-drive assembly 08405,BEV Compact,Chassis & suspension,PL-10,2947.9,2709.12,8.1,1745,mature
FG-08406,Exterior module assembly 08406,Pickup Midsize,E-drive,PL-12,1877.58,1400.67,25.4,2343,mature
FG-08407,Body-in-white assembly 08407,Pickup Midsize,E-drive,PL-12,2329.58,2206.11,5.3,2913,run-out
FG-08408,Chassis & suspension assembly 08408,Pickup Midsize,Body-in-white,PL-18,1096.81,901.58,17.8,2044,ramp-up
FG-08409,Electrical & electronics assembly 08409,C-SUV Gen5,Powertrain,PL-02,894.51,813.11,9.1,907,mature
FG-08410,Thermal system assembly 08410,BEV Compact,Thermal system,PL-06,435.35,346.97,20.3,2701,mature
FG-08411,Body-in-white assembly 08411,B-Hatch Facelift,Chassis & suspension,PL-10,3461.66,2859.33,17.4,1940,run-out
FG-08412,Exterior module assembly 08412,B-Hatch Facelift,Exterior module,PL-14,1029.9,886.74,13.9,1381,run-out
FG-08413,Chassis & suspension assembly 08413,C-SUV Gen5,Electrical & electronics,PL-10,1837.26,1399.99,23.8,3676,mature
FG-08414,Service kit assembly 08414,B-Hatch Facelift,Chassis & suspension,PL-02,2560.49,1984.38,22.5,423,ramp-up
FG-08415,Chassis & suspension assembly 08415,C-SUV Gen5,Thermal system,PL-10,2081.92,1588.5,23.7,196,ramp-up
FG-08416,Body-in-white assembly 08416,C-SUV Gen4,Exterior module,PL-02,1432.63,1296.53,9.5,1065,mature
FG-08417,Body-in-white assembly 08417,C-SUV Gen5,Service kit,PL-12,1917.86,1501.68,21.7,2081,run-out
FG-08418,Service kit assembly 08418,Pickup Midsize,Interior module,PL-20,1424.55,1182.38,17,841,run-out
FG-08419,Service kit assembly 08419,D-Sedan,E-drive,PL-07,1376.09,1150.41,16.4,3564,run-out
FG-08420,E-drive assembly 08420,Pickup Midsize,Service kit,PL-07,3559.32,2907.96,18.3,2325,ramp-up
FG-08421,Interior module assembly 08421,B-Hatch Facelift,Body-in-white,PL-12,978.58,909.1,7.1,2621,mature
FG-08422,Service kit assembly 08422,E-Van Commercial,E-drive,PL-19,132.1,115.19,12.8,2969,ramp-up
FG-08423,E-drive assembly 08423,Pickup Midsize,Body-in-white,PL-06,4075.47,3146.26,22.8,2148,ramp-up
FG-08424,Service kit assembly 08424,BEV Crossover,Powertrain,PL-12,1977.31,1753.87,11.3,67,mature
FG-08425,Electrical & electronics assembly 08425,B-Hatch Facelift,Thermal system,PL-06,2562.22,2075.4,19,3585,ramp-up
FG-08426,Powertrain assembly 08426,E-Van Commercial,Interior module,PL-18,3410.79,2718.4,20.3,3279,mature
FG-08427,Service kit assembly 08427,C-SUV Gen4,Chassis & suspension,PL-02,4146.87,3454.34,16.7,531,mature
FG-08428,Service kit assembly 08428,Hybrid D-Sedan,Body-in-white,PL-20,1187.02,1122.92,5.4,1782,mature
FG-08429,Interior module assembly 08429,Pickup Midsize,Thermal system,PL-16,1447.14,1141.79,21.1,2614,run-out
FG-08430,Thermal system assembly 08430,D-Sedan,E-drive,PL-12,991.29,913.97,7.8,3265,mature
FG-08431,Service kit assembly 08431,Aftermarket Service,Exterior module,PL-17,3412.69,3187.45,6.6,2643,ramp-up
FG-08432,Interior module assembly 08432,BEV Compact,Interior module,PL-12,3156.9,2544.46,19.4,1078,ramp-up
FG-08433,Chassis & suspension assembly 08433,B-Hatch Facelift,Body-in-white,PL-15,267.24,235.71,11.8,477,mature
FG-08434,Body-in-white assembly 08434,Aftermarket Service,Powertrain,PL-19,847.33,751.58,11.3,1881,ramp-up
FG-08435,Thermal system assembly 08435,BEV Crossover,Chassis & suspension,PL-03,3240.83,2790.35,13.9,422,mature
FG-08436,Powertrain assembly 08436,BEV Compact,Exterior module,PL-09,3168.44,2933.98,7.4,363,run-out
FG-08437,Electrical & electronics assembly 08437,E-Van Commercial,Chassis & suspension,PL-06,1201.96,911.09,24.2,1075,ramp-up
FG-08438,Body-in-white assembly 08438,C-SUV Gen5,Service kit,PL-13,110.67,83.56,24.5,3103,ramp-up
FG-08439,Chassis & suspension assembly 08439,BEV Compact,Exterior module,PL-02,389.78,364.44,6.5,281,ramp-up
FG-08440,E-drive assembly 08440,BEV Compact,E-drive,PL-11,2281.19,1970.95,13.6,3288,mature
FG-08441,Electrical & electronics assembly 08441,C-SUV Gen4,Exterior module,PL-18,1821.3,1524.43,16.3,99,run-out
FG-08442,Body-in-white assembly 08442,C-SUV Gen5,Powertrain,PL-09,1691.13,1339.37,20.8,802,mature
FG-08443,Thermal system assembly 08443,C-SUV Gen4,Interior module,PL-04,3628.56,3294.73,9.2,420,ramp-up
FG-08444,Chassis & suspension assembly 08444,Hybrid D-Sedan,Interior module,PL-16,3177.74,2612.1,17.8,3402,ramp-up
FG-08445,Interior module assembly 08445,E-Van Commercial,Body-in-white,PL-11,3395.8,2563.83,24.5,149,run-out
FG-08446,Interior module assembly 08446,D-Sedan,Thermal system,PL-20,1811.59,1461.95,19.3,1436,run-out
FG-08447,Chassis & suspension assembly 08447,C-SUV Gen4,E-drive,PL-08,496.71,420.22,15.4,2170,ramp-up
FG-08448,Powertrain assembly 08448,C-SUV Gen5,Thermal system,PL-03,1853.74,1419.96,23.4,3054,ramp-up
FG-08449,Chassis & suspension assembly 08449,Hybrid D-Sedan,Thermal system,PL-15,2586.55,2320.14,10.3,3179,mature
FG-08450,E-drive assembly 08450,B-Hatch Facelift,Thermal system,PL-18,2472.95,2005.56,18.9,1359,mature
FG-08451,Interior module assembly 08451,B-Hatch Facelift,Exterior module,PL-03,3009.37,2729.5,9.3,2433,mature
FG-08452,Body-in-white assembly 08452,B-Hatch Facelift,Electrical & electronics,PL-08,82.86,71.51,13.7,2056,ramp-up
FG-08453,Service kit assembly 08453,Hybrid D-Sedan,E-drive,PL-07,3910.19,3382.31,13.5,2928,ramp-up
FG-08454,Service kit assembly 08454,BEV Crossover,Electrical & electronics,PL-16,3144.17,2509.05,20.2,1947,run-out
FG-08455,Interior module assembly 08455,Aftermarket Service,Exterior module,PL-06,1952.19,1762.83,9.7,1239,run-out
FG-08456,E-drive assembly 08456,Hybrid D-Sedan,Exterior module,PL-07,1261.84,1039.76,17.6,1458,mature
FG-08457,Electrical & electronics assembly 08457,Aftermarket Service,E-drive,PL-15,3118.89,2463.92,21,47,ramp-up
FG-08458,Chassis & suspension assembly 08458,E-Van Commercial,Interior module,PL-02,762.26,568.65,25.4,2035,ramp-up
FG-08459,Powertrain assembly 08459,D-Sedan,Electrical & electronics,PL-04,121.36,116.26,4.2,1753,mature
FG-08460,Thermal system assembly 08460,D-Sedan,E-drive,PL-15,2100.46,1644.66,21.7,3551,mature
FG-08461,E-drive assembly 08461,D-Sedan,Chassis & suspension,PL-13,3820.38,3430.7,10.2,2102,mature
FG-08462,Thermal system assembly 08462,Aftermarket Service,Chassis & suspension,PL-08,2197.28,1834.73,16.5,1700,mature
FG-08463,Thermal system assembly 08463,B-Hatch Facelift,Thermal system,PL-12,4013.65,3403.58,15.2,2706,mature
FG-08464,Thermal system assembly 08464,C-SUV Gen5,Thermal system,PL-07,931.55,797.41,14.4,526,mature
FG-08465,Service kit assembly 08465,C-SUV Gen5,Interior module,PL-09,857.95,726.68,15.3,883,mature
FG-08466,Electrical & electronics assembly 08466,E-Van Commercial,Electrical & electronics,PL-01,3477.31,2733.17,21.4,2258,mature
FG-08467,Body-in-white assembly 08467,C-SUV Gen4,Thermal system,PL-14,3051.36,2697.4,11.6,2181,run-out
FG-08468,Interior module assembly 08468,D-Sedan,Chassis & suspension,PL-15,1865.98,1720.43,7.8,935,mature
FG-08469,E-drive assembly 08469,BEV Crossover,Exterior module,PL-14,1085.41,899.8,17.1,2655,ramp-up
FG-08470,Chassis & suspension assembly 08470,BEV Compact,Thermal system,PL-09,2253.52,1683.38,25.3,2486,mature
FG-08471,Service kit assembly 08471,Aftermarket Service,Chassis & suspension,PL-06,2822.32,2277.61,19.3,1391,mature
FG-08472,Exterior module assembly 08472,E-Van Commercial,Chassis & suspension,PL-12,2327.67,1962.23,15.7,3230,mature
FG-08473,Interior module assembly 08473,D-Sedan,Chassis & suspension,PL-14,2592.13,2351.06,9.3,1688,mature
FG-08474,Service kit assembly 08474,C-SUV Gen4,Chassis & suspension,PL-19,1955.09,1650.1,15.6,2400,mature
FG-08475,E-drive assembly 08475,Aftermarket Service,Powertrain,PL-08,149.94,133.9,10.7,898,mature
FG-08476,Interior module assembly 08476,Aftermarket Service,Electrical & electronics,PL-09,1363.58,1232.68,9.6,3323,mature
FG-08477,Body-in-white assembly 08477,C-SUV Gen5,Thermal system,PL-19,3013.03,2404.4,20.2,2949,mature
FG-08478,Powertrain assembly 08478,Aftermarket Service,Body-in-white,PL-17,3479.26,2609.45,25,3259,run-out
FG-08479,Powertrain assembly 08479,BEV Compact,Service kit,PL-14,3868.14,3291.79,14.9,619,mature
FG-08480,Powertrain assembly 08480,Pickup Midsize,Powertrain,PL-16,3798.73,3540.42,6.8,2146,mature
FG-08481,Exterior module assembly 08481,Hybrid D-Sedan,Thermal system,PL-12,3683.58,2766.37,24.9,3189,mature
FG-08482,Exterior module assembly 08482,D-Sedan,Interior module,PL-08,1036.32,805.22,22.3,3780,mature
FG-08483,E-drive assembly 08483,C-SUV Gen5,Powertrain,PL-04,1581.43,1454.92,8,3596,ramp-up
FG-08484,Thermal system assembly 08484,C-SUV Gen4,Service kit,PL-03,3616.19,3464.31,4.2,1873,ramp-up
FG-08485,E-drive assembly 08485,BEV Compact,Exterior module,PL-03,1329.78,1182.17,11.1,2294,ramp-up
FG-08486,Interior module assembly 08486,Hybrid D-Sedan,Body-in-white,PL-15,2924.6,2292.89,21.6,140,mature
FG-08487,Thermal system assembly 08487,BEV Crossover,Exterior module,PL-07,1214.83,941.49,22.5,882,ramp-up
FG-08488,Electrical & electronics assembly 08488,Pickup Midsize,Electrical & electronics,PL-18,577.06,446.64,22.6,2137,run-out
FG-08489,Thermal system assembly 08489,Hybrid D-Sedan,Interior module,PL-11,533.18,408.95,23.3,3279,mature
FG-08490,E-drive assembly 08490,Hybrid D-Sedan,Powertrain,PL-02,2445.5,2027.32,17.1,1100,run-out
FG-08491,Chassis & suspension assembly 08491,Pickup Midsize,Chassis & suspension,PL-04,1928.93,1624.16,15.8,1784,mature
FG-08492,Service kit assembly 08492,Hybrid D-Sedan,Electrical & electronics,PL-09,220.49,180.36,18.2,30,mature
FG-08493,Chassis & suspension assembly 08493,C-SUV Gen5,Electrical & electronics,PL-06,1265.9,1155.77,8.7,946,run-out
FG-08494,Exterior module assembly 08494,C-SUV Gen4,Electrical & electronics,PL-11,2833.42,2705.92,4.5,1536,ramp-up
FG-08495,Thermal system assembly 08495,C-SUV Gen4,Powertrain,PL-02,2429.84,1849.11,23.9,3616,mature
FG-08496,Electrical & electronics assembly 08496,D-Sedan,Thermal system,PL-03,1398.69,1184.69,15.3,1448,mature
FG-08497,Powertrain assembly 08497,C-SUV Gen5,Chassis & suspension,PL-03,3045.59,2582.66,15.2,793,ramp-up
FG-08498,Electrical & electronics assembly 08498,BEV Crossover,Powertrain,PL-02,635.86,474.99,25.3,1348,mature
FG-08499,E-drive assembly 08499,E-Van Commercial,E-drive,PL-18,969.25,895.59,7.6,3044,mature
FG-08500,Powertrain assembly 08500,E-Van Commercial,Electrical & electronics,PL-04,431.9,355.45,17.7,2184,mature
FG-08501,Body-in-white assembly 08501,C-SUV Gen4,Powertrain,PL-11,780.43,659.46,15.5,104,mature
FG-08502,Powertrain assembly 08502,Aftermarket Service,Exterior module,PL-17,2333.33,2037,12.7,1675,run-out
FG-08503,Powertrain assembly 08503,Aftermarket Service,Body-in-white,PL-19,3654.38,3420.5,6.4,3642,mature
FG-08504,Exterior module assembly 08504,B-Hatch Facelift,Exterior module,PL-18,3573.42,3258.96,8.8,3052,ramp-up
FG-08505,Electrical & electronics assembly 08505,Hybrid D-Sedan,Body-in-white,PL-05,1389.19,1153.03,17,3076,mature
FG-08506,Exterior module assembly 08506,C-SUV Gen5,Electrical & electronics,PL-13,3564.39,3150.92,11.6,1116,mature
FG-08507,Interior module assembly 08507,Pickup Midsize,Chassis & suspension,PL-19,3672.99,3430.57,6.6,777,mature
FG-08508,Powertrain assembly 08508,Pickup Midsize,Body-in-white,PL-09,2079.59,1703.18,18.1,2326,mature
FG-08509,Thermal system assembly 08509,Pickup Midsize,Chassis & suspension,PL-10,3026.14,2490.51,17.7,1913,ramp-up
FG-08510,Powertrain assembly 08510,Aftermarket Service,Service kit,PL-10,1590.68,1199.37,24.6,3293,mature
FG-08511,E-drive assembly 08511,BEV Crossover,Interior module,PL-04,2068.4,1923.61,7,505,run-out
FG-08512,Powertrain assembly 08512,Pickup Midsize,Thermal system,PL-18,1294.81,1158.85,10.5,3304,mature
FG-08513,Thermal system assembly 08513,Hybrid D-Sedan,Electrical & electronics,PL-19,3391.12,3174.09,6.4,3293,mature
FG-08514,Chassis & suspension assembly 08514,C-SUV Gen5,Exterior module,PL-05,3606.84,3170.41,12.1,1724,run-out
FG-08515,Exterior module assembly 08515,C-SUV Gen4,Thermal system,PL-05,3584.46,2889.07,19.4,672,mature
FG-08516,Thermal system assembly 08516,Pickup Midsize,Service kit,PL-10,4031.5,3277.61,18.7,2958,mature
FG-08517,Exterior module assembly 08517,E-Van Commercial,Body-in-white,PL-16,3884.53,3628.15,6.6,1902,mature
FG-08518,Interior module assembly 08518,Hybrid D-Sedan,Thermal system,PL-14,1810.58,1374.23,24.1,2511,ramp-up
FG-08519,Chassis & suspension assembly 08519,Hybrid D-Sedan,Electrical & electronics,PL-07,45.6,34.61,24.1,2257,mature
FG-08520,Exterior module assembly 08520,Hybrid D-Sedan,Powertrain,PL-03,2260.15,2009.27,11.1,3286,mature
FG-08521,Body-in-white assembly 08521,BEV Crossover,Chassis & suspension,PL-12,1297.29,1158.48,10.7,3118,mature
FG-08522,Service kit assembly 08522,C-SUV Gen4,Exterior module,PL-14,2487.68,1878.2,24.5,1653,mature
FG-08523,E-drive assembly 08523,C-SUV Gen5,Thermal system,PL-20,3596.76,3082.42,14.3,1805,mature
FG-08524,Exterior module assembly 08524,BEV Crossover,Service kit,PL-18,2039.29,1551.9,23.9,3743,mature
FG-08525,Chassis & suspension assembly 08525,Pickup Midsize,Electrical & electronics,PL-09,275.89,211.33,23.4,326,mature
FG-08526,Body-in-white assembly 08526,D-Sedan,E-drive,PL-17,1081.91,835.23,22.8,172,mature
FG-08527,Service kit assembly 08527,B-Hatch Facelift,Body-in-white,PL-05,998.45,822.72,17.6,2774,mature
FG-08528,Body-in-white assembly 08528,Hybrid D-Sedan,Powertrain,PL-15,2740.49,2548.66,7,1245,mature
FG-08529,Interior module assembly 08529,C-SUV Gen4,Interior module,PL-16,857.34,698.73,18.5,1386,mature
FG-08530,Powertrain assembly 08530,E-Van Commercial,Thermal system,PL-19,2970.15,2729.57,8.1,331,mature
FG-08531,Exterior module assembly 08531,Hybrid D-Sedan,Exterior module,PL-11,3486.71,3183.37,8.7,411,mature
FG-08532,Chassis & suspension assembly 08532,BEV Compact,Chassis & suspension,PL-12,1203.39,939.85,21.9,1510,ramp-up
FG-08533,E-drive assembly 08533,D-Sedan,Body-in-white,PL-14,2624.22,2506.13,4.5,2165,mature
FG-08534,Thermal system assembly 08534,C-SUV Gen4,Exterior module,PL-11,2687.28,2270.75,15.5,1850,ramp-up
FG-08535,E-drive assembly 08535,C-SUV Gen5,Interior module,PL-18,1068.15,867.34,18.8,655,ramp-up
FG-08536,Interior module assembly 08536,Hybrid D-Sedan,Chassis & suspension,PL-05,45.64,35.6,22,153,run-out
FG-08537,Electrical & electronics assembly 08537,C-SUV Gen4,Interior module,PL-09,549.65,416.09,24.3,1662,mature
FG-08538,Thermal system assembly 08538,C-SUV Gen5,Body-in-white,PL-06,546.24,461.03,15.6,1912,mature
FG-08539,Interior module assembly 08539,BEV Crossover,Body-in-white,PL-13,4069.9,3015.8,25.9,1235,run-out
FG-08540,Electrical & electronics assembly 08540,B-Hatch Facelift,Body-in-white,PL-11,3507.97,3290.48,6.2,1593,run-out
FG-08541,Electrical & electronics assembly 08541,E-Van Commercial,Body-in-white,PL-20,1617.3,1230.77,23.9,2004,ramp-up
FG-08542,Exterior module assembly 08542,C-SUV Gen5,Body-in-white,PL-14,2638.03,1986.44,24.7,2719,run-out
FG-08543,Body-in-white assembly 08543,Aftermarket Service,Body-in-white,PL-13,1589.65,1260.59,20.7,3010,ramp-up
FG-08544,Powertrain assembly 08544,C-SUV Gen4,Chassis & suspension,PL-06,834.14,672.32,19.4,146,run-out
FG-08545,Chassis & suspension assembly 08545,BEV Crossover,Thermal system,PL-12,4046.38,3815.74,5.7,891,mature
FG-08546,Electrical & electronics assembly 08546,D-Sedan,Electrical & electronics,PL-06,56.69,47,17.1,152,mature
FG-08547,Interior module assembly 08547,BEV Crossover,Body-in-white,PL-04,3045.65,2847.68,6.5,2406,run-out
FG-08548,Service kit assembly 08548,BEV Crossover,Chassis & suspension,PL-03,3665.97,2932.78,20,2712,mature
FG-08549,Exterior module assembly 08549,C-SUV Gen5,Chassis & suspension,PL-02,1446.64,1343.93,7.1,2932,ramp-up
FG-08550,Service kit assembly 08550,D-Sedan,Thermal system,PL-09,2139.3,1871.89,12.5,2678,mature
FG-08551,Thermal system assembly 08551,C-SUV Gen5,Electrical & electronics,PL-01,781.67,613.61,21.5,2766,run-out
FG-08552,Chassis & suspension assembly 08552,D-Sedan,Electrical & electronics,PL-16,338.3,297.37,12.1,2306,ramp-up
FG-08553,Chassis & suspension assembly 08553,D-Sedan,Chassis & suspension,PL-13,3593.41,3158.61,12.1,746,mature
FG-08554,Body-in-white assembly 08554,B-Hatch Facelift,Thermal system,PL-13,3225.99,2890.49,10.4,1096,mature
FG-08555,E-drive assembly 08555,B-Hatch Facelift,Body-in-white,PL-07,3307.05,3088.78,6.6,2997,mature
FG-08556,Exterior module assembly 08556,Pickup Midsize,Exterior module,PL-19,1584.04,1208.62,23.7,749,mature
FG-08557,Powertrain assembly 08557,D-Sedan,Service kit,PL-19,3187.52,2639.27,17.2,1424,run-out
FG-08558,Exterior module assembly 08558,Pickup Midsize,Electrical & electronics,PL-03,3434.94,3019.31,12.1,2573,run-out
FG-08559,E-drive assembly 08559,BEV Crossover,Body-in-white,PL-16,2056.66,1536.33,25.3,1360,run-out
FG-08560,Body-in-white assembly 08560,B-Hatch Facelift,E-drive,PL-01,3139.16,2564.69,18.3,1099,mature
FG-08561,Chassis & suspension assembly 08561,Pickup Midsize,Powertrain,PL-04,785.39,706.07,10.1,64,run-out
FG-08562,Powertrain assembly 08562,E-Van Commercial,Exterior module,PL-07,352.37,279.78,20.6,390,ramp-up
FG-08563,Electrical & electronics assembly 08563,Hybrid D-Sedan,Body-in-white,PL-10,475.92,371.69,21.9,3026,mature
FG-08564,Electrical & electronics assembly 08564,D-Sedan,Electrical & electronics,PL-15,2362.63,2235.05,5.4,95,run-out
FG-08565,Thermal system assembly 08565,E-Van Commercial,Electrical & electronics,PL-17,643.95,562.17,12.7,2460,mature
FG-08566,Electrical & electronics assembly 08566,BEV Crossover,E-drive,PL-10,1497.56,1219.01,18.6,414,ramp-up
FG-08567,Interior module assembly 08567,BEV Compact,E-drive,PL-20,1555.82,1253.99,19.4,1174,run-out
FG-08568,Service kit assembly 08568,Hybrid D-Sedan,Interior module,PL-09,2391.52,1961.05,18,3278,mature
FG-08569,Chassis & suspension assembly 08569,C-SUV Gen5,E-drive,PL-01,2410.71,2022.59,16.1,2409,mature
FG-08570,Thermal system assembly 08570,Aftermarket Service,Powertrain,PL-15,3547.82,3104.34,12.5,2188,mature
FG-08571,Powertrain assembly 08571,Aftermarket Service,E-drive,PL-07,3677.86,3328.46,9.5,3457,run-out
FG-08572,Interior module assembly 08572,Pickup Midsize,E-drive,PL-13,3830.9,2880.84,24.8,2304,mature
FG-08573,Electrical & electronics assembly 08573,Pickup Midsize,Chassis & suspension,PL-05,1123.71,858.51,23.6,623,mature
FG-08574,E-drive assembly 08574,B-Hatch Facelift,Thermal system,PL-06,648.52,581.07,10.4,2718,run-out
FG-08575,Chassis & suspension assembly 08575,D-Sedan,Electrical & electronics,PL-20,614.11,499.89,18.6,1753,mature
FG-08576,E-drive assembly 08576,B-Hatch Facelift,Body-in-white,PL-14,598.93,488.73,18.4,1417,ramp-up
FG-08577,Body-in-white assembly 08577,B-Hatch Facelift,Electrical & electronics,PL-08,3831.52,3536.49,7.7,945,mature
FG-08578,Thermal system assembly 08578,Hybrid D-Sedan,Chassis & suspension,PL-06,1033.08,802.7,22.3,247,mature
FG-08579,Service kit assembly 08579,Pickup Midsize,E-drive,PL-16,2302.18,1841.74,20,2417,ramp-up
FG-08580,Interior module assembly 08580,C-SUV Gen4,Powertrain,PL-19,701.78,597.21,14.9,2315,run-out
FG-08581,Interior module assembly 08581,BEV Compact,Electrical & electronics,PL-17,508.3,409.69,19.4,2786,ramp-up
FG-08582,E-drive assembly 08582,E-Van Commercial,Interior module,PL-16,2092.94,1768.53,15.5,1823,mature
FG-08583,Exterior module assembly 08583,BEV Compact,Service kit,PL-05,1605.24,1260.11,21.5,3590,mature
FG-08584,Body-in-white assembly 08584,D-Sedan,Chassis & suspension,PL-15,1303.7,1168.12,10.4,379,run-out
FG-08585,Exterior module assembly 08585,Hybrid D-Sedan,Electrical & electronics,PL-10,1448.71,1269.07,12.4,1127,ramp-up
FG-08586,Interior module assembly 08586,C-SUV Gen4,Electrical & electronics,PL-15,2842.63,2114.92,25.6,610,mature
FG-08587,Chassis & suspension assembly 08587,Hybrid D-Sedan,Electrical & electronics,PL-01,3396.98,2663.23,21.6,2762,mature
FG-08588,Service kit assembly 08588,D-Sedan,Body-in-white,PL-06,1191.95,902.31,24.3,3571,mature
FG-08589,Interior module assembly 08589,BEV Compact,E-drive,PL-13,4028,3258.65,19.1,1641,mature
FG-08590,Service kit assembly 08590,C-SUV Gen5,Thermal system,PL-05,3919.68,3002.47,23.4,2356,mature
FG-08591,Thermal system assembly 08591,C-SUV Gen4,Electrical & electronics,PL-11,3786.66,3415.57,9.8,557,run-out
FG-08592,Chassis & suspension assembly 08592,BEV Compact,Thermal system,PL-16,776.86,682.08,12.2,2191,mature
FG-08593,Thermal system assembly 08593,B-Hatch Facelift,Electrical & electronics,PL-01,1011.93,822.7,18.7,1790,mature
FG-08594,Electrical & electronics assembly 08594,BEV Crossover,Chassis & suspension,PL-04,3429.71,2548.27,25.7,2706,mature
FG-08595,Powertrain assembly 08595,C-SUV Gen5,Exterior module,PL-10,2584.07,2325.66,10,728,mature
FG-08596,Chassis & suspension assembly 08596,Pickup Midsize,Electrical & electronics,PL-09,2091.82,1692.28,19.1,2902,mature
FG-08597,Service kit assembly 08597,C-SUV Gen4,Electrical & electronics,PL-19,1331.82,996.2,25.2,2168,run-out
FG-08598,Electrical & electronics assembly 08598,BEV Crossover,Exterior module,PL-08,1101.35,1025.36,6.9,2327,ramp-up
FG-08599,Exterior module assembly 08599,Aftermarket Service,E-drive,PL-01,3299.57,2807.93,14.9,2598,mature
FG-08600,Exterior module assembly 08600,C-SUV Gen5,Interior module,PL-07,483.23,359.04,25.7,2264,ramp-up
FG-08601,E-drive assembly 08601,Hybrid D-Sedan,Powertrain,PL-18,999.56,788.65,21.1,2718,ramp-up
FG-08602,Electrical & electronics assembly 08602,D-Sedan,Electrical & electronics,PL-16,2441.31,2216.71,9.2,3127,mature
FG-08603,Service kit assembly 08603,Hybrid D-Sedan,Thermal system,PL-16,679.05,623.37,8.2,1060,mature
FG-08604,Service kit assembly 08604,BEV Compact,Body-in-white,PL-10,1230.57,1048.45,14.8,1861,run-out
FG-08605,Body-in-white assembly 08605,Hybrid D-Sedan,Service kit,PL-02,3882.55,2958.5,23.8,2733,mature
FG-08606,Exterior module assembly 08606,B-Hatch Facelift,Body-in-white,PL-02,2114.32,1892.32,10.5,691,mature
FG-08607,Body-in-white assembly 08607,BEV Crossover,Thermal system,PL-18,1478.95,1362.11,7.9,1698,ramp-up
FG-08608,Chassis & suspension assembly 08608,D-Sedan,Chassis & suspension,PL-20,2926.36,2507.89,14.3,735,ramp-up
FG-08609,Service kit assembly 08609,D-Sedan,Powertrain,PL-02,928.75,749.5,19.3,857,mature
FG-08610,Powertrain assembly 08610,C-SUV Gen5,Thermal system,PL-02,563.17,493.34,12.4,3190,mature
FG-08611,Body-in-white assembly 08611,E-Van Commercial,E-drive,PL-18,3691.24,2845.95,22.9,1886,run-out
FG-08612,Body-in-white assembly 08612,C-SUV Gen4,Interior module,PL-16,1631.14,1459.87,10.5,2949,mature
FG-08613,E-drive assembly 08613,E-Van Commercial,Body-in-white,PL-18,3406.68,3192.06,6.3,2645,mature
FG-08614,E-drive assembly 08614,Pickup Midsize,Powertrain,PL-10,4008.69,3275.1,18.3,1129,run-out
FG-08615,Thermal system assembly 08615,Hybrid D-Sedan,Body-in-white,PL-15,698.48,636.32,8.9,2129,run-out
FG-08616,Service kit assembly 08616,BEV Compact,Electrical & electronics,PL-16,3338.53,2911.2,12.8,2466,run-out
FG-08617,Electrical & electronics assembly 08617,BEV Crossover,Thermal system,PL-01,1355.4,1106.01,18.4,1660,mature
FG-08618,Body-in-white assembly 08618,E-Van Commercial,Electrical & electronics,PL-18,3674.77,3270.55,11,1378,ramp-up
FG-08619,Interior module assembly 08619,BEV Crossover,Interior module,PL-19,2048.73,1593.91,22.2,2280,mature
FG-08620,Body-in-white assembly 08620,Hybrid D-Sedan,Powertrain,PL-17,3200.18,2857.76,10.7,2049,mature
FG-08621,Exterior module assembly 08621,C-SUV Gen5,Body-in-white,PL-07,979.5,844.33,13.8,2158,run-out
FG-08622,E-drive assembly 08622,B-Hatch Facelift,Service kit,PL-19,718.34,578.26,19.5,705,mature
FG-08623,Electrical & electronics assembly 08623,C-SUV Gen5,Electrical & electronics,PL-08,215.63,168.41,21.9,1545,mature
FG-08624,Service kit assembly 08624,BEV Crossover,E-drive,PL-17,2145.8,1772.43,17.4,1922,mature
FG-08625,E-drive assembly 08625,C-SUV Gen4,Interior module,PL-06,3874.14,3587.45,7.4,183,mature
FG-08626,Service kit assembly 08626,Pickup Midsize,Electrical & electronics,PL-04,2074.36,1904.26,8.2,899,mature
FG-08627,Thermal system assembly 08627,Pickup Midsize,E-drive,PL-08,3838.35,2924.82,23.8,2260,mature
FG-08628,E-drive assembly 08628,Pickup Midsize,Body-in-white,PL-11,2728.14,2027.01,25.7,3550,mature
FG-08629,Exterior module assembly 08629,C-SUV Gen5,Electrical & electronics,PL-14,2870.02,2732.26,4.8,2472,mature
FG-08630,Body-in-white assembly 08630,Pickup Midsize,Electrical & electronics,PL-03,3835.86,3482.96,9.2,1211,mature
FG-08631,Electrical & electronics assembly 08631,C-SUV Gen4,Thermal system,PL-16,326.6,286.1,12.4,2329,mature
FG-08632,Body-in-white assembly 08632,Hybrid D-Sedan,E-drive,PL-14,812.98,747.13,8.1,2076,mature
FG-08633,Thermal system assembly 08633,Hybrid D-Sedan,Electrical & electronics,PL-15,2808.38,2123.14,24.4,3770,run-out
FG-08634,Exterior module assembly 08634,C-SUV Gen5,Powertrain,PL-05,3718.91,3250.33,12.6,2128,mature
FG-08635,Chassis & suspension assembly 08635,Hybrid D-Sedan,Powertrain,PL-17,1565.67,1457.64,6.9,2789,mature
FG-08636,Electrical & electronics assembly 08636,C-SUV Gen4,E-drive,PL-19,2199.17,2091.41,4.9,1445,mature
FG-08637,Chassis & suspension assembly 08637,C-SUV Gen4,Chassis & suspension,PL-07,3921.01,3556.36,9.3,1953,run-out
FG-08638,Interior module assembly 08638,Aftermarket Service,Body-in-white,PL-18,1062.62,957.42,9.9,1601,run-out
FG-08639,Powertrain assembly 08639,BEV Crossover,Service kit,PL-06,2366.35,1959.34,17.2,245,run-out
FG-08640,Powertrain assembly 08640,Aftermarket Service,Thermal system,PL-20,1843.61,1583.66,14.1,3064,run-out
FG-08641,Chassis & suspension assembly 08641,Pickup Midsize,Chassis & suspension,PL-11,1830.25,1369.03,25.2,1807,ramp-up
FG-08642,Chassis & suspension assembly 08642,E-Van Commercial,Thermal system,PL-11,984.17,821.78,16.5,2600,mature
FG-08643,Service kit assembly 08643,B-Hatch Facelift,Interior module,PL-06,1240.03,967.22,22,1996,mature
FG-08644,Body-in-white assembly 08644,E-Van Commercial,Thermal system,PL-08,481.22,416.74,13.4,2015,run-out
FG-08645,E-drive assembly 08645,BEV Crossover,Service kit,PL-01,4168.99,3385.22,18.8,3690,run-out
FG-08646,Powertrain assembly 08646,B-Hatch Facelift,Electrical & electronics,PL-09,1913.75,1808.49,5.5,1776,mature
FG-08647,Electrical & electronics assembly 08647,BEV Crossover,Exterior module,PL-09,398.59,348.37,12.6,3346,run-out
FG-08648,E-drive assembly 08648,Pickup Midsize,E-drive,PL-14,469.99,449.78,4.3,2187,mature
FG-08649,Interior module assembly 08649,Hybrid D-Sedan,Powertrain,PL-20,1495.65,1269.81,15.1,3527,mature
FG-08650,E-drive assembly 08650,C-SUV Gen5,Exterior module,PL-18,3904.62,3217.41,17.6,798,mature
FG-08651,Electrical & electronics assembly 08651,Hybrid D-Sedan,Electrical & electronics,PL-17,1599.5,1354.78,15.3,2734,run-out
FG-08652,Electrical & electronics assembly 08652,Aftermarket Service,E-drive,PL-08,1635.94,1442.9,11.8,1144,mature
FG-08653,E-drive assembly 08653,C-SUV Gen4,Service kit,PL-17,534.22,489.88,8.3,375,mature
FG-08654,Thermal system assembly 08654,Pickup Midsize,Electrical & electronics,PL-02,323.08,299.5,7.3,2581,mature
FG-08655,Service kit assembly 08655,Aftermarket Service,Interior module,PL-01,1990.77,1499.05,24.7,1726,run-out
FG-08656,Service kit assembly 08656,D-Sedan,E-drive,PL-20,1273.17,1031.27,19,1473,mature
FG-08657,Service kit assembly 08657,C-SUV Gen5,Service kit,PL-14,3399.22,3232.66,4.9,205,ramp-up
FG-08658,Service kit assembly 08658,Hybrid D-Sedan,Exterior module,PL-05,2778.5,2250.59,19,3713,run-out
FG-08659,Electrical & electronics assembly 08659,BEV Crossover,Powertrain,PL-20,2420.93,2314.41,4.4,1241,mature
FG-08660,Service kit assembly 08660,C-SUV Gen4,Interior module,PL-17,2453.78,2203.49,10.2,3220,mature
FG-08661,Chassis & suspension assembly 08661,E-Van Commercial,Body-in-white,PL-19,3440.73,2604.63,24.3,773,ramp-up
FG-08662,Electrical & electronics assembly 08662,Aftermarket Service,Exterior module,PL-10,3728.25,3336.78,10.5,2026,mature
FG-08663,Body-in-white assembly 08663,Hybrid D-Sedan,Chassis & suspension,PL-02,3284.09,2669.97,18.7,1548,mature
FG-08664,Exterior module assembly 08664,B-Hatch Facelift,Chassis & suspension,PL-07,1562.94,1314.43,15.9,112,mature
FG-08665,Interior module assembly 08665,Aftermarket Service,Interior module,PL-10,1864.36,1663.01,10.8,2967,run-out
FG-08666,E-drive assembly 08666,C-SUV Gen5,Powertrain,PL-18,1407.8,1302.21,7.5,373,ramp-up
FG-08667,E-drive assembly 08667,Hybrid D-Sedan,Thermal system,PL-06,364.89,319.28,12.5,2263,mature
FG-08668,Chassis & suspension assembly 08668,D-Sedan,E-drive,PL-16,763.89,579.03,24.2,2238,ramp-up
FG-08669,Exterior module assembly 08669,E-Van Commercial,Powertrain,PL-16,3576.28,3254.41,9,3245,ramp-up
FG-08670,Electrical & electronics assembly 08670,Aftermarket Service,Exterior module,PL-11,3985.62,3371.83,15.4,2848,mature
FG-08671,E-drive assembly 08671,C-SUV Gen5,Chassis & suspension,PL-19,1458.52,1319.96,9.5,2356,mature
FG-08672,Service kit assembly 08672,Aftermarket Service,Interior module,PL-10,3842.87,2897.52,24.6,2023,mature
FG-08673,Body-in-white assembly 08673,E-Van Commercial,Chassis & suspension,PL-11,563.21,504.07,10.5,1196,ramp-up
FG-08674,E-drive assembly 08674,E-Van Commercial,E-drive,PL-08,478.25,385.95,19.3,3440,mature
FG-08675,Electrical & electronics assembly 08675,C-SUV Gen4,E-drive,PL-16,1440.71,1092.06,24.2,145,mature
FG-08676,Chassis & suspension assembly 08676,Pickup Midsize,Service kit,PL-12,3744.21,3418.46,8.7,695,mature
FG-08677,Interior module assembly 08677,Aftermarket Service,Powertrain,PL-03,977.39,785.82,19.6,3321,mature
FG-08678,Service kit assembly 08678,BEV Crossover,Chassis & suspension,PL-08,2300.28,2162.26,6,1165,run-out
FG-08679,E-drive assembly 08679,C-SUV Gen4,Service kit,PL-02,3042.76,2507.23,17.6,861,mature
FG-08680,E-drive assembly 08680,C-SUV Gen4,Powertrain,PL-06,3345.25,2886.95,13.7,724,mature
FG-08681,Exterior module assembly 08681,Aftermarket Service,Exterior module,PL-04,51.65,46.79,9.4,348,mature
FG-08682,Thermal system assembly 08682,Aftermarket Service,Chassis & suspension,PL-10,1714.35,1575.49,8.1,54,ramp-up
FG-08683,Chassis & suspension assembly 08683,Hybrid D-Sedan,Powertrain,PL-12,231.48,213.89,7.6,1524,mature
FG-08684,Body-in-white assembly 08684,Hybrid D-Sedan,Body-in-white,PL-15,2991.41,2617.48,12.5,2038,mature
FG-08685,Body-in-white assembly 08685,Aftermarket Service,Interior module,PL-19,874.34,792.15,9.4,1257,ramp-up
FG-08686,Interior module assembly 08686,Pickup Midsize,Thermal system,PL-09,916.12,771.37,15.8,1604,mature
FG-08687,Electrical & electronics assembly 08687,B-Hatch Facelift,Exterior module,PL-07,3139.26,2360.72,24.8,2281,run-out
FG-08688,Thermal system assembly 08688,B-Hatch Facelift,E-drive,PL-01,496.13,379.04,23.6,2025,ramp-up
FG-08689,Thermal system assembly 08689,B-Hatch Facelift,Electrical & electronics,PL-01,1924.35,1576.04,18.1,3038,mature
FG-08690,Chassis & suspension assembly 08690,B-Hatch Facelift,Exterior module,PL-03,3724.32,2942.21,21,985,mature
FG-08691,Body-in-white assembly 08691,D-Sedan,Exterior module,PL-02,669.02,505.11,24.5,2635,run-out
FG-08692,Exterior module assembly 08692,B-Hatch Facelift,E-drive,PL-03,3605.92,2758.53,23.5,3095,mature
FG-08693,Interior module assembly 08693,Hybrid D-Sedan,Exterior module,PL-10,1226.13,923.28,24.7,2032,ramp-up
FG-08694,Thermal system assembly 08694,Aftermarket Service,Interior module,PL-06,3115.73,2567.36,17.6,2174,run-out
FG-08695,Chassis & suspension assembly 08695,Hybrid D-Sedan,Powertrain,PL-16,2044.23,1664,18.6,1436,ramp-up
FG-08696,Powertrain assembly 08696,BEV Compact,Thermal system,PL-03,915.31,803.64,12.2,1336,mature
FG-08697,Service kit assembly 08697,C-SUV Gen5,Thermal system,PL-18,504.69,458.76,9.1,1488,run-out
FG-08698,Body-in-white assembly 08698,C-SUV Gen5,Powertrain,PL-13,2000.16,1542.12,22.9,2825,mature
FG-08699,Body-in-white assembly 08699,BEV Crossover,Exterior module,PL-20,3568.91,3219.16,9.8,664,mature
FG-08700,Electrical & electronics assembly 08700,C-SUV Gen5,Chassis & suspension,PL-17,3416.91,2959.04,13.4,1639,mature
FG-08701,Thermal system assembly 08701,Aftermarket Service,Body-in-white,PL-05,1030.55,951.2,7.7,229,mature
FG-08702,Thermal system assembly 08702,B-Hatch Facelift,Body-in-white,PL-17,755.49,664.83,12,1832,ramp-up
FG-08703,Interior module assembly 08703,C-SUV Gen4,Exterior module,PL-13,1092.63,942.94,13.7,1651,ramp-up
FG-08704,Powertrain assembly 08704,B-Hatch Facelift,Thermal system,PL-06,2951.34,2697.52,8.6,2574,ramp-up
FG-08705,Powertrain assembly 08705,Aftermarket Service,Chassis & suspension,PL-19,3619.81,2682.28,25.9,207,mature
FG-08706,Powertrain assembly 08706,Pickup Midsize,Chassis & suspension,PL-10,1382.61,1302.42,5.8,3111,mature
FG-08707,E-drive assembly 08707,BEV Crossover,Exterior module,PL-04,2475.5,2121.5,14.3,1298,mature
FG-08708,Exterior module assembly 08708,D-Sedan,Interior module,PL-04,1292.3,966.64,25.2,170,mature
FG-08709,Chassis & suspension assembly 08709,B-Hatch Facelift,Powertrain,PL-18,324.1,272.89,15.8,2722,run-out
FG-08710,Exterior module assembly 08710,BEV Crossover,Interior module,PL-05,3350.5,3186.33,4.9,477,mature
FG-08711,Chassis & suspension assembly 08711,Hybrid D-Sedan,Service kit,PL-11,2658.16,2429.56,8.6,3418,ramp-up
FG-08712,Thermal system assembly 08712,Aftermarket Service,Electrical & electronics,PL-09,1836.52,1360.86,25.9,3040,mature
FG-08713,E-drive assembly 08713,C-SUV Gen4,Interior module,PL-10,3515.6,3234.35,8,866,run-out
FG-08714,Body-in-white assembly 08714,BEV Crossover,Exterior module,PL-10,3596.15,3182.59,11.5,326,mature
FG-08715,Powertrain assembly 08715,BEV Compact,Interior module,PL-18,281.84,264.37,6.2,3612,mature
FG-08716,Powertrain assembly 08716,Aftermarket Service,Service kit,PL-15,1293.78,1041.49,19.5,2133,mature
FG-08717,Electrical & electronics assembly 08717,Hybrid D-Sedan,Powertrain,PL-10,182.05,138.36,24,2202,ramp-up
FG-08718,Powertrain assembly 08718,Aftermarket Service,Chassis & suspension,PL-17,679.62,627.29,7.7,2736,run-out
FG-08719,Service kit assembly 08719,Hybrid D-Sedan,Exterior module,PL-04,1843.29,1708.73,7.3,611,mature
FG-08720,Chassis & suspension assembly 08720,D-Sedan,Service kit,PL-16,2151.9,1801.14,16.3,980,mature
FG-08721,Body-in-white assembly 08721,C-SUV Gen5,Exterior module,PL-03,1786.72,1608.05,10,2302,mature
FG-08722,Powertrain assembly 08722,C-SUV Gen4,Powertrain,PL-13,3094.01,2438.08,21.2,1460,mature
FG-08723,Electrical & electronics assembly 08723,Pickup Midsize,Body-in-white,PL-11,919.79,689.84,25,61,mature
FG-08724,Powertrain assembly 08724,D-Sedan,Powertrain,PL-06,211.76,198.21,6.4,575,run-out
FG-08725,Service kit assembly 08725,Pickup Midsize,Exterior module,PL-04,2718.43,2370.47,12.8,3650,run-out
FG-08726,E-drive assembly 08726,BEV Compact,Service kit,PL-07,180.47,152.68,15.4,2837,mature
FG-08727,Exterior module assembly 08727,C-SUV Gen4,Body-in-white,PL-13,3099.21,2510.36,19,3175,mature
FG-08728,Service kit assembly 08728,E-Van Commercial,Chassis & suspension,PL-17,1207.27,898.21,25.6,3148,mature
FG-08729,Chassis & suspension assembly 08729,C-SUV Gen5,Exterior module,PL-16,1066.55,1021.75,4.2,517,ramp-up
FG-08730,Body-in-white assembly 08730,C-SUV Gen4,Thermal system,PL-04,3678.2,2887.39,21.5,3104,mature
FG-08731,Body-in-white assembly 08731,B-Hatch Facelift,Chassis & suspension,PL-14,1049.92,989.02,5.8,2953,run-out
FG-08732,Body-in-white assembly 08732,B-Hatch Facelift,Service kit,PL-19,4185.42,3206.03,23.4,831,ramp-up
FG-08733,Chassis & suspension assembly 08733,C-SUV Gen5,Service kit,PL-11,2776,2431.78,12.4,1650,ramp-up
FG-08734,Chassis & suspension assembly 08734,BEV Crossover,Body-in-white,PL-11,2019.42,1890.18,6.4,3517,mature
FG-08735,Chassis & suspension assembly 08735,C-SUV Gen5,Body-in-white,PL-05,3605.88,3079.42,14.6,3092,mature
FG-08736,Electrical & electronics assembly 08736,BEV Crossover,Electrical & electronics,PL-04,1506.2,1247.13,17.2,2118,mature
FG-08737,E-drive assembly 08737,D-Sedan,Interior module,PL-10,872.24,764.08,12.4,3800,mature
FG-08738,Chassis & suspension assembly 08738,BEV Crossover,Exterior module,PL-13,1879.43,1789.22,4.8,2795,mature
FG-08739,Electrical & electronics assembly 08739,Pickup Midsize,Electrical & electronics,PL-07,2526.56,1985.88,21.4,2854,mature
FG-08740,Body-in-white assembly 08740,BEV Compact,Chassis & suspension,PL-01,3772.68,2803.1,25.7,1621,run-out
FG-08741,Powertrain assembly 08741,B-Hatch Facelift,Chassis & suspension,PL-05,391.28,336.11,14.1,3073,ramp-up
FG-08742,Powertrain assembly 08742,B-Hatch Facelift,Chassis & suspension,PL-14,3246.57,2960.87,8.8,895,mature
FG-08743,Electrical & electronics assembly 08743,BEV Compact,Body-in-white,PL-11,1582,1351.03,14.6,854,mature
FG-08744,Body-in-white assembly 08744,D-Sedan,Exterior module,PL-18,2435.97,1807.49,25.8,2754,mature
FG-08745,Chassis & suspension assembly 08745,Aftermarket Service,Interior module,PL-13,1759.68,1446.46,17.8,2481,run-out
FG-08746,Service kit assembly 08746,C-SUV Gen5,Thermal system,PL-16,3577.21,3126.48,12.6,2797,mature
FG-08747,E-drive assembly 08747,Pickup Midsize,Service kit,PL-14,4087.79,3360.16,17.8,2618,mature
FG-08748,Powertrain assembly 08748,E-Van Commercial,Chassis & suspension,PL-03,3035.23,2494.96,17.8,2609,run-out
FG-08749,Interior module assembly 08749,D-Sedan,Chassis & suspension,PL-05,794.54,675.36,15,611,run-out
FG-08750,E-drive assembly 08750,C-SUV Gen4,Thermal system,PL-02,1950.78,1718.64,11.9,3378,run-out
FG-08751,Electrical & electronics assembly 08751,B-Hatch Facelift,Service kit,PL-05,440.04,339.27,22.9,1678,mature
FG-08752,E-drive assembly 08752,E-Van Commercial,Thermal system,PL-02,267.64,198.32,25.9,3300,run-out
FG-08753,Chassis & suspension assembly 08753,Pickup Midsize,Electrical & electronics,PL-17,1168.51,1059.84,9.3,2959,mature
FG-08754,Chassis & suspension assembly 08754,C-SUV Gen5,Body-in-white,PL-13,3224.76,3089.32,4.2,2538,mature
FG-08755,Electrical & electronics assembly 08755,Pickup Midsize,E-drive,PL-02,1355.44,1183.3,12.7,2262,mature
FG-08756,Thermal system assembly 08756,C-SUV Gen5,Electrical & electronics,PL-01,2918.47,2632.46,9.8,622,mature
FG-08757,E-drive assembly 08757,BEV Crossover,Electrical & electronics,PL-17,1944.8,1604.46,17.5,3028,mature
FG-08758,Interior module assembly 08758,BEV Compact,Thermal system,PL-09,1414.67,1263.3,10.7,1415,mature
FG-08759,Electrical & electronics assembly 08759,D-Sedan,Thermal system,PL-10,476.2,453.34,4.8,384,run-out
FG-08760,Service kit assembly 08760,Pickup Midsize,Exterior module,PL-05,621.01,501.78,19.2,2949,run-out
FG-08761,Interior module assembly 08761,Pickup Midsize,Body-in-white,PL-19,1732.14,1299.11,25,1234,mature
FG-08762,Body-in-white assembly 08762,BEV Compact,Electrical & electronics,PL-09,469.08,420.76,10.3,2390,run-out
FG-08763,E-drive assembly 08763,D-Sedan,Service kit,PL-05,3455.1,3202.88,7.3,2752,mature
FG-08764,Thermal system assembly 08764,BEV Compact,Thermal system,PL-18,1251.6,1036.32,17.2,996,mature
FG-08765,Service kit assembly 08765,Aftermarket Service,Interior module,PL-10,2839.82,2615.47,7.9,1125,mature
FG-08766,Powertrain assembly 08766,Aftermarket Service,E-drive,PL-11,1804.61,1701.75,5.7,1522,mature
FG-08767,Thermal system assembly 08767,C-SUV Gen5,Service kit,PL-11,3025.44,2444.56,19.2,299,mature
FG-08768,Thermal system assembly 08768,Pickup Midsize,Exterior module,PL-02,1844.63,1604.83,13,1838,mature
FG-08769,Powertrain assembly 08769,B-Hatch Facelift,Interior module,PL-01,2967.69,2350.41,20.8,1816,mature
FG-08770,E-drive assembly 08770,E-Van Commercial,Interior module,PL-14,150.91,116.05,23.1,3672,mature
FG-08771,Powertrain assembly 08771,BEV Compact,Interior module,PL-02,3931.09,3612.67,8.1,2215,mature
FG-08772,Powertrain assembly 08772,E-Van Commercial,Interior module,PL-19,1057.54,875.64,17.2,2450,mature
FG-08773,Service kit assembly 08773,Hybrid D-Sedan,Service kit,PL-18,3516.13,2763.68,21.4,1774,run-out
FG-08774,Service kit assembly 08774,C-SUV Gen5,Service kit,PL-13,170.69,128.53,24.7,3599,ramp-up
FG-08775,Electrical & electronics assembly 08775,B-Hatch Facelift,Thermal system,PL-19,2151.46,1710.41,20.5,1914,run-out
FG-08776,Body-in-white assembly 08776,C-SUV Gen4,E-drive,PL-10,3325.8,2653.99,20.2,1047,mature
FG-08777,Electrical & electronics assembly 08777,D-Sedan,Service kit,PL-11,1276.07,971.09,23.9,2596,ramp-up
FG-08778,Exterior module assembly 08778,C-SUV Gen5,Body-in-white,PL-03,3994.72,3263.69,18.3,1085,mature
FG-08779,E-drive assembly 08779,BEV Crossover,E-drive,PL-15,1521.5,1439.34,5.4,3504,ramp-up
FG-08780,Service kit assembly 08780,Aftermarket Service,Chassis & suspension,PL-16,2242.95,1922.21,14.3,867,mature
FG-08781,Powertrain assembly 08781,D-Sedan,Exterior module,PL-01,893.99,793.86,11.2,1448,mature
FG-08782,Chassis & suspension assembly 08782,Aftermarket Service,Thermal system,PL-01,2911.79,2524.52,13.3,931,mature
FG-08783,Powertrain assembly 08783,BEV Crossover,Exterior module,PL-09,1266.71,1107.1,12.6,2883,ramp-up
FG-08784,Body-in-white assembly 08784,B-Hatch Facelift,Exterior module,PL-15,1335.56,1132.55,15.2,2605,mature
FG-08785,Electrical & electronics assembly 08785,Aftermarket Service,Service kit,PL-20,2406.92,1853.33,23,2410,mature
FG-08786,Service kit assembly 08786,B-Hatch Facelift,Thermal system,PL-18,2298.76,1813.72,21.1,1619,mature
FG-08787,Interior module assembly 08787,C-SUV Gen5,Electrical & electronics,PL-13,158.15,131.74,16.7,2859,mature
FG-08788,Electrical & electronics assembly 08788,BEV Compact,Exterior module,PL-06,1598.26,1300.98,18.6,636,mature
FG-08789,Interior module assembly 08789,Aftermarket Service,Chassis & suspension,PL-05,1242.43,947.97,23.7,1348,mature
FG-08790,Service kit assembly 08790,Hybrid D-Sedan,Interior module,PL-08,845.52,756.74,10.5,2870,mature
FG-08791,E-drive assembly 08791,E-Van Commercial,Body-in-white,PL-03,667.41,634.71,4.9,1808,ramp-up
FG-08792,Powertrain assembly 08792,D-Sedan,Service kit,PL-05,1493.72,1169.58,21.7,1921,run-out
FG-08793,Interior module assembly 08793,Aftermarket Service,Body-in-white,PL-05,683.63,598.86,12.4,1041,mature
FG-08794,Interior module assembly 08794,BEV Compact,E-drive,PL-03,3020.01,2470.37,18.2,1866,mature
FG-08795,Electrical & electronics assembly 08795,Hybrid D-Sedan,Thermal system,PL-09,656.64,517.43,21.2,1241,mature
FG-08796,Body-in-white assembly 08796,Hybrid D-Sedan,Thermal system,PL-09,1107.65,846.24,23.6,3314,mature
FG-08797,Thermal system assembly 08797,C-SUV Gen5,Service kit,PL-18,3559.2,2740.58,23,3618,mature
FG-08798,Electrical & electronics assembly 08798,Pickup Midsize,Body-in-white,PL-13,2448.23,2044.27,16.5,809,mature
FG-08799,E-drive assembly 08799,Aftermarket Service,Chassis & suspension,PL-07,1688.51,1482.51,12.2,2016,mature
FG-08800,Exterior module assembly 08800,Hybrid D-Sedan,Thermal system,PL-14,2148.83,1609.47,25.1,2913,mature
FG-08801,Powertrain assembly 08801,E-Van Commercial,E-drive,PL-09,3933.35,3382.68,14,2997,mature
FG-08802,Chassis & suspension assembly 08802,B-Hatch Facelift,Service kit,PL-08,2689.22,2051.87,23.7,3143,mature
FG-08803,Electrical & electronics assembly 08803,E-Van Commercial,Body-in-white,PL-03,716.28,533.63,25.5,561,ramp-up
FG-08804,Service kit assembly 08804,BEV Crossover,Body-in-white,PL-14,3794.05,3547.44,6.5,56,mature
FG-08805,Powertrain assembly 08805,BEV Crossover,Electrical & electronics,PL-14,3725.84,2883.8,22.6,3788,mature
FG-08806,Electrical & electronics assembly 08806,C-SUV Gen5,Electrical & electronics,PL-17,615.05,519.72,15.5,2210,mature
FG-08807,Electrical & electronics assembly 08807,Hybrid D-Sedan,Thermal system,PL-11,2548.72,2268.36,11,216,ramp-up
FG-08808,Service kit assembly 08808,Aftermarket Service,Exterior module,PL-02,2688.18,2255.38,16.1,2883,mature
FG-08809,Exterior module assembly 08809,C-SUV Gen4,Electrical & electronics,PL-19,246.97,220.05,10.9,2390,mature
FG-08810,Electrical & electronics assembly 08810,BEV Compact,Thermal system,PL-08,3030.86,2621.69,13.5,153,run-out
FG-08811,Body-in-white assembly 08811,BEV Crossover,Body-in-white,PL-16,3230.16,2590.59,19.8,3672,ramp-up
FG-08812,Electrical & electronics assembly 08812,D-Sedan,Exterior module,PL-10,1254.13,1055.98,15.8,1869,mature
FG-08813,Body-in-white assembly 08813,Hybrid D-Sedan,Powertrain,PL-15,2817.6,2268.17,19.5,2112,ramp-up
FG-08814,Interior module assembly 08814,E-Van Commercial,Interior module,PL-09,1744.83,1415.06,18.9,357,mature
FG-08815,Interior module assembly 08815,Hybrid D-Sedan,Electrical & electronics,PL-12,2505.49,2375.2,5.2,1626,run-out
FG-08816,Thermal system assembly 08816,BEV Crossover,Interior module,PL-11,3537.83,3070.84,13.2,75,run-out
FG-08817,E-drive assembly 08817,D-Sedan,Electrical & electronics,PL-06,3684.13,3172.04,13.9,1836,mature
FG-08818,Interior module assembly 08818,C-SUV Gen5,Powertrain,PL-05,2653.18,2316.23,12.7,3666,mature
FG-08819,Chassis & suspension assembly 08819,BEV Crossover,Service kit,PL-19,3820.12,2994.97,21.6,3031,ramp-up
FG-08820,Electrical & electronics assembly 08820,C-SUV Gen5,Body-in-white,PL-15,2743.3,2260.48,17.6,1801,run-out
FG-08821,Interior module assembly 08821,E-Van Commercial,Electrical & electronics,PL-04,2948.51,2470.85,16.2,3571,ramp-up
FG-08822,E-drive assembly 08822,C-SUV Gen4,Interior module,PL-01,810.19,636,21.5,822,mature
FG-08823,E-drive assembly 08823,C-SUV Gen5,Powertrain,PL-09,1855.02,1778.96,4.1,1066,mature
FG-08824,Thermal system assembly 08824,Aftermarket Service,Electrical & electronics,PL-12,2007.58,1644.21,18.1,1244,mature
FG-08825,Electrical & electronics assembly 08825,B-Hatch Facelift,Service kit,PL-09,258.23,213.56,17.3,1118,run-out
FG-08826,Service kit assembly 08826,Pickup Midsize,Powertrain,PL-02,1203.17,1108.12,7.9,2712,mature
FG-08827,Chassis & suspension assembly 08827,B-Hatch Facelift,Thermal system,PL-03,3301.72,2961.64,10.3,3383,ramp-up
FG-08828,Electrical & electronics assembly 08828,Hybrid D-Sedan,Exterior module,PL-10,1935.76,1829.29,5.5,1406,mature
FG-08829,Exterior module assembly 08829,BEV Compact,E-drive,PL-11,3116.33,2468.13,20.8,2749,mature
FG-08830,Body-in-white assembly 08830,D-Sedan,Powertrain,PL-12,2132.49,1620.69,24,2560,mature
FG-08831,Service kit assembly 08831,B-Hatch Facelift,Chassis & suspension,PL-10,1932.28,1495.58,22.6,1862,run-out
FG-08832,Electrical & electronics assembly 08832,C-SUV Gen5,E-drive,PL-18,600.98,503.62,16.2,2745,mature
FG-08833,Powertrain assembly 08833,Aftermarket Service,Interior module,PL-09,1951.41,1543.57,20.9,964,mature
FG-08834,Interior module assembly 08834,BEV Crossover,Electrical & electronics,PL-11,3521.55,3046.14,13.5,2391,run-out
FG-08835,Interior module assembly 08835,E-Van Commercial,E-drive,PL-07,3529.31,3024.62,14.3,2855,run-out
FG-08836,Exterior module assembly 08836,C-SUV Gen5,E-drive,PL-02,1854.42,1437.18,22.5,3183,run-out
FG-08837,Thermal system assembly 08837,Hybrid D-Sedan,Electrical & electronics,PL-10,3357.59,2531.62,24.6,2735,mature
FG-08838,Electrical & electronics assembly 08838,C-SUV Gen5,Electrical & electronics,PL-03,2761.83,2482.89,10.1,1690,run-out
FG-08839,Chassis & suspension assembly 08839,Hybrid D-Sedan,Chassis & suspension,PL-04,955.97,810.66,15.2,724,mature
FG-08840,Chassis & suspension assembly 08840,Hybrid D-Sedan,Chassis & suspension,PL-08,2860.32,2279.68,20.3,1880,mature
FG-08841,Body-in-white assembly 08841,Aftermarket Service,Powertrain,PL-13,1009.56,930.81,7.8,3045,mature
FG-08842,Thermal system assembly 08842,C-SUV Gen5,Electrical & electronics,PL-07,3022.83,2871.69,5,1183,mature
FG-08843,Electrical & electronics assembly 08843,BEV Crossover,Thermal system,PL-16,3240.97,2469.62,23.8,522,ramp-up
FG-08844,Exterior module assembly 08844,D-Sedan,Thermal system,PL-02,2405.95,2232.72,7.2,3017,mature
FG-08845,Body-in-white assembly 08845,C-SUV Gen5,Interior module,PL-02,592.54,445,24.9,3786,mature
FG-08846,Chassis & suspension assembly 08846,D-Sedan,Service kit,PL-03,787.09,681.62,13.4,2838,run-out
FG-08847,E-drive assembly 08847,D-Sedan,Body-in-white,PL-08,2338.55,2160.82,7.6,2870,mature
FG-08848,Thermal system assembly 08848,E-Van Commercial,E-drive,PL-07,901.65,859.27,4.7,674,run-out
FG-08849,Exterior module assembly 08849,Pickup Midsize,Chassis & suspension,PL-13,3182.33,2835.46,10.9,2419,mature
FG-08850,Thermal system assembly 08850,BEV Crossover,E-drive,PL-09,2470.23,2277.55,7.8,2300,mature
FG-08851,Interior module assembly 08851,C-SUV Gen4,Chassis & suspension,PL-16,2213.52,1936.83,12.5,181,run-out
FG-08852,Body-in-white assembly 08852,Pickup Midsize,Thermal system,PL-06,380.79,328.24,13.8,1515,run-out
FG-08853,Interior module assembly 08853,C-SUV Gen4,Electrical & electronics,PL-11,1090.22,829.66,23.9,3319,mature
FG-08854,E-drive assembly 08854,C-SUV Gen5,E-drive,PL-04,3645.88,3397.96,6.8,234,mature
FG-08855,Service kit assembly 08855,D-Sedan,Service kit,PL-03,2221.22,2012.43,9.4,3120,run-out
FG-08856,Thermal system assembly 08856,E-Van Commercial,Powertrain,PL-02,344.79,292.38,15.2,2101,run-out
FG-08857,Interior module assembly 08857,BEV Crossover,Exterior module,PL-07,2793.11,2108.8,24.5,2647,mature
FG-08858,Thermal system assembly 08858,C-SUV Gen5,Service kit,PL-04,1510.74,1382.33,8.5,2331,run-out
FG-08859,Thermal system assembly 08859,BEV Crossover,Electrical & electronics,PL-02,1262.54,940.59,25.5,2797,mature
FG-08860,Thermal system assembly 08860,D-Sedan,Interior module,PL-17,1918.1,1655.32,13.7,233,ramp-up
FG-08861,Thermal system assembly 08861,C-SUV Gen4,Electrical & electronics,PL-06,3848.39,3544.37,7.9,3480,mature
FG-08862,Interior module assembly 08862,C-SUV Gen5,Powertrain,PL-05,3194.55,2785.65,12.8,395,ramp-up
FG-08863,Thermal system assembly 08863,C-SUV Gen4,Electrical & electronics,PL-15,1938.93,1681.05,13.3,1018,mature
FG-08864,Chassis & suspension assembly 08864,Pickup Midsize,Interior module,PL-09,3693.26,3128.19,15.3,2516,mature
FG-08865,E-drive assembly 08865,E-Van Commercial,Chassis & suspension,PL-17,3514.04,3362.94,4.3,678,mature
FG-08866,Thermal system assembly 08866,Hybrid D-Sedan,E-drive,PL-01,830.1,654.12,21.2,2595,mature
FG-08867,Powertrain assembly 08867,D-Sedan,Electrical & electronics,PL-12,2242.38,1670.57,25.5,2718,run-out
FG-08868,Thermal system assembly 08868,BEV Compact,Chassis & suspension,PL-20,1730.82,1626.97,6,1671,mature
FG-08869,Service kit assembly 08869,Pickup Midsize,Powertrain,PL-02,593.57,520.56,12.3,3578,ramp-up
FG-08870,Service kit assembly 08870,Pickup Midsize,Interior module,PL-07,638.23,540.58,15.3,3220,mature
FG-08871,Chassis & suspension assembly 08871,C-SUV Gen4,Thermal system,PL-14,3865.4,3177.36,17.8,838,run-out
FG-08872,E-drive assembly 08872,B-Hatch Facelift,E-drive,PL-06,2024.39,1668.1,17.6,3001,ramp-up
FG-08873,Chassis & suspension assembly 08873,Pickup Midsize,Body-in-white,PL-10,1746.02,1370.63,21.5,1963,ramp-up
FG-08874,Thermal system assembly 08874,BEV Crossover,E-drive,PL-16,2152.8,1683.49,21.8,1576,run-out
FG-08875,E-drive assembly 08875,E-Van Commercial,Powertrain,PL-09,3891.1,2937.78,24.5,2796,ramp-up
FG-08876,Interior module assembly 08876,Pickup Midsize,Powertrain,PL-07,3880.61,3205.38,17.4,1710,run-out
FG-08877,Interior module assembly 08877,BEV Crossover,Exterior module,PL-19,711.02,624.99,12.1,88,run-out
FG-08878,Interior module assembly 08878,E-Van Commercial,Powertrain,PL-19,2375.76,1765.19,25.7,1994,mature
FG-08879,Service kit assembly 08879,D-Sedan,Powertrain,PL-16,3103.09,2957.24,4.7,235,mature
FG-08880,Service kit assembly 08880,BEV Compact,Chassis & suspension,PL-18,4074.2,3316.4,18.6,1802,ramp-up
FG-08881,E-drive assembly 08881,D-Sedan,Interior module,PL-17,3238.7,2561.81,20.9,1559,ramp-up
FG-08882,Interior module assembly 08882,BEV Crossover,Body-in-white,PL-08,4087.08,3539.41,13.4,2481,run-out
FG-08883,Service kit assembly 08883,D-Sedan,Powertrain,PL-01,1830.54,1497.38,18.2,3051,run-out
FG-08884,Electrical & electronics assembly 08884,BEV Compact,Chassis & suspension,PL-15,1002.91,863.51,13.9,961,mature
FG-08885,Interior module assembly 08885,BEV Crossover,Powertrain,PL-01,2159.76,1948.1,9.8,1771,mature
FG-08886,Body-in-white assembly 08886,Aftermarket Service,Chassis & suspension,PL-14,3379.77,2801.83,17.1,2287,mature
FG-08887,Body-in-white assembly 08887,Pickup Midsize,Thermal system,PL-02,4103.18,3877.51,5.5,1589,mature
FG-08888,Interior module assembly 08888,BEV Compact,Service kit,PL-12,2997.52,2398.02,20,1892,ramp-up
FG-08889,Exterior module assembly 08889,Aftermarket Service,Body-in-white,PL-17,2315.46,1877.84,18.9,3030,run-out
FG-08890,Powertrain assembly 08890,E-Van Commercial,Powertrain,PL-04,2124.92,2025.05,4.7,1902,mature
FG-08891,Exterior module assembly 08891,Pickup Midsize,Service kit,PL-03,1031.28,950.84,7.8,666,mature
FG-08892,Chassis & suspension assembly 08892,B-Hatch Facelift,Body-in-white,PL-05,3391.88,3015.38,11.1,978,mature
FG-08893,Service kit assembly 08893,D-Sedan,Body-in-white,PL-19,3937.57,3409.94,13.4,3211,mature
FG-08894,Electrical & electronics assembly 08894,C-SUV Gen4,Exterior module,PL-08,3816.62,3366.26,11.8,3056,ramp-up
FG-08895,Powertrain assembly 08895,C-SUV Gen4,E-drive,PL-19,4045.65,3519.72,13,667,mature
FG-08896,E-drive assembly 08896,BEV Crossover,Electrical & electronics,PL-04,1297.88,1204.43,7.2,3407,ramp-up
FG-08897,Exterior module assembly 08897,Pickup Midsize,Powertrain,PL-11,2648.45,2248.53,15.1,3321,run-out
FG-08898,Thermal system assembly 08898,C-SUV Gen5,Powertrain,PL-13,1107.05,997.45,9.9,1158,mature
FG-08899,E-drive assembly 08899,Aftermarket Service,Thermal system,PL-12,3347.66,2614.52,21.9,1330,run-out
FG-08900,Body-in-white assembly 08900,Aftermarket Service,Electrical & electronics,PL-03,1605.45,1477.01,8,480,mature
FG-08901,Chassis & suspension assembly 08901,Hybrid D-Sedan,Service kit,PL-06,1925.97,1646.7,14.5,3717,run-out
FG-08902,Exterior module assembly 08902,B-Hatch Facelift,Interior module,PL-06,736.42,619.33,15.9,420,run-out
FG-08903,Electrical & electronics assembly 08903,BEV Crossover,Thermal system,PL-16,1149.2,853.86,25.7,1740,mature
FG-08904,Thermal system assembly 08904,E-Van Commercial,Powertrain,PL-12,2517.58,2139.94,15,3647,mature
FG-08905,Service kit assembly 08905,E-Van Commercial,Thermal system,PL-06,638.56,544.05,14.8,324,mature
FG-08906,Thermal system assembly 08906,C-SUV Gen4,Body-in-white,PL-11,2757.98,2628.35,4.7,2512,mature
FG-08907,Thermal system assembly 08907,Pickup Midsize,Chassis & suspension,PL-12,3362.75,3140.81,6.6,335,mature
FG-08908,E-drive assembly 08908,BEV Crossover,Body-in-white,PL-02,3860.3,3501.29,9.3,2912,mature
FG-08909,Body-in-white assembly 08909,Pickup Midsize,E-drive,PL-02,1355.21,1219.69,10,3543,mature
FG-08910,Chassis & suspension assembly 08910,BEV Compact,Exterior module,PL-14,538.03,436.88,18.8,2786,mature
FG-08911,Chassis & suspension assembly 08911,D-Sedan,Chassis & suspension,PL-10,2981.29,2224.04,25.4,2463,mature
FG-08912,Interior module assembly 08912,BEV Compact,Thermal system,PL-01,2927.68,2409.48,17.7,860,mature
FG-08913,Thermal system assembly 08913,E-Van Commercial,E-drive,PL-14,2035.44,1897.03,6.8,438,mature
FG-08914,E-drive assembly 08914,Pickup Midsize,Service kit,PL-18,1530.93,1312.01,14.3,1611,mature
FG-08915,E-drive assembly 08915,C-SUV Gen5,E-drive,PL-11,853.38,651.98,23.6,1481,ramp-up
FG-08916,Electrical & electronics assembly 08916,Aftermarket Service,Thermal system,PL-17,2791.84,2093.88,25,1320,mature
FG-08917,Exterior module assembly 08917,Pickup Midsize,Chassis & suspension,PL-12,184.32,138.98,24.6,110,mature
FG-08918,Chassis & suspension assembly 08918,B-Hatch Facelift,Body-in-white,PL-05,2349.06,1989.65,15.3,601,mature
FG-08919,Service kit assembly 08919,D-Sedan,Exterior module,PL-02,1528.11,1201.09,21.4,1438,ramp-up
FG-08920,Interior module assembly 08920,C-SUV Gen5,Electrical & electronics,PL-18,3992.97,3306.18,17.2,1799,ramp-up
FG-08921,Body-in-white assembly 08921,Pickup Midsize,Interior module,PL-13,1162.47,1076.45,7.4,3446,run-out
FG-08922,Service kit assembly 08922,D-Sedan,Interior module,PL-19,1227.88,914.77,25.5,2609,mature
FG-08923,Electrical & electronics assembly 08923,BEV Compact,Service kit,PL-02,790.14,727.72,7.9,1951,ramp-up
FG-08924,Body-in-white assembly 08924,E-Van Commercial,Body-in-white,PL-11,384.27,366.59,4.6,1042,mature
FG-08925,Thermal system assembly 08925,D-Sedan,Chassis & suspension,PL-06,1566.07,1219.97,22.1,3124,mature
FG-08926,E-drive assembly 08926,Pickup Midsize,Electrical & electronics,PL-18,2180.88,2047.85,6.1,384,mature
FG-08927,Thermal system assembly 08927,C-SUV Gen4,Thermal system,PL-18,2279.63,2124.62,6.8,1990,mature
FG-08928,Electrical & electronics assembly 08928,D-Sedan,Thermal system,PL-19,4062,3217.1,20.8,2818,ramp-up
FG-08929,Body-in-white assembly 08929,Pickup Midsize,Thermal system,PL-05,1691.81,1417.74,16.2,2513,run-out
FG-08930,Electrical & electronics assembly 08930,BEV Crossover,Service kit,PL-04,2534.59,2324.22,8.3,3042,mature
FG-08931,Chassis & suspension assembly 08931,C-SUV Gen4,E-drive,PL-05,872.35,781.63,10.4,3653,mature
FG-08932,E-drive assembly 08932,Aftermarket Service,Service kit,PL-09,3815.49,3308.03,13.3,794,mature
FG-08933,Thermal system assembly 08933,B-Hatch Facelift,Interior module,PL-17,1381.97,1159.47,16.1,551,mature
FG-08934,Exterior module assembly 08934,Aftermarket Service,Powertrain,PL-15,1238.6,1003.27,19,2034,run-out
FG-08935,Body-in-white assembly 08935,C-SUV Gen5,Interior module,PL-08,3454.56,2632.37,23.8,830,mature
FG-08936,Exterior module assembly 08936,Aftermarket Service,Chassis & suspension,PL-02,2522.08,2035.32,19.3,1219,mature
FG-08937,Interior module assembly 08937,BEV Crossover,Service kit,PL-17,4179.35,3481.4,16.7,3091,run-out
FG-08938,Electrical & electronics assembly 08938,C-SUV Gen4,Chassis & suspension,PL-09,3020.54,2881.6,4.6,1393,ramp-up
FG-08939,Exterior module assembly 08939,Pickup Midsize,Electrical & electronics,PL-01,3993.1,3154.55,21,1881,run-out
FG-08940,Exterior module assembly 08940,BEV Crossover,Body-in-white,PL-03,527.19,465.51,11.7,241,mature
FG-08941,Powertrain assembly 08941,BEV Compact,Powertrain,PL-07,707.3,526.23,25.6,210,ramp-up
FG-08942,Chassis & suspension assembly 08942,BEV Compact,Chassis & suspension,PL-03,1766.08,1388.14,21.4,2615,mature
FG-08943,Powertrain assembly 08943,B-Hatch Facelift,Thermal system,PL-08,155.34,139.18,10.4,3175,run-out
FG-08944,Body-in-white assembly 08944,E-Van Commercial,Electrical & electronics,PL-12,3954.26,3598.38,9,2811,mature
FG-08945,Body-in-white assembly 08945,B-Hatch Facelift,Body-in-white,PL-01,1909.72,1539.23,19.4,238,ramp-up
FG-08946,Interior module assembly 08946,C-SUV Gen5,Exterior module,PL-14,1293.95,1068.8,17.4,872,mature
FG-08947,Exterior module assembly 08947,E-Van Commercial,Interior module,PL-20,1619.22,1402.24,13.4,432,mature
FG-08948,E-drive assembly 08948,Aftermarket Service,Body-in-white,PL-10,3929.79,3544.67,9.8,3774,ramp-up
FG-08949,Electrical & electronics assembly 08949,BEV Compact,Chassis & suspension,PL-19,1656.07,1503.71,9.2,3298,ramp-up
FG-08950,Powertrain assembly 08950,Pickup Midsize,Powertrain,PL-16,2890.93,2648.09,8.4,138,mature
FG-08951,Interior module assembly 08951,Hybrid D-Sedan,E-drive,PL-20,988.19,790.55,20,65,mature
FG-08952,Service kit assembly 08952,Aftermarket Service,Service kit,PL-17,1513.32,1304.48,13.8,3002,ramp-up
FG-08953,Body-in-white assembly 08953,D-Sedan,Thermal system,PL-13,1671.33,1357.12,18.8,1298,mature
FG-08954,E-drive assembly 08954,Pickup Midsize,Body-in-white,PL-04,1156.83,1022.64,11.6,1850,mature
FG-08955,Chassis & suspension assembly 08955,BEV Crossover,Exterior module,PL-16,2876.28,2565.64,10.8,272,mature
FG-08956,E-drive assembly 08956,BEV Compact,Service kit,PL-11,3542.46,2724.15,23.1,1604,ramp-up
FG-08957,Electrical & electronics assembly 08957,Pickup Midsize,Powertrain,PL-03,3226.05,2619.55,18.8,620,mature
FG-08958,Thermal system assembly 08958,E-Van Commercial,Exterior module,PL-11,624.52,472.76,24.3,1120,mature
FG-08959,Body-in-white assembly 08959,Aftermarket Service,Powertrain,PL-08,3133.06,2399.92,23.4,2387,mature
FG-08960,Body-in-white assembly 08960,Pickup Midsize,Interior module,PL-11,1857.83,1504.84,19,1931,mature
FG-08961,Thermal system assembly 08961,B-Hatch Facelift,Powertrain,PL-17,2981.32,2549.03,14.5,3216,mature
FG-08962,E-drive assembly 08962,C-SUV Gen5,Body-in-white,PL-09,3294.91,2527.2,23.3,1866,mature
FG-08963,E-drive assembly 08963,E-Van Commercial,Exterior module,PL-05,1308.63,1048.21,19.9,3309,run-out
FG-08964,Interior module assembly 08964,D-Sedan,Service kit,PL-13,2388.13,2225.74,6.8,3793,mature
FG-08965,Thermal system assembly 08965,B-Hatch Facelift,Powertrain,PL-14,1298.77,987.07,24,2826,run-out
FG-08966,Thermal system assembly 08966,Pickup Midsize,Interior module,PL-11,326.95,296.87,9.2,1680,mature
FG-08967,Exterior module assembly 08967,D-Sedan,Service kit,PL-05,653.66,528.81,19.1,3071,mature
FG-08968,E-drive assembly 08968,BEV Crossover,Interior module,PL-13,220.08,186.19,15.4,679,run-out
FG-08969,Thermal system assembly 08969,D-Sedan,Powertrain,PL-20,2240.58,1973.95,11.9,103,mature
FG-08970,Electrical & electronics assembly 08970,E-Van Commercial,Interior module,PL-05,1122.67,1051.94,6.3,3181,mature
FG-08971,E-drive assembly 08971,C-SUV Gen4,Body-in-white,PL-13,3964.34,3623.41,8.6,1054,mature
FG-08972,Service kit assembly 08972,E-Van Commercial,Electrical & electronics,PL-07,373.48,338,9.5,2442,mature
FG-08973,Chassis & suspension assembly 08973,Hybrid D-Sedan,Thermal system,PL-11,1104.48,864.81,21.7,2611,run-out
FG-08974,E-drive assembly 08974,B-Hatch Facelift,Service kit,PL-03,87.1,70.99,18.5,2664,mature
FG-08975,Electrical & electronics assembly 08975,C-SUV Gen4,Exterior module,PL-05,1117.44,996.76,10.8,3553,mature
FG-08976,Powertrain assembly 08976,Aftermarket Service,Electrical & electronics,PL-08,1181.13,928.37,21.4,1273,run-out
FG-08977,Powertrain assembly 08977,D-Sedan,E-drive,PL-12,1043.75,818.3,21.6,2140,mature
FG-08978,Electrical & electronics assembly 08978,D-Sedan,E-drive,PL-13,1558.35,1439.92,7.6,1444,run-out
FG-08979,Exterior module assembly 08979,Aftermarket Service,Powertrain,PL-07,2310.24,1924.43,16.7,1087,mature
FG-08980,E-drive assembly 08980,D-Sedan,Thermal system,PL-09,2598.92,2099.93,19.2,1943,mature
FG-08981,Powertrain assembly 08981,BEV Crossover,Chassis & suspension,PL-19,602.21,514.89,14.5,1174,run-out
FG-08982,Chassis & suspension assembly 08982,BEV Crossover,Interior module,PL-01,3187.57,2387.49,25.1,2081,mature
FG-08983,Electrical & electronics assembly 08983,Aftermarket Service,Service kit,PL-11,665.6,611.69,8.1,2433,mature
FG-08984,E-drive assembly 08984,Aftermarket Service,Body-in-white,PL-03,2050.77,1708.29,16.7,2904,ramp-up
FG-08985,Electrical & electronics assembly 08985,C-SUV Gen5,Powertrain,PL-13,2024.23,1700.35,16,1547,mature
FG-08986,Powertrain assembly 08986,BEV Crossover,Service kit,PL-16,93.94,80.69,14.1,809,mature
FG-08987,Body-in-white assembly 08987,Pickup Midsize,Body-in-white,PL-20,1316.92,1008.76,23.4,592,run-out
FG-08988,Powertrain assembly 08988,BEV Compact,E-drive,PL-02,2738.64,2535.98,7.4,67,mature
FG-08989,Chassis & suspension assembly 08989,BEV Crossover,E-drive,PL-07,2944.72,2635.52,10.5,661,ramp-up
FG-08990,Electrical & electronics assembly 08990,BEV Compact,E-drive,PL-03,1484.72,1373.37,7.5,2667,ramp-up
FG-08991,Electrical & electronics assembly 08991,E-Van Commercial,Chassis & suspension,PL-06,633.12,469.78,25.8,3040,mature
FG-08992,E-drive assembly 08992,Aftermarket Service,Electrical & electronics,PL-15,1177.55,1075.1,8.7,1928,mature
FG-08993,Service kit assembly 08993,Aftermarket Service,Chassis & suspension,PL-03,544.16,452.2,16.9,2831,ramp-up
FG-08994,Thermal system assembly 08994,BEV Compact,E-drive,PL-06,1570.18,1289.12,17.9,2592,mature
FG-08995,Exterior module assembly 08995,Aftermarket Service,Powertrain,PL-11,2838.7,2463.99,13.2,1477,run-out
FG-08996,Chassis & suspension assembly 08996,C-SUV Gen4,Interior module,PL-11,3815.56,3151.65,17.4,3097,run-out
FG-08997,Exterior module assembly 08997,E-Van Commercial,Service kit,PL-11,4013.54,3090.43,23,380,ramp-up
FG-08998,Electrical & electronics assembly 08998,Pickup Midsize,Exterior module,PL-10,338.67,285.84,15.6,542,run-out
FG-08999,Interior module assembly 08999,B-Hatch Facelift,Body-in-white,PL-04,3393.68,2776.03,18.2,2082,mature
FG-09000,E-drive assembly 09000,D-Sedan,Service kit,PL-20,2103.77,1889.19,10.2,3208,ramp-up
